shipment_id,carrier_name,carrier_type,mode_of_transport,origin,destination,delivery_datetime,distance_traveled,idle_time,shipment_weight_lb,shipment_volume_cuft,fuel_consumed_gallons,electricity_kwh
SHP000000,UPS,LTL,Road,San Francisco,New York,2/22/2025 21:47,480.72,5.72,7360.14,299.73,80.12,0
SHP000001,FedEx,0,Ocean,Tampa,New York,2/17/2025 6:14,1670.14,5.43,2794.3,433.22,334.03,0
SHP000002,FedEx,0,Rail,Miami,New York,8/18/2025 18:17,1161.78,5.96,1313.09,484.99,34.85,0
SHP000003,Schneider,0,Rail,Miami,Chicago,5/23/2025 4:13,1531.91,2.49,7682.09,92.52,45.96,0
SHP000004,FedEx,LTL,Road,Miami,Tampa,6/26/2025 19:16,399.88,3.27,4404.66,146.32,66.65,0
SHP000005,Schneider,0,Ocean,New York,San Francisco,2/10/2025 17:18,5088.9,5.07,12039.71,183.81,1017.78,0
SHP000006,J.B. Hunt,0,Rail,New York,Tampa,12/5/2025 7:49,929.71,6.5,8387.11,257.6,27.89,0
SHP000007,Schneider,LTL,Road,New York,San Francisco,11/22/2025 11:10,731.28,0.52,6134.32,86.09,121.88,0
SHP000008,UPS,0,Air,Dallas,Miami,5/17/2025 22:59,475.64,3.82,38642.47,404.39,47.56,0
SHP000009,XPO Logistics,0,Rail,Dallas,New York,8/25/2025 12:17,687.38,1.68,27527.2,220.64,20.62,0
SHP000010,J.B. Hunt,0,Air,Tampa,Chicago,1/17/2025 10:25,629.5,2.23,1858.35,454.75,62.95,0
SHP000011,DHL,LTL,Road,Atlanta,New York,7/22/2025 20:29,347.6,4.06,3220.35,260.51,57.93,0
SHP000012,C.H. Robinson,0,Air,Chicago,New York,10/15/2025 17:16,1776.12,1.15,38798.59,387.79,177.61,0
SHP000013,UPS,0,Ocean,Atlanta,New York,3/12/2025 16:31,7546.24,21.69,24117.05,461.02,1509.25,0
SHP000014,UPS,LTL,Road,Chicago,Miami,12/15/2025 13:38,151.77,1.38,595.49,163.34,0,227.66
SHP000015,FedEx,0,Ocean,Miami,San Francisco,8/28/2025 16:16,3415.08,7.97,33235.13,179.02,683.02,0
SHP000016,J.B. Hunt,FTL,Road,Atlanta,Tampa,3/22/2025 14:00,373.07,3.37,6066.51,401.3,62.18,0
SHP000017,XPO Logistics,0,Rail,New York,Boston,11/17/2025 9:53,319.28,7.91,31003.67,100.16,9.58,0
SHP000018,FedEx,0,Rail,Atlanta,Boston,3/24/2025 17:49,208.84,6.71,28420.87,364.77,6.27,0
SHP000019,J.B. Hunt,0,Air,Boston,Tampa,2/27/2025 11:56,2382.43,0.76,14659.4,58.82,238.24,0
SHP000020,Old Dominion,0,Rail,Tampa,Chicago,10/18/2025 2:05,1580.97,5.36,13570.47,32.72,47.43,0
SHP000021,C.H. Robinson,LTL,Road,Chicago,Miami,10/9/2025 5:16,407.63,2.12,7336.62,319.14,67.94,0
SHP000022,Schneider,0,Rail,Dallas,Miami,6/9/2025 12:42,1619.54,4.31,5223.97,356.91,48.59,0
SHP000023,Schneider,0,Ocean,Boston,Tampa,5/7/2025 7:04,6205.89,14.35,30953.2,247.4,1241.18,0
SHP000024,UPS,LTL,Road,Dallas,Tampa,11/20/2025 1:14,651.14,2.71,400.38,54.84,0,976.71
SHP000025,DHL,FTL,Road,New York,Atlanta,12/9/2025 15:13,86.14,3.91,12917.06,254.78,14.36,0
SHP000026,UPS,0,Ocean,Dallas,Boston,8/31/2025 13:12,7306.75,7.48,16710.13,378.02,1461.35,0
SHP000027,UPS,FTL,Road,Atlanta,Dallas,1/28/2025 21:41,313.12,0.69,11945.18,81.45,52.19,0
SHP000028,Old Dominion,FTL,Road,Atlanta,Boston,5/8/2025 6:12,1119.15,4.9,25519.45,435.86,186.53,0
SHP000029,UPS,0,Rail,Miami,New York,5/23/2025 14:15,1485.88,2.31,35756.08,270.13,44.58,0
SHP000030,FedEx,0,Ocean,New York,Tampa,11/30/2025 17:53,6555.8,21.71,13061.14,55.92,1311.16,0
SHP000031,FedEx,LTL,Road,Chicago,San Francisco,4/20/2025 12:57,312.13,2.71,8207.45,430.5,52.02,0
SHP000032,Old Dominion,0,Rail,Miami,Tampa,7/19/2025 8:59,211.12,4.58,16987.73,111.83,6.33,0
SHP000033,Old Dominion,0,Air,Miami,Atlanta,10/12/2025 21:45,623.64,1.68,37744.93,162.28,62.36,0
SHP000034,FedEx,0,Rail,Dallas,Chicago,4/22/2025 1:37,1030.06,5.92,14863.37,485.92,30.9,0
SHP000035,DHL,0,Air,Tampa,New York,10/27/2025 15:32,2898.61,1.38,20141.32,151.14,289.86,0
SHP000036,UPS,LTL,Road,Chicago,Tampa,12/12/2025 7:25,377.57,0.46,6154.21,251.84,62.93,0
SHP000037,Schneider,0,Rail,Tampa,Atlanta,2/11/2025 13:42,282.37,2.95,36376.5,120.54,8.47,0
SHP000038,C.H. Robinson,0,Air,Dallas,Miami,6/10/2025 7:16,691.22,2.21,39433.19,121.79,69.12,0
SHP000039,Old Dominion,0,Rail,San Francisco,Dallas,6/11/2025 2:00,1275.42,6.33,9886.68,364.38,38.26,0
SHP000040,XPO Logistics,LTL,Road,Dallas,Atlanta,6/28/2025 2:56,472.95,3.89,6390.27,268.35,78.83,0
SHP000041,J.B. Hunt,0,Air,San Francisco,New York,8/13/2025 17:45,543.78,3.42,13170.81,94.07,54.38,0
SHP000042,DHL,FTL,Road,New York,Chicago,2/24/2025 23:35,96.89,3.65,27263.79,9.28,16.15,0
SHP000043,XPO Logistics,0,Air,San Francisco,Atlanta,4/18/2025 22:21,1682.65,1.29,25984.33,88.01,168.27,0
SHP000044,C.H. Robinson,0,Air,Boston,Chicago,1/27/2025 2:40,2165.53,1.85,37500.83,69.62,216.55,0
SHP000045,J.B. Hunt,0,Air,Tampa,New York,6/20/2025 4:40,1220.88,0.9,37025.4,438.79,122.09,0
SHP000046,FedEx,0,Rail,Boston,San Francisco,12/28/2025 13:35,612.71,5.62,32780.28,278.05,18.38,0
SHP000047,DHL,LTL,Road,Chicago,Atlanta,7/9/2025 18:35,659.1,1.64,1067.06,448.71,0,988.65
SHP000048,FedEx,0,Ocean,Chicago,Tampa,6/7/2025 11:57,7253.14,15.93,13891.68,175.26,1450.63,0
SHP000049,Schneider,0,Air,Dallas,Miami,5/8/2025 21:06,2260.08,3.64,35539.91,390.16,226.01,0
SHP000050,C.H. Robinson,0,Ocean,Chicago,New York,3/25/2025 5:56,5315.24,3.85,6884.33,449.38,1063.05,0
SHP000051,XPO Logistics,LTL,Road,Atlanta,Boston,12/9/2025 23:51,747.39,0.3,1149.49,332.09,124.56,0
SHP000052,FedEx,0,Air,Chicago,Boston,12/26/2025 3:24,313.67,1.06,22174.98,346.26,31.37,0
SHP000053,XPO Logistics,0,Ocean,Dallas,New York,8/24/2025 11:19,5389.71,6.93,28631.08,119.39,1077.94,0
SHP000054,J.B. Hunt,0,Rail,Tampa,Miami,4/9/2025 12:21,720.64,6.23,26160.5,424.76,21.62,0
SHP000055,FedEx,FTL,Road,Atlanta,Miami,12/14/2025 17:21,806.25,3.52,4200.15,184.49,134.38,0
SHP000056,C.H. Robinson,FTL,Road,Chicago,Atlanta,5/16/2025 1:06,354.98,1.65,38933.92,197.16,59.16,0
SHP000057,C.H. Robinson,0,Air,Atlanta,Dallas,11/7/2025 16:07,2708.53,2.71,31895.05,251.82,270.85,0
SHP000058,XPO Logistics,0,Rail,San Francisco,Tampa,12/29/2025 13:00,1123.05,4.45,8212.1,361.5,33.69,0
SHP000059,Schneider,0,Air,Miami,Tampa,12/7/2025 10:39,1058.09,0.59,25996.16,89.38,105.81,0
SHP000060,DHL,FTL,Road,San Francisco,Miami,7/26/2025 22:18,1131.53,5.74,36637.14,185.71,188.59,0
SHP000061,DHL,0,Rail,Miami,Atlanta,7/14/2025 21:47,224.73,7.5,17413.27,483.36,6.74,0
SHP000062,XPO Logistics,0,Air,Miami,San Francisco,1/1/2025 9:18,2901.77,3.49,12130.73,193.16,290.18,0
SHP000063,XPO Logistics,0,Ocean,Atlanta,Dallas,8/15/2025 14:43,6883.53,8.97,7194.96,278.84,1376.71,0
SHP000064,Schneider,0,Ocean,Chicago,Miami,2/13/2025 9:32,7521.16,17.31,23017.42,49.49,1504.23,0
SHP000065,XPO Logistics,LTL,Road,San Francisco,New York,3/17/2025 0:02,757.26,5.94,1529.83,259.65,126.21,0
SHP000066,XPO Logistics,0,Ocean,New York,San Francisco,8/1/2025 20:36,7080.3,18.3,28032.12,351.54,1416.06,0
SHP000067,FedEx,0,Ocean,Boston,Dallas,5/5/2025 4:41,3196.18,8.46,32469.77,405.25,639.24,0
SHP000068,FedEx,FTL,Road,Dallas,New York,12/23/2025 16:29,1047.13,5.5,20698.02,251.26,174.52,0
SHP000069,Schneider,0,Rail,New York,San Francisco,3/10/2025 14:42,1477.27,5.55,28227.69,398.1,44.32,0
SHP000070,DHL,0,Ocean,Miami,Boston,10/8/2025 14:57,7175.04,9.44,15335.53,47.9,1435.01,0
SHP000071,Old Dominion,0,Ocean,Boston,Chicago,5/7/2025 20:17,4837.1,2.79,18891.12,271.78,967.42,0
SHP000072,XPO Logistics,0,Rail,San Francisco,Dallas,2/9/2025 22:18,658.47,5.14,1704.76,19.64,19.75,0
SHP000073,DHL,0,Air,Atlanta,Chicago,10/4/2025 2:08,2521.02,1.76,5518.89,261.6,252.1,0
SHP000074,UPS,0,Rail,Miami,Atlanta,3/20/2025 22:13,1431.99,2.51,25104.17,43.59,42.96,0
SHP000075,FedEx,0,Ocean,Miami,Chicago,10/5/2025 14:26,887.61,13.69,21855.09,319.08,177.52,0
SHP000076,C.H. Robinson,0,Rail,Miami,Dallas,10/27/2025 22:01,1361.75,7.83,20893.86,162.16,40.85,0
SHP000077,C.H. Robinson,0,Ocean,Tampa,Dallas,6/2/2025 12:54,6463.9,7.96,17839.37,40.15,1292.78,0
SHP000078,FedEx,0,Rail,Boston,New York,5/20/2025 13:31,240.56,7.74,33521.21,348.29,7.22,0
SHP000079,DHL,0,Ocean,Atlanta,Miami,12/14/2025 12:46,3567.15,5.81,6679.26,125.87,713.43,0
SHP000080,C.H. Robinson,0,Ocean,Chicago,Atlanta,10/1/2025 0:58,4619.2,17.72,26577.8,140.69,923.84,0
SHP000081,C.H. Robinson,LTL,Road,Miami,New York,4/4/2025 1:16,1148.1,4.49,5610.39,306.25,191.35,0
SHP000082,C.H. Robinson,0,Air,Dallas,San Francisco,6/17/2025 10:48,1432.92,1.37,14560.92,379.17,143.29,0
SHP000083,FedEx,0,Air,Miami,Chicago,2/11/2025 15:01,338.86,0.91,2317.1,21.32,33.89,0
SHP000084,FedEx,0,Air,Dallas,Miami,2/5/2025 20:02,2609.74,2.96,19229.87,49.82,260.97,0
SHP000085,XPO Logistics,0,Rail,Dallas,Boston,1/11/2025 19:09,986.59,4.31,7341.47,217.49,29.6,0
SHP000086,Old Dominion,0,Rail,Boston,Atlanta,2/28/2025 18:13,837.61,5.31,25586.2,23.61,25.13,0
SHP000087,UPS,0,Air,Atlanta,New York,11/7/2025 19:47,1311.45,2.69,20373.88,428.39,131.15,0
SHP000088,J.B. Hunt,0,Rail,San Francisco,Tampa,10/24/2025 0:59,1253.91,2.14,3287.47,321.57,37.62,0
SHP000089,XPO Logistics,0,Ocean,Miami,Atlanta,4/12/2025 2:37,698.83,14.89,37639.09,288.16,139.77,0
SHP000090,C.H. Robinson,FTL,Road,New York,Boston,1/22/2025 11:34,496.4,3.95,18600.99,273.26,82.73,0
SHP000091,C.H. Robinson,0,Air,New York,Atlanta,11/28/2025 10:00,2841.95,1.85,38467.03,452.77,284.19,0
SHP000092,Old Dominion,0,Ocean,New York,San Francisco,7/5/2025 20:57,1968.43,3.53,4480.73,10.09,393.69,0
SHP000093,Old Dominion,0,Rail,Miami,New York,9/25/2025 20:17,351.11,5.78,3311.95,160.17,10.53,0
SHP000094,XPO Logistics,0,Ocean,Miami,Boston,10/31/2025 8:20,6836.56,2.51,32671.51,141.65,1367.31,0
SHP000095,C.H. Robinson,FTL,Road,Boston,New York,10/19/2025 19:42,185.89,4.26,25343.24,438.86,30.98,0
SHP000096,XPO Logistics,0,Air,Tampa,San Francisco,6/16/2025 5:31,2284.69,3.31,11640.37,89.54,228.47,0
SHP000097,J.B. Hunt,0,Air,San Francisco,Chicago,5/24/2025 19:44,2326.66,3.32,39624.95,206.9,232.67,0
SHP000098,XPO Logistics,LTL,Road,New York,Chicago,9/8/2025 17:48,477.82,4.71,3506.91,465.45,79.64,0
SHP000099,XPO Logistics,0,Ocean,Boston,Dallas,1/9/2025 2:18,6938.1,11.44,30159.41,377.52,1387.62,0
SHP000100,Old Dominion,0,Ocean,Dallas,Chicago,12/6/2025 18:23,1273.43,21.86,20457.47,413.4,254.69,0
SHP000101,Old Dominion,0,Air,Miami,Atlanta,10/9/2025 10:22,1164.13,3.63,15873.47,6.41,116.41,0
SHP000102,XPO Logistics,0,Air,San Francisco,Chicago,4/29/2025 3:46,2744.53,0.82,13112.89,475.08,274.45,0
SHP000103,XPO Logistics,0,Air,New York,Miami,10/2/2025 22:11,2866.64,2.51,25457.57,224.77,286.66,0
SHP000104,J.B. Hunt,0,Rail,Boston,Chicago,10/29/2025 16:38,669.14,3.3,27064.48,376.43,20.07,0
SHP000105,DHL,LTL,Road,San Francisco,New York,6/4/2025 0:45,960.32,4.79,1048.38,247.72,160.05,0
SHP000106,DHL,0,Air,Tampa,New York,10/11/2025 9:44,455.41,2.42,17940.45,443.96,45.54,0
SHP000107,Old Dominion,0,Ocean,New York,Boston,1/7/2025 18:18,3131.86,4.58,6148.17,380.99,626.37,0
SHP000108,Old Dominion,0,Ocean,Boston,Chicago,4/5/2025 1:16,5136.64,4.22,3822.22,350.78,1027.33,0
SHP000109,DHL,LTL,Road,Miami,Dallas,11/19/2025 21:03,133.68,4.98,7106.49,41.59,0,200.52
SHP000110,C.H. Robinson,0,Rail,San Francisco,Tampa,5/8/2025 3:35,335.74,7.91,15283.7,185.95,10.07,0
SHP000111,C.H. Robinson,0,Rail,Miami,Dallas,8/15/2025 9:55,1500.48,7.63,39447.04,376.94,45.01,0
SHP000112,XPO Logistics,0,Air,Tampa,Atlanta,2/20/2025 6:40,1315.9,0.79,31197.3,279.64,131.59,0
SHP000113,UPS,0,Air,New York,Chicago,5/3/2025 5:35,1445.4,3.67,4892.3,246.82,144.54,0
SHP000114,Old Dominion,0,Rail,Tampa,San Francisco,8/19/2025 22:38,218.17,4.28,2723.98,60.29,6.55,0
SHP000115,Old Dominion,0,Air,Tampa,Chicago,5/28/2025 22:18,617.32,2.77,29968.77,292.1,61.73,0
SHP000116,XPO Logistics,LTL,Road,San Francisco,Boston,10/29/2025 21:51,1156.5,2.41,2964.26,434.43,192.75,0
SHP000117,J.B. Hunt,0,Ocean,New York,Atlanta,4/26/2025 20:09,2176.97,23.19,980.1,484.97,435.39,0
SHP000118,J.B. Hunt,0,Rail,New York,Tampa,3/26/2025 9:38,269.06,7.24,21344.19,496.49,8.07,0
SHP000119,C.H. Robinson,0,Ocean,New York,San Francisco,12/19/2025 9:44,1053.47,14.18,38787.45,262.03,210.69,0
SHP000120,C.H. Robinson,0,Air,Boston,Dallas,2/11/2025 19:02,1999.38,2.94,18454.37,314.15,199.94,0
SHP000121,FedEx,0,Air,San Francisco,Tampa,2/16/2025 7:43,1877.65,3.65,2295.13,141.2,187.77,0
SHP000122,Old Dominion,0,Air,Tampa,Boston,3/31/2025 15:33,2866.11,3.62,18498.44,310.45,286.61,0
SHP000123,Old Dominion,0,Air,Chicago,Atlanta,8/12/2025 20:52,1048.93,1.16,18816.09,177.32,104.89,0
SHP000124,DHL,FTL,Road,Atlanta,Dallas,12/10/2025 3:54,721.2,0.7,38988.59,493.12,120.2,0
SHP000125,C.H. Robinson,0,Air,Miami,Atlanta,9/11/2025 9:42,2185.04,2.38,12726.34,407.08,218.5,0
SHP000126,FedEx,FTL,Road,New York,Dallas,3/1/2025 12:55,837.44,1.19,36481.62,411.45,139.57,0
SHP000127,Old Dominion,0,Ocean,Miami,Tampa,4/7/2025 16:23,7623.5,17.97,24729.9,209.7,1524.7,0
SHP000128,J.B. Hunt,0,Ocean,Tampa,Chicago,5/17/2025 17:08,7495.46,21.05,2286.14,14.16,1499.09,0
SHP000129,XPO Logistics,0,Ocean,Boston,Tampa,1/15/2025 20:38,3323.48,19.83,39497.41,76.06,664.7,0
SHP000130,UPS,0,Rail,San Francisco,Atlanta,1/8/2025 17:26,1150.61,3.67,38811.62,421.22,34.52,0
SHP000131,DHL,0,Rail,New York,San Francisco,3/2/2025 20:53,1541.33,4.28,16885.37,137.43,46.24,0
SHP000132,Old Dominion,0,Ocean,San Francisco,Atlanta,12/28/2025 8:26,922.82,21.02,32609.59,499.86,184.56,0
SHP000133,XPO Logistics,0,Ocean,Dallas,San Francisco,10/10/2025 4:24,7974.78,14.22,30875,472.44,1594.96,0
SHP000134,J.B. Hunt,0,Rail,New York,Dallas,8/1/2025 10:59,1559.44,2.73,18296.49,65.45,46.78,0
SHP000135,DHL,FTL,Road,San Francisco,Boston,12/4/2025 15:55,1147.16,3.74,9531.39,336.18,191.19,0
SHP000136,C.H. Robinson,0,Ocean,Boston,Chicago,6/20/2025 17:48,5135.96,9.88,4985.52,336.12,1027.19,0
SHP000137,C.H. Robinson,0,Ocean,Atlanta,Boston,4/7/2025 22:15,4402.31,18.99,21046.46,426.24,880.46,0
SHP000138,C.H. Robinson,0,Rail,Miami,Tampa,6/12/2025 23:30,1083.05,4.93,35127.82,202.34,32.49,0
SHP000139,Schneider,0,Ocean,Chicago,San Francisco,1/19/2025 4:32,1505.11,2.63,30327.92,310.53,301.02,0
SHP000140,C.H. Robinson,FTL,Road,New York,Atlanta,1/8/2025 23:09,859.69,1.47,5886.67,8.26,143.28,0
SHP000141,C.H. Robinson,0,Rail,New York,San Francisco,5/16/2025 10:39,760.94,5.13,15993.64,219.3,22.83,0
SHP000142,UPS,FTL,Road,Miami,Chicago,9/7/2025 17:02,1089.78,2.25,20802.58,392.04,181.63,0
SHP000143,UPS,0,Rail,San Francisco,New York,2/16/2025 13:06,834.47,5.35,34563.37,474.81,25.03,0
SHP000144,Schneider,0,Ocean,Chicago,Miami,6/3/2025 0:02,1603.05,22.38,19938.59,129.86,320.61,0
SHP000145,DHL,FTL,Road,Atlanta,Chicago,5/6/2025 16:26,578.01,5.89,19958.41,165.05,96.33,0
SHP000146,XPO Logistics,0,Rail,Chicago,Tampa,11/9/2025 12:39,1213.44,2.68,3496.6,65.31,36.4,0
SHP000147,Old Dominion,0,Ocean,Chicago,New York,8/25/2025 20:16,1460.34,5.34,5983.67,320.8,292.07,0
SHP000148,DHL,0,Air,Tampa,Boston,8/27/2025 9:43,791.08,1.71,35923.14,237.51,79.11,0
SHP000149,Old Dominion,FTL,Road,Atlanta,San Francisco,8/6/2025 22:16,817.69,1.24,8095.42,21.39,136.28,0
SHP000150,C.H. Robinson,0,Air,Dallas,San Francisco,9/5/2025 3:15,756.12,1.48,7491.91,45.26,75.61,0
SHP000151,C.H. Robinson,0,Air,San Francisco,Miami,6/1/2025 0:53,625.72,2.11,8650.18,182.77,62.57,0
SHP000152,Old Dominion,0,Air,Tampa,Atlanta,12/18/2025 23:03,1659.23,2.92,2052.83,399.91,165.92,0
SHP000153,XPO Logistics,0,Air,Dallas,Atlanta,6/30/2025 7:40,1995.33,0.79,35006.36,460.52,199.53,0
SHP000154,FedEx,0,Air,Chicago,Miami,2/19/2025 20:41,464.91,1.47,32344.95,374.38,46.49,0
SHP000155,DHL,0,Air,Boston,Tampa,10/24/2025 11:46,798.21,1.23,15133.65,242.78,79.82,0
SHP000156,Schneider,FTL,Road,Atlanta,Miami,4/13/2025 4:50,760.99,2.37,18770.12,373.99,126.83,0
SHP000157,Schneider,0,Air,Chicago,Dallas,9/4/2025 9:47,399.04,1.38,28677.31,447.71,39.9,0
SHP000158,C.H. Robinson,FTL,Road,New York,Chicago,4/26/2025 21:46,638.43,3.31,4733.29,224.26,106.4,0
SHP000159,UPS,0,Air,New York,Boston,7/22/2025 0:16,1738.07,1.35,11135.11,189.26,173.81,0
SHP000160,C.H. Robinson,0,Ocean,Atlanta,Miami,12/11/2025 8:37,650.53,9.09,8852.2,164.42,130.11,0
SHP000161,Schneider,0,Air,New York,Miami,4/30/2025 15:01,623.36,3.62,23946.9,339.87,62.34,0
SHP000162,C.H. Robinson,0,Rail,New York,Miami,8/26/2025 22:19,1462.67,4.49,3933.35,269.02,43.88,0
SHP000163,XPO Logistics,LTL,Road,Tampa,New York,9/10/2025 3:06,724.87,4.54,4401.85,64.66,120.81,0
SHP000164,C.H. Robinson,0,Rail,Miami,Dallas,7/9/2025 21:47,654.04,3.54,26013.73,285.82,19.62,0
SHP000165,C.H. Robinson,0,Rail,Miami,Atlanta,2/20/2025 15:39,769.75,7.91,24428.11,119.38,23.09,0
SHP000166,Old Dominion,0,Air,Tampa,Miami,7/9/2025 6:28,574.81,1.04,10215.33,81.18,57.48,0
SHP000167,Schneider,0,Rail,Atlanta,Tampa,12/18/2025 11:34,498.51,3,7348.26,448.49,14.96,0
SHP000168,XPO Logistics,FTL,Road,San Francisco,New York,8/21/2025 2:42,142.27,3.27,16710.67,491.21,23.71,0
SHP000169,XPO Logistics,LTL,Road,Atlanta,New York,10/17/2025 6:04,178.84,2.54,9699.28,432.89,29.81,0
SHP000170,J.B. Hunt,0,Rail,Dallas,Chicago,3/17/2025 19:00,1507.32,2.81,7250.06,334.65,45.22,0
SHP000171,FedEx,0,Rail,Chicago,Atlanta,5/9/2025 5:07,1687,4.9,23078.7,140.71,50.61,0
SHP000172,FedEx,0,Rail,Tampa,Dallas,5/2/2025 18:20,1431.19,2.31,13285.33,213.29,42.94,0
SHP000173,UPS,0,Rail,San Francisco,Tampa,3/6/2025 23:26,1012.18,2.7,5036.05,305.7,30.37,0
SHP000174,XPO Logistics,FTL,Road,Boston,Miami,10/31/2025 3:28,381.93,3.59,6597.33,241.09,63.66,0
SHP000175,C.H. Robinson,FTL,Road,Boston,Atlanta,2/1/2025 15:54,662.48,0.55,13795.87,68.07,110.41,0
SHP000176,UPS,0,Ocean,New York,San Francisco,12/31/2025 14:04,975.31,23.78,13232.98,405.13,195.06,0
SHP000177,Schneider,0,Air,Chicago,Tampa,3/6/2025 8:39,987.53,2.89,30529,298.22,98.75,0
SHP000178,UPS,0,Ocean,San Francisco,Dallas,9/16/2025 19:27,4036.82,11.06,14280.3,464.84,807.36,0
SHP000179,Old Dominion,LTL,Road,Miami,Dallas,7/31/2025 10:52,1005.21,5.8,1374.33,365.7,167.53,0
SHP000180,Schneider,0,Ocean,Miami,Atlanta,2/18/2025 10:27,7537.55,5.99,3126.6,370.82,1507.51,0
SHP000181,UPS,0,Air,Atlanta,New York,12/18/2025 15:04,1851.08,3.45,6021.01,397.84,185.11,0
SHP000182,FedEx,LTL,Road,Miami,Tampa,7/10/2025 4:35,281.87,1.19,1768.02,407.47,46.98,0
SHP000183,C.H. Robinson,0,Air,New York,San Francisco,7/1/2025 21:48,2096.03,2.33,14673.8,438.72,209.6,0
SHP000184,Old Dominion,FTL,Road,San Francisco,Chicago,9/17/2025 6:09,501.31,4.95,17845.83,189.1,0,751.97
SHP000185,J.B. Hunt,0,Rail,New York,Dallas,10/12/2025 11:07,940.29,3.11,30030.57,251.86,28.21,0
SHP000186,FedEx,0,Rail,Miami,Boston,10/15/2025 19:39,571.54,7.3,15663.7,272.23,17.15,0
SHP000187,J.B. Hunt,0,Air,Tampa,Chicago,5/20/2025 22:48,2747.47,2.68,5117.47,469.98,274.75,0
SHP000188,C.H. Robinson,0,Air,Atlanta,Tampa,4/3/2025 4:36,1994.81,1.67,6001.25,397.22,199.48,0
SHP000189,Old Dominion,LTL,Road,Tampa,New York,4/21/2025 12:26,763.08,3.32,8954.84,394.51,127.18,0
SHP000190,UPS,0,Air,Chicago,Dallas,6/9/2025 23:20,709.52,1.59,10315.32,372.23,70.95,0
SHP000191,Old Dominion,LTL,Road,Chicago,Boston,12/12/2025 2:17,88.56,3.53,7660.22,438.51,14.76,0
SHP000192,XPO Logistics,0,Ocean,Boston,San Francisco,8/15/2025 13:17,3065.61,20.07,4869.95,423.38,613.12,0
SHP000193,J.B. Hunt,FTL,Road,Miami,Tampa,12/14/2025 18:31,196.61,2.53,31993.17,75.81,32.77,0
SHP000194,DHL,LTL,Road,Miami,San Francisco,4/15/2025 9:13,313.64,4.4,7242.36,320.93,0,470.46
SHP000195,C.H. Robinson,0,Air,San Francisco,Chicago,3/3/2025 0:31,2173.66,2.4,10446.06,173.5,217.37,0
SHP000196,Schneider,0,Rail,Chicago,San Francisco,9/30/2025 22:14,490.56,7.36,23543.98,201.02,14.72,0
SHP000197,C.H. Robinson,FTL,Road,Tampa,San Francisco,2/9/2025 10:36,581.31,5.7,6557.38,293.53,0,871.96
SHP000198,Schneider,0,Ocean,Miami,Chicago,2/28/2025 12:01,4294.17,15.45,1215.35,436.19,858.83,0
SHP000199,C.H. Robinson,0,Rail,Boston,Miami,12/20/2025 11:05,1691.39,4.96,28017.71,461.33,50.74,0
SHP000200,J.B. Hunt,LTL,Road,Miami,San Francisco,2/10/2025 12:55,863.32,1.13,5826.44,303.75,143.89,0
SHP000201,UPS,0,Air,Dallas,Chicago,3/28/2025 2:32,1445.15,3.08,37407.5,462.86,144.52,0
SHP000202,UPS,0,Rail,Atlanta,Chicago,11/27/2025 4:15,921.34,1.79,39401.23,419.61,27.64,0
SHP000203,UPS,0,Rail,San Francisco,New York,3/30/2025 19:09,399.46,7.45,34860.91,259.9,11.98,0
SHP000204,Schneider,0,Rail,Boston,Dallas,10/16/2025 18:28,1146.04,3.79,2663.08,168.26,34.38,0
SHP000205,J.B. Hunt,0,Air,Chicago,San Francisco,2/4/2025 15:28,2467.7,0.52,13673.22,199.69,246.77,0
SHP000206,Old Dominion,0,Air,Tampa,Dallas,9/17/2025 2:19,1750.97,3.72,14180.67,174.13,175.1,0
SHP000207,UPS,0,Ocean,Tampa,New York,7/8/2025 9:04,6031.26,11.95,9371.89,226.77,1206.25,0
SHP000208,FedEx,0,Ocean,Boston,San Francisco,10/11/2025 23:57,1556.43,5.88,20185.53,210.04,311.29,0
SHP000209,DHL,0,Ocean,Dallas,Chicago,11/6/2025 15:32,7361.34,9.97,23433.24,316.5,1472.27,0
SHP000210,DHL,FTL,Road,New York,Boston,6/25/2025 22:05,65.06,4.07,7532.42,480.57,10.84,0
SHP000211,Schneider,LTL,Road,Boston,Dallas,11/9/2025 5:23,220.96,2.63,990.69,498.44,36.83,0
SHP000212,FedEx,0,Air,Miami,Dallas,6/23/2025 21:38,1655.93,2.58,3149.52,375.23,165.59,0
SHP000213,C.H. Robinson,0,Air,New York,Dallas,2/18/2025 17:43,866.75,3.64,8603.02,96.15,86.68,0
SHP000214,DHL,0,Air,San Francisco,Miami,12/3/2025 19:55,398.68,2.15,22811.22,33.79,39.87,0
SHP000215,Schneider,0,Air,New York,Atlanta,12/6/2025 4:58,2393.92,2.09,21213.42,220.94,239.39,0
SHP000216,J.B. Hunt,0,Air,Miami,New York,11/1/2025 22:05,1382.06,2.46,6631.99,91.78,138.21,0
SHP000217,UPS,0,Ocean,Atlanta,Boston,3/7/2025 21:44,6963.39,22.81,15245.72,136.1,1392.68,0
SHP000218,XPO Logistics,0,Ocean,Atlanta,Tampa,7/5/2025 9:11,5330,10.99,1502.76,78.92,1066,0
SHP000219,UPS,0,Air,Boston,New York,4/26/2025 4:09,2233.13,2.81,1570.29,111.76,223.31,0
SHP000220,FedEx,0,Air,New York,Atlanta,10/4/2025 23:56,923.9,2.85,1278.57,52.95,92.39,0
SHP000221,DHL,0,Air,Chicago,Atlanta,7/12/2025 4:10,2459.77,1.12,26283.47,119.85,245.98,0
SHP000222,XPO Logistics,0,Rail,Boston,Tampa,7/30/2025 11:43,359.11,2.7,29029.54,427.99,10.77,0
SHP000223,XPO Logistics,0,Ocean,San Francisco,Boston,8/18/2025 7:34,6726.65,10.74,26889.36,103.29,1345.33,0
SHP000224,Old Dominion,0,Air,Boston,Miami,4/10/2025 11:43,1091.5,3.64,1013.58,43.67,109.15,0
SHP000225,C.H. Robinson,0,Ocean,San Francisco,Boston,7/15/2025 16:33,2059.15,2.58,7666.7,291.94,411.83,0
SHP000226,J.B. Hunt,0,Rail,Dallas,Boston,11/6/2025 4:55,874.28,7.25,32789.02,171.57,26.23,0
SHP000227,UPS,FTL,Road,Atlanta,San Francisco,12/31/2025 16:54,348.34,2.43,23816.65,134.76,58.06,0
SHP000228,DHL,0,Air,New York,Boston,3/24/2025 8:28,1985.2,1.93,22305.86,218.63,198.52,0
SHP000229,FedEx,0,Ocean,New York,Chicago,8/19/2025 11:59,2708.49,22.87,30662.43,70.92,541.7,0
SHP000230,C.H. Robinson,0,Ocean,Tampa,San Francisco,9/15/2025 11:15,7013.51,12.72,35834.81,400.13,1402.7,0
SHP000231,Schneider,FTL,Road,Dallas,Tampa,2/20/2025 22:41,539,0.38,11112.76,271.28,89.83,0
SHP000232,DHL,0,Rail,Chicago,Tampa,5/27/2025 15:44,1213.57,2.81,6004.56,417.63,36.41,0
SHP000233,J.B. Hunt,0,Ocean,Boston,San Francisco,1/3/2025 2:01,7883.02,13.57,7281.33,136.88,1576.6,0
SHP000234,UPS,0,Rail,Chicago,Atlanta,11/8/2025 16:27,229.43,7.4,5151.17,288.68,6.88,0
SHP000235,C.H. Robinson,0,Air,Dallas,Chicago,3/4/2025 1:15,1039.95,2.44,26231.11,415.04,104,0
SHP000236,FedEx,0,Ocean,New York,Tampa,9/13/2025 19:34,2048.16,2.24,5906.98,450.11,409.63,0
SHP000237,Schneider,0,Rail,Chicago,Dallas,8/8/2025 0:39,1598.22,5.18,24220.42,332.85,47.95,0
SHP000238,Schneider,0,Rail,Miami,New York,12/7/2025 21:05,480.59,7.4,17041.44,192.19,14.42,0
SHP000239,J.B. Hunt,LTL,Road,Miami,Boston,11/22/2025 12:23,646.76,0.52,1787.89,369.28,107.79,0
SHP000240,Schneider,FTL,Road,New York,Dallas,12/3/2025 20:06,145.22,3.72,10191.29,195.26,24.2,0
SHP000241,DHL,0,Rail,Tampa,Dallas,10/7/2025 10:52,661.91,3.49,28902.31,149.26,19.86,0
SHP000242,Old Dominion,0,Ocean,Boston,Atlanta,4/4/2025 4:04,4748.03,12.47,26715.01,468.48,949.61,0
SHP000243,J.B. Hunt,FTL,Road,Dallas,Tampa,1/22/2025 10:59,892.46,1.49,1731.73,131.87,148.74,0
SHP000244,J.B. Hunt,0,Ocean,Boston,Chicago,1/19/2025 20:12,4963.08,3.13,20106.47,298.82,992.62,0
SHP000245,UPS,0,Air,Tampa,Boston,12/2/2025 10:17,1202.46,3.2,4710.63,38.49,120.25,0
SHP000246,DHL,0,Air,Miami,Dallas,8/14/2025 12:21,2266.11,2.23,27691.89,217.98,226.61,0
SHP000247,UPS,0,Ocean,Boston,Chicago,9/23/2025 8:51,2348.02,20.02,32076.93,347.65,469.6,0
SHP000248,J.B. Hunt,0,Ocean,New York,San Francisco,11/5/2025 5:34,2541.09,14.99,14758.47,46.7,508.22,0
SHP000249,J.B. Hunt,0,Air,New York,Tampa,6/17/2025 21:18,2776.75,0.98,38034.38,223.56,277.68,0
SHP000250,Old Dominion,0,Ocean,Miami,New York,12/20/2025 14:22,1888.5,13.92,34981.36,366.38,377.7,0
SHP000251,C.H. Robinson,FTL,Road,Miami,Chicago,1/30/2025 2:42,977.55,4.04,27844.92,424.75,162.92,0
SHP000252,Old Dominion,0,Air,Chicago,Tampa,3/15/2025 19:43,974.1,2.21,9237.77,493.85,97.41,0
SHP000253,FedEx,LTL,Road,New York,Chicago,7/7/2025 11:24,1135.67,0.48,7099.92,462.7,189.28,0
SHP000254,UPS,0,Rail,Boston,Chicago,7/10/2025 14:48,488.92,4.98,36661.79,17.94,14.67,0
SHP000255,XPO Logistics,0,Rail,Atlanta,Dallas,6/10/2025 20:17,1315.87,3.08,37013.65,485.56,39.48,0
SHP000256,J.B. Hunt,LTL,Road,Chicago,San Francisco,10/15/2025 3:16,1135.91,2.98,8641.12,422.43,189.32,0
SHP000257,Old Dominion,0,Ocean,Dallas,Atlanta,5/27/2025 22:58,2893.25,20.24,1961.8,298.54,578.65,0
SHP000258,Old Dominion,0,Rail,New York,Chicago,2/7/2025 14:11,568.01,1.84,3539.65,348.45,17.04,0
SHP000259,J.B. Hunt,FTL,Road,Atlanta,Miami,10/5/2025 9:57,440.86,4.42,3081.58,158.33,0,661.29
SHP000260,UPS,0,Rail,Chicago,Boston,7/5/2025 16:14,1063.19,6.54,13090.72,313.32,31.9,0
SHP000261,Schneider,0,Rail,Chicago,New York,9/10/2025 0:23,1617.56,5.31,9701.9,13.18,48.53,0
SHP000262,C.H. Robinson,0,Ocean,Chicago,Atlanta,2/14/2025 2:19,7025.74,2.47,35050.72,264.94,1405.15,0
SHP000263,DHL,0,Ocean,Miami,Boston,7/29/2025 18:04,7543.01,19.57,39918.4,176.01,1508.6,0
SHP000264,Schneider,0,Air,New York,San Francisco,8/27/2025 21:33,2371.41,1.91,19455.09,314.13,237.14,0
SHP000265,FedEx,0,Rail,Chicago,Boston,3/8/2025 13:32,1597.88,7.89,30846.8,209.47,47.94,0
SHP000266,J.B. Hunt,LTL,Road,San Francisco,New York,12/30/2025 7:22,534.56,4.49,2501.95,56.13,0,801.84
SHP000267,J.B. Hunt,FTL,Road,Dallas,Miami,5/21/2025 4:40,457.82,1.9,12204.17,117.57,76.3,0
SHP000268,FedEx,LTL,Road,Chicago,New York,11/6/2025 10:53,98.41,0.35,9879.07,214.46,16.4,0
SHP000269,C.H. Robinson,LTL,Road,Tampa,Miami,5/16/2025 20:13,491.98,4.16,2299.8,475.03,82,0
SHP000270,C.H. Robinson,FTL,Road,San Francisco,Miami,9/5/2025 7:51,954.3,0.76,16994.44,439.68,159.05,0
SHP000271,Old Dominion,0,Air,Boston,Tampa,12/19/2025 1:10,2850.78,2.14,24729.75,84.35,285.08,0
SHP000272,DHL,0,Ocean,Boston,Dallas,4/15/2025 10:38,7933.76,7.1,37737.91,325.17,1586.75,0
SHP000273,Schneider,0,Air,Atlanta,Miami,6/26/2025 12:08,1940.89,2.29,9611.46,89.09,194.09,0
SHP000274,UPS,FTL,Road,Dallas,San Francisco,8/19/2025 7:09,303.56,1.32,31293.59,175.71,0,455.34
SHP000275,Schneider,FTL,Road,Miami,Boston,5/8/2025 5:52,116.52,5.82,35409.54,463.95,19.42,0
SHP000276,Old Dominion,0,Air,Dallas,Boston,3/23/2025 15:32,2986.25,1.11,16151.56,379.36,298.62,0
SHP000277,Old Dominion,0,Ocean,San Francisco,Dallas,1/12/2025 2:25,5720.15,5.39,32725.41,113,1144.03,0
SHP000278,J.B. Hunt,0,Rail,Dallas,Atlanta,6/30/2025 1:03,558.11,4.76,23921.13,290.46,16.74,0
SHP000279,UPS,0,Ocean,Boston,Chicago,10/2/2025 0:54,1186.15,21.3,10991.2,65.63,237.23,0
SHP000280,FedEx,0,Ocean,Chicago,Dallas,7/7/2025 12:23,7165.61,23.02,34554.04,404.95,1433.12,0
SHP000281,J.B. Hunt,0,Ocean,Tampa,Atlanta,10/15/2025 6:23,5414.31,14.12,3935.98,204.82,1082.86,0
SHP000282,UPS,FTL,Road,Boston,Miami,11/16/2025 21:39,478.59,1.74,29075.09,248.44,79.77,0
SHP000283,Schneider,0,Rail,New York,San Francisco,7/11/2025 10:35,329.67,2.54,27488.72,38.99,9.89,0
SHP000284,FedEx,0,Rail,Dallas,Atlanta,9/18/2025 12:32,1561.93,4.47,19483.17,296.61,46.86,0
SHP000285,DHL,LTL,Road,Chicago,Miami,8/31/2025 16:29,998.38,2.25,6828.46,283.3,166.4,0
SHP000286,J.B. Hunt,0,Rail,Atlanta,San Francisco,6/13/2025 5:25,627.25,7.15,31998.33,329.57,18.82,0
SHP000287,FedEx,0,Air,Boston,Atlanta,10/16/2025 9:30,2596.57,3.54,28480.34,418.67,259.66,0
SHP000288,J.B. Hunt,0,Air,Atlanta,Miami,2/26/2025 13:37,2183.17,2.88,24935.15,376.61,218.32,0
SHP000289,FedEx,FTL,Road,San Francisco,Miami,10/24/2025 18:14,232.4,5.32,34937.82,15.59,38.73,0
SHP000290,C.H. Robinson,0,Ocean,Chicago,Atlanta,11/19/2025 23:39,6693.63,4.84,13737.19,372.01,1338.73,0
SHP000291,XPO Logistics,0,Rail,Dallas,Tampa,10/21/2025 22:07,457.22,6.73,33369.3,254.23,13.72,0
SHP000292,Old Dominion,FTL,Road,Atlanta,Dallas,12/20/2025 6:26,57.34,1.9,24868.61,490.61,0,86.01
SHP000293,C.H. Robinson,LTL,Road,Dallas,Atlanta,12/6/2025 15:33,776.59,1.74,6394.96,270.45,129.43,0
SHP000294,Schneider,0,Air,Chicago,San Francisco,9/30/2025 10:34,2405.58,0.87,30560.6,271.09,240.56,0
SHP000295,J.B. Hunt,0,Air,Boston,New York,5/7/2025 8:35,2900.08,1.7,25488.56,466.08,290.01,0
SHP000296,Old Dominion,0,Rail,San Francisco,Boston,5/28/2025 22:13,364.02,7.56,27671.49,34.85,10.92,0
SHP000297,J.B. Hunt,0,Air,Boston,Chicago,10/14/2025 23:17,1112.6,2.98,3160.35,291.5,111.26,0
SHP000298,J.B. Hunt,FTL,Road,Miami,Boston,3/16/2025 9:02,447.77,3.82,2306.81,435.9,74.63,0
SHP000299,J.B. Hunt,FTL,Road,Boston,Atlanta,9/3/2025 6:12,1169.51,5.82,30111.25,65.91,194.92,0
SHP000300,XPO Logistics,0,Air,Chicago,Tampa,11/12/2025 23:37,2347.31,0.59,1373.88,162.48,234.73,0
SHP000301,XPO Logistics,0,Rail,Tampa,Miami,9/29/2025 7:40,981.83,6.39,27490.17,223.51,29.45,0
SHP000302,DHL,LTL,Road,Miami,Chicago,2/21/2025 21:49,364.67,5.98,4347.89,226.24,60.78,0
SHP000303,XPO Logistics,LTL,Road,Miami,Atlanta,9/1/2025 15:41,238.17,4.82,6982.77,111.16,39.7,0
SHP000304,UPS,0,Air,Atlanta,Chicago,11/27/2025 1:58,522.43,2.88,26353.19,137.36,52.24,0
SHP000305,FedEx,0,Rail,Tampa,Chicago,8/2/2025 5:59,1721.38,2.06,17577.22,471.86,51.64,0
SHP000306,J.B. Hunt,0,Ocean,Boston,New York,5/29/2025 1:00,3647.95,16.05,16204.98,137.83,729.59,0
SHP000307,DHL,FTL,Road,San Francisco,Dallas,10/6/2025 16:31,1181.57,2.6,35816.92,115.75,196.93,0
SHP000308,Old Dominion,0,Ocean,San Francisco,New York,2/27/2025 10:10,2098.29,2.68,26240.84,184.89,419.66,0
SHP000309,XPO Logistics,0,Air,Chicago,Tampa,6/22/2025 9:36,2633.77,2.16,38743.64,93.58,263.38,0
SHP000310,UPS,0,Rail,Miami,Boston,8/7/2025 16:20,1589.8,6.44,30951.41,422.55,47.69,0
SHP000311,XPO Logistics,0,Ocean,New York,Chicago,3/13/2025 15:20,6207.68,15.78,5684.17,17.23,1241.54,0
SHP000312,FedEx,FTL,Road,Miami,New York,5/17/2025 10:19,1108.98,3.8,31963.22,241.28,184.83,0
SHP000313,UPS,0,Air,Atlanta,Miami,5/1/2025 1:42,616.73,0.94,27579.83,215.72,61.67,0
SHP000314,J.B. Hunt,0,Ocean,San Francisco,New York,7/27/2025 21:32,2003.94,12.82,3036.25,291.4,400.79,0
SHP000315,Old Dominion,FTL,Road,Atlanta,San Francisco,3/10/2025 15:09,359.34,4.84,12759.3,228.15,59.89,0
SHP000316,XPO Logistics,0,Air,Miami,Atlanta,10/9/2025 15:48,331.38,0.75,16003.5,240.49,33.14,0
SHP000317,Schneider,0,Rail,New York,Atlanta,8/17/2025 16:45,1160.03,3.04,27951.78,430.2,34.8,0
SHP000318,DHL,LTL,Road,Tampa,Boston,9/16/2025 6:36,946.83,0.48,4882.99,53.36,157.81,0
SHP000319,XPO Logistics,0,Rail,Atlanta,Boston,9/24/2025 14:07,587.27,7.91,6128.57,249.95,17.62,0
SHP000320,DHL,0,Ocean,New York,Atlanta,8/17/2025 1:29,5136.17,17.45,22606.12,5.88,1027.23,0
SHP000321,J.B. Hunt,0,Ocean,Boston,San Francisco,1/30/2025 17:29,2948.46,13.39,3970.73,175.96,589.69,0
SHP000322,FedEx,FTL,Road,San Francisco,Boston,4/22/2025 18:04,88.18,0.7,16178.47,67.23,0,132.27
SHP000323,UPS,0,Ocean,Atlanta,Miami,2/2/2025 17:03,4756.56,17.17,32123.17,100.87,951.31,0
SHP000324,DHL,0,Ocean,Tampa,Dallas,7/29/2025 5:49,1756.12,4.3,25638.99,353.53,351.22,0
SHP000325,UPS,0,Ocean,Atlanta,Dallas,8/18/2025 12:24,736.9,22.6,2552.87,271.11,147.38,0
SHP000326,DHL,0,Rail,Atlanta,Tampa,4/2/2025 17:25,1334.5,7.1,28706.43,401.06,40.03,0
SHP000327,C.H. Robinson,0,Rail,Tampa,Boston,1/12/2025 9:29,743.12,6.7,3664.54,447.51,22.29,0
SHP000328,J.B. Hunt,0,Ocean,Dallas,New York,8/24/2025 11:09,4606.94,19.98,18366.57,322.15,921.39,0
SHP000329,FedEx,0,Rail,New York,Tampa,12/5/2025 13:39,1042.24,6.12,3724.38,31.12,31.27,0
SHP000330,Old Dominion,0,Rail,Dallas,Tampa,2/21/2025 19:02,595.37,2.12,34935.45,110.39,17.86,0
SHP000331,FedEx,LTL,Road,Tampa,San Francisco,10/4/2025 6:48,1172.25,2.19,1943.86,395.06,195.38,0
SHP000332,Schneider,0,Rail,San Francisco,New York,10/22/2025 10:36,1253.93,4.49,22436.86,359.88,37.62,0
SHP000333,C.H. Robinson,0,Rail,San Francisco,New York,12/5/2025 16:14,565.53,7.97,39004.33,325.51,16.97,0
SHP000334,DHL,0,Air,San Francisco,Tampa,10/13/2025 18:56,838.76,2.88,3351.84,16.3,83.88,0
SHP000335,C.H. Robinson,0,Ocean,Boston,Tampa,6/26/2025 20:42,2432.62,12.18,34796.76,363.86,486.52,0
SHP000336,DHL,0,Air,Miami,Dallas,3/18/2025 9:24,2305.31,1.99,14164.43,186.15,230.53,0
SHP000337,DHL,0,Ocean,Dallas,Boston,4/26/2025 9:54,7907.37,2.88,34747.74,289.76,1581.47,0
SHP000338,DHL,0,Ocean,Tampa,Atlanta,7/31/2025 13:35,3789.62,17.96,19723.42,436.84,757.92,0
SHP000339,UPS,0,Ocean,Dallas,Chicago,4/15/2025 10:41,7255.26,11.28,11434.7,296.58,1451.05,0
SHP000340,XPO Logistics,0,Ocean,Atlanta,Tampa,10/2/2025 23:53,7342.73,6.63,25107.18,316.15,1468.55,0
SHP000341,XPO Logistics,FTL,Road,Miami,Atlanta,1/21/2025 2:12,893.08,1.01,28775.09,454.61,148.85,0
SHP000342,FedEx,0,Ocean,Dallas,Boston,6/20/2025 9:58,1847.62,7.23,38870.11,91.31,369.52,0
SHP000343,Old Dominion,0,Rail,Dallas,Miami,3/2/2025 23:48,1567.02,4.45,10265.63,435.5,47.01,0
SHP000344,J.B. Hunt,0,Rail,Dallas,San Francisco,5/3/2025 17:20,912.49,4.6,14689.72,296.88,27.37,0
SHP000345,J.B. Hunt,0,Ocean,Boston,San Francisco,11/29/2025 11:19,1726.43,10.6,38791.79,129.81,345.29,0
SHP000346,Schneider,0,Air,Boston,Dallas,2/20/2025 23:30,2073.19,1.64,31052.19,66.31,207.32,0
SHP000347,XPO Logistics,0,Rail,Atlanta,Chicago,7/31/2025 1:36,1751.71,4.18,9823.99,37.67,52.55,0
SHP000348,C.H. Robinson,0,Rail,Tampa,Dallas,10/11/2025 18:37,471.61,4.64,13811.63,414.61,14.15,0
SHP000349,XPO Logistics,0,Air,Chicago,New York,6/18/2025 7:24,1463.4,1.37,24877.23,353.68,146.34,0
SHP000350,Old Dominion,0,Ocean,Atlanta,Chicago,9/8/2025 23:41,1752.81,5.69,1948.52,368.46,350.56,0
SHP000351,Old Dominion,0,Ocean,Chicago,Miami,6/30/2025 5:08,5478.53,12.44,33844.73,403.03,1095.71,0
SHP000352,FedEx,0,Rail,Tampa,Atlanta,1/18/2025 2:52,1136.57,7.08,8630.73,56.85,34.1,0
SHP000353,FedEx,FTL,Road,Chicago,Boston,2/4/2025 22:09,360.21,0.58,21481.2,468.37,60.03,0
SHP000354,Old Dominion,0,Rail,Boston,Chicago,1/31/2025 19:40,262.95,1.85,18361.86,467,7.89,0
SHP000355,FedEx,0,Ocean,Tampa,New York,9/30/2025 17:26,2871.17,13.16,2142.13,75.02,574.23,0
SHP000356,DHL,FTL,Road,San Francisco,Tampa,12/24/2025 21:27,1184.62,5.8,695.13,475.95,197.44,0
SHP000357,Schneider,LTL,Road,Chicago,New York,9/27/2025 8:52,784.99,5.24,4629.19,258.28,0,1177.49
SHP000358,XPO Logistics,0,Air,Miami,Tampa,7/11/2025 12:29,1619.89,2.83,6016.22,15.96,161.99,0
SHP000359,FedEx,0,Rail,San Francisco,Miami,2/11/2025 20:54,692.69,5.93,8473.21,337.04,20.78,0
SHP000360,DHL,FTL,Road,Miami,Dallas,1/29/2025 20:00,1165.4,0.79,27067.78,222.43,194.23,0
SHP000361,FedEx,FTL,Road,Miami,Atlanta,10/17/2025 3:57,1048.36,1.27,27858.73,419.22,174.73,0
SHP000362,J.B. Hunt,0,Rail,Dallas,Boston,12/21/2025 18:30,1711.38,5.78,20138.4,309.31,51.34,0
SHP000363,Schneider,LTL,Road,San Francisco,Atlanta,1/17/2025 5:59,1049.24,3.53,449.31,465.54,174.87,0
SHP000364,DHL,LTL,Road,Chicago,Boston,7/23/2025 2:19,842.96,4.14,2274.4,329.78,140.49,0
SHP000365,DHL,0,Rail,Miami,Atlanta,10/4/2025 10:24,830.18,5.56,4710.42,329.26,24.91,0
SHP000366,C.H. Robinson,FTL,Road,Tampa,New York,2/8/2025 10:38,1199.33,0.53,39098.38,204.05,199.89,0
SHP000367,XPO Logistics,0,Air,Tampa,Miami,5/20/2025 14:31,2651.03,3.24,22897.14,369.49,265.1,0
SHP000368,C.H. Robinson,0,Air,Miami,Dallas,4/6/2025 21:37,2671.99,1.91,13417.81,334.13,267.2,0
SHP000369,DHL,FTL,Road,Dallas,Miami,5/18/2025 4:24,979.02,4.63,32013.64,218.36,0,1468.53
SHP000370,J.B. Hunt,0,Ocean,Atlanta,Chicago,2/24/2025 2:00,6633.76,4.64,22007.32,3.87,1326.75,0
SHP000371,UPS,0,Ocean,Atlanta,Boston,5/19/2025 3:08,2934.39,10.06,16148.82,348.04,586.88,0
SHP000372,C.H. Robinson,0,Rail,Miami,Dallas,10/13/2025 17:32,821.69,4.14,9882.99,187.25,24.65,0
SHP000373,Schneider,LTL,Road,New York,Dallas,11/2/2025 19:50,311.36,0.67,6093.97,334.44,51.89,0
SHP000374,UPS,0,Ocean,Tampa,Dallas,7/31/2025 12:49,5146.18,12.2,15501.54,431.8,1029.24,0
SHP000375,J.B. Hunt,0,Rail,Chicago,Miami,7/14/2025 5:08,1030.53,4.35,1512.86,171.28,30.92,0
SHP000376,C.H. Robinson,0,Air,San Francisco,Dallas,3/16/2025 2:10,1326.53,1.9,23416.81,267.27,132.65,0
SHP000377,J.B. Hunt,0,Air,Miami,Chicago,9/5/2025 2:23,1941.34,3.18,32612.94,359.34,194.13,0
SHP000378,UPS,0,Rail,Boston,San Francisco,11/12/2025 6:29,1728.84,1.13,8233.23,4.77,51.87,0
SHP000379,C.H. Robinson,0,Rail,San Francisco,Tampa,7/22/2025 10:53,1235.96,7.29,10117.55,463.59,37.08,0
SHP000380,DHL,0,Air,Boston,Chicago,8/9/2025 20:38,462.72,3.77,14389.1,51.61,46.27,0
SHP000381,Schneider,0,Air,Atlanta,San Francisco,12/22/2025 6:30,1611.85,1.4,11752.48,154.34,161.19,0
SHP000382,Old Dominion,0,Rail,Miami,Chicago,5/30/2025 23:44,1484.84,4.77,12796.65,305.56,44.55,0
SHP000383,UPS,0,Rail,Atlanta,Dallas,5/24/2025 12:23,1345.84,2.91,16835.19,61.82,40.38,0
SHP000384,Old Dominion,0,Rail,Chicago,Miami,10/9/2025 0:46,489.84,5.77,7666.81,263.06,14.7,0
SHP000385,C.H. Robinson,0,Rail,Boston,Miami,5/30/2025 22:04,1334.47,1.75,22908.83,129.02,40.03,0
SHP000386,DHL,0,Ocean,Chicago,Miami,6/5/2025 7:16,7721.95,12.64,32336.71,275.56,1544.39,0
SHP000387,C.H. Robinson,0,Ocean,Miami,Tampa,8/18/2025 19:30,825.59,15.93,38080.43,301.2,165.12,0
SHP000388,UPS,0,Ocean,Tampa,Boston,7/4/2025 22:57,6643.92,21.45,9509.15,106.81,1328.78,0
SHP000389,C.H. Robinson,LTL,Road,Atlanta,New York,1/23/2025 18:41,752.63,2.61,8422.63,450.11,125.44,0
SHP000390,XPO Logistics,0,Air,Miami,Tampa,1/6/2025 3:16,1254.24,1.33,31330.76,138.13,125.42,0
SHP000391,DHL,0,Rail,Boston,Chicago,7/20/2025 14:49,1516.18,3.97,26868.22,48.67,45.49,0
SHP000392,UPS,0,Air,Tampa,San Francisco,2/23/2025 9:26,1984.42,2.08,23671.03,84.84,198.44,0
SHP000393,Schneider,LTL,Road,Atlanta,Chicago,4/16/2025 16:30,897.4,5.21,2284.89,48.76,149.57,0
SHP000394,UPS,0,Ocean,New York,San Francisco,12/23/2025 14:20,677.29,16.12,24480.21,273.8,135.46,0
SHP000395,Schneider,0,Air,Tampa,Boston,12/30/2025 3:01,926.26,1.87,23981.82,248.89,92.63,0
SHP000396,C.H. Robinson,LTL,Road,Dallas,Atlanta,3/23/2025 10:35,1185.95,1.03,6997.17,202.76,0,1778.93
SHP000397,DHL,0,Ocean,Dallas,Boston,7/27/2025 20:11,3711.5,17.79,27851.23,495.64,742.3,0
SHP000398,C.H. Robinson,0,Ocean,Miami,Tampa,11/11/2025 6:28,1462.96,4.29,29111.38,289.62,292.59,0
SHP000399,UPS,0,Ocean,Tampa,Miami,4/20/2025 6:17,2556.2,3.75,3883.5,447.2,511.24,0
SHP000400,Old Dominion,LTL,Road,Atlanta,Chicago,2/28/2025 8:42,270.65,2.11,2382.57,178.14,0,405.97
SHP000401,Schneider,0,Air,Miami,San Francisco,7/20/2025 18:07,487.44,2.32,3170.7,400.38,48.74,0
SHP000402,J.B. Hunt,0,Air,Boston,San Francisco,3/30/2025 21:45,931.02,2.39,35263.12,325.79,93.1,0
SHP000403,DHL,LTL,Road,Atlanta,Tampa,3/1/2025 5:23,662.9,2.11,3430.07,335.07,110.48,0
SHP000404,C.H. Robinson,0,Ocean,Miami,San Francisco,3/12/2025 18:24,7956.05,16.56,22532.44,365.59,1591.21,0
SHP000405,DHL,0,Rail,Boston,Atlanta,10/3/2025 22:58,944.33,1.42,22710.72,478.86,28.33,0
SHP000406,Old Dominion,0,Rail,Boston,Chicago,3/13/2025 5:20,480.48,5.83,8436.88,268.38,14.41,0
SHP000407,Old Dominion,FTL,Road,Tampa,San Francisco,7/16/2025 17:32,161.18,2.84,30368.45,174.44,0,241.77
SHP000408,DHL,0,Ocean,Boston,Dallas,12/30/2025 14:31,5486.84,19.5,37123.52,118.09,1097.37,0
SHP000409,DHL,LTL,Road,Dallas,Chicago,4/26/2025 17:18,509.21,1.13,9925.96,463.57,0,763.81
SHP000410,UPS,0,Ocean,Boston,San Francisco,9/19/2025 3:36,4549.68,20.52,21077.84,312.17,909.94,0
SHP000411,XPO Logistics,0,Air,Atlanta,San Francisco,1/22/2025 23:28,540.64,3.14,5544.68,413.21,54.06,0
SHP000412,FedEx,0,Ocean,New York,Miami,12/1/2025 7:19,6365.21,17.59,1928.34,152.26,1273.04,0
SHP000413,UPS,0,Ocean,San Francisco,Chicago,2/14/2025 14:55,2473.34,9.92,3961.89,468.54,494.67,0
SHP000414,C.H. Robinson,0,Rail,Dallas,Boston,10/29/2025 22:22,1086.08,3.14,16180.77,224.15,32.58,0
SHP000415,FedEx,0,Rail,Chicago,Boston,4/16/2025 6:51,1160.95,4.61,36815.98,248.98,34.83,0
SHP000416,J.B. Hunt,0,Air,San Francisco,Atlanta,10/3/2025 5:20,2978.83,3.48,8736.17,465.37,297.88,0
SHP000417,UPS,0,Air,San Francisco,Boston,9/21/2025 21:52,614.19,3.36,15534.62,439.11,61.42,0
SHP000418,DHL,0,Rail,Miami,Tampa,5/22/2025 20:08,1588.89,6.64,31706.2,153.03,47.67,0
SHP000419,C.H. Robinson,0,Rail,Chicago,Miami,6/14/2025 7:48,329.47,3.82,7354.22,347.78,9.88,0
SHP000420,C.H. Robinson,0,Ocean,Chicago,Atlanta,11/20/2025 8:40,3095.75,23.46,25818.4,411.42,619.15,0
SHP000421,J.B. Hunt,0,Ocean,Boston,Tampa,11/21/2025 2:25,1493.94,20.96,36948.91,244.04,298.79,0
SHP000422,UPS,0,Air,Boston,Dallas,6/17/2025 18:00,1936.88,3.18,7406.13,251.78,193.69,0
SHP000423,XPO Logistics,0,Ocean,Atlanta,Boston,2/2/2025 17:25,3489.97,5.22,15017.61,35.02,697.99,0
SHP000424,J.B. Hunt,0,Ocean,Dallas,San Francisco,5/18/2025 10:53,693.59,4.97,38543.05,275.22,138.72,0
SHP000425,FedEx,0,Air,Chicago,Atlanta,9/6/2025 10:57,2907.72,2.01,12816.74,253.56,290.77,0
SHP000426,FedEx,LTL,Road,Boston,Tampa,3/22/2025 14:29,555.44,0.86,6462.14,108.8,0,833.16
SHP000427,DHL,0,Ocean,Dallas,Miami,3/9/2025 20:19,5146.91,16.3,6504.98,31.61,1029.38,0
SHP000428,Schneider,0,Air,New York,Miami,7/4/2025 8:05,2408.06,2.11,2797.47,497.44,240.81,0
SHP000429,XPO Logistics,0,Rail,Tampa,San Francisco,11/17/2025 9:46,292.45,5.87,39355.32,120.35,8.77,0
SHP000430,Old Dominion,0,Ocean,New York,Miami,2/18/2025 0:13,1566.87,4.67,12479.37,51.42,313.37,0
SHP000431,Schneider,LTL,Road,Dallas,Atlanta,1/5/2025 0:44,845.99,0.61,5167.81,498.35,141,0
SHP000432,UPS,FTL,Road,Chicago,San Francisco,7/16/2025 2:46,986.07,3.79,12597.02,312.32,0,1479.11
SHP000433,DHL,FTL,Road,Atlanta,Chicago,3/10/2025 20:43,656.1,2.7,5663.06,443.42,0,984.15
SHP000434,DHL,LTL,Road,Chicago,San Francisco,4/20/2025 20:47,567.25,1.37,3772.43,207.65,94.54,0
SHP000435,UPS,0,Ocean,Boston,Miami,4/22/2025 2:57,6706.53,18.14,30887.54,6.5,1341.31,0
SHP000436,Schneider,0,Rail,New York,Atlanta,7/16/2025 11:27,865.85,4.37,1258.09,130.65,25.98,0
SHP000437,J.B. Hunt,0,Rail,Dallas,Chicago,11/27/2025 2:15,1416.46,1.96,21644.75,108.39,42.49,0
SHP000438,J.B. Hunt,FTL,Road,Dallas,Atlanta,4/7/2025 23:25,63.94,1.64,39047.01,400.97,10.66,0
SHP000439,UPS,LTL,Road,Boston,Dallas,9/13/2025 20:38,1153.51,3.06,1230.9,274.43,0,1730.26
SHP000440,DHL,FTL,Road,Atlanta,New York,10/19/2025 13:23,572.53,5.11,4374.26,244.63,95.42,0
SHP000441,J.B. Hunt,0,Ocean,New York,Tampa,10/28/2025 2:00,1625.36,9.14,29625.6,238.53,325.07,0
SHP000442,C.H. Robinson,0,Rail,Tampa,New York,7/23/2025 16:18,801.42,3.76,18648.15,392.72,24.04,0
SHP000443,DHL,0,Ocean,Miami,Tampa,11/24/2025 17:34,7190.64,23.02,31582.68,158.39,1438.13,0
SHP000444,XPO Logistics,0,Air,New York,Dallas,2/10/2025 16:58,2157.96,2.03,10559.49,420.59,215.8,0
SHP000445,UPS,0,Rail,Atlanta,Dallas,10/28/2025 20:48,261.48,7.31,18728.36,318.96,7.84,0
SHP000446,UPS,0,Air,Miami,Atlanta,5/3/2025 1:15,2080.26,3.63,25648.45,307.35,208.03,0
SHP000447,J.B. Hunt,0,Ocean,New York,San Francisco,11/10/2025 19:03,999.89,13.4,6431.68,368.98,199.98,0
SHP000448,FedEx,0,Rail,New York,Tampa,12/29/2025 4:44,1019.56,5.76,2146.08,43.31,30.59,0
SHP000449,J.B. Hunt,0,Rail,Boston,Chicago,9/25/2025 16:50,1346.12,1.5,3314.64,7.04,40.38,0
SHP000450,UPS,0,Rail,Atlanta,New York,5/18/2025 23:56,1730.4,6.16,14453.43,148.97,51.91,0
SHP000451,UPS,FTL,Road,Miami,Chicago,5/15/2025 22:36,452.16,4.7,26624.14,93.41,75.36,0
SHP000452,DHL,0,Ocean,Boston,San Francisco,7/4/2025 1:31,1805.82,4.16,26581.96,382.42,361.16,0
SHP000453,UPS,0,Air,Chicago,Dallas,2/22/2025 18:43,1015.63,0.57,3745.78,483.96,101.56,0
SHP000454,Old Dominion,0,Rail,Tampa,New York,1/7/2025 7:02,672.71,6.38,25174.21,191.59,20.18,0
SHP000455,C.H. Robinson,0,Air,Miami,New York,4/2/2025 1:35,855.36,0.92,24793.01,387.54,85.54,0
SHP000456,J.B. Hunt,0,Rail,Atlanta,New York,8/2/2025 23:20,1230.25,4.71,2157.07,484.28,36.91,0
SHP000457,FedEx,FTL,Road,New York,Atlanta,1/27/2025 5:14,968.52,1.93,39208.83,301.34,161.42,0
SHP000458,UPS,0,Ocean,New York,San Francisco,5/25/2025 9:20,4868.17,18.46,32564.91,328.58,973.63,0
SHP000459,J.B. Hunt,0,Ocean,Tampa,Dallas,4/13/2025 9:36,1460.72,9.44,37159.3,113.08,292.14,0
SHP000460,XPO Logistics,0,Rail,Boston,Chicago,10/30/2025 15:49,795.47,4.02,17856.5,306.86,23.86,0
SHP000461,Schneider,0,Rail,Chicago,Tampa,7/29/2025 0:14,1708.92,2.68,5299.3,99.54,51.27,0
SHP000462,XPO Logistics,FTL,Road,Tampa,Boston,6/7/2025 3:13,1069.96,3.96,11793.32,408.16,178.33,0
SHP000463,UPS,0,Ocean,Boston,Tampa,3/14/2025 22:17,6960.27,20.62,36797.6,126.87,1392.05,0
SHP000464,UPS,LTL,Road,Miami,Atlanta,8/23/2025 23:05,918.3,2.9,8443.69,364.52,153.05,0
SHP000465,C.H. Robinson,0,Rail,Miami,Tampa,10/31/2025 18:03,1442.32,5.59,7508.44,272.97,43.27,0
SHP000466,C.H. Robinson,0,Rail,Dallas,Chicago,5/14/2025 10:59,1775.47,7.56,2205.36,83.24,53.26,0
SHP000467,XPO Logistics,0,Air,Atlanta,Dallas,5/20/2025 7:04,655.67,3.04,32802.52,107.54,65.57,0
SHP000468,Old Dominion,0,Rail,New York,Chicago,2/24/2025 5:28,1009.36,6.88,29445.66,271.58,30.28,0
SHP000469,XPO Logistics,0,Air,Miami,Tampa,10/2/2025 11:49,1893.94,2.28,12253.16,282.95,189.39,0
SHP000470,DHL,0,Ocean,San Francisco,Dallas,5/16/2025 3:05,5666.64,21.21,25633.51,380.8,1133.33,0
SHP000471,XPO Logistics,0,Air,Tampa,Chicago,6/17/2025 4:05,732.19,2.12,868.6,124.09,73.22,0
SHP000472,J.B. Hunt,0,Air,Miami,San Francisco,1/26/2025 21:19,2261.45,3.97,4417.53,201.35,226.14,0
SHP000473,XPO Logistics,0,Rail,Tampa,San Francisco,8/20/2025 17:47,1480.11,2.43,22425.86,366.8,44.4,0
SHP000474,XPO Logistics,FTL,Road,New York,Boston,3/4/2025 0:03,758.38,1.33,14537.69,392.11,126.4,0
SHP000475,UPS,0,Rail,Dallas,Boston,7/25/2025 11:43,1086.76,1.04,30559.14,18.62,32.6,0
SHP000476,Old Dominion,0,Air,New York,Tampa,2/3/2025 6:57,2313.48,1.21,38343.9,184.6,231.35,0
SHP000477,Old Dominion,0,Rail,New York,Boston,6/19/2025 3:02,723.09,2.04,12571.37,438.45,21.69,0
SHP000478,C.H. Robinson,LTL,Road,Miami,Boston,9/12/2025 0:24,1195.78,2.37,4568.81,361.31,199.3,0
SHP000479,Old Dominion,0,Rail,Atlanta,New York,4/6/2025 8:17,1617.91,5.15,15965.27,206.9,48.54,0
SHP000480,J.B. Hunt,0,Rail,Tampa,Atlanta,11/14/2025 19:15,1312.99,1.02,24973.78,178.39,39.39,0
SHP000481,J.B. Hunt,0,Ocean,Miami,San Francisco,9/3/2025 1:05,6456.48,4.05,23733.99,241.01,1291.3,0
SHP000482,XPO Logistics,0,Ocean,Chicago,San Francisco,4/13/2025 20:56,5317.44,3.43,23409.36,281.18,1063.49,0
SHP000483,Schneider,FTL,Road,Atlanta,Dallas,9/6/2025 11:58,694.76,3.72,27220.48,402.69,115.79,0
SHP000484,XPO Logistics,0,Ocean,San Francisco,New York,1/14/2025 10:38,2523.66,20.15,20181.1,39.45,504.73,0
SHP000485,XPO Logistics,FTL,Road,Tampa,Boston,9/29/2025 11:49,117.33,2.17,31503.43,354.13,19.55,0
SHP000486,FedEx,0,Rail,New York,Chicago,12/3/2025 7:17,1461.78,4.62,17887.86,74.58,43.85,0
SHP000487,Schneider,0,Rail,Miami,Chicago,3/30/2025 5:15,725.11,4.04,3999.72,111.09,21.75,0
SHP000488,DHL,0,Air,Tampa,Miami,12/25/2025 11:36,1915.21,3.07,39934.73,466.62,191.52,0
SHP000489,FedEx,0,Rail,Boston,San Francisco,6/8/2025 5:31,1228.1,3.95,25629.01,393.04,36.84,0
SHP000490,Schneider,LTL,Road,Dallas,Atlanta,9/27/2025 15:00,186.09,2.61,8422.05,192.53,31.02,0
SHP000491,FedEx,0,Rail,Chicago,Dallas,4/1/2025 10:03,1115,5.11,7786.81,181.76,33.45,0
SHP000492,Schneider,0,Rail,Chicago,Boston,2/26/2025 16:55,735.22,1.18,1455.57,416.02,22.06,0
SHP000493,DHL,FTL,Road,Miami,San Francisco,6/4/2025 10:08,364.03,3.23,12299.66,470.4,0,546.04
SHP000494,Schneider,0,Ocean,Boston,Atlanta,6/12/2025 5:45,2444.73,11.45,34972.84,421.12,488.95,0
SHP000495,J.B. Hunt,0,Rail,Chicago,San Francisco,6/7/2025 23:44,497.76,6.62,18598.38,242,14.93,0
SHP000496,C.H. Robinson,0,Rail,Chicago,Miami,1/1/2025 22:36,413.57,1.56,29253.6,248.73,12.41,0
SHP000497,UPS,LTL,Road,Atlanta,Boston,4/24/2025 20:36,552.38,4.44,7690.3,80.3,92.06,0
SHP000498,Schneider,0,Ocean,Chicago,Dallas,2/9/2025 7:22,5076.69,4.98,30179.32,328.82,1015.34,0
SHP000499,Schneider,0,Rail,New York,Boston,12/29/2025 21:40,1730.58,1.48,2753.66,141.81,51.92,0
SHP000500,UPS,0,Ocean,Tampa,Dallas,4/18/2025 7:44,2462.79,7.43,36297.06,125.52,492.56,0
SHP000501,FedEx,0,Air,San Francisco,Boston,2/25/2025 23:00,1034.26,3.16,18264.72,388.58,103.43,0
SHP000502,C.H. Robinson,0,Ocean,Boston,Atlanta,8/3/2025 5:56,990.25,12.73,1827.74,32.26,198.05,0
SHP000503,Old Dominion,0,Ocean,Miami,Chicago,10/7/2025 12:06,7298.28,5.06,21530.62,206.14,1459.66,0
SHP000504,FedEx,0,Rail,Chicago,San Francisco,2/7/2025 1:18,755.75,7.3,1362.02,332.23,22.67,0
SHP000505,C.H. Robinson,0,Air,San Francisco,Tampa,2/7/2025 10:10,2901.16,2.46,37504.49,27.08,290.12,0
SHP000506,Old Dominion,0,Rail,New York,Atlanta,2/17/2025 10:38,870.07,2.82,29367.43,490.67,26.1,0
SHP000507,Schneider,FTL,Road,Chicago,Atlanta,3/22/2025 1:06,345.01,4.01,8324.86,283.1,57.5,0
SHP000508,J.B. Hunt,0,Rail,Dallas,San Francisco,12/23/2025 17:46,942.29,7.8,24536.83,175.4,28.27,0
SHP000509,Old Dominion,0,Air,San Francisco,New York,2/19/2025 1:25,608.06,1.03,9400.02,126.23,60.81,0
SHP000510,J.B. Hunt,0,Rail,Tampa,Dallas,1/2/2025 13:05,1560.99,4.93,21173.94,58.27,46.83,0
SHP000511,J.B. Hunt,0,Ocean,Dallas,Tampa,1/14/2025 6:10,6951.05,17.9,3172.9,354.21,1390.21,0
SHP000512,J.B. Hunt,FTL,Road,New York,Dallas,8/30/2025 15:57,675.07,0.72,18602.88,242.86,112.51,0
SHP000513,FedEx,FTL,Road,Chicago,Dallas,7/9/2025 5:28,240.64,5.69,34074.03,334.84,40.11,0
SHP000514,J.B. Hunt,0,Air,Boston,Dallas,5/15/2025 7:53,1548.2,1.94,26213.45,273.17,154.82,0
SHP000515,XPO Logistics,LTL,Road,New York,Tampa,10/5/2025 13:48,121.61,3.2,8093.08,230.16,20.27,0
SHP000516,XPO Logistics,FTL,Road,Miami,San Francisco,9/1/2025 18:56,109.75,4.77,8453.87,130.05,18.29,0
SHP000517,DHL,0,Ocean,San Francisco,Tampa,7/22/2025 22:02,1735.3,9.26,30391.68,260.17,347.06,0
SHP000518,C.H. Robinson,FTL,Road,Chicago,New York,4/9/2025 4:02,285.61,5.3,35243.48,435.42,47.6,0
SHP000519,UPS,FTL,Road,Dallas,Boston,11/1/2025 8:20,324.62,2.84,39407.09,386.23,54.1,0
SHP000520,FedEx,FTL,Road,Miami,San Francisco,5/22/2025 16:29,81.24,0.62,18825.29,454.7,13.54,0
SHP000521,UPS,0,Ocean,New York,San Francisco,3/18/2025 4:36,4540.26,12.95,4666.21,328.73,908.05,0
SHP000522,C.H. Robinson,LTL,Road,San Francisco,Boston,6/26/2025 13:16,995.42,2.44,7789.78,482.27,165.9,0
SHP000523,DHL,0,Ocean,Boston,Tampa,3/30/2025 8:25,2028.25,13.51,11841.95,396.63,405.65,0
SHP000524,FedEx,0,Ocean,Tampa,San Francisco,6/19/2025 22:15,4831.95,15.96,32017.61,198.59,966.39,0
SHP000525,J.B. Hunt,0,Ocean,San Francisco,Chicago,1/11/2025 10:52,7363.18,13.73,6739.22,348.25,1472.64,0
SHP000526,UPS,0,Air,San Francisco,Boston,9/9/2025 22:43,2441.81,1.61,34358.58,453.17,244.18,0
SHP000527,C.H. Robinson,0,Rail,Chicago,Dallas,8/15/2025 10:17,643.05,7.88,6058.11,101.81,19.29,0
SHP000528,Schneider,LTL,Road,Boston,New York,7/28/2025 23:31,261.86,5.39,6594.78,76.9,43.64,0
SHP000529,FedEx,LTL,Road,New York,Dallas,7/26/2025 4:49,556.37,3.79,972.12,441.33,92.73,0
SHP000530,FedEx,0,Rail,Dallas,Boston,4/13/2025 1:15,1485.77,4.54,38701.5,209.46,44.57,0
SHP000531,Schneider,0,Ocean,Tampa,Dallas,12/27/2025 6:17,7880.83,16.69,25569.52,83.81,1576.17,0
SHP000532,XPO Logistics,0,Ocean,Miami,Atlanta,3/5/2025 21:01,7114.46,11.4,6908.22,7.29,1422.89,0
SHP000533,Old Dominion,0,Air,Boston,San Francisco,8/17/2025 5:55,1811.34,2.35,28914.47,445.24,181.13,0
SHP000534,UPS,0,Air,Atlanta,New York,5/13/2025 23:53,514.4,3.06,7902.77,429.23,51.44,0
SHP000535,XPO Logistics,0,Air,Tampa,San Francisco,1/26/2025 5:54,2511.47,2.39,28554.59,157.86,251.15,0
SHP000536,C.H. Robinson,0,Rail,Dallas,Miami,4/16/2025 8:41,953.87,6.75,18640.98,179.54,28.62,0
SHP000537,J.B. Hunt,LTL,Road,Boston,New York,11/4/2025 0:14,618.34,5.01,3451.8,87.71,103.06,0
SHP000538,J.B. Hunt,0,Air,San Francisco,Dallas,7/12/2025 11:29,2222.44,3.39,4475.18,120.7,222.24,0
SHP000539,C.H. Robinson,0,Rail,Boston,Chicago,12/13/2025 16:52,427.16,3.44,18288.86,374.66,12.81,0
SHP000540,UPS,LTL,Road,Atlanta,San Francisco,11/8/2025 9:19,798.82,3.82,3620.89,420.88,133.14,0
SHP000541,J.B. Hunt,0,Ocean,New York,Dallas,5/22/2025 20:20,4034.65,23.54,25548.61,64.01,806.93,0
SHP000542,XPO Logistics,0,Air,San Francisco,New York,3/18/2025 16:48,2125.68,1.64,27609.92,35.75,212.57,0
SHP000543,J.B. Hunt,FTL,Road,Atlanta,Miami,1/14/2025 20:31,251.11,5.17,9473.59,418.68,0,376.67
SHP000544,XPO Logistics,0,Air,Miami,Dallas,7/18/2025 23:02,1054.05,2.75,27918.95,256.81,105.41,0
SHP000545,Old Dominion,0,Air,Dallas,Miami,10/1/2025 20:50,1124.34,1.24,1810.98,152.67,112.43,0
SHP000546,DHL,0,Air,San Francisco,Boston,3/29/2025 21:56,2063.54,3.78,34912.58,383.27,206.35,0
SHP000547,DHL,0,Air,New York,San Francisco,3/7/2025 23:16,2428.81,2.83,10781.33,453.69,242.88,0
SHP000548,J.B. Hunt,0,Air,New York,Chicago,7/1/2025 7:47,2110.98,2.46,4884.08,224.08,211.1,0
SHP000549,Old Dominion,0,Ocean,Atlanta,Chicago,5/14/2025 18:18,3952.69,21.02,22092.6,190.82,790.54,0
SHP000550,Old Dominion,FTL,Road,Tampa,Boston,10/25/2025 19:04,1173.32,0.89,17190.66,21.97,195.55,0
SHP000551,J.B. Hunt,0,Rail,New York,Boston,12/15/2025 12:33,1383.85,7.43,11561.47,429.31,41.52,0
SHP000552,Schneider,0,Ocean,Tampa,Boston,3/19/2025 4:12,2691.64,22.04,30281.5,402.65,538.33,0
SHP000553,UPS,0,Ocean,Boston,New York,6/11/2025 22:11,635.05,23.18,29203.5,153.07,127.01,0
SHP000554,FedEx,0,Ocean,Atlanta,Miami,4/1/2025 10:40,6720.46,8.19,34973.78,57.18,1344.09,0
SHP000555,DHL,FTL,Road,San Francisco,New York,3/28/2025 18:48,859.24,3.36,4313.11,121.71,143.21,0
SHP000556,C.H. Robinson,0,Ocean,New York,Chicago,11/11/2025 13:40,593.03,12.31,12399.98,299.58,118.61,0
SHP000557,XPO Logistics,0,Ocean,Miami,Dallas,7/16/2025 0:02,2729.28,8.6,29856.13,25.02,545.86,0
SHP000558,FedEx,0,Air,Tampa,Dallas,9/29/2025 6:01,2737.82,3.48,26878.28,297.02,273.78,0
SHP000559,UPS,0,Rail,Dallas,Miami,6/26/2025 9:08,1627.68,2.3,3619.28,120.52,48.83,0
SHP000560,J.B. Hunt,0,Ocean,San Francisco,New York,2/3/2025 1:19,6459.34,2.76,23520.87,497.72,1291.87,0
SHP000561,Old Dominion,0,Ocean,Atlanta,Dallas,12/18/2025 4:21,6917.72,13.47,3013.82,415.86,1383.54,0
SHP000562,XPO Logistics,0,Air,Dallas,New York,7/26/2025 0:14,1917.24,0.9,4207.36,454.9,191.72,0
SHP000563,DHL,0,Rail,Dallas,Miami,1/12/2025 18:32,1270.72,6.81,35219.67,286.31,38.12,0
SHP000564,FedEx,FTL,Road,Tampa,San Francisco,5/11/2025 17:39,645.06,2.72,13019.39,217.86,107.51,0
SHP000565,UPS,LTL,Road,Tampa,New York,8/2/2025 14:24,939.96,3.71,8941.35,222.25,156.66,0
SHP000566,FedEx,0,Air,Boston,Atlanta,3/20/2025 6:44,1939.14,2.71,23872.04,351.61,193.91,0
SHP000567,J.B. Hunt,0,Air,Miami,Atlanta,2/21/2025 21:33,941.07,2.29,4616.88,192.87,94.11,0
SHP000568,UPS,0,Rail,Miami,Boston,2/23/2025 16:46,980.27,5.57,38045.98,300.72,29.41,0
SHP000569,XPO Logistics,0,Air,New York,Boston,2/24/2025 15:12,2307.7,2.27,25547.11,36.4,230.77,0
SHP000570,DHL,0,Air,Dallas,Chicago,12/27/2025 13:18,986.86,1.77,19163.49,23.78,98.69,0
SHP000571,FedEx,FTL,Road,Dallas,Miami,6/19/2025 7:00,211.03,1.84,38875.54,166.34,35.17,0
SHP000572,UPS,LTL,Road,Boston,New York,9/19/2025 2:46,604.35,1.38,6166.18,141.06,100.73,0
SHP000573,FedEx,0,Air,Dallas,San Francisco,6/1/2025 8:29,858.88,2.31,717.48,4.82,85.89,0
SHP000574,UPS,LTL,Road,Tampa,Boston,12/13/2025 10:27,301.93,0.46,1214.05,170.09,50.32,0
SHP000575,Schneider,LTL,Road,Tampa,Boston,11/28/2025 5:21,972.97,3.54,5199.78,147.45,0,1459.45
SHP000576,Schneider,0,Ocean,San Francisco,Miami,2/17/2025 11:52,7488.15,10.73,3940.16,308.92,1497.63,0
SHP000577,C.H. Robinson,0,Rail,New York,San Francisco,7/24/2025 14:17,382.14,3.42,20542.77,437.24,11.46,0
SHP000578,FedEx,0,Ocean,Miami,Atlanta,3/27/2025 3:08,4201.6,17.45,39716.27,66.61,840.32,0
SHP000579,Old Dominion,0,Rail,New York,San Francisco,10/30/2025 15:51,639.57,3.76,17162.21,206.1,19.19,0
SHP000580,DHL,0,Rail,Miami,Boston,7/3/2025 19:01,1652.18,6,24512.26,155.38,49.57,0
SHP000581,UPS,0,Ocean,Boston,Tampa,7/30/2025 14:02,6678.43,23.01,32937.33,1.78,1335.69,0
SHP000582,XPO Logistics,0,Air,Atlanta,Tampa,12/27/2025 21:33,2018.28,0.68,10675.49,30.7,201.83,0
SHP000583,Old Dominion,0,Air,New York,San Francisco,12/5/2025 23:15,1930.25,2.9,5022.26,192.54,193.03,0
SHP000584,FedEx,0,Air,Miami,New York,10/13/2025 19:03,1531.84,1.79,5280.49,210.05,153.18,0
SHP000585,Old Dominion,0,Rail,Boston,Miami,9/11/2025 5:04,1401.88,1.5,3667.11,178.03,42.06,0
SHP000586,XPO Logistics,0,Air,Dallas,Chicago,5/23/2025 1:32,2842.66,2.84,27307.46,181.6,284.27,0
SHP000587,Old Dominion,0,Ocean,Miami,Boston,5/1/2025 2:29,4952.46,2.22,25625.79,456.73,990.49,0
SHP000588,UPS,0,Ocean,New York,Boston,9/13/2025 14:20,5094.3,21.22,29096.94,61.16,1018.86,0
SHP000589,FedEx,0,Ocean,Tampa,New York,7/26/2025 13:02,7268.4,3.46,21591.72,71.93,1453.68,0
SHP000590,FedEx,FTL,Road,Dallas,Miami,6/24/2025 11:52,63.46,2.68,12154.11,243.51,10.58,0
SHP000591,Old Dominion,0,Rail,Boston,Chicago,10/14/2025 19:38,1123.52,1.31,5358.63,279.76,33.71,0
SHP000592,FedEx,0,Air,Boston,Tampa,2/19/2025 21:14,1226.55,3.05,26265.52,422.96,122.66,0
SHP000593,Schneider,0,Air,Atlanta,Boston,11/21/2025 9:35,2169.73,2,27082.18,138.42,216.97,0
SHP000594,XPO Logistics,LTL,Road,Chicago,San Francisco,7/29/2025 3:16,402.26,4.79,4547.23,399.39,0,603.39
SHP000595,XPO Logistics,0,Rail,New York,Boston,7/21/2025 6:29,1515.88,7,36707.09,216.06,45.48,0
SHP000596,UPS,0,Air,New York,Boston,8/1/2025 1:59,1160.94,2.54,15161.31,300.94,116.09,0
SHP000597,Old Dominion,0,Ocean,Boston,Atlanta,10/29/2025 16:08,5791.89,17.14,15294.84,84.26,1158.38,0
SHP000598,DHL,LTL,Road,Miami,Boston,9/18/2025 5:44,545.11,1.07,8917.46,173.59,90.85,0
SHP000599,Schneider,0,Rail,New York,San Francisco,12/3/2025 19:38,447.14,1.18,26009.98,318.81,13.41,0
SHP000600,C.H. Robinson,0,Ocean,Miami,San Francisco,12/21/2025 7:17,3054.53,3.58,16680.34,156.3,610.91,0
SHP000601,J.B. Hunt,0,Air,San Francisco,Dallas,3/10/2025 4:26,2128.23,2.62,14901.45,109.73,212.82,0
SHP000602,J.B. Hunt,0,Air,Dallas,New York,4/18/2025 19:45,2967.7,2.09,27686.83,71.14,296.77,0
SHP000603,Schneider,0,Air,Chicago,Miami,11/29/2025 5:32,1611.09,0.6,20465.48,482.04,161.11,0
SHP000604,J.B. Hunt,FTL,Road,Boston,San Francisco,12/8/2025 22:26,491.84,0.47,1722.75,194.61,81.97,0
SHP000605,DHL,0,Ocean,Tampa,Atlanta,2/24/2025 0:24,1700.19,2.51,30370.44,229.8,340.04,0
SHP000606,J.B. Hunt,LTL,Road,Dallas,Chicago,3/24/2025 9:43,382.63,5.43,1293.97,478,63.77,0
SHP000607,FedEx,0,Rail,Tampa,Miami,6/1/2025 6:48,702.35,7.22,24316.24,413.53,21.07,0
SHP000608,XPO Logistics,0,Air,Boston,Tampa,11/12/2025 21:47,2956.84,1.51,38464.85,195.35,295.68,0
SHP000609,FedEx,0,Ocean,Dallas,Atlanta,12/23/2025 9:44,3391.34,9.49,21885.6,77.92,678.27,0
SHP000610,FedEx,0,Ocean,Miami,Dallas,12/17/2025 10:35,4652.84,13.92,30595.12,416.99,930.57,0
SHP000611,Schneider,FTL,Road,Dallas,Atlanta,8/15/2025 7:58,556.51,1.99,10743.73,98.12,92.75,0
SHP000612,UPS,0,Rail,Dallas,Chicago,8/18/2025 5:43,292.24,3.4,11174.78,483.24,8.77,0
SHP000613,FedEx,0,Rail,Chicago,Miami,9/21/2025 3:24,1092.33,3.43,23428.47,70.46,32.77,0
SHP000614,J.B. Hunt,0,Ocean,San Francisco,Atlanta,5/16/2025 4:10,3830.33,15.78,19811.46,201.49,766.07,0
SHP000615,Schneider,FTL,Road,Boston,Atlanta,1/21/2025 4:59,1192.93,5.31,25124.54,285.12,198.82,0
SHP000616,Schneider,FTL,Road,Boston,Miami,7/3/2025 2:50,763.76,1.41,16107.94,20.69,127.29,0
SHP000617,C.H. Robinson,0,Rail,Chicago,Atlanta,2/4/2025 16:10,960.87,4.8,9496.11,482.05,28.83,0
SHP000618,Schneider,0,Ocean,New York,Dallas,4/24/2025 6:42,7320.91,17.89,21568.77,435.11,1464.18,0
SHP000619,Old Dominion,0,Air,Atlanta,Chicago,4/22/2025 19:33,652.76,3.27,5430.42,397.31,65.28,0
SHP000620,XPO Logistics,LTL,Road,Atlanta,Dallas,11/25/2025 19:58,367.13,5.29,9448.81,75.25,61.19,0
SHP000621,J.B. Hunt,FTL,Road,Miami,Boston,7/17/2025 8:34,582.08,5.89,19594.59,431.91,97.01,0
SHP000622,UPS,FTL,Road,Boston,Dallas,11/30/2025 6:20,727.04,2.41,11788.45,102.41,0,1090.56
SHP000623,XPO Logistics,LTL,Road,Tampa,Miami,12/10/2025 20:49,926.07,2.47,5186.06,246.67,0,1389.11
SHP000624,C.H. Robinson,0,Ocean,New York,Chicago,10/3/2025 22:56,4829.59,21.04,39239.2,204.38,965.92,0
SHP000625,FedEx,LTL,Road,Tampa,San Francisco,1/20/2025 2:04,1001.65,4.65,5799.26,478.07,166.94,0
SHP000626,XPO Logistics,0,Rail,San Francisco,Atlanta,2/6/2025 18:52,520.76,1.76,34231.5,220.14,15.62,0
SHP000627,C.H. Robinson,0,Air,Miami,Dallas,8/19/2025 20:25,2586.82,3.63,2967.07,441.85,258.68,0
SHP000628,FedEx,0,Air,Tampa,San Francisco,12/11/2025 3:34,1510.46,2.29,25250.4,463.26,151.05,0
SHP000629,J.B. Hunt,LTL,Road,New York,Dallas,2/24/2025 9:50,71.98,2.99,6924.06,361.63,12,0
SHP000630,DHL,FTL,Road,Boston,Dallas,12/5/2025 0:30,846.41,1.02,12326.13,180,141.07,0
SHP000631,DHL,0,Rail,Chicago,Miami,7/20/2025 17:18,1487.1,2.95,8822.85,478.77,44.61,0
SHP000632,UPS,0,Air,Atlanta,Tampa,10/11/2025 17:09,323.93,3.99,27234.44,414.41,32.39,0
SHP000633,Schneider,LTL,Road,Miami,San Francisco,2/13/2025 9:13,388.81,0.33,7418.01,417.24,64.8,0
SHP000634,DHL,0,Rail,Miami,Atlanta,9/20/2025 4:10,1384.76,2,30260.4,384.69,41.54,0
SHP000635,FedEx,0,Rail,San Francisco,New York,2/28/2025 5:42,1253.66,6.36,33913.9,307.19,37.61,0
SHP000636,UPS,0,Ocean,New York,Dallas,12/10/2025 2:16,1164.54,12.73,3567.15,204.36,232.91,0
SHP000637,XPO Logistics,0,Rail,Boston,Chicago,7/2/2025 4:42,851.37,1.46,14278.41,56.39,25.54,0
SHP000638,J.B. Hunt,FTL,Road,New York,Chicago,8/19/2025 10:39,979.47,5.7,3356.5,477.6,163.25,0
SHP000639,FedEx,0,Rail,Atlanta,Boston,6/11/2025 13:10,1036.12,3.1,3536.05,250.81,31.08,0
SHP000640,C.H. Robinson,0,Air,Dallas,Boston,4/24/2025 22:47,2445.19,2.97,2483.93,37.38,244.52,0
SHP000641,Old Dominion,0,Air,Atlanta,New York,12/14/2025 23:21,1387.76,1.53,9679.18,141.22,138.78,0
SHP000642,UPS,0,Ocean,Boston,Chicago,6/6/2025 15:35,6526.12,22.44,16501.56,453.15,1305.22,0
SHP000643,XPO Logistics,0,Rail,New York,Boston,5/24/2025 4:57,714.39,4.34,9428.15,320.6,21.43,0
SHP000644,FedEx,0,Air,New York,Miami,2/8/2025 0:54,2943.25,2.61,14633.66,324.26,294.32,0
SHP000645,Old Dominion,0,Ocean,Dallas,Tampa,10/10/2025 8:34,1421.91,21.55,20371.82,225.23,284.38,0
SHP000646,J.B. Hunt,0,Rail,Atlanta,Dallas,4/25/2025 18:46,1137.38,5.37,3335.14,341.63,34.12,0
SHP000647,Schneider,0,Rail,Boston,San Francisco,9/19/2025 2:25,587.09,6,32990.12,402.18,17.61,0
SHP000648,DHL,LTL,Road,Chicago,Boston,8/17/2025 5:11,685.38,3.24,1557.33,387.9,114.23,0
SHP000649,UPS,0,Ocean,Atlanta,Tampa,4/23/2025 15:14,2535.57,12.93,11728.83,67.78,507.11,0
SHP000650,Schneider,0,Air,Atlanta,New York,1/22/2025 21:13,1999.81,0.69,30071.49,159.48,199.98,0
SHP000651,Schneider,0,Ocean,Boston,Dallas,1/24/2025 1:41,501.01,13.24,2350.65,138.81,100.2,0
SHP000652,C.H. Robinson,FTL,Road,San Francisco,Atlanta,3/31/2025 12:41,863.02,0.61,33653.87,2.91,143.84,0
SHP000653,XPO Logistics,0,Air,New York,Atlanta,5/9/2025 12:58,966.42,3.09,12992.67,51.84,96.64,0
SHP000654,Old Dominion,0,Ocean,Atlanta,Boston,6/26/2025 15:50,3201.75,7.95,33787.12,157.36,640.35,0
SHP000655,XPO Logistics,LTL,Road,Boston,New York,9/21/2025 20:17,957.27,5.38,4423.1,455.06,159.54,0
SHP000656,UPS,0,Rail,Chicago,New York,7/5/2025 19:45,803.71,7.75,4026.94,343.82,24.11,0
SHP000657,Old Dominion,0,Rail,Miami,Boston,6/19/2025 23:07,990.1,3.71,25492.12,352.22,29.7,0
SHP000658,C.H. Robinson,0,Ocean,Boston,New York,10/30/2025 5:41,532.72,5.67,28665.32,333.53,106.54,0
SHP000659,FedEx,LTL,Road,Tampa,Chicago,3/24/2025 4:40,1160.95,4.63,9515.11,351.57,193.49,0
SHP000660,C.H. Robinson,0,Rail,Tampa,Chicago,5/13/2025 5:33,676.88,1.74,31382.04,322.43,20.31,0
SHP000661,XPO Logistics,FTL,Road,New York,Chicago,8/30/2025 15:10,105.41,2.32,38293.59,250.7,17.57,0
SHP000662,J.B. Hunt,0,Ocean,Chicago,Boston,10/26/2025 5:39,3745.47,12.07,8750.87,184.98,749.09,0
SHP000663,XPO Logistics,0,Rail,Atlanta,Dallas,11/2/2025 18:04,791.7,1.37,30818.92,208.84,23.75,0
SHP000664,C.H. Robinson,0,Ocean,Miami,New York,2/25/2025 0:12,6666.35,20.71,8873.77,329.02,1333.27,0
SHP000665,FedEx,0,Rail,New York,Chicago,9/1/2025 19:38,955.65,7.16,9021.76,339.23,28.67,0
SHP000666,FedEx,LTL,Road,Boston,Atlanta,11/5/2025 17:52,748.91,1.95,1495.52,326.17,0,1123.37
SHP000667,C.H. Robinson,0,Ocean,Miami,Chicago,1/23/2025 22:33,6039.48,8.94,25970.89,198.17,1207.9,0
SHP000668,UPS,0,Rail,Boston,Miami,7/15/2025 11:37,1341.13,2.39,35663.49,144.42,40.23,0
SHP000669,UPS,0,Ocean,Chicago,Dallas,9/2/2025 7:58,3258.39,3.28,4904.73,258.42,651.68,0
SHP000670,FedEx,0,Air,Miami,Chicago,4/7/2025 0:45,1022.5,3.42,1080.39,190.17,102.25,0
SHP000671,UPS,LTL,Road,Miami,Atlanta,6/11/2025 13:23,437.95,0.36,1375.03,207.41,72.99,0
SHP000672,C.H. Robinson,0,Rail,Miami,Atlanta,10/27/2025 8:16,988.58,3.83,21472.04,297.97,29.66,0
SHP000673,Old Dominion,0,Air,San Francisco,Miami,7/23/2025 6:26,326.79,2.12,38558.22,260,32.68,0
SHP000674,J.B. Hunt,0,Rail,Atlanta,San Francisco,10/12/2025 15:16,1284.07,3.18,31072.66,386.69,38.52,0
SHP000675,XPO Logistics,0,Air,Miami,Atlanta,3/12/2025 21:07,1707.5,3.92,5459.23,9.46,170.75,0
SHP000676,Schneider,0,Ocean,Chicago,Tampa,4/20/2025 16:25,6276.19,19.76,5248.19,133.53,1255.24,0
SHP000677,C.H. Robinson,LTL,Road,Miami,Atlanta,2/16/2025 4:30,70.19,1.94,7765.45,259.46,0,105.28
SHP000678,C.H. Robinson,LTL,Road,San Francisco,New York,11/8/2025 1:46,450.31,2.39,163.33,150.6,75.05,0
SHP000679,DHL,0,Ocean,San Francisco,Miami,11/2/2025 1:49,5348.44,23.43,33958.9,12.77,1069.69,0
SHP000680,J.B. Hunt,0,Ocean,Boston,Tampa,4/14/2025 21:59,7239.2,19.23,31324.86,229.54,1447.84,0
SHP000681,XPO Logistics,0,Rail,Tampa,Boston,11/3/2025 16:33,836.81,3.12,3094.95,114.89,25.1,0
SHP000682,DHL,0,Rail,Tampa,Dallas,5/3/2025 20:00,594.57,4.39,30024.05,237.43,17.84,0
SHP000683,FedEx,FTL,Road,Miami,Chicago,7/27/2025 18:12,116.52,5.76,37737.61,392.81,19.42,0
SHP000684,J.B. Hunt,LTL,Road,San Francisco,Miami,10/26/2025 11:22,1190.03,3.38,9633.27,38.73,198.34,0
SHP000685,J.B. Hunt,0,Rail,Dallas,San Francisco,7/26/2025 18:00,785.09,2.58,8235.41,71.26,23.55,0
SHP000686,J.B. Hunt,0,Rail,Miami,San Francisco,2/24/2025 17:04,1195.86,6.47,23342.79,74.33,35.88,0
SHP000687,J.B. Hunt,0,Air,New York,Boston,9/20/2025 8:56,2490.03,2.73,15832.55,337.39,249,0
SHP000688,Schneider,0,Ocean,Miami,San Francisco,9/5/2025 7:48,2449.29,9.59,36740.69,145.96,489.86,0
SHP000689,J.B. Hunt,0,Ocean,Boston,San Francisco,1/15/2025 15:07,4024.91,21.58,28454.99,32.04,804.98,0
SHP000690,FedEx,FTL,Road,Dallas,Miami,6/11/2025 13:22,219.4,0.3,25421.41,224.39,36.57,0
SHP000691,Schneider,0,Air,Dallas,Chicago,2/17/2025 12:43,662.54,3.85,21421.56,121.7,66.25,0
SHP000692,XPO Logistics,LTL,Road,Boston,Chicago,10/21/2025 8:11,625.69,4.16,900.96,138.08,104.28,0
SHP000693,XPO Logistics,0,Ocean,Dallas,New York,5/4/2025 8:13,6552.24,12.11,22089.8,216.98,1310.45,0
SHP000694,UPS,0,Rail,Dallas,Boston,11/13/2025 11:09,270.24,2.16,18098.89,105.38,8.11,0
SHP000695,Old Dominion,LTL,Road,Boston,San Francisco,10/5/2025 1:54,107.48,5.1,9814.75,396.78,0,161.22
SHP000696,DHL,0,Air,Atlanta,Dallas,10/22/2025 8:31,2605.22,1.35,38444.77,99.27,260.52,0
SHP000697,C.H. Robinson,0,Air,Miami,New York,10/23/2025 4:03,2868.86,3.98,28613.05,490.59,286.89,0
SHP000698,DHL,0,Ocean,Tampa,Atlanta,6/27/2025 12:55,4771.55,7.71,17761.34,297.19,954.31,0
SHP000699,FedEx,0,Ocean,New York,Miami,9/23/2025 14:20,1048.11,15.69,39256.52,95.86,209.62,0
SHP000700,J.B. Hunt,LTL,Road,Miami,San Francisco,7/5/2025 19:55,961.48,5.47,9445.46,480.11,0,1442.22
SHP000701,Schneider,0,Rail,San Francisco,New York,5/18/2025 15:39,1034.34,7.84,30413.75,81.67,31.03,0
SHP000702,Schneider,0,Air,Chicago,San Francisco,8/6/2025 6:26,1587.63,3.01,10269.94,320.67,158.76,0
SHP000703,DHL,0,Air,Miami,Chicago,8/19/2025 5:36,2099.82,1.07,22820.87,386.04,209.98,0
SHP000704,C.H. Robinson,0,Rail,New York,Miami,5/19/2025 7:35,998.23,1.08,857.02,179.16,29.95,0
SHP000705,FedEx,0,Ocean,Dallas,New York,3/18/2025 15:51,7446.46,7.03,25557.37,111.82,1489.29,0
SHP000706,Schneider,0,Rail,Miami,Dallas,3/10/2025 20:33,714.67,6.94,29290.03,48.6,21.44,0
SHP000707,C.H. Robinson,0,Ocean,San Francisco,Chicago,10/15/2025 18:03,3715.27,2.64,19495.16,331.55,743.05,0
SHP000708,Old Dominion,LTL,Road,Tampa,Chicago,9/1/2025 20:06,186.28,1.91,4068.69,459.85,31.05,0
SHP000709,J.B. Hunt,0,Air,San Francisco,Chicago,7/4/2025 17:35,2981.79,0.66,30559.81,186.49,298.18,0
SHP000710,XPO Logistics,0,Air,Tampa,San Francisco,3/4/2025 11:55,1359.64,3.14,36777.84,475.51,135.96,0
SHP000711,Old Dominion,0,Rail,San Francisco,Chicago,6/16/2025 21:32,1123.4,3.5,31608.19,126.25,33.7,0
SHP000712,DHL,0,Ocean,New York,San Francisco,11/11/2025 9:29,4730.56,9.89,26436.93,120.96,946.11,0
SHP000713,C.H. Robinson,0,Rail,Atlanta,Dallas,11/20/2025 19:36,506.55,7.43,4521.25,253.47,15.2,0
SHP000714,J.B. Hunt,LTL,Road,Chicago,Dallas,6/12/2025 20:18,303.98,0.47,504.79,88.44,50.66,0
SHP000715,Old Dominion,0,Ocean,San Francisco,Dallas,7/5/2025 23:37,7000.78,8.21,38043.14,291.23,1400.16,0
SHP000716,XPO Logistics,0,Ocean,Chicago,New York,1/12/2025 4:46,3774.61,14.76,20909.59,379.63,754.92,0
SHP000717,UPS,0,Air,New York,Chicago,3/27/2025 12:06,1062.74,1.74,35816.72,473.28,106.27,0
SHP000718,J.B. Hunt,FTL,Road,Tampa,New York,9/26/2025 2:06,1076.44,2.66,31324.44,238.69,179.41,0
SHP000719,XPO Logistics,0,Rail,New York,Miami,7/19/2025 9:14,996.06,2.43,23849.65,93.88,29.88,0
SHP000720,DHL,0,Air,Boston,Atlanta,3/6/2025 4:33,1195.22,3.49,8679.49,36.51,119.52,0
SHP000721,J.B. Hunt,LTL,Road,Atlanta,Boston,9/1/2025 14:55,129.36,5.66,5143.17,205.3,21.56,0
SHP000722,Old Dominion,0,Ocean,Chicago,Miami,10/4/2025 5:37,6581.59,20.39,13621.55,347.12,1316.32,0
SHP000723,UPS,0,Ocean,San Francisco,Chicago,9/4/2025 17:14,6283.42,16.4,6488.01,438.07,1256.68,0
SHP000724,J.B. Hunt,0,Ocean,San Francisco,Chicago,7/31/2025 8:09,4543.21,8.21,17296.51,19.75,908.64,0
SHP000725,Old Dominion,LTL,Road,Chicago,Dallas,10/1/2025 0:44,197.05,4.65,150.11,208.87,32.84,0
SHP000726,XPO Logistics,0,Ocean,San Francisco,Tampa,8/9/2025 9:38,4418.83,3.2,38936.59,113.84,883.77,0
SHP000727,DHL,FTL,Road,Dallas,San Francisco,8/12/2025 12:15,399.83,2,9601.46,1.74,66.64,0
SHP000728,XPO Logistics,0,Ocean,Miami,New York,5/15/2025 2:27,5970.09,23.27,9359.59,331.86,1194.02,0
SHP000729,XPO Logistics,0,Air,San Francisco,Miami,9/30/2025 8:26,2303.12,3.47,17193.85,152.16,230.31,0
SHP000730,J.B. Hunt,LTL,Road,Chicago,Dallas,8/22/2025 19:28,424.09,4.35,8195.28,91.63,0,636.13
SHP000731,FedEx,0,Ocean,Dallas,Chicago,1/10/2025 4:03,3282.06,21.84,32364.39,492.44,656.41,0
SHP000732,Old Dominion,0,Rail,New York,Dallas,5/18/2025 4:45,1406.8,3.75,23830.19,330.85,42.2,0
SHP000733,J.B. Hunt,LTL,Road,New York,Chicago,4/22/2025 10:26,140.22,3.38,7136.81,84.49,0,210.33
SHP000734,UPS,0,Ocean,Atlanta,Dallas,12/23/2025 1:21,6354.74,14.84,38112.76,22.17,1270.95,0
SHP000735,Old Dominion,0,Rail,Tampa,Dallas,7/20/2025 2:34,624.52,5.21,12214.12,357.5,18.74,0
SHP000736,FedEx,0,Rail,Dallas,Boston,5/9/2025 12:53,1414.41,1.72,20797.25,254.94,42.43,0
SHP000737,XPO Logistics,LTL,Road,Miami,Boston,5/7/2025 23:02,474.67,5.61,8300.94,348.91,79.11,0
SHP000738,C.H. Robinson,0,Ocean,New York,Atlanta,12/7/2025 6:30,5857.45,12.16,36879.28,347.6,1171.49,0
SHP000739,UPS,0,Air,Atlanta,New York,11/19/2025 23:02,2268.25,3.52,11325.83,403.73,226.83,0
SHP000740,FedEx,0,Air,Boston,Atlanta,6/2/2025 6:23,827.15,1.71,13756.61,489.28,82.72,0
SHP000741,FedEx,0,Rail,New York,Chicago,11/21/2025 13:20,1570.46,5.91,29218.74,281.47,47.11,0
SHP000742,XPO Logistics,0,Rail,San Francisco,Atlanta,3/3/2025 12:50,1715.35,4.47,15530.45,82.35,51.46,0
SHP000743,DHL,LTL,Road,Boston,Atlanta,7/10/2025 2:15,954.14,4.47,3935.9,13.57,159.02,0
SHP000744,FedEx,0,Ocean,New York,Miami,11/13/2025 10:59,6792.48,2.25,28296.14,485.16,1358.5,0
SHP000745,XPO Logistics,FTL,Road,Chicago,Miami,2/24/2025 4:31,553.31,1.6,28342.4,408.75,92.22,0
SHP000746,FedEx,0,Air,Atlanta,Boston,8/13/2025 23:12,1775.36,3.88,2540.91,252.89,177.54,0
SHP000747,FedEx,0,Ocean,Atlanta,Miami,3/10/2025 8:57,5888.4,20.98,7580.6,400.2,1177.68,0
SHP000748,Old Dominion,0,Ocean,Boston,San Francisco,5/31/2025 17:44,4645.3,10.72,5702.74,432.78,929.06,0
SHP000749,Old Dominion,0,Rail,Chicago,Atlanta,6/28/2025 10:46,451.64,3.17,11956.8,435.84,13.55,0
SHP000750,J.B. Hunt,0,Air,Chicago,Tampa,9/29/2025 4:28,2116.3,3.29,10393.48,312.81,211.63,0
SHP000751,C.H. Robinson,0,Air,Atlanta,Dallas,1/1/2025 20:32,1843.71,3.41,36290.44,7.07,184.37,0
SHP000752,Schneider,0,Rail,Tampa,Atlanta,7/6/2025 19:15,1278.43,1.36,22179.92,144.53,38.35,0
SHP000753,J.B. Hunt,FTL,Road,Dallas,Atlanta,10/10/2025 4:39,402.79,2.28,25041.05,167.69,67.13,0
SHP000754,UPS,0,Air,Miami,Atlanta,6/14/2025 3:06,2278.29,1.92,3199.95,392.1,227.83,0
SHP000755,UPS,LTL,Road,Chicago,Boston,2/24/2025 15:12,378.62,2.74,6901.62,166.9,0,567.93
SHP000756,Schneider,FTL,Road,Boston,San Francisco,10/30/2025 8:03,115.07,2.4,37805.72,321.23,19.18,0
SHP000757,UPS,0,Rail,New York,Tampa,4/17/2025 20:31,1274.37,5.43,8360.19,209.75,38.23,0
SHP000758,C.H. Robinson,0,Ocean,Tampa,Dallas,10/13/2025 23:56,6132.05,4.23,11475.18,138.88,1226.41,0
SHP000759,FedEx,0,Air,Tampa,Boston,11/12/2025 8:33,1466.45,3.93,3166.35,259.83,146.65,0
SHP000760,XPO Logistics,FTL,Road,New York,Chicago,2/19/2025 3:46,256.27,5.83,4975.49,202.4,42.71,0
SHP000761,DHL,0,Ocean,Dallas,New York,9/27/2025 21:15,6034.14,17.5,17197.78,173.92,1206.83,0
SHP000762,Old Dominion,0,Ocean,New York,Boston,11/23/2025 18:22,3482.09,7.81,8610.65,242.04,696.42,0
SHP000763,Schneider,0,Ocean,New York,Chicago,4/3/2025 17:25,2514,8.32,26441.86,484.3,502.8,0
SHP000764,Schneider,0,Rail,Boston,Chicago,6/11/2025 17:20,1165.82,1.54,3485.55,475.76,34.97,0
SHP000765,XPO Logistics,0,Ocean,Miami,Boston,6/15/2025 19:15,2729.68,4.03,24162.26,312.2,545.94,0
SHP000766,FedEx,0,Ocean,San Francisco,Chicago,8/20/2025 14:25,5363.79,7.88,1096.87,482.54,1072.76,0
SHP000767,XPO Logistics,FTL,Road,Tampa,Atlanta,6/4/2025 0:19,338.53,4.14,28411.88,305.39,0,507.79
SHP000768,DHL,0,Rail,Atlanta,Tampa,12/20/2025 8:58,700.65,2.9,24107.9,433.18,21.02,0
SHP000769,XPO Logistics,LTL,Road,Boston,Chicago,5/16/2025 11:56,1138.74,0.86,1675.06,472.42,0,1708.11
SHP000770,C.H. Robinson,0,Rail,San Francisco,Boston,6/3/2025 2:36,1378.46,7.18,8503.99,294.21,41.35,0
SHP000771,Old Dominion,0,Rail,New York,Miami,6/16/2025 15:11,1321.82,5.76,16621.99,8.68,39.65,0
SHP000772,FedEx,FTL,Road,Tampa,Miami,7/15/2025 2:49,720.36,1.71,18285.04,478.83,120.06,0
SHP000773,UPS,0,Air,Atlanta,Boston,8/11/2025 13:59,1377.4,3.44,7947.35,336.56,137.74,0
SHP000774,J.B. Hunt,0,Rail,Tampa,Miami,11/20/2025 12:03,1763.21,1.71,828.64,217.36,52.9,0
SHP000775,C.H. Robinson,FTL,Road,Chicago,Dallas,4/24/2025 4:03,156.52,4.55,36624.67,217.58,26.09,0
SHP000776,C.H. Robinson,0,Ocean,New York,Chicago,8/10/2025 9:50,2440.34,11.56,29076.19,5.52,488.07,0
SHP000777,FedEx,0,Rail,Chicago,Dallas,2/12/2025 15:36,1143.13,5.29,25688.69,121.77,34.29,0
SHP000778,DHL,0,Ocean,San Francisco,Tampa,7/24/2025 16:27,5855.4,4.01,8371.18,438.86,1171.08,0
SHP000779,XPO Logistics,0,Rail,Boston,San Francisco,4/12/2025 15:25,1381.96,1.1,10310.86,107.99,41.46,0
SHP000780,UPS,0,Rail,Dallas,Tampa,5/17/2025 13:20,633.29,2.73,2969.79,230.01,19,0
SHP000781,FedEx,FTL,Road,Miami,Chicago,6/14/2025 11:38,892.64,3.74,27078.43,41.49,148.77,0
SHP000782,DHL,0,Air,Chicago,Dallas,11/12/2025 14:39,2869.02,3.43,32301.07,411.67,286.9,0
SHP000783,Schneider,0,Ocean,Tampa,Boston,4/30/2025 6:43,7495.33,13.97,8411.14,308.78,1499.07,0
SHP000784,DHL,0,Rail,New York,Tampa,1/28/2025 7:39,1388.61,6.17,21097.24,35.16,41.66,0
SHP000785,Old Dominion,0,Air,Tampa,Dallas,12/22/2025 3:19,1302,3.72,23585.73,269.63,130.2,0
SHP000786,XPO Logistics,0,Ocean,Tampa,Dallas,4/18/2025 23:34,2516.4,10.11,35866.17,333.57,503.28,0
SHP000787,DHL,0,Rail,San Francisco,Atlanta,9/5/2025 19:46,1459.82,4.18,25394.77,124.94,43.79,0
SHP000788,J.B. Hunt,FTL,Road,Tampa,Dallas,5/26/2025 6:50,861.28,2.71,17980.55,325.01,0,1291.92
SHP000789,Schneider,FTL,Road,Tampa,New York,5/19/2025 21:54,1126.72,0.62,33077.36,146.9,187.79,0
SHP000790,UPS,LTL,Road,San Francisco,Boston,7/17/2025 7:24,560.51,0.38,3115.3,251.81,93.42,0
SHP000791,DHL,0,Air,Boston,Miami,11/2/2025 17:05,451.68,2.22,37120.87,53.59,45.17,0
SHP000792,XPO Logistics,0,Rail,Boston,San Francisco,12/31/2025 0:02,1423.11,3.87,26379.36,130.86,42.69,0
SHP000793,FedEx,0,Air,Atlanta,Dallas,7/21/2025 23:10,730.63,1.06,3284.43,93.64,73.06,0
SHP000794,J.B. Hunt,0,Air,Atlanta,Chicago,11/17/2025 9:15,2093.39,3.59,32657.96,342.88,209.34,0
SHP000795,DHL,FTL,Road,Miami,Boston,10/12/2025 8:14,177,1.91,12737.37,125.73,29.5,0
SHP000796,C.H. Robinson,0,Air,Miami,Atlanta,3/12/2025 2:46,1690.52,2.37,14597,177.54,169.05,0
SHP000797,J.B. Hunt,0,Rail,Miami,New York,10/21/2025 4:27,1525.69,6.53,12657.94,456.98,45.77,0
SHP000798,DHL,0,Air,Boston,San Francisco,3/9/2025 6:41,2872.6,1.64,14499.79,253.31,287.26,0
SHP000799,DHL,0,Rail,Chicago,Dallas,12/19/2025 22:57,1705.79,7.13,4551.43,196.97,51.17,0
SHP000800,UPS,0,Ocean,Chicago,Miami,10/17/2025 5:20,4650.28,13.07,8157.59,429.55,930.06,0
SHP000801,C.H. Robinson,LTL,Road,Atlanta,Boston,1/16/2025 10:56,828.48,5.07,8608.83,374.43,138.08,0
SHP000802,DHL,0,Ocean,San Francisco,Dallas,11/23/2025 23:17,3794.08,15.43,6834.43,337.15,758.82,0
SHP000803,J.B. Hunt,0,Rail,New York,Chicago,4/5/2025 0:48,486.81,5.86,9569.13,59.66,14.6,0
SHP000804,UPS,0,Rail,Dallas,New York,12/18/2025 0:22,464.46,1.01,28890.21,366.47,13.93,0
SHP000805,Schneider,0,Ocean,Chicago,Atlanta,11/6/2025 15:45,4362,5.55,3800.4,10.55,872.4,0
SHP000806,XPO Logistics,0,Rail,Miami,Dallas,8/31/2025 4:10,465.2,7.24,10040.71,177.78,13.96,0
SHP000807,XPO Logistics,0,Rail,Tampa,San Francisco,1/8/2025 8:26,368.55,2.56,21009.37,304.27,11.06,0
SHP000808,Old Dominion,0,Rail,Dallas,Tampa,4/1/2025 14:55,592.56,1.4,15945.8,117.87,17.78,0
SHP000809,FedEx,0,Air,Boston,New York,8/7/2025 12:49,892.8,3.86,24843.87,278.88,89.28,0
SHP000810,FedEx,0,Ocean,Atlanta,Dallas,11/10/2025 23:36,3618.31,11.44,21865.75,348.52,723.66,0
SHP000811,C.H. Robinson,FTL,Road,Boston,Miami,5/6/2025 16:34,857.47,1.24,20254.45,206.57,142.91,0
SHP000812,J.B. Hunt,FTL,Road,Tampa,Chicago,7/23/2025 9:49,1051.11,3.88,21533.91,58.58,175.18,0
SHP000813,FedEx,0,Ocean,Chicago,San Francisco,5/31/2025 19:58,5042.28,4.58,13819.66,72.28,1008.46,0
SHP000814,UPS,0,Rail,Boston,Miami,11/27/2025 14:05,1307.32,2.44,15978.45,447.94,39.22,0
SHP000815,FedEx,0,Rail,Chicago,San Francisco,7/31/2025 10:28,526.91,4.55,17061.23,10.04,15.81,0
SHP000816,Old Dominion,0,Rail,Boston,San Francisco,12/31/2025 6:56,1468.41,1.48,19233.07,280.78,44.05,0
SHP000817,UPS,FTL,Road,Atlanta,Miami,12/31/2025 5:45,772.69,4.21,10504.26,5.98,128.78,0
SHP000818,DHL,LTL,Road,Boston,Atlanta,9/26/2025 22:24,881.96,3.33,8385.76,410.87,146.99,0
SHP000819,DHL,0,Ocean,Miami,Tampa,3/29/2025 10:36,6824.95,12.67,13678.32,395.99,1364.99,0
SHP000820,J.B. Hunt,0,Rail,Chicago,New York,12/31/2025 1:26,922.07,2.28,34271.47,441.4,27.66,0
SHP000821,DHL,0,Air,Boston,Chicago,11/17/2025 5:07,1559.04,0.76,15819.13,401.97,155.9,0
SHP000822,Old Dominion,0,Rail,Tampa,Atlanta,5/10/2025 0:29,1642.84,2.42,3145.46,438.8,49.29,0
SHP000823,Old Dominion,0,Ocean,Tampa,Atlanta,9/10/2025 7:13,3420.54,13.92,38738.6,34.22,684.11,0
SHP000824,FedEx,0,Ocean,Miami,Dallas,2/10/2025 19:38,5362.39,3.63,15331.02,402.1,1072.48,0
SHP000825,XPO Logistics,0,Rail,San Francisco,Atlanta,11/18/2025 17:52,893.56,7.98,22582.84,161.26,26.81,0
SHP000826,FedEx,LTL,Road,Chicago,Tampa,1/19/2025 4:54,303.13,2.27,3819.45,35.29,50.52,0
SHP000827,DHL,0,Air,Atlanta,Tampa,1/26/2025 3:26,1297.85,2.12,29048.14,328.71,129.78,0
SHP000828,DHL,0,Rail,San Francisco,Atlanta,12/5/2025 22:44,1334.03,1.06,9097.86,331.18,40.02,0
SHP000829,Schneider,0,Ocean,Atlanta,Tampa,2/17/2025 9:20,4129.92,2.12,32277.54,386.63,825.98,0
SHP000830,J.B. Hunt,0,Ocean,New York,Boston,8/7/2025 17:04,4613.14,3.46,30777.34,292.27,922.63,0
SHP000831,C.H. Robinson,0,Ocean,Chicago,Tampa,12/22/2025 8:21,6364.7,18.54,32218.58,259.49,1272.94,0
SHP000832,UPS,0,Rail,Dallas,Atlanta,1/30/2025 3:36,424.52,5.7,25008.71,371.38,12.74,0
SHP000833,Schneider,0,Ocean,San Francisco,Dallas,11/8/2025 10:16,1774.11,6.29,35671.18,375.24,354.82,0
SHP000834,DHL,0,Rail,Boston,San Francisco,11/20/2025 15:31,1653.17,6.31,24087.63,327.41,49.6,0
SHP000835,Old Dominion,0,Rail,San Francisco,New York,1/1/2025 3:01,1622.6,5.05,25479.46,79.08,48.68,0
SHP000836,XPO Logistics,LTL,Road,Miami,Dallas,6/29/2025 17:51,595.01,4.37,2818.79,101.92,0,892.51
SHP000837,Schneider,LTL,Road,San Francisco,Chicago,6/7/2025 9:32,410.9,1.64,2266.89,213,68.48,0
SHP000838,DHL,LTL,Road,Atlanta,Chicago,10/19/2025 19:01,1094.01,3.17,2001.02,39.41,182.34,0
SHP000839,Old Dominion,0,Rail,Atlanta,Boston,6/23/2025 21:30,1313.85,3.68,32962.32,330.1,39.42,0
SHP000840,C.H. Robinson,LTL,Road,Boston,New York,10/2/2025 10:29,965.68,1.81,6969.74,132.77,160.95,0
SHP000841,Schneider,FTL,Road,Atlanta,San Francisco,4/17/2025 18:43,1129.93,3.91,13318.22,135.49,188.32,0
SHP000842,C.H. Robinson,0,Air,New York,Chicago,5/24/2025 0:21,815.5,2.93,9139.27,298.06,81.55,0
SHP000843,J.B. Hunt,0,Rail,Miami,New York,11/1/2025 3:55,623.42,5.63,32690.12,389.23,18.7,0
SHP000844,XPO Logistics,0,Air,Tampa,Dallas,7/31/2025 2:31,2354.3,1.16,3991.21,349.78,235.43,0
SHP000845,J.B. Hunt,0,Air,Boston,Miami,6/4/2025 6:33,1294.54,2.01,1730.39,130.53,129.45,0
SHP000846,UPS,0,Rail,New York,Dallas,1/20/2025 6:58,253.88,7.15,10114.17,279.11,7.62,0
SHP000847,XPO Logistics,0,Ocean,Tampa,Boston,9/5/2025 16:09,792.34,16.67,13259.58,449.06,158.47,0
SHP000848,Schneider,0,Air,Boston,Atlanta,9/26/2025 9:49,2697.92,1.64,36087.96,498.08,269.79,0
SHP000849,XPO Logistics,0,Rail,New York,Boston,9/22/2025 21:08,1520.67,6.91,10335.85,288.77,45.62,0
SHP000850,FedEx,FTL,Road,Miami,Atlanta,3/1/2025 0:19,127.34,0.8,39956.26,163.99,21.22,0
SHP000851,FedEx,FTL,Road,Boston,Tampa,12/4/2025 23:19,910.41,4.89,34391.92,498.82,0,1365.62
SHP000852,J.B. Hunt,0,Air,Dallas,Chicago,4/13/2025 6:18,952.04,0.64,16742.06,65.91,95.2,0
SHP000853,DHL,0,Air,Boston,Atlanta,3/2/2025 8:09,360.55,1.76,31457.66,283.52,36.05,0
SHP000854,UPS,0,Air,New York,Tampa,11/15/2025 17:32,1144.5,2.79,9664.72,8.18,114.45,0
SHP000855,J.B. Hunt,0,Rail,Atlanta,San Francisco,6/13/2025 8:09,1422.97,5.37,30610.95,20.43,42.69,0
SHP000856,Schneider,0,Rail,Chicago,Tampa,6/9/2025 19:57,1539.39,5.34,22754.12,312.68,46.18,0
SHP000857,FedEx,0,Ocean,Tampa,Chicago,1/15/2025 15:57,6983.25,14.91,23447.54,495.35,1396.65,0
SHP000858,Old Dominion,FTL,Road,Tampa,New York,4/2/2025 22:38,920.24,2.79,28442.18,195.23,153.37,0
SHP000859,UPS,0,Air,San Francisco,Chicago,4/12/2025 22:48,917.96,2.59,37163.19,464.64,91.8,0
SHP000860,Old Dominion,0,Ocean,Chicago,Tampa,12/24/2025 14:06,3064.29,13.61,8859.62,497.82,612.86,0
SHP000861,J.B. Hunt,0,Air,Boston,Dallas,4/29/2025 7:09,2949.02,2.77,32274.36,357.83,294.9,0
SHP000862,Schneider,0,Air,Miami,New York,12/25/2025 21:21,1901.53,0.69,18463.19,337.72,190.15,0
SHP000863,Schneider,0,Ocean,Boston,Tampa,2/3/2025 15:07,5581.49,10.21,37696.83,84.51,1116.3,0
SHP000864,Schneider,0,Ocean,Boston,Miami,3/29/2025 9:49,4252.7,17.2,28036.86,324.67,850.54,0
SHP000865,UPS,0,Rail,New York,San Francisco,2/24/2025 10:35,640.46,2.09,25619.64,300.05,19.21,0
SHP000866,XPO Logistics,0,Air,Boston,Dallas,10/30/2025 13:15,784.26,2.97,18479.29,334.21,78.43,0
SHP000867,C.H. Robinson,0,Rail,Boston,Dallas,2/3/2025 10:13,1539.79,2.19,1256.22,389.77,46.19,0
SHP000868,UPS,0,Ocean,Atlanta,San Francisco,12/22/2025 7:11,5072.73,17.39,33607.12,401.6,1014.55,0
SHP000869,UPS,0,Ocean,New York,Atlanta,11/2/2025 14:20,7706.9,13.79,19795.58,201.54,1541.38,0
SHP000870,UPS,0,Ocean,Chicago,Dallas,7/27/2025 2:38,1652.68,14.6,11441.99,460.73,330.54,0
SHP000871,UPS,0,Ocean,Atlanta,Dallas,11/27/2025 21:03,4873.93,15.04,14519.52,26.94,974.79,0
SHP000872,DHL,0,Rail,Chicago,Atlanta,11/22/2025 0:48,250.79,3.96,3840.33,303.82,7.52,0
SHP000873,Old Dominion,0,Rail,Boston,San Francisco,5/30/2025 12:39,1609.56,7.18,26532.29,106.4,48.29,0
SHP000874,J.B. Hunt,0,Rail,Dallas,Miami,6/12/2025 9:36,1580.79,7.2,8267.82,368.98,47.42,0
SHP000875,C.H. Robinson,0,Ocean,Atlanta,Tampa,10/26/2025 0:39,2648.9,19.66,39890.9,15.98,529.78,0
SHP000876,FedEx,0,Rail,San Francisco,Tampa,7/9/2025 17:03,1635.79,5.36,38948.61,233.04,49.07,0
SHP000877,C.H. Robinson,0,Air,New York,Boston,5/25/2025 0:15,2587.95,0.72,13743.52,34.44,258.8,0
SHP000878,C.H. Robinson,0,Ocean,Atlanta,Miami,7/15/2025 12:24,7815.07,19.97,34175.62,469.04,1563.01,0
SHP000879,C.H. Robinson,0,Rail,Chicago,San Francisco,3/13/2025 6:35,336.17,3.7,3305.88,106.19,10.09,0
SHP000880,DHL,0,Air,Miami,New York,5/28/2025 21:08,919.29,2.14,11108.21,51.39,91.93,0
SHP000881,DHL,LTL,Road,Tampa,Chicago,9/7/2025 21:27,242.61,1.1,9734.81,379.89,40.44,0
SHP000882,C.H. Robinson,LTL,Road,Miami,Boston,12/23/2025 19:59,1162.93,2.78,2891.93,399.35,193.82,0
SHP000883,Old Dominion,0,Rail,Boston,San Francisco,8/6/2025 17:52,722.01,3.1,9683.99,65.71,21.66,0
SHP000884,FedEx,0,Ocean,Atlanta,New York,4/6/2025 13:38,2423.47,9.82,27122.77,32.22,484.69,0
SHP000885,Schneider,0,Ocean,Dallas,Miami,9/14/2025 8:26,2078.8,19.8,6303.42,171.98,415.76,0
SHP000886,UPS,LTL,Road,Boston,Atlanta,10/25/2025 15:44,1044.36,1.14,964.96,242.78,174.06,0
SHP000887,UPS,0,Rail,San Francisco,Dallas,9/22/2025 2:33,683.87,4.94,32250.29,69.44,20.52,0
SHP000888,J.B. Hunt,0,Rail,Boston,Atlanta,12/6/2025 21:04,1129.12,4.54,6191.11,312.38,33.87,0
SHP000889,Schneider,FTL,Road,Tampa,San Francisco,8/29/2025 18:46,364.69,3.06,3749.76,230.33,60.78,0
SHP000890,FedEx,0,Ocean,Atlanta,Boston,5/31/2025 9:10,2798.48,20.09,2750.66,209.89,559.7,0
SHP000891,DHL,0,Air,San Francisco,Tampa,11/19/2025 15:37,1537.76,3.04,23184.36,333.94,153.78,0
SHP000892,J.B. Hunt,FTL,Road,Tampa,Dallas,3/6/2025 16:04,943.61,5.21,12898.08,269.47,157.27,0
SHP000893,J.B. Hunt,0,Air,Chicago,Atlanta,5/24/2025 8:54,2568.29,3.96,35636.01,186.36,256.83,0
SHP000894,DHL,LTL,Road,Chicago,Atlanta,12/4/2025 14:23,274.44,3.06,7455.17,246.79,45.74,0
SHP000895,FedEx,0,Air,Dallas,San Francisco,4/3/2025 16:55,1604.59,3.43,14775.45,430.04,160.46,0
SHP000896,Old Dominion,0,Air,New York,Chicago,11/1/2025 4:53,1398.37,1.65,18432.6,381.46,139.84,0
SHP000897,DHL,0,Ocean,Miami,New York,12/5/2025 14:46,1445.02,6.32,38082.07,88.57,289,0
SHP000898,UPS,0,Rail,Atlanta,Tampa,11/25/2025 8:48,1108.36,5.06,19840.17,322.73,33.25,0
SHP000899,XPO Logistics,LTL,Road,Boston,Dallas,9/1/2025 23:48,314.3,3.43,3815.91,331.17,52.38,0
SHP000900,C.H. Robinson,0,Ocean,Miami,Dallas,5/15/2025 4:33,1559.18,14.56,7818.18,140.04,311.84,0
SHP000901,UPS,FTL,Road,Boston,Dallas,9/29/2025 21:02,301.52,1.3,33115.58,143.57,50.25,0
SHP000902,J.B. Hunt,0,Air,Miami,San Francisco,11/30/2025 8:21,2803.23,3.89,23064.79,72.36,280.32,0
SHP000903,Old Dominion,0,Air,New York,Dallas,12/2/2025 18:25,1311.28,3.29,15011.93,44.42,131.13,0
SHP000904,DHL,0,Rail,Dallas,Atlanta,6/22/2025 21:44,1090.86,6.92,31939.09,88.39,32.73,0
SHP000905,C.H. Robinson,0,Air,Tampa,Miami,1/5/2025 2:00,2116.46,1.27,9119.2,437.16,211.65,0
SHP000906,FedEx,LTL,Road,Boston,Chicago,5/26/2025 8:12,337.12,1.76,156.44,435.46,56.19,0
SHP000907,UPS,LTL,Road,Tampa,Atlanta,4/22/2025 19:40,961.48,3.86,7540.12,76.87,160.25,0
SHP000908,DHL,LTL,Road,Chicago,San Francisco,11/28/2025 18:51,577.07,2.27,1073.7,243.58,96.18,0
SHP000909,J.B. Hunt,LTL,Road,San Francisco,Chicago,2/8/2025 20:29,1108.85,0.48,3020.89,104.56,184.81,0
SHP000910,FedEx,0,Ocean,Atlanta,Chicago,3/24/2025 2:17,2286.1,21.99,18988.73,233.68,457.22,0
SHP000911,J.B. Hunt,0,Ocean,Miami,Chicago,1/31/2025 8:52,6204.32,5.4,19746.98,215.56,1240.86,0
SHP000912,C.H. Robinson,0,Rail,Boston,Tampa,9/9/2025 6:39,1155.06,8,30893.23,199.53,34.65,0
SHP000913,C.H. Robinson,0,Rail,Boston,Tampa,3/15/2025 17:49,1524.08,2.19,1703.32,103.02,45.72,0
SHP000914,UPS,0,Rail,New York,San Francisco,5/13/2025 3:02,744.66,4.57,24797.6,455.39,22.34,0
SHP000915,FedEx,FTL,Road,Boston,Tampa,3/18/2025 20:40,636.33,3.13,2484.6,18.42,106.06,0
SHP000916,Old Dominion,FTL,Road,San Francisco,New York,7/20/2025 18:00,683.83,2.77,33647.63,81.18,113.97,0
SHP000917,FedEx,0,Ocean,Miami,Dallas,2/5/2025 17:14,687.29,11.88,9880.4,25.76,137.46,0
SHP000918,Schneider,0,Ocean,Boston,Tampa,10/18/2025 17:59,5934.49,4.46,24528.62,141.24,1186.9,0
SHP000919,UPS,0,Air,San Francisco,Dallas,1/29/2025 20:41,768.44,1.83,32157.11,196.65,76.84,0
SHP000920,XPO Logistics,0,Air,Atlanta,Tampa,8/24/2025 9:41,2327.08,0.94,31024.47,119.23,232.71,0
SHP000921,C.H. Robinson,0,Rail,Tampa,San Francisco,12/5/2025 6:19,1283.83,4.96,37201.22,194.27,38.51,0
SHP000922,DHL,FTL,Road,Boston,Tampa,8/13/2025 23:12,126.09,0.36,33160.91,262.84,21.02,0
SHP000923,UPS,LTL,Road,Tampa,Miami,5/3/2025 15:24,941.53,1.6,3549.07,16.02,156.92,0
SHP000924,Schneider,0,Air,Boston,San Francisco,8/19/2025 0:02,2896.03,2.84,37361.6,133.48,289.6,0
SHP000925,Old Dominion,FTL,Road,Tampa,San Francisco,12/1/2025 21:33,753.18,4.15,13043.21,424.21,0,1129.77
SHP000926,Old Dominion,0,Rail,Dallas,Tampa,1/19/2025 23:09,1715.46,7.19,29693.15,139.45,51.46,0
SHP000927,FedEx,FTL,Road,Tampa,Chicago,3/8/2025 0:11,373.86,5.79,906.24,358.31,62.31,0
SHP000928,UPS,0,Air,New York,San Francisco,11/9/2025 5:53,2206.86,2.68,39609.3,156.63,220.69,0
SHP000929,XPO Logistics,LTL,Road,Boston,San Francisco,4/23/2025 2:51,440.97,0.7,4511.56,131.26,73.5,0
SHP000930,UPS,0,Ocean,Atlanta,Boston,12/14/2025 12:20,3075.4,20.36,37451.64,93.68,615.08,0
SHP000931,DHL,0,Rail,Atlanta,Boston,4/20/2025 1:37,796.01,7.5,2941.43,47.09,23.88,0
SHP000932,C.H. Robinson,0,Air,New York,Tampa,5/21/2025 4:48,739.54,2.58,6443.65,484.07,73.95,0
SHP000933,FedEx,0,Rail,Atlanta,San Francisco,3/26/2025 14:15,914.74,4.51,10243.02,236.01,27.44,0
SHP000934,DHL,0,Rail,New York,Boston,11/20/2025 19:24,1259.06,6.26,30277.79,289.37,37.77,0
SHP000935,J.B. Hunt,FTL,Road,New York,Tampa,2/15/2025 22:41,1090.01,4.95,30403.4,28.75,0,1635.01
SHP000936,J.B. Hunt,0,Ocean,Boston,Atlanta,3/6/2025 6:09,551.58,6.67,26709.18,206.19,110.32,0
SHP000937,FedEx,0,Ocean,Miami,New York,3/31/2025 19:44,3518.05,21.46,35874.73,454.68,703.61,0
SHP000938,J.B. Hunt,0,Rail,Boston,San Francisco,2/15/2025 20:52,702.2,5.84,11229.51,96.11,21.07,0
SHP000939,UPS,0,Air,Miami,Tampa,10/13/2025 7:12,798.51,1.7,17483.33,415.64,79.85,0
SHP000940,FedEx,FTL,Road,Dallas,San Francisco,12/4/2025 6:17,187.87,4.48,21492.47,144.68,31.31,0
SHP000941,Old Dominion,0,Rail,New York,Boston,3/18/2025 21:54,988.51,3.1,24045.24,217.49,29.66,0
SHP000942,Schneider,0,Ocean,Chicago,New York,12/10/2025 1:03,1733.04,4.56,22094.48,451.3,346.61,0
SHP000943,Old Dominion,0,Air,Dallas,San Francisco,5/9/2025 10:39,1228.69,3.07,26517.12,465.85,122.87,0
SHP000944,UPS,LTL,Road,Tampa,Atlanta,1/15/2025 15:32,994.13,3.51,6621.75,449.29,0,1491.19
SHP000945,Schneider,LTL,Road,Boston,San Francisco,8/3/2025 6:47,509.45,2.13,256.49,413.45,84.91,0
SHP000946,C.H. Robinson,0,Rail,New York,Dallas,4/27/2025 3:15,1481.57,1.73,23285.87,232.53,44.45,0
SHP000947,Old Dominion,0,Rail,Miami,New York,2/7/2025 15:37,389.93,7.86,8980.49,34.55,11.7,0
SHP000948,Schneider,FTL,Road,Chicago,New York,8/21/2025 5:24,734.07,4.5,1781.52,329.7,122.35,0
SHP000949,J.B. Hunt,0,Rail,Boston,Atlanta,4/10/2025 20:22,1051.67,1.72,7314.69,284.42,31.55,0
SHP000950,FedEx,0,Rail,Atlanta,New York,1/17/2025 22:36,674.17,7.57,32840.24,491.8,20.23,0
SHP000951,DHL,0,Air,Chicago,Tampa,8/27/2025 14:26,1001.11,3.89,17533.74,174.41,100.11,0
SHP000952,DHL,0,Air,Dallas,Chicago,11/6/2025 5:50,435.94,0.68,27834.44,229.51,43.59,0
SHP000953,XPO Logistics,0,Rail,New York,San Francisco,9/25/2025 15:55,562.43,5.3,10487.9,289.24,16.87,0
SHP000954,XPO Logistics,0,Ocean,Boston,Chicago,1/8/2025 23:27,3194.07,20.12,32917.5,239.2,638.81,0
SHP000955,DHL,0,Rail,Atlanta,Dallas,10/24/2025 7:57,761.31,3.54,32325.72,164.76,22.84,0
SHP000956,C.H. Robinson,FTL,Road,Tampa,New York,9/16/2025 1:27,290.42,0.74,18934.38,241.58,48.4,0
SHP000957,FedEx,0,Ocean,New York,San Francisco,9/11/2025 7:05,6806.82,6.87,15549.16,404.39,1361.36,0
SHP000958,UPS,0,Ocean,Dallas,New York,7/3/2025 9:15,6677.18,10.46,18635.4,152.34,1335.44,0
SHP000959,FedEx,FTL,Road,San Francisco,New York,10/20/2025 23:37,1122.44,0.93,37383.1,342.25,187.07,0
SHP000960,DHL,0,Ocean,Boston,Miami,3/12/2025 22:25,4486.79,2.72,19286.05,204.47,897.36,0
SHP000961,UPS,0,Air,Boston,Atlanta,11/21/2025 0:55,735.29,2.8,38860.46,281.53,73.53,0
SHP000962,J.B. Hunt,0,Ocean,Atlanta,San Francisco,1/17/2025 9:27,5860.65,3.51,16997.85,59.06,1172.13,0
SHP000963,FedEx,0,Rail,New York,Atlanta,6/21/2025 23:59,1180.47,7.57,26640.22,39.32,35.41,0
SHP000964,FedEx,0,Air,Tampa,New York,7/16/2025 11:29,1257.6,2.43,16426.71,416.99,125.76,0
SHP000965,UPS,0,Air,Atlanta,New York,11/28/2025 17:45,2499.61,2.64,15251.59,128.41,249.96,0
SHP000966,Old Dominion,0,Rail,Chicago,Dallas,5/3/2025 17:07,369.4,3.48,16820.31,338.24,11.08,0
SHP000967,C.H. Robinson,0,Rail,Dallas,Chicago,6/30/2025 8:32,1253.06,1.49,16112.74,91.71,37.59,0
SHP000968,Old Dominion,0,Air,Tampa,New York,7/10/2025 11:28,723.39,3.4,2155.65,210.17,72.34,0
SHP000969,UPS,FTL,Road,San Francisco,Dallas,12/11/2025 22:51,243.43,5.31,22503.1,116.46,40.57,0
SHP000970,DHL,0,Rail,Boston,Tampa,2/11/2025 12:57,1003.88,6.12,38345.66,111,30.12,0
SHP000971,DHL,0,Air,New York,Tampa,3/26/2025 8:07,2692.69,3.77,36698.61,318.07,269.27,0
SHP000972,FedEx,0,Ocean,Chicago,Boston,4/15/2025 16:40,5223.65,10.87,30219.72,266.12,1044.73,0
SHP000973,Schneider,0,Air,Miami,Atlanta,10/5/2025 4:30,2129.08,2,29394.11,412.41,212.91,0
SHP000974,XPO Logistics,0,Ocean,Boston,Atlanta,11/27/2025 0:18,1598.27,20.32,21841.71,422.49,319.65,0
SHP000975,Schneider,LTL,Road,Dallas,Boston,11/27/2025 10:26,546,2.43,9163.35,126.33,91,0
SHP000976,Old Dominion,0,Air,Boston,San Francisco,12/7/2025 22:33,2579.37,2.19,20806.77,154.93,257.94,0
SHP000977,J.B. Hunt,0,Ocean,San Francisco,Atlanta,3/9/2025 9:10,4797.82,9.15,2051.14,136.73,959.56,0
SHP000978,Schneider,0,Rail,Boston,Chicago,5/28/2025 1:09,210.21,7.85,38647.01,198.18,6.31,0
SHP000979,J.B. Hunt,0,Air,Boston,New York,11/13/2025 5:45,2266.6,1.71,27008.18,402.91,226.66,0
SHP000980,DHL,0,Rail,Chicago,Boston,12/29/2025 22:57,1714.81,3.8,31440.27,133.7,51.44,0
SHP000981,DHL,0,Rail,Dallas,Tampa,1/22/2025 10:36,1784.53,1.18,24339.39,330.09,53.54,0
SHP000982,FedEx,0,Ocean,San Francisco,Chicago,4/5/2025 6:35,5660.34,4.65,37571.93,91.41,1132.07,0
SHP000983,DHL,0,Air,Atlanta,New York,7/10/2025 14:34,1981.43,1.28,12635.05,273.68,198.14,0
SHP000984,DHL,0,Air,New York,Tampa,7/27/2025 15:49,1426.42,1.06,7251.99,209.65,142.64,0
SHP000985,Schneider,0,Ocean,Atlanta,New York,1/3/2025 23:34,6179.62,21.76,3823.04,197.16,1235.92,0
SHP000986,Old Dominion,0,Air,Boston,Chicago,10/21/2025 21:09,570.66,0.56,26637.89,301.62,57.07,0
SHP000987,UPS,0,Air,New York,Miami,9/3/2025 1:08,740.15,1.32,1436.46,417.64,74.02,0
SHP000988,Schneider,0,Air,Tampa,San Francisco,11/13/2025 7:28,2931.66,0.97,9643.27,434.34,293.17,0
SHP000989,J.B. Hunt,FTL,Road,Tampa,Atlanta,10/26/2025 16:14,1115.43,2.66,2499.59,20.66,185.91,0
SHP000990,UPS,0,Rail,Tampa,New York,10/3/2025 14:43,1118.32,3.75,1631.77,292.04,33.55,0
SHP000991,FedEx,0,Ocean,Dallas,San Francisco,6/12/2025 19:38,584.77,19.32,12604.1,21.09,116.95,0
SHP000992,Schneider,0,Air,Miami,New York,8/7/2025 11:24,1888.55,1.89,38965.12,272.56,188.86,0
SHP000993,XPO Logistics,FTL,Road,Atlanta,Chicago,8/17/2025 17:05,366.53,4.33,11223.93,452.22,61.09,0
SHP000994,C.H. Robinson,0,Ocean,Miami,Boston,8/15/2025 9:10,3310.41,14.1,2497.64,213.63,662.08,0
SHP000995,DHL,0,Ocean,Chicago,Boston,10/28/2025 19:05,6742.73,19.72,9360.58,113.81,1348.55,0
SHP000996,C.H. Robinson,0,Rail,San Francisco,Dallas,9/26/2025 10:04,1507.69,7.51,4266.76,225.58,45.23,0
SHP000997,Old Dominion,LTL,Road,Miami,Atlanta,8/1/2025 5:35,438.07,5.26,972.72,106.35,73.01,0
SHP000998,Old Dominion,0,Rail,Dallas,New York,7/15/2025 9:35,1403.95,1.36,19955.15,221.61,42.12,0
SHP000999,FedEx,FTL,Road,San Francisco,Dallas,8/26/2025 7:01,434.56,2.52,21432.65,81.52,72.43,0
SHP001000,UPS,0,Rail,San Francisco,Chicago,11/24/2025 20:30,1115.19,6.64,30526.36,77.8,33.46,0
SHP001001,XPO Logistics,0,Air,Miami,New York,9/9/2025 22:41,702.97,1.44,14762.45,204.82,70.3,0
SHP001002,Schneider,LTL,Road,San Francisco,Dallas,2/4/2025 19:47,831.65,0.58,491.53,196.56,138.61,0
SHP001003,Old Dominion,0,Ocean,Miami,Boston,5/13/2025 20:43,5728.73,6.26,25839.43,130.65,1145.75,0
SHP001004,Schneider,FTL,Road,Tampa,Boston,10/25/2025 1:09,1069,5.4,12242.84,115.77,178.17,0
SHP001005,Schneider,0,Ocean,Chicago,Dallas,3/25/2025 1:17,3584.78,7.29,27059.16,413.21,716.96,0
SHP001006,UPS,0,Ocean,Atlanta,Tampa,5/29/2025 9:33,5548.19,20.14,16181.19,79,1109.64,0
SHP001007,DHL,0,Rail,Chicago,Boston,2/18/2025 19:48,1380.72,3.52,27015.2,136.05,41.42,0
SHP001008,Schneider,0,Air,Atlanta,Boston,12/17/2025 9:17,519.32,3.97,6669.96,494.22,51.93,0
SHP001009,Old Dominion,FTL,Road,Chicago,Tampa,5/25/2025 11:49,1173.87,4.81,26547.21,289.33,0,1760.8
SHP001010,XPO Logistics,0,Ocean,Atlanta,New York,2/22/2025 6:09,6995.76,8.37,18973.41,310.08,1399.15,0
SHP001011,DHL,0,Rail,New York,San Francisco,8/24/2025 2:07,857.9,3.99,13546.24,282.55,25.74,0
SHP001012,Schneider,FTL,Road,Atlanta,Chicago,3/13/2025 14:56,1028.16,1.41,37410.11,344.85,171.36,0
SHP001013,DHL,0,Rail,San Francisco,Tampa,3/2/2025 7:08,1517.24,4.89,31290.91,9.08,45.52,0
SHP001014,C.H. Robinson,0,Rail,San Francisco,New York,4/18/2025 4:05,1509.41,1.28,35651.58,495.99,45.28,0
SHP001015,UPS,LTL,Road,Tampa,Boston,8/9/2025 1:12,388.18,1.46,7688.83,127.26,64.7,0
SHP001016,FedEx,LTL,Road,Boston,Tampa,1/23/2025 2:19,1045.4,0.84,1390.66,489.6,174.23,0
SHP001017,FedEx,LTL,Road,Dallas,Atlanta,4/5/2025 21:22,824.91,5.12,3344.64,338.57,137.48,0
SHP001018,XPO Logistics,LTL,Road,San Francisco,Atlanta,3/24/2025 16:49,733.38,3.72,6872.94,288.1,122.23,0
SHP001019,FedEx,LTL,Road,Tampa,Atlanta,4/9/2025 9:10,543.42,1.84,7720.53,113.91,90.57,0
SHP001020,UPS,LTL,Road,Boston,Chicago,4/5/2025 14:43,846.21,1.59,6309.5,373.79,141.03,0
SHP001021,XPO Logistics,0,Rail,Atlanta,Dallas,8/6/2025 6:32,549.94,1.42,5673.46,303.39,16.5,0
SHP001022,UPS,0,Ocean,New York,Boston,6/10/2025 3:29,6870.85,2.99,29498.97,171.32,1374.17,0
SHP001023,FedEx,0,Rail,Boston,Miami,7/4/2025 22:18,965.65,7.5,13612.87,233.2,28.97,0
SHP001024,J.B. Hunt,FTL,Road,Boston,Tampa,8/22/2025 19:47,65.73,0.72,10714.37,14.9,10.96,0
SHP001025,C.H. Robinson,0,Ocean,Dallas,Atlanta,7/28/2025 9:54,5235.31,11.38,22151.74,88.15,1047.06,0
SHP001026,DHL,0,Rail,New York,Boston,9/1/2025 21:23,673.49,5.65,38629.46,26.16,20.2,0
SHP001027,UPS,FTL,Road,New York,San Francisco,12/4/2025 21:05,1073.94,3.57,22774.82,250.64,178.99,0
SHP001028,DHL,0,Rail,Miami,Dallas,12/22/2025 18:06,311.03,1.63,24236.02,171.14,9.33,0
SHP001029,C.H. Robinson,FTL,Road,Dallas,Chicago,7/26/2025 3:14,1104.86,2.59,6159.62,357.64,184.14,0
SHP001030,C.H. Robinson,0,Ocean,San Francisco,Boston,10/25/2025 18:17,2700.15,13.56,28064.4,450.23,540.03,0
SHP001031,J.B. Hunt,0,Air,Boston,Atlanta,11/5/2025 12:31,2438.92,2.87,27345.51,473.02,243.89,0
SHP001032,Old Dominion,0,Rail,Boston,Tampa,3/4/2025 8:31,673.32,1.01,11242.21,109.73,20.2,0
SHP001033,UPS,0,Rail,Chicago,Tampa,2/20/2025 23:03,1258.94,5.44,23941.72,9.11,37.77,0
SHP001034,Schneider,0,Ocean,Tampa,Chicago,7/15/2025 19:43,5965.84,9.12,26769.71,278.73,1193.17,0
SHP001035,UPS,0,Rail,San Francisco,Atlanta,11/16/2025 3:48,748.37,1.94,4229.55,415.93,22.45,0
SHP001036,Old Dominion,0,Ocean,Boston,New York,5/31/2025 21:31,7387.98,16.3,4585.65,201.61,1477.6,0
SHP001037,FedEx,0,Air,Atlanta,Boston,10/4/2025 17:01,2268.14,3.23,5169.64,1.02,226.81,0
SHP001038,C.H. Robinson,0,Ocean,New York,San Francisco,8/19/2025 10:54,5841.03,9.85,10552.01,7.44,1168.21,0
SHP001039,J.B. Hunt,0,Ocean,Boston,Tampa,1/17/2025 5:35,4552.25,20.73,38326.45,283.31,910.45,0
SHP001040,C.H. Robinson,0,Rail,Boston,Dallas,3/10/2025 9:45,1023.14,1.6,22180.48,190.61,30.69,0
SHP001041,Old Dominion,0,Ocean,New York,Atlanta,12/12/2025 15:42,5053.51,10.55,9991.82,48.39,1010.7,0
SHP001042,Old Dominion,0,Ocean,Chicago,Atlanta,1/29/2025 12:16,2861.89,4.13,7487.43,493.68,572.38,0
SHP001043,FedEx,0,Ocean,Atlanta,Boston,5/26/2025 10:03,3830.78,13.7,35007.93,497.79,766.16,0
SHP001044,Schneider,LTL,Road,Atlanta,Chicago,10/26/2025 0:48,720.12,4.92,3370.37,153.57,120.02,0
SHP001045,Schneider,0,Ocean,New York,San Francisco,6/26/2025 11:26,3520.28,16.8,27446.57,158.3,704.06,0
SHP001046,UPS,LTL,Road,Dallas,New York,10/31/2025 2:58,203.19,3.89,1414.01,289.67,33.87,0
SHP001047,Schneider,0,Air,New York,Dallas,3/28/2025 0:34,2172.24,2.95,30262.15,436.56,217.22,0
SHP001048,Old Dominion,FTL,Road,Miami,San Francisco,8/4/2025 8:01,624.95,4.45,24957.32,94.13,104.16,0
SHP001049,Old Dominion,FTL,Road,Miami,San Francisco,10/21/2025 3:51,79.54,1.89,17999.83,308.94,13.26,0
SHP001050,J.B. Hunt,LTL,Road,Atlanta,Dallas,12/8/2025 10:10,1027.45,1.38,1386.67,481.78,171.24,0
SHP001051,UPS,0,Air,Miami,New York,9/12/2025 20:54,591.72,2.17,23629.77,271.15,59.17,0
SHP001052,C.H. Robinson,0,Rail,San Francisco,Chicago,1/25/2025 9:36,337.65,1.4,4666.6,293.21,10.13,0
SHP001053,Schneider,0,Rail,New York,Miami,10/24/2025 3:37,1070.95,2.64,25692.08,410.21,32.13,0
SHP001054,XPO Logistics,0,Air,New York,Atlanta,9/29/2025 15:27,412.26,2.24,27727.76,126.9,41.23,0
SHP001055,J.B. Hunt,0,Air,New York,Miami,6/4/2025 16:51,1130.98,2.65,35968.44,405.15,113.1,0
SHP001056,Old Dominion,0,Ocean,Atlanta,New York,8/1/2025 12:16,4873.48,18.06,14910.49,320.84,974.7,0
SHP001057,DHL,0,Rail,Tampa,Miami,12/27/2025 16:55,945.89,2.33,28218.66,278.68,28.38,0
SHP001058,C.H. Robinson,0,Ocean,Dallas,Miami,8/28/2025 8:59,3189.66,22.05,1326.9,158.57,637.93,0
SHP001059,J.B. Hunt,LTL,Road,Atlanta,Dallas,3/19/2025 23:43,115.41,4.66,7065.76,166.34,0,173.12
SHP001060,C.H. Robinson,0,Ocean,Miami,Chicago,2/2/2025 20:13,5567.47,10.71,30372.02,227.64,1113.49,0
SHP001061,XPO Logistics,0,Air,San Francisco,Miami,3/24/2025 8:43,1413.16,3.77,10409.72,61.1,141.32,0
SHP001062,XPO Logistics,0,Ocean,Dallas,Tampa,3/18/2025 6:01,4884.07,23.33,15424.65,31.96,976.81,0
SHP001063,FedEx,0,Air,Boston,Dallas,10/14/2025 13:27,1216.12,2.27,6895.96,329.39,121.61,0
SHP001064,J.B. Hunt,0,Rail,Chicago,Dallas,3/11/2025 0:16,1796.4,4.16,14511.78,200.95,53.89,0
SHP001065,UPS,0,Rail,Tampa,Miami,9/6/2025 0:03,384.23,7.18,16885.61,194.25,11.53,0
SHP001066,Schneider,0,Air,San Francisco,Boston,2/2/2025 13:57,2081.16,2.05,26105.22,31.66,208.12,0
SHP001067,J.B. Hunt,FTL,Road,Chicago,New York,9/14/2025 3:33,985.78,5.66,26126.23,477.33,0,1478.67
SHP001068,Schneider,0,Ocean,New York,Chicago,11/4/2025 3:49,1635.74,12.5,24271.37,291.29,327.15,0
SHP001069,DHL,0,Air,Miami,Boston,5/1/2025 13:13,1383.95,1.68,5509.55,196.48,138.4,0
SHP001070,Old Dominion,LTL,Road,Dallas,Chicago,5/11/2025 18:03,237.06,4.47,2206.98,30.22,39.51,0
SHP001071,XPO Logistics,0,Air,New York,Dallas,10/7/2025 13:30,1791.39,2.58,34940.57,288.91,179.14,0
SHP001072,J.B. Hunt,0,Air,Chicago,Dallas,9/1/2025 22:23,1232.8,3.31,21841.02,40.56,123.28,0
SHP001073,C.H. Robinson,LTL,Road,Tampa,Miami,12/10/2025 7:16,700.73,5.47,4053.68,148.87,116.79,0
SHP001074,XPO Logistics,0,Air,Atlanta,Boston,12/17/2025 3:34,687.37,1.03,17594.47,298.24,68.74,0
SHP001075,UPS,0,Ocean,Miami,Tampa,7/21/2025 8:19,1104.62,22.67,30327.78,293.73,220.92,0
SHP001076,Schneider,0,Rail,San Francisco,New York,3/24/2025 14:40,1525.5,1.56,19335.14,315.42,45.77,0
SHP001077,C.H. Robinson,0,Ocean,Tampa,Dallas,2/11/2025 15:30,6714.9,19.24,11444.24,470.5,1342.98,0
SHP001078,J.B. Hunt,0,Air,Miami,Boston,2/21/2025 5:44,635.73,3.56,38852.14,89.4,63.57,0
SHP001079,Old Dominion,FTL,Road,Miami,San Francisco,10/8/2025 23:20,880.38,0.48,16514.2,258.63,146.73,0
SHP001080,C.H. Robinson,LTL,Road,Chicago,Miami,11/25/2025 4:00,717.74,5.63,6771.67,241.16,119.62,0
SHP001081,DHL,0,Rail,San Francisco,Chicago,10/22/2025 2:07,1495.48,7.65,1371.61,491.28,44.86,0
SHP001082,Schneider,0,Rail,Chicago,Boston,11/1/2025 21:26,337.81,6.7,11573.22,66.96,10.13,0
SHP001083,Schneider,0,Ocean,Boston,Miami,3/10/2025 8:11,3798.92,16.17,15547.6,28.23,759.78,0
SHP001084,C.H. Robinson,0,Air,Dallas,Tampa,8/1/2025 11:11,1918.55,3.66,15637.01,108.95,191.86,0
SHP001085,XPO Logistics,0,Ocean,Dallas,Tampa,1/12/2025 17:41,3819.33,3.06,32909.26,413.34,763.87,0
SHP001086,C.H. Robinson,FTL,Road,Dallas,Chicago,3/28/2025 1:25,726.2,2.28,32091.44,277.79,121.03,0
SHP001087,UPS,0,Air,Chicago,Tampa,7/8/2025 5:36,2530.02,2.71,31484.02,299.68,253,0
SHP001088,XPO Logistics,FTL,Road,Boston,Miami,3/2/2025 7:45,526.26,5.76,21874,302.94,87.71,0
SHP001089,C.H. Robinson,0,Rail,San Francisco,Chicago,9/11/2025 12:08,552.78,5.38,23078.5,93.23,16.58,0
SHP001090,XPO Logistics,0,Rail,Dallas,Boston,5/25/2025 23:43,295.34,5.23,30665.84,262.18,8.86,0
SHP001091,J.B. Hunt,0,Ocean,Chicago,San Francisco,3/16/2025 0:18,2200.79,16.66,3664.18,221.48,440.16,0
SHP001092,Old Dominion,0,Rail,Boston,New York,7/9/2025 18:43,461.39,2.29,8490.61,193.97,13.84,0
SHP001093,XPO Logistics,LTL,Road,Boston,New York,12/21/2025 12:43,108.82,2.54,5190.32,242.16,18.14,0
SHP001094,UPS,0,Ocean,Miami,Atlanta,11/2/2025 8:04,3370.88,20.46,6240.4,253.34,674.18,0
SHP001095,FedEx,LTL,Road,Atlanta,New York,7/1/2025 19:42,121.35,0.66,5802.58,283.44,20.22,0
SHP001096,FedEx,FTL,Road,Miami,Chicago,12/10/2025 11:08,1059.74,3.46,38411.75,25.3,176.62,0
SHP001097,Schneider,0,Rail,San Francisco,New York,9/15/2025 15:59,356.81,1.31,7818.44,271.09,10.7,0
SHP001098,C.H. Robinson,0,Ocean,Chicago,Tampa,6/12/2025 22:33,5341.79,3,37865.85,421.24,1068.36,0
SHP001099,Old Dominion,0,Rail,San Francisco,Tampa,6/10/2025 1:08,674.58,1.54,7210.54,64.35,20.24,0
SHP001100,J.B. Hunt,0,Air,Atlanta,Dallas,5/25/2025 8:39,632.87,2.31,10210.97,179.71,63.29,0
SHP001101,DHL,0,Air,Miami,New York,6/11/2025 23:31,2971.66,2.9,37984.74,72.14,297.17,0
SHP001102,DHL,0,Ocean,Tampa,Chicago,3/18/2025 1:14,3366.05,14.2,3531.94,3.09,673.21,0
SHP001103,Old Dominion,FTL,Road,San Francisco,New York,8/12/2025 3:57,821,3.94,16726.16,245.33,136.83,0
SHP001104,DHL,FTL,Road,Atlanta,Miami,8/23/2025 15:07,527.76,0.39,13747.18,89.36,87.96,0
SHP001105,J.B. Hunt,FTL,Road,New York,Chicago,4/3/2025 5:47,163.19,5.75,24174.71,364.6,27.2,0
SHP001106,UPS,0,Rail,Tampa,Atlanta,10/20/2025 5:26,704.58,3.75,9858.5,49.39,21.14,0
SHP001107,J.B. Hunt,0,Rail,Boston,Atlanta,2/18/2025 10:01,486.45,6.58,27263.06,273.92,14.59,0
SHP001108,FedEx,FTL,Road,Atlanta,San Francisco,2/24/2025 10:09,596.35,5.55,3373.03,141.02,99.39,0
SHP001109,FedEx,FTL,Road,Boston,Dallas,5/18/2025 19:42,452.43,4.75,39704.33,121.09,75.41,0
SHP001110,DHL,0,Air,Tampa,Miami,11/15/2025 14:20,2660.63,3.41,9373.97,200.27,266.06,0
SHP001111,FedEx,0,Rail,Tampa,Boston,11/26/2025 9:20,855.48,7.85,7645.23,399.78,25.66,0
SHP001112,FedEx,FTL,Road,New York,San Francisco,5/3/2025 12:05,434.32,4.45,17090.43,289.6,72.39,0
SHP001113,DHL,0,Rail,Chicago,San Francisco,7/26/2025 9:41,1532.18,6.63,34723.72,30.75,45.97,0
SHP001114,DHL,FTL,Road,Boston,Miami,6/8/2025 21:38,845.86,1.05,16924.83,274.75,140.98,0
SHP001115,Old Dominion,0,Air,New York,Boston,7/8/2025 16:12,1387.4,2.32,39862.79,68.47,138.74,0
SHP001116,C.H. Robinson,0,Ocean,Miami,Dallas,5/18/2025 18:38,5565.92,10.71,5753.89,80.21,1113.18,0
SHP001117,FedEx,FTL,Road,Atlanta,San Francisco,11/19/2025 13:05,1141.66,5.31,36328.16,495.77,0,1712.49
SHP001118,DHL,0,Air,Boston,Atlanta,4/25/2025 20:43,862.45,1.74,26934.15,242.42,86.25,0
SHP001119,Old Dominion,0,Ocean,New York,Dallas,8/28/2025 13:05,3637.92,9.87,23954.33,288.22,727.58,0
SHP001120,XPO Logistics,0,Air,Chicago,New York,12/17/2025 9:53,735.94,2.15,22362.14,285.57,73.59,0
SHP001121,FedEx,0,Ocean,San Francisco,Atlanta,1/25/2025 17:04,2075.8,18.33,1495.36,178.06,415.16,0
SHP001122,J.B. Hunt,FTL,Road,Miami,Tampa,10/19/2025 8:22,947.24,3.49,10815.92,347.78,157.87,0
SHP001123,C.H. Robinson,LTL,Road,New York,Miami,4/2/2025 5:53,702.5,4.83,7390,305.44,117.08,0
SHP001124,Old Dominion,LTL,Road,Miami,Atlanta,10/28/2025 23:29,611.4,1.02,2724.13,210.13,101.9,0
SHP001125,UPS,0,Air,Atlanta,Boston,4/6/2025 6:11,1918.11,2.3,11883.29,4.23,191.81,0
SHP001126,C.H. Robinson,0,Air,New York,San Francisco,10/1/2025 0:00,1639.85,1.5,29517.03,12.95,163.99,0
SHP001127,Old Dominion,LTL,Road,Chicago,Miami,12/21/2025 12:55,722.55,5.66,1867.93,236.35,120.42,0
SHP001128,C.H. Robinson,0,Air,Atlanta,Miami,12/11/2025 22:43,546.84,2.69,22246,204.28,54.68,0
SHP001129,UPS,0,Air,New York,Chicago,3/11/2025 0:12,1707.72,3.64,8253.62,12.26,170.77,0
SHP001130,C.H. Robinson,LTL,Road,Tampa,Chicago,3/16/2025 20:15,1040.91,3.57,8922.99,298.88,173.49,0
SHP001131,C.H. Robinson,0,Rail,New York,Dallas,8/26/2025 4:30,1496.26,4.01,30119.47,456.61,44.89,0
SHP001132,FedEx,LTL,Road,Chicago,New York,8/16/2025 15:30,707.94,1.29,2797.66,100.12,117.99,0
SHP001133,C.H. Robinson,0,Ocean,Dallas,New York,5/31/2025 18:53,2351.43,8.74,22427.78,294.41,470.29,0
SHP001134,Old Dominion,FTL,Road,Tampa,New York,8/10/2025 13:54,540.47,3.79,3722.21,44.81,90.08,0
SHP001135,Old Dominion,0,Air,Tampa,San Francisco,7/24/2025 15:32,763.94,2.31,8952.79,142.36,76.39,0
SHP001136,Schneider,0,Rail,Tampa,Atlanta,1/10/2025 13:36,840.5,6.68,1047.55,325.04,25.21,0
SHP001137,Old Dominion,FTL,Road,Miami,Dallas,11/15/2025 20:22,819.21,4.84,37343.74,11.05,0,1228.82
SHP001138,Old Dominion,0,Ocean,Tampa,Chicago,5/28/2025 23:12,1653.38,21.5,18611.48,282.73,330.68,0
SHP001139,Schneider,0,Air,Boston,New York,9/17/2025 7:37,2090.17,2.88,37303.75,498.48,209.02,0
SHP001140,Schneider,0,Ocean,Chicago,Dallas,12/31/2025 12:26,5901.18,8.32,35250.22,25.56,1180.24,0
SHP001141,UPS,0,Ocean,Chicago,Atlanta,4/17/2025 9:44,2233.11,21.74,10619.56,111.1,446.62,0
SHP001142,Old Dominion,0,Ocean,Chicago,New York,4/13/2025 5:38,1535.94,20.9,20252.3,337.77,307.19,0
SHP001143,Schneider,FTL,Road,Boston,Chicago,10/13/2025 1:01,324.93,4.61,30520.22,156.99,54.16,0
SHP001144,FedEx,0,Air,Atlanta,Miami,3/23/2025 5:52,1408.84,1.23,39074.16,323.16,140.88,0
SHP001145,Old Dominion,FTL,Road,Miami,Tampa,3/3/2025 17:14,1124.73,1.99,31384.69,383.16,187.46,0
SHP001146,J.B. Hunt,0,Air,Atlanta,Boston,7/1/2025 1:49,2167.47,3.88,16045.44,66.23,216.75,0
SHP001147,Old Dominion,0,Rail,New York,Miami,1/26/2025 14:51,1274.73,6.11,23214.89,104.2,38.24,0
SHP001148,UPS,LTL,Road,New York,Boston,9/17/2025 3:10,630.12,2.05,4360.55,322.96,105.02,0
SHP001149,Old Dominion,0,Rail,Atlanta,New York,5/30/2025 22:28,1392.34,2.63,16510.35,135.31,41.77,0
SHP001150,C.H. Robinson,LTL,Road,Atlanta,Chicago,3/4/2025 6:28,278.43,4.75,9106.14,185.75,46.41,0
SHP001151,Schneider,LTL,Road,Boston,Chicago,3/29/2025 2:17,913.97,5.41,8484.32,92.22,152.33,0
SHP001152,C.H. Robinson,0,Ocean,Atlanta,Miami,12/7/2025 7:09,7672.19,10.29,13900.01,32.15,1534.44,0
SHP001153,C.H. Robinson,0,Rail,Chicago,Boston,8/8/2025 13:58,977.88,1.76,10317.32,159.15,29.34,0
SHP001154,FedEx,0,Ocean,Atlanta,Tampa,8/15/2025 4:49,6566.2,21.26,12447.42,429.49,1313.24,0
SHP001155,C.H. Robinson,LTL,Road,Atlanta,Chicago,3/26/2025 13:03,1035.82,4.65,1594.95,345.47,172.64,0
SHP001156,C.H. Robinson,LTL,Road,Tampa,Miami,12/5/2025 16:18,1136.78,4.17,3416.43,250.79,189.46,0
SHP001157,J.B. Hunt,0,Ocean,San Francisco,Miami,6/10/2025 11:00,5342.94,13.23,5238.14,156.72,1068.59,0
SHP001158,Old Dominion,0,Rail,Miami,Dallas,11/26/2025 6:56,1483.83,7.03,5923.35,476.24,44.51,0
SHP001159,FedEx,0,Air,Miami,Boston,4/12/2025 9:05,1187.82,2.82,30197.09,406.16,118.78,0
SHP001160,J.B. Hunt,0,Air,Miami,Atlanta,3/6/2025 16:34,2853.52,1.6,34411,66.71,285.35,0
SHP001161,Schneider,0,Rail,New York,Atlanta,10/10/2025 9:33,1328.07,6.19,27270.07,126.91,39.84,0
SHP001162,XPO Logistics,0,Rail,Tampa,New York,10/4/2025 18:16,1596.87,2.18,2618.57,359.02,47.91,0
SHP001163,Schneider,0,Air,Miami,San Francisco,2/26/2025 23:03,1583.78,3.47,15644.19,84.97,158.38,0
SHP001164,Old Dominion,0,Air,Atlanta,Tampa,1/25/2025 20:07,2558.39,2.42,7973.23,360.47,255.84,0
SHP001165,XPO Logistics,0,Air,Tampa,San Francisco,6/23/2025 7:51,1680.01,2.62,18705.48,414.53,168,0
SHP001166,DHL,0,Air,San Francisco,Chicago,12/8/2025 22:36,2539.82,2.98,4663.35,419.59,253.98,0
SHP001167,XPO Logistics,0,Ocean,Dallas,Tampa,6/17/2025 16:37,5532.6,17.33,14837.82,439.76,1106.52,0
SHP001168,C.H. Robinson,0,Air,Boston,Tampa,3/17/2025 22:27,2258.5,0.89,16607.23,443.3,225.85,0
SHP001169,UPS,LTL,Road,Tampa,San Francisco,9/1/2025 6:28,104.28,5.78,6839.75,316.06,17.38,0
SHP001170,C.H. Robinson,0,Air,Miami,San Francisco,10/14/2025 16:49,1030.51,1.37,37711.3,149.84,103.05,0
SHP001171,Old Dominion,0,Air,Boston,Atlanta,8/5/2025 14:44,2393.86,1.88,6000.54,6.35,239.39,0
SHP001172,Old Dominion,0,Ocean,Chicago,New York,9/16/2025 4:31,4581.93,23.47,15080.88,179.24,916.39,0
SHP001173,FedEx,0,Rail,New York,Miami,4/19/2025 14:30,750.55,4.64,17906.26,440.08,22.52,0
SHP001174,UPS,0,Rail,Atlanta,Tampa,11/5/2025 13:07,1008.83,4.55,5965.68,491.39,30.26,0
SHP001175,Schneider,0,Air,San Francisco,Tampa,9/25/2025 4:07,974.93,0.76,26694.28,298.09,97.49,0
SHP001176,DHL,0,Air,Atlanta,Chicago,5/31/2025 15:01,1420.89,1.98,31510.02,98.66,142.09,0
SHP001177,DHL,0,Rail,Miami,Tampa,6/6/2025 9:13,1512.41,5.54,17049.31,229.56,45.37,0
SHP001178,FedEx,0,Ocean,Tampa,New York,10/8/2025 11:04,2424.85,18.55,20758.55,161.11,484.97,0
SHP001179,Schneider,0,Ocean,Boston,San Francisco,6/8/2025 18:28,4970.38,23.91,17692.86,460.43,994.08,0
SHP001180,DHL,0,Ocean,Boston,Miami,11/7/2025 4:48,3087.63,3.2,8567.56,209.93,617.53,0
SHP001181,Schneider,0,Ocean,Boston,Atlanta,8/18/2025 4:55,2147.26,2,36642.56,422.1,429.45,0
SHP001182,Old Dominion,FTL,Road,Miami,New York,6/23/2025 17:02,903.64,1.21,5254.36,34.73,150.61,0
SHP001183,J.B. Hunt,0,Air,New York,Boston,3/26/2025 22:01,2254.88,3.75,17506.16,60.45,225.49,0
SHP001184,XPO Logistics,LTL,Road,Dallas,Atlanta,1/28/2025 18:33,639.25,2.26,3842.03,311.04,106.54,0
SHP001185,FedEx,0,Ocean,Tampa,New York,12/4/2025 17:11,5890.39,4.43,1905.81,497.17,1178.08,0
SHP001186,UPS,0,Air,Dallas,New York,12/28/2025 18:28,928.37,0.69,8000.08,20.44,92.84,0
SHP001187,FedEx,0,Air,Miami,San Francisco,1/24/2025 15:55,1357.89,3.31,13979.16,222.65,135.79,0
SHP001188,Schneider,0,Air,Miami,New York,8/1/2025 0:55,2124.08,2.28,34527.1,433.15,212.41,0
SHP001189,DHL,0,Ocean,San Francisco,Tampa,2/28/2025 3:34,574.33,19.12,18698.98,494.43,114.87,0
SHP001190,J.B. Hunt,0,Air,Chicago,New York,5/11/2025 2:09,1604.73,3.95,30305.49,125.05,160.47,0
SHP001191,FedEx,0,Ocean,Chicago,Tampa,11/11/2025 10:11,4537.96,23.83,34372.46,49.59,907.59,0
SHP001192,C.H. Robinson,FTL,Road,Miami,Tampa,7/31/2025 10:16,862.33,2.24,775.8,202.34,143.72,0
SHP001193,C.H. Robinson,LTL,Road,Dallas,New York,10/28/2025 7:31,319.97,4.96,3472.71,413.93,53.33,0
SHP001194,FedEx,FTL,Road,Tampa,Dallas,7/28/2025 2:30,50.69,2.02,10026.03,117.55,8.45,0
SHP001195,UPS,0,Ocean,Dallas,Tampa,5/18/2025 17:37,1011.4,6.12,22444.21,146.39,202.28,0
SHP001196,UPS,0,Rail,Chicago,Dallas,10/18/2025 13:28,867.83,3.64,35098.24,452.74,26.03,0
SHP001197,XPO Logistics,0,Rail,Chicago,Dallas,10/4/2025 5:50,988.73,3.31,4718.63,476.75,29.66,0
SHP001198,J.B. Hunt,0,Ocean,Boston,Tampa,1/1/2025 14:53,951.7,8.55,12273.61,160.88,190.34,0
SHP001199,J.B. Hunt,0,Rail,Tampa,New York,9/4/2025 8:38,462.86,6.48,5338.67,317.82,13.89,0
SHP001200,J.B. Hunt,0,Ocean,Atlanta,Boston,11/20/2025 6:37,1428.85,3.55,36422.47,95.87,285.77,0
SHP001201,DHL,LTL,Road,New York,Dallas,12/24/2025 3:53,994.44,3.38,916.89,477.77,0,1491.66
SHP001202,Schneider,0,Air,Miami,New York,11/9/2025 16:51,966.8,3.51,7168,427.12,96.68,0
SHP001203,XPO Logistics,0,Air,San Francisco,Boston,12/29/2025 14:17,335.72,2.29,30892.98,467.46,33.57,0
SHP001204,FedEx,0,Air,Atlanta,New York,8/24/2025 19:21,2754.85,3.37,35583.56,100.41,275.49,0
SHP001205,FedEx,0,Rail,Tampa,Atlanta,9/1/2025 0:57,654.69,3.02,15393.63,197.27,19.64,0
SHP001206,C.H. Robinson,0,Rail,Miami,San Francisco,12/23/2025 22:31,1071.29,2.12,27804.24,84.62,32.14,0
SHP001207,Schneider,LTL,Road,Tampa,Boston,8/16/2025 21:07,406.85,3.14,7994.94,370,67.81,0
SHP001208,UPS,0,Ocean,Atlanta,Dallas,4/1/2025 22:00,5341.51,5.43,22108.29,44.64,1068.3,0
SHP001209,FedEx,0,Ocean,Atlanta,New York,8/16/2025 0:14,3330.22,11.1,2072.55,137.72,666.04,0
SHP001210,J.B. Hunt,0,Air,Atlanta,New York,2/16/2025 19:40,2880.25,3.84,14416.92,22.51,288.03,0
SHP001211,Old Dominion,0,Rail,Dallas,San Francisco,7/5/2025 1:17,486.55,3.75,37937.3,71.46,14.6,0
SHP001212,J.B. Hunt,0,Rail,Tampa,Chicago,11/23/2025 12:07,1421.63,1.76,39259.67,191.43,42.65,0
SHP001213,DHL,0,Ocean,Chicago,Atlanta,4/10/2025 21:47,6314.26,9.54,25292.92,96.82,1262.85,0
SHP001214,J.B. Hunt,LTL,Road,New York,Chicago,10/19/2025 7:56,217.92,5.64,9188.83,443.85,36.32,0
SHP001215,J.B. Hunt,0,Rail,Tampa,Miami,12/14/2025 17:39,1200.69,6.66,3226.96,168.06,36.02,0
SHP001216,FedEx,0,Ocean,Tampa,San Francisco,11/25/2025 21:41,2852.77,15.98,14560.33,75.1,570.55,0
SHP001217,Old Dominion,0,Air,Miami,Boston,7/28/2025 8:07,1910.46,3.35,15593.88,67,191.05,0
SHP001218,FedEx,0,Ocean,Atlanta,San Francisco,1/23/2025 23:14,1975.16,7.22,12345.95,321.75,395.03,0
SHP001219,C.H. Robinson,0,Air,Miami,San Francisco,8/18/2025 10:00,1922.55,2.94,14818.83,412.17,192.25,0
SHP001220,XPO Logistics,0,Rail,Atlanta,Tampa,10/20/2025 0:47,526.54,4.28,32137.08,90.9,15.8,0
SHP001221,J.B. Hunt,0,Ocean,New York,Chicago,4/11/2025 5:21,1323.97,21.44,14045.72,342.25,264.79,0
SHP001222,Schneider,LTL,Road,Tampa,San Francisco,1/13/2025 18:51,79.15,4.22,3263.6,28.81,13.19,0
SHP001223,FedEx,0,Air,Dallas,Tampa,8/31/2025 7:21,1946.49,1.34,15778.89,41.21,194.65,0
SHP001224,UPS,0,Air,Dallas,Tampa,11/4/2025 19:28,697.34,1.54,4045.5,455.5,69.73,0
SHP001225,Schneider,0,Ocean,New York,Tampa,2/1/2025 1:24,545.35,12.64,5368.27,154.53,109.07,0
SHP001226,C.H. Robinson,LTL,Road,Tampa,Boston,6/4/2025 19:40,1114.97,1.18,9663.45,103.69,185.83,0
SHP001227,C.H. Robinson,LTL,Road,Tampa,Atlanta,7/15/2025 12:06,902.8,3.39,8862.12,277.44,0,1354.2
SHP001228,C.H. Robinson,0,Rail,Tampa,San Francisco,7/16/2025 14:50,1055.29,2.37,7066.06,458.33,31.66,0
SHP001229,UPS,FTL,Road,Tampa,San Francisco,10/28/2025 6:06,427.01,2.39,30513.03,170.07,71.17,0
SHP001230,C.H. Robinson,LTL,Road,Dallas,Atlanta,9/18/2025 8:22,1144.87,4.49,6034.68,440.57,0,1717.3
SHP001231,FedEx,0,Ocean,Boston,New York,5/5/2025 4:51,872.04,7.66,18868.94,114.26,174.41,0
SHP001232,DHL,LTL,Road,San Francisco,Atlanta,11/30/2025 11:19,905.49,5.54,4324.14,171.72,150.91,0
SHP001233,Schneider,0,Rail,Boston,Chicago,11/5/2025 10:18,1738.48,4.11,19817.41,176.47,52.15,0
SHP001234,Schneider,LTL,Road,Tampa,Chicago,10/14/2025 1:27,1095.98,3.52,7657.42,406.09,182.66,0
SHP001235,XPO Logistics,0,Rail,Dallas,Miami,4/14/2025 2:21,746.96,4.04,34014.64,182.26,22.41,0
SHP001236,Schneider,0,Ocean,Boston,San Francisco,12/21/2025 10:54,6454.51,22.7,25116.81,371.07,1290.9,0
SHP001237,FedEx,0,Air,Miami,Chicago,3/25/2025 3:29,2473.76,3.46,16104.61,26.58,247.38,0
SHP001238,XPO Logistics,0,Ocean,Dallas,Tampa,11/24/2025 7:44,3514.07,16.82,18288.84,374.73,702.81,0
SHP001239,Schneider,0,Ocean,Dallas,New York,9/4/2025 23:49,3177.37,15.96,7863.58,374.94,635.47,0
SHP001240,FedEx,0,Ocean,Dallas,San Francisco,4/5/2025 0:23,4592.72,6.49,12030.49,374.56,918.54,0
SHP001241,Schneider,FTL,Road,Tampa,Atlanta,5/29/2025 14:12,604.99,1.49,38707.21,357.85,0,907.49
SHP001242,DHL,LTL,Road,Dallas,New York,4/23/2025 8:46,1150.71,2.71,4829.74,449.08,191.78,0
SHP001243,J.B. Hunt,0,Air,Dallas,New York,4/11/2025 0:11,1717.63,2.98,10460.83,223.92,171.76,0
SHP001244,XPO Logistics,LTL,Road,Chicago,San Francisco,2/26/2025 10:59,191.97,1.43,159.29,20.59,32,0
SHP001245,DHL,0,Air,Boston,New York,7/9/2025 11:42,2938.67,1.35,26700.77,419.71,293.87,0
SHP001246,XPO Logistics,0,Ocean,New York,Tampa,3/15/2025 4:50,4629.95,5.37,29260.6,300.53,925.99,0
SHP001247,C.H. Robinson,0,Rail,Miami,Atlanta,7/11/2025 10:38,1370,6.39,39028.71,287.21,41.1,0
SHP001248,J.B. Hunt,0,Rail,Tampa,Boston,11/12/2025 18:12,746.63,5.54,3203.41,448.8,22.4,0
SHP001249,J.B. Hunt,0,Rail,Atlanta,New York,1/28/2025 20:50,391.01,3.29,32721.94,299.06,11.73,0
SHP001250,UPS,0,Rail,Boston,New York,2/11/2025 15:50,829.82,4.31,34254.62,170.66,24.89,0
SHP001251,Old Dominion,0,Rail,Miami,Boston,11/27/2025 16:23,1591.44,1.62,31183.54,423.93,47.74,0
SHP001252,Old Dominion,0,Ocean,Chicago,Dallas,12/31/2025 11:33,1863.63,11.47,7037.24,353.6,372.73,0
SHP001253,FedEx,0,Ocean,Boston,Chicago,10/25/2025 12:40,4515.11,15.98,8261.24,106.66,903.02,0
SHP001254,XPO Logistics,0,Rail,Dallas,New York,8/20/2025 7:25,266.4,3.25,22609.91,429.11,7.99,0
SHP001255,Schneider,0,Air,Miami,Dallas,10/20/2025 5:59,2100.7,2.02,38148.24,359.9,210.07,0
SHP001256,Schneider,0,Air,New York,Chicago,2/13/2025 9:28,2811.45,2.35,10726.72,27.36,281.14,0
SHP001257,C.H. Robinson,0,Rail,Tampa,San Francisco,9/20/2025 19:21,1361.74,1.85,12459.62,266.7,40.85,0
SHP001258,Old Dominion,0,Ocean,Boston,Dallas,7/29/2025 11:51,4733.12,15.21,7067.09,190.49,946.62,0
SHP001259,XPO Logistics,0,Air,San Francisco,Dallas,1/13/2025 5:28,1966.42,3.89,29241.43,461.38,196.64,0
SHP001260,UPS,0,Air,New York,Dallas,2/12/2025 9:53,2357.97,2.57,8084.92,333.68,235.8,0
SHP001261,FedEx,0,Air,Dallas,Tampa,3/2/2025 2:23,1983.12,2.61,19846.54,264.8,198.31,0
SHP001262,J.B. Hunt,0,Rail,Atlanta,New York,12/12/2025 10:16,735.11,4.64,8303.46,402.78,22.05,0
SHP001263,J.B. Hunt,0,Air,Dallas,Miami,11/6/2025 4:54,801.6,0.8,17731.72,329.5,80.16,0
SHP001264,FedEx,FTL,Road,San Francisco,Boston,7/26/2025 12:52,553.37,1.84,22547.76,174.15,92.23,0
SHP001265,XPO Logistics,0,Ocean,Chicago,Boston,7/23/2025 7:14,7496.51,22.3,20343.69,164.61,1499.3,0
SHP001266,Old Dominion,0,Ocean,Dallas,Atlanta,10/28/2025 17:48,6028.49,2.81,19253.38,168.83,1205.7,0
SHP001267,XPO Logistics,0,Ocean,Atlanta,Boston,2/13/2025 10:54,7404.02,2.26,22336.19,370.59,1480.8,0
SHP001268,FedEx,0,Ocean,Miami,New York,8/13/2025 14:54,4137.63,3.88,38912.22,259.49,827.53,0
SHP001269,FedEx,0,Air,Chicago,Atlanta,3/7/2025 9:47,1958.3,1.33,19598.17,215.15,195.83,0
SHP001270,C.H. Robinson,0,Ocean,Atlanta,Chicago,4/26/2025 13:27,1061.72,4.34,33580.16,120.67,212.34,0
SHP001271,FedEx,0,Air,Atlanta,San Francisco,1/12/2025 18:50,826.39,2.27,30865.51,31.91,82.64,0
SHP001272,C.H. Robinson,0,Rail,Chicago,Dallas,10/18/2025 20:51,1122.89,1.83,1940.21,27.32,33.69,0
SHP001273,XPO Logistics,0,Ocean,Dallas,San Francisco,2/2/2025 17:24,6756.23,4.6,2283.48,219.51,1351.25,0
SHP001274,J.B. Hunt,0,Ocean,New York,Dallas,10/19/2025 14:40,6829.95,7.77,17157.65,20.92,1365.99,0
SHP001275,Old Dominion,LTL,Road,New York,Miami,1/17/2025 22:38,566.44,3.57,5773.43,166.88,94.41,0
SHP001276,XPO Logistics,LTL,Road,Dallas,Tampa,7/17/2025 9:13,412.86,0.86,3762.96,50.65,68.81,0
SHP001277,FedEx,0,Air,New York,San Francisco,1/30/2025 11:33,2369.81,3.88,38817.94,432.67,236.98,0
SHP001278,UPS,0,Rail,Atlanta,Boston,7/30/2025 12:10,1161.27,5.91,11765.63,315.75,34.84,0
SHP001279,XPO Logistics,0,Rail,Miami,Dallas,2/5/2025 12:57,929.04,4.37,30432.17,141.68,27.87,0
SHP001280,Old Dominion,0,Rail,Dallas,Chicago,8/10/2025 22:42,708.86,7.47,2720.86,243.33,21.27,0
SHP001281,Old Dominion,0,Rail,San Francisco,Atlanta,4/14/2025 16:45,1660.48,5.27,22083.08,125.62,49.81,0
SHP001282,C.H. Robinson,0,Air,Dallas,Tampa,3/15/2025 14:04,1226.84,3.48,22589.12,257.86,122.68,0
SHP001283,FedEx,0,Rail,Atlanta,San Francisco,9/9/2025 14:29,359.33,1.11,38565.56,189.12,10.78,0
SHP001284,DHL,FTL,Road,Boston,Chicago,12/31/2025 9:25,743.7,0.71,27483.01,466.35,123.95,0
SHP001285,Old Dominion,0,Ocean,Dallas,New York,11/13/2025 23:27,4817.49,4.77,23478,383.41,963.5,0
SHP001286,FedEx,0,Ocean,Chicago,Miami,10/19/2025 3:25,3548.12,21.36,26122.98,449.73,709.62,0
SHP001287,UPS,0,Rail,Chicago,Dallas,11/18/2025 17:18,1197.61,1.92,12732.82,101.7,35.93,0
SHP001288,UPS,0,Rail,Boston,Dallas,10/11/2025 3:23,1654.12,6.32,27217.74,151.18,49.62,0
SHP001289,Old Dominion,FTL,Road,Miami,Dallas,4/17/2025 16:02,261.65,4.6,19229.24,113.67,0,392.47
SHP001290,FedEx,LTL,Road,Boston,Dallas,7/24/2025 6:25,759.12,0.48,3362.78,234.81,126.52,0
SHP001291,Old Dominion,FTL,Road,New York,Miami,6/17/2025 21:47,220.15,5.91,8759.35,66.05,36.69,0
SHP001292,XPO Logistics,0,Ocean,Boston,Tampa,2/12/2025 17:42,2026.51,18.92,17307.47,283.14,405.3,0
SHP001293,FedEx,0,Ocean,Chicago,San Francisco,5/23/2025 5:10,657.57,2.76,18110.11,408.51,131.51,0
SHP001294,FedEx,LTL,Road,San Francisco,Tampa,7/20/2025 5:04,1068.02,0.75,5452.88,456.7,178,0
SHP001295,FedEx,0,Air,Chicago,San Francisco,7/3/2025 5:13,1347.53,3.4,5780.98,467.76,134.75,0
SHP001296,UPS,0,Rail,Boston,Atlanta,1/25/2025 20:51,1402.28,7.59,27226.38,182.34,42.07,0
SHP001297,FedEx,0,Ocean,San Francisco,Dallas,1/27/2025 19:00,7536.36,8.06,13620.81,350.7,1507.27,0
SHP001298,UPS,0,Ocean,Dallas,New York,7/11/2025 7:12,6239.87,22.45,8589.7,399.2,1247.97,0
SHP001299,UPS,FTL,Road,Tampa,New York,4/9/2025 21:42,899.33,0.62,15795.31,142.1,149.89,0
SHP001300,DHL,0,Rail,New York,Boston,12/7/2025 5:46,687.18,7.88,25889.71,359.12,20.62,0
SHP001301,XPO Logistics,FTL,Road,New York,Boston,10/15/2025 20:12,1173.11,2.42,32172.69,217.83,195.52,0
SHP001302,Schneider,0,Ocean,Miami,Tampa,4/29/2025 6:06,7021.5,5.97,37933.6,110.17,1404.3,0
SHP001303,FedEx,0,Air,Chicago,Tampa,7/25/2025 20:20,1180.8,3.15,16053.33,304.5,118.08,0
SHP001304,J.B. Hunt,0,Ocean,Dallas,San Francisco,4/23/2025 2:42,3834.3,18.33,9519.08,30.17,766.86,0
SHP001305,Old Dominion,0,Air,Tampa,New York,4/22/2025 13:19,1109.81,2.16,7136.79,178.04,110.98,0
SHP001306,DHL,LTL,Road,San Francisco,Tampa,11/20/2025 22:24,509.98,0.58,5895.58,442.29,85,0
SHP001307,Old Dominion,0,Air,Chicago,Miami,12/19/2025 10:54,709.71,2.59,26757.2,210.25,70.97,0
SHP001308,XPO Logistics,FTL,Road,Tampa,Atlanta,8/18/2025 12:32,856.26,2.61,20433.17,4.67,142.71,0
SHP001309,C.H. Robinson,LTL,Road,Tampa,Atlanta,3/5/2025 9:15,845.48,4.05,528.25,184.76,140.91,0
SHP001310,J.B. Hunt,0,Rail,New York,Tampa,3/12/2025 11:31,1766.45,3.95,20326.84,455.06,52.99,0
SHP001311,XPO Logistics,0,Rail,Chicago,San Francisco,4/15/2025 20:02,1347.62,5.07,32013.28,432.32,40.43,0
SHP001312,FedEx,0,Ocean,Atlanta,New York,5/23/2025 10:41,3926.66,12.45,15749.01,483.39,785.33,0
SHP001313,Schneider,0,Ocean,San Francisco,Boston,1/13/2025 7:54,5728.75,3.83,34586.91,240.8,1145.75,0
SHP001314,XPO Logistics,0,Air,Dallas,New York,10/4/2025 1:58,485.64,2.42,16977.99,439,48.56,0
SHP001315,FedEx,0,Rail,Miami,San Francisco,6/14/2025 5:28,526.39,6.79,22528.7,28.25,15.79,0
SHP001316,UPS,FTL,Road,New York,Chicago,3/14/2025 6:08,1167.62,3.2,11989.64,235.23,0,1751.43
SHP001317,Old Dominion,0,Rail,Dallas,New York,9/17/2025 2:27,1572.57,3.13,8110.72,65.41,47.18,0
SHP001318,DHL,0,Air,Chicago,Miami,4/12/2025 7:27,1104.22,3.23,19129.24,114.51,110.42,0
SHP001319,XPO Logistics,0,Rail,San Francisco,Chicago,10/23/2025 14:40,465.9,3.33,37627.01,172.17,13.98,0
SHP001320,DHL,0,Air,Boston,Tampa,7/4/2025 12:24,2967.94,2.2,7576.97,445.68,296.79,0
SHP001321,C.H. Robinson,0,Ocean,Boston,Dallas,9/16/2025 19:47,3952.67,17.61,39356.61,26.04,790.53,0
SHP001322,UPS,0,Rail,Boston,Tampa,7/15/2025 13:54,354.71,6.04,11632.09,92.97,10.64,0
SHP001323,Old Dominion,0,Air,Chicago,Atlanta,3/31/2025 8:24,406.28,0.58,31092.18,68.08,40.63,0
SHP001324,Old Dominion,0,Air,Boston,Chicago,7/12/2025 17:38,1562.85,2.62,17419.9,14.53,156.28,0
SHP001325,FedEx,FTL,Road,Chicago,Miami,3/21/2025 6:00,951.03,0.31,30594.65,446.76,158.5,0
SHP001326,Schneider,0,Air,Boston,Dallas,8/1/2025 12:47,1468.67,2.37,19340.84,195.22,146.87,0
SHP001327,C.H. Robinson,0,Ocean,Boston,Chicago,11/25/2025 18:04,7155.68,21.67,13764.75,307.92,1431.14,0
SHP001328,Schneider,LTL,Road,Miami,San Francisco,8/12/2025 8:49,1115.94,5.78,5163.25,226.96,0,1673.91
SHP001329,C.H. Robinson,0,Ocean,Atlanta,Miami,1/30/2025 20:24,2590.21,23.1,6141.17,290.33,518.04,0
SHP001330,FedEx,0,Rail,Dallas,San Francisco,1/18/2025 11:40,652.08,2.95,16496.26,499.4,19.56,0
SHP001331,J.B. Hunt,0,Rail,San Francisco,Atlanta,8/22/2025 21:09,287.95,5.05,3761.6,78.11,8.64,0
SHP001332,C.H. Robinson,0,Rail,Chicago,Tampa,3/1/2025 2:41,903.3,4.57,10722.3,158.91,27.1,0
SHP001333,C.H. Robinson,0,Ocean,New York,Atlanta,4/7/2025 13:10,1152.25,8.67,38679.06,472.41,230.45,0
SHP001334,C.H. Robinson,0,Air,San Francisco,Atlanta,9/30/2025 21:56,1204.17,2.5,36429.02,4.09,120.42,0
SHP001335,Schneider,0,Air,Miami,Boston,2/15/2025 3:40,2488.85,3.82,4107.37,81.56,248.88,0
SHP001336,J.B. Hunt,0,Rail,San Francisco,Miami,4/18/2025 23:25,1737.19,4.76,1060.77,129.56,52.12,0
SHP001337,C.H. Robinson,LTL,Road,Boston,Tampa,12/23/2025 13:33,567.44,4.23,7371.63,497.72,0,851.16
SHP001338,DHL,0,Air,Miami,New York,4/1/2025 11:11,1076.28,2.38,21566.28,203.42,107.63,0
SHP001339,XPO Logistics,0,Rail,Boston,New York,9/15/2025 3:28,470.66,7.84,34206.03,249.67,14.12,0
SHP001340,C.H. Robinson,0,Rail,Dallas,Tampa,4/4/2025 6:16,1165.19,2.59,21979.59,347.79,34.96,0
SHP001341,J.B. Hunt,0,Ocean,New York,Boston,11/22/2025 5:05,4363.75,23.79,24648,186.12,872.75,0
SHP001342,Old Dominion,FTL,Road,New York,Dallas,1/16/2025 18:15,937.97,1.23,15688.37,174.13,0,1406.95
SHP001343,FedEx,0,Ocean,New York,Tampa,2/1/2025 8:48,3738.55,19.2,19624.83,397.21,747.71,0
SHP001344,J.B. Hunt,LTL,Road,Dallas,Atlanta,7/12/2025 19:33,712.96,2.22,8128.29,119.91,118.83,0
SHP001345,Schneider,0,Ocean,Boston,Miami,6/22/2025 19:27,2182.87,13.1,10803.55,5.53,436.57,0
SHP001346,C.H. Robinson,0,Air,Atlanta,Chicago,5/3/2025 11:42,2050.4,2.29,18097.95,483.52,205.04,0
SHP001347,Old Dominion,0,Ocean,Tampa,Dallas,6/19/2025 3:00,4783.99,21,6008.28,285.03,956.8,0
SHP001348,J.B. Hunt,0,Ocean,Chicago,Tampa,11/5/2025 3:55,7009.85,14.83,28861.56,186.65,1401.97,0
SHP001349,Old Dominion,0,Rail,Atlanta,Dallas,11/13/2025 21:42,347.92,4.21,16081.94,433.66,10.44,0
SHP001350,Schneider,0,Ocean,Dallas,Tampa,11/23/2025 10:01,2329.96,23.27,38346.46,124.57,465.99,0
SHP001351,UPS,FTL,Road,Boston,New York,7/24/2025 23:39,450.26,5.4,38681.58,222.28,75.04,0
SHP001352,UPS,0,Air,Miami,Dallas,12/4/2025 22:57,1166.69,2.34,27666.88,137.46,116.67,0
SHP001353,FedEx,0,Ocean,San Francisco,Atlanta,4/10/2025 22:09,6023.55,3.14,2447.13,193.76,1204.71,0
SHP001354,Old Dominion,0,Rail,Boston,Miami,2/14/2025 9:53,765.56,3.21,19895.28,161.05,22.97,0
SHP001355,XPO Logistics,0,Rail,Boston,Tampa,9/4/2025 21:34,507.61,3.17,39008.72,206.15,15.23,0
SHP001356,UPS,0,Rail,Dallas,New York,12/4/2025 22:05,911.54,5.04,39341.96,121.56,27.35,0
SHP001357,J.B. Hunt,0,Ocean,Tampa,Chicago,6/17/2025 12:49,5609.62,17.75,24489.31,45.2,1121.92,0
SHP001358,DHL,0,Rail,San Francisco,Miami,9/1/2025 21:07,1283,1.45,24047.63,370.05,38.49,0
SHP001359,XPO Logistics,0,Ocean,New York,Boston,12/21/2025 10:55,2082.27,20.52,1698.98,422.06,416.45,0
SHP001360,C.H. Robinson,FTL,Road,Miami,Atlanta,7/15/2025 20:41,579.38,1.5,5784.24,476.7,96.56,0
SHP001361,UPS,0,Rail,Dallas,Chicago,3/1/2025 9:05,316.26,2.39,14238.98,310.5,9.49,0
SHP001362,Schneider,FTL,Road,Dallas,Miami,10/21/2025 11:08,676.52,0.97,11944.26,120.14,112.75,0
SHP001363,XPO Logistics,0,Ocean,Tampa,Dallas,2/1/2025 18:34,2101.57,11.05,28309.24,109.51,420.31,0
SHP001364,DHL,0,Ocean,Miami,Chicago,7/6/2025 21:59,3250.09,10.6,39070.03,477.38,650.02,0
SHP001365,Old Dominion,0,Rail,New York,San Francisco,1/5/2025 17:54,1480.22,2.69,3187.47,159.14,44.41,0
SHP001366,Old Dominion,0,Air,Chicago,Boston,6/1/2025 7:31,1020.35,2.27,31220.25,429.3,102.04,0
SHP001367,Schneider,0,Rail,San Francisco,New York,12/7/2025 22:02,1551.78,3.52,27645.76,157.1,46.55,0
SHP001368,XPO Logistics,0,Air,New York,Dallas,12/28/2025 18:30,464.44,2.96,888.19,205.18,46.44,0
SHP001369,Schneider,0,Ocean,San Francisco,Miami,7/12/2025 1:51,2970.34,17.25,30766.7,152.74,594.07,0
SHP001370,FedEx,0,Rail,Dallas,Boston,4/26/2025 22:47,1498.6,3.06,18129.89,363.78,44.96,0
SHP001371,DHL,0,Rail,Boston,Atlanta,7/20/2025 9:52,1308.67,7.91,9393.86,331.5,39.26,0
SHP001372,UPS,FTL,Road,Atlanta,Dallas,6/28/2025 12:25,751.13,5.51,6676.3,376.15,125.19,0
SHP001373,C.H. Robinson,0,Air,San Francisco,Miami,4/10/2025 22:54,1834.33,1.46,19240.18,167.55,183.43,0
SHP001374,Old Dominion,LTL,Road,Atlanta,Boston,1/28/2025 22:19,716.21,5.36,5757.65,316.23,119.37,0
SHP001375,DHL,0,Rail,Chicago,San Francisco,12/23/2025 15:18,1030,1.36,9697.91,246.51,30.9,0
SHP001376,FedEx,0,Rail,Dallas,Boston,4/11/2025 23:41,696.38,2.27,20413.25,162.08,20.89,0
SHP001377,DHL,0,Air,New York,Miami,3/17/2025 12:27,996.89,2.12,5764.73,463.95,99.69,0
SHP001378,Schneider,LTL,Road,Atlanta,Dallas,1/27/2025 3:32,1047.86,4.32,1196.21,388.16,0,1571.79
SHP001379,UPS,0,Ocean,Chicago,Miami,7/26/2025 7:02,6559.68,18.89,5001.65,322.31,1311.94,0
SHP001380,DHL,0,Rail,Miami,Dallas,6/4/2025 22:38,1534.92,5.04,26033.09,229.72,46.05,0
SHP001381,J.B. Hunt,0,Ocean,New York,Boston,8/26/2025 20:24,4465.3,2.76,25739.04,41.64,893.06,0
SHP001382,UPS,0,Ocean,Atlanta,Tampa,3/3/2025 3:05,3762.61,8.44,22044.4,67.57,752.52,0
SHP001383,Old Dominion,0,Ocean,Dallas,Tampa,10/28/2025 18:36,5687.33,19.49,6952.5,53.05,1137.47,0
SHP001384,Old Dominion,0,Air,New York,Boston,10/31/2025 5:24,692.89,3.57,21363.48,234.16,69.29,0
SHP001385,UPS,0,Ocean,San Francisco,Atlanta,3/6/2025 3:20,1300.34,16.29,34785.98,414.26,260.07,0
SHP001386,Old Dominion,0,Rail,Miami,Boston,12/25/2025 0:25,1201.69,1.53,4939.68,25.61,36.05,0
SHP001387,DHL,LTL,Road,Dallas,Miami,4/3/2025 19:44,346.1,1.03,2711.47,193.14,57.68,0
SHP001388,DHL,FTL,Road,Atlanta,Tampa,10/22/2025 6:41,1134.43,3.76,33481.46,355.47,0,1701.64
SHP001389,DHL,FTL,Road,Tampa,New York,9/17/2025 9:23,179.38,4.48,11366.41,319.91,29.9,0
SHP001390,J.B. Hunt,0,Ocean,Tampa,Chicago,6/3/2025 1:33,3057.21,23.95,10910.28,140.29,611.44,0
SHP001391,Schneider,0,Ocean,Chicago,Atlanta,9/9/2025 22:20,7480.04,2.54,28019.22,362.94,1496.01,0
SHP001392,XPO Logistics,0,Rail,New York,Miami,1/23/2025 7:02,1538.21,7.82,39036.28,33.57,46.15,0
SHP001393,XPO Logistics,0,Rail,San Francisco,Boston,4/21/2025 4:38,1514.94,5.52,26070.01,65.05,45.45,0
SHP001394,J.B. Hunt,0,Air,San Francisco,New York,11/15/2025 13:04,2055.51,3.94,36516.83,220.13,205.55,0
SHP001395,UPS,0,Air,Miami,Atlanta,3/25/2025 12:29,407.86,1.77,33142.42,351.05,40.79,0
SHP001396,UPS,0,Air,Miami,Atlanta,3/15/2025 17:13,1540.23,0.69,17362.34,235.04,154.02,0
SHP001397,DHL,0,Air,Dallas,Miami,7/10/2025 18:42,2807.1,2.74,12810.29,263.13,280.71,0
SHP001398,XPO Logistics,0,Ocean,Chicago,Dallas,8/11/2025 12:01,995.41,23.4,14722.37,239.46,199.08,0
SHP001399,Schneider,FTL,Road,New York,Atlanta,10/8/2025 13:04,458.58,4.17,26658.17,357.95,0,687.87
SHP001400,UPS,FTL,Road,Atlanta,Boston,4/26/2025 8:00,358.36,2.07,5447.42,328.1,59.73,0
SHP001401,J.B. Hunt,0,Ocean,Dallas,San Francisco,2/23/2025 3:11,798.48,15.15,34852.99,445.53,159.7,0
SHP001402,J.B. Hunt,0,Ocean,New York,Atlanta,6/28/2025 22:36,3867.78,12.1,3540.28,335.71,773.56,0
SHP001403,C.H. Robinson,0,Air,New York,Tampa,3/29/2025 10:48,2517.4,1.36,17141.38,419.58,251.74,0
SHP001404,C.H. Robinson,0,Rail,Atlanta,Boston,12/14/2025 17:35,1603.39,2.7,22247.54,97.05,48.1,0
SHP001405,DHL,0,Ocean,Chicago,Dallas,1/5/2025 21:32,1264.09,22.04,32910.05,380.26,252.82,0
SHP001406,FedEx,0,Rail,Chicago,San Francisco,10/18/2025 23:17,278.03,6.91,17802.74,171.86,8.34,0
SHP001407,Old Dominion,0,Air,Dallas,Miami,11/8/2025 13:45,1775.49,0.82,30387.54,291.64,177.55,0
SHP001408,J.B. Hunt,0,Rail,Boston,Chicago,8/28/2025 16:18,498.54,2.32,7777.82,29.44,14.96,0
SHP001409,C.H. Robinson,0,Ocean,Dallas,Chicago,11/22/2025 2:19,4908.49,20.49,1191.18,25.45,981.7,0
SHP001410,XPO Logistics,0,Air,New York,Miami,2/10/2025 2:46,1846.48,3.37,13406.19,175.46,184.65,0
SHP001411,FedEx,LTL,Road,Tampa,New York,10/11/2025 15:51,735.8,1.83,412.09,367.88,122.63,0
SHP001412,UPS,0,Ocean,Chicago,San Francisco,9/12/2025 16:43,5192.37,14.78,29796.52,337.94,1038.47,0
SHP001413,C.H. Robinson,0,Ocean,Tampa,Atlanta,4/8/2025 23:00,2044.11,9.75,5481.35,65.8,408.82,0
SHP001414,FedEx,0,Air,Dallas,Miami,12/5/2025 16:43,2125.73,3.51,38527.94,314.55,212.57,0
SHP001415,UPS,0,Ocean,Chicago,Miami,9/26/2025 7:11,1880.76,4.32,32607.61,289.8,376.15,0
SHP001416,Old Dominion,0,Air,Chicago,Atlanta,6/30/2025 1:27,1969.37,3.24,28279.45,417.39,196.94,0
SHP001417,XPO Logistics,0,Ocean,Chicago,Dallas,2/27/2025 10:58,921.6,18.45,34108.68,143.78,184.32,0
SHP001418,C.H. Robinson,FTL,Road,San Francisco,Dallas,4/20/2025 0:47,786.51,2.06,38339.86,17.68,131.09,0
SHP001419,Old Dominion,0,Rail,San Francisco,Miami,9/21/2025 1:59,1127.67,2.17,28632.7,88.77,33.83,0
SHP001420,Schneider,0,Ocean,Tampa,Dallas,1/4/2025 19:29,2265.37,12.88,36635.98,106.65,453.07,0
SHP001421,DHL,0,Air,Atlanta,Tampa,1/3/2025 11:56,689.45,3.16,20274.47,455.98,68.95,0
SHP001422,XPO Logistics,0,Ocean,Atlanta,Tampa,2/21/2025 13:31,1599.61,16.21,9698.73,79.22,319.92,0
SHP001423,J.B. Hunt,LTL,Road,Miami,Tampa,1/4/2025 4:49,835.94,3.66,7585.05,155.42,139.32,0
SHP001424,C.H. Robinson,0,Rail,Boston,Dallas,7/11/2025 9:23,916.75,3.84,39371.53,146.83,27.5,0
SHP001425,Old Dominion,0,Rail,San Francisco,Tampa,8/13/2025 21:53,671.71,3.48,22801.47,126.91,20.15,0
SHP001426,XPO Logistics,0,Rail,Chicago,Dallas,8/11/2025 0:22,1664.46,2.86,35884.72,52.63,49.93,0
SHP001427,FedEx,LTL,Road,San Francisco,Tampa,8/4/2025 23:21,805.05,5.47,1812.18,484.2,0,1207.57
SHP001428,C.H. Robinson,0,Rail,Dallas,San Francisco,12/7/2025 8:07,924.61,7.62,27234.39,151.49,27.74,0
SHP001429,Schneider,0,Ocean,Boston,Miami,12/16/2025 22:08,1912.27,8.68,4174.19,72.79,382.45,0
SHP001430,FedEx,0,Ocean,Miami,New York,2/26/2025 3:50,1284.95,11.3,31925.35,71.55,256.99,0
SHP001431,XPO Logistics,0,Rail,Chicago,Dallas,9/14/2025 0:49,408.51,5.5,8288.73,49.71,12.26,0
SHP001432,J.B. Hunt,FTL,Road,Miami,San Francisco,8/11/2025 15:18,241.88,5.56,32948.11,177.68,40.31,0
SHP001433,DHL,0,Ocean,New York,Boston,8/8/2025 7:39,5418.66,13.82,27246.41,341.65,1083.73,0
SHP001434,XPO Logistics,0,Rail,Dallas,Chicago,2/28/2025 8:44,1205.97,2.86,2040.75,228.33,36.18,0
SHP001435,DHL,0,Ocean,Dallas,San Francisco,12/28/2025 3:44,7182.3,14.53,33379.45,495.82,1436.46,0
SHP001436,FedEx,0,Rail,Chicago,New York,3/3/2025 4:25,461.79,5.84,27134.6,490,13.85,0
SHP001437,XPO Logistics,0,Air,Dallas,New York,8/7/2025 0:39,2961.12,2.9,10122.78,399.48,296.11,0
SHP001438,XPO Logistics,LTL,Road,Miami,Dallas,12/25/2025 20:14,173.08,4.74,9115.43,192.03,28.85,0
SHP001439,FedEx,0,Air,Miami,Dallas,2/1/2025 16:27,2002.72,2.01,17791.72,155.88,200.27,0
SHP001440,C.H. Robinson,0,Air,New York,Dallas,7/6/2025 8:22,2357.75,3.78,37659.66,88.22,235.78,0
SHP001441,FedEx,0,Rail,Atlanta,Tampa,4/4/2025 1:00,1599.59,6.16,10487.08,34.58,47.99,0
SHP001442,UPS,0,Air,Dallas,Chicago,8/30/2025 8:58,1023.59,3.69,25510.56,360.81,102.36,0
SHP001443,J.B. Hunt,0,Ocean,Chicago,Dallas,9/9/2025 11:21,2428.64,17.83,1610.8,188.29,485.73,0
SHP001444,Schneider,LTL,Road,Tampa,Miami,3/8/2025 10:23,770.77,1.09,8256.59,118.28,128.46,0
SHP001445,C.H. Robinson,0,Air,Dallas,Miami,5/22/2025 6:37,2061.16,1.92,24043.72,54.62,206.12,0
SHP001446,XPO Logistics,LTL,Road,Chicago,Miami,3/3/2025 1:37,69.45,5.48,2805.86,410.02,11.58,0
SHP001447,Schneider,0,Rail,Boston,Tampa,2/8/2025 17:39,1798.96,2.48,10974.24,331.77,53.97,0
SHP001448,DHL,0,Air,Boston,Miami,4/14/2025 17:46,2906.71,3.71,20363.58,397.76,290.67,0
SHP001449,Schneider,LTL,Road,Dallas,San Francisco,5/10/2025 17:22,206.11,5.87,9648.88,82.7,34.35,0
SHP001450,FedEx,0,Ocean,New York,San Francisco,2/4/2025 15:26,2745.67,4.2,11232.85,408.16,549.13,0
SHP001451,FedEx,0,Rail,San Francisco,Miami,3/8/2025 9:02,805.3,1.62,14017.91,490.71,24.16,0
SHP001452,UPS,0,Rail,Miami,Dallas,12/17/2025 17:55,1207.49,3.91,7078.27,493.1,36.22,0
SHP001453,C.H. Robinson,0,Rail,Boston,Miami,9/18/2025 12:35,1513.36,2.97,3267.71,29.26,45.4,0
SHP001454,XPO Logistics,0,Ocean,San Francisco,New York,4/5/2025 0:10,1402.84,14.78,37186.16,248.87,280.57,0
SHP001455,UPS,FTL,Road,San Francisco,Chicago,6/1/2025 22:17,1019.39,2.81,28489.05,366.2,169.9,0
SHP001456,FedEx,0,Rail,Dallas,Tampa,10/1/2025 7:18,478.34,3.53,25673.44,36.28,14.35,0
SHP001457,XPO Logistics,0,Rail,San Francisco,New York,5/19/2025 1:41,778.46,4.74,39850.87,237.79,23.35,0
SHP001458,Schneider,0,Rail,New York,Tampa,11/29/2025 11:40,1505.69,4.02,31957.43,298.11,45.17,0
SHP001459,DHL,0,Air,New York,Miami,10/9/2025 8:46,2693.81,1.94,24370.02,315.38,269.38,0
SHP001460,FedEx,0,Ocean,San Francisco,Chicago,1/30/2025 20:52,3630.37,5.17,4195.6,9.32,726.07,0
SHP001461,FedEx,0,Air,Dallas,Miami,5/24/2025 5:16,2658.54,1.33,8854.52,368.28,265.85,0
SHP001462,Old Dominion,FTL,Road,San Francisco,Boston,11/6/2025 17:13,418.02,3.16,6919.19,479.91,69.67,0
SHP001463,C.H. Robinson,0,Rail,Atlanta,Chicago,4/15/2025 18:40,1562.53,7.05,16567.56,381.42,46.88,0
SHP001464,Old Dominion,0,Rail,Boston,New York,8/11/2025 11:09,430.2,1.06,1288.93,293.71,12.91,0
SHP001465,Old Dominion,FTL,Road,Chicago,San Francisco,4/1/2025 6:36,573.7,3.23,794.79,211.92,0,860.55
SHP001466,DHL,0,Rail,San Francisco,Tampa,6/8/2025 5:56,1348.91,4.1,29422.66,117.28,40.47,0
SHP001467,XPO Logistics,0,Ocean,Dallas,Tampa,3/15/2025 2:27,6598.57,14.95,8825.14,119.12,1319.71,0
SHP001468,FedEx,0,Ocean,Miami,Tampa,9/27/2025 4:46,5210.23,20.26,16917.3,129.89,1042.05,0
SHP001469,FedEx,FTL,Road,Miami,Tampa,1/7/2025 20:59,1047.06,4.1,18199.38,244.46,0,1570.59
SHP001470,FedEx,0,Rail,Dallas,Boston,2/12/2025 8:09,526.81,5.39,14670.33,497.83,15.8,0
SHP001471,Old Dominion,LTL,Road,Atlanta,Boston,4/14/2025 4:30,602.21,3.04,5723.64,458.46,100.37,0
SHP001472,FedEx,0,Rail,San Francisco,Chicago,9/3/2025 4:15,1481.31,4.16,28888.62,293.53,44.44,0
SHP001473,J.B. Hunt,0,Air,New York,Tampa,1/23/2025 3:34,1629.39,1.17,18825.48,123.66,162.94,0
SHP001474,C.H. Robinson,FTL,Road,Chicago,Tampa,1/13/2025 7:27,1102.07,2.18,38114.43,266.99,183.68,0
SHP001475,C.H. Robinson,0,Rail,Atlanta,Miami,5/27/2025 7:58,1210.47,4.8,5610.53,188.53,36.31,0
SHP001476,Schneider,FTL,Road,Chicago,Tampa,5/25/2025 11:04,164.02,3.83,18151.53,389.21,27.34,0
SHP001477,Schneider,FTL,Road,New York,Tampa,4/2/2025 13:33,303.54,1.2,16550.12,463.37,50.59,0
SHP001478,J.B. Hunt,0,Rail,Miami,New York,12/8/2025 21:19,1336.67,3.93,20932.25,43.02,40.1,0
SHP001479,J.B. Hunt,0,Air,New York,Dallas,9/13/2025 21:23,2958.35,2.83,11773.46,293.32,295.83,0
SHP001480,Old Dominion,LTL,Road,Chicago,Boston,6/13/2025 4:24,175.9,5.8,1871.63,324.37,29.32,0
SHP001481,J.B. Hunt,0,Ocean,New York,Tampa,10/23/2025 13:46,2340.91,17.79,31184.44,337.04,468.18,0
SHP001482,C.H. Robinson,0,Rail,New York,Dallas,3/7/2025 5:49,1183.2,7.25,3605.76,166.13,35.5,0
SHP001483,C.H. Robinson,0,Air,Atlanta,Dallas,8/6/2025 15:44,970.38,3.96,15880.9,366.57,97.04,0
SHP001484,C.H. Robinson,0,Air,Chicago,Boston,12/1/2025 7:24,2148.76,1.24,9940.41,141.36,214.88,0
SHP001485,UPS,0,Ocean,Boston,San Francisco,10/2/2025 7:24,3583.45,7.16,1276.23,439.82,716.69,0
SHP001486,FedEx,0,Ocean,Dallas,Miami,2/14/2025 7:23,7742.07,9.51,13871.02,4.54,1548.41,0
SHP001487,UPS,0,Rail,Tampa,Dallas,10/13/2025 15:08,1288.4,6.78,6291.03,80.67,38.65,0
SHP001488,DHL,FTL,Road,Atlanta,Boston,3/13/2025 9:29,958.6,3.79,2271.99,311.65,159.77,0
SHP001489,DHL,0,Ocean,Dallas,New York,4/25/2025 1:47,2816.88,10.11,30904.39,405.66,563.38,0
SHP001490,UPS,LTL,Road,Miami,Atlanta,8/6/2025 11:03,510.41,5.7,4153.66,386.15,0,765.62
SHP001491,UPS,FTL,Road,Chicago,Tampa,3/14/2025 2:15,606.46,5.41,36356.57,44.62,0,909.69
SHP001492,J.B. Hunt,FTL,Road,Chicago,Boston,3/13/2025 23:33,1126.97,5,31756.77,101.25,0,1690.45
SHP001493,FedEx,0,Ocean,Miami,Atlanta,6/22/2025 14:50,6538.39,20.7,11921.44,476.18,1307.68,0
SHP001494,DHL,0,Air,New York,Chicago,1/31/2025 20:02,434.62,1.02,21734.45,288.32,43.46,0
SHP001495,Old Dominion,0,Rail,Tampa,San Francisco,8/5/2025 21:56,1232.24,1.12,38434.49,23.25,36.97,0
SHP001496,DHL,0,Air,San Francisco,Miami,4/27/2025 13:59,686.27,0.55,22890.91,466.2,68.63,0
SHP001497,XPO Logistics,0,Air,New York,Atlanta,7/13/2025 4:47,2098.06,3.38,1024.61,271.47,209.81,0
SHP001498,UPS,0,Ocean,Tampa,Chicago,7/20/2025 5:52,3946.72,12.98,3352.42,342.53,789.34,0
SHP001499,C.H. Robinson,0,Ocean,Boston,Chicago,12/1/2025 20:25,4274.15,18.83,19668.98,75.54,854.83,0
SHP001500,XPO Logistics,0,Rail,Tampa,Boston,7/10/2025 20:27,1237.21,2.21,34959.59,306.95,37.12,0
SHP001501,Schneider,0,Air,New York,Tampa,2/9/2025 11:38,724.45,3.87,20975.44,37.38,72.45,0
SHP001502,FedEx,LTL,Road,San Francisco,New York,2/3/2025 6:38,770.86,1.71,8066.38,409.09,128.48,0
SHP001503,FedEx,0,Air,Dallas,Atlanta,4/14/2025 20:59,2943.16,2.26,18470.8,376.98,294.32,0
SHP001504,Old Dominion,0,Rail,San Francisco,Tampa,10/19/2025 18:02,411.95,4.83,22076.78,45.65,12.36,0
SHP001505,J.B. Hunt,LTL,Road,Atlanta,Tampa,1/5/2025 11:48,530.68,5.16,8583.11,50.52,88.45,0
SHP001506,DHL,0,Ocean,Dallas,Chicago,7/20/2025 23:22,1180.41,7.78,35053.26,65.32,236.08,0
SHP001507,C.H. Robinson,FTL,Road,Miami,Atlanta,9/15/2025 4:01,878,0.83,25113.95,178.68,146.33,0
SHP001508,Old Dominion,0,Ocean,Tampa,Dallas,3/24/2025 4:43,6416.85,7.14,25748.47,118.61,1283.37,0
SHP001509,DHL,LTL,Road,Dallas,New York,12/1/2025 4:49,870.71,5.27,1399,433.43,145.12,0
SHP001510,Schneider,0,Air,Boston,Miami,3/9/2025 10:18,1902.65,0.94,17387.9,81.27,190.27,0
SHP001511,XPO Logistics,0,Ocean,Tampa,Miami,12/16/2025 12:15,5752.61,18.7,4678.96,253.56,1150.52,0
SHP001512,UPS,LTL,Road,Boston,Tampa,3/15/2025 9:35,986.82,5.63,5208.15,475.19,164.47,0
SHP001513,J.B. Hunt,0,Ocean,New York,San Francisco,6/10/2025 5:59,4517.67,10.67,34004.02,247,903.53,0
SHP001514,UPS,0,Rail,New York,Dallas,10/23/2025 11:22,955.04,4.43,33948.01,416.14,28.65,0
SHP001515,DHL,LTL,Road,Boston,Chicago,5/12/2025 14:41,514.05,2.17,4995.49,286.81,85.67,0
SHP001516,DHL,FTL,Road,Tampa,Dallas,7/25/2025 13:54,324.09,4.82,19716.07,167.69,54.01,0
SHP001517,UPS,0,Ocean,Atlanta,San Francisco,11/16/2025 10:23,1301.16,7.25,37996.61,153.24,260.23,0
SHP001518,FedEx,0,Ocean,Boston,Chicago,12/16/2025 1:39,1766.44,12.13,12629.97,18.54,353.29,0
SHP001519,DHL,0,Rail,Tampa,Chicago,2/23/2025 9:24,717.03,4.81,22292.64,178.92,21.51,0
SHP001520,UPS,0,Ocean,New York,Chicago,7/18/2025 14:42,3854.77,23.24,15405.26,129.86,770.95,0
SHP001521,Old Dominion,0,Air,Boston,Dallas,11/25/2025 17:57,957.36,2.1,30501.05,103.79,95.74,0
SHP001522,C.H. Robinson,LTL,Road,Chicago,Miami,7/23/2025 13:12,865.69,0.37,4276.49,388.16,0,1298.54
SHP001523,XPO Logistics,0,Air,New York,Dallas,6/25/2025 19:31,1214.58,2.47,8596.68,371.26,121.46,0
SHP001524,DHL,0,Ocean,New York,Dallas,8/21/2025 1:34,892.09,20.76,8328.76,437.32,178.42,0
SHP001525,FedEx,0,Ocean,Chicago,Miami,4/20/2025 10:36,3143.97,17.9,13109.4,453.05,628.79,0
SHP001526,XPO Logistics,0,Ocean,Tampa,Boston,7/5/2025 13:30,1449.78,5.93,19974.69,41.89,289.96,0
SHP001527,DHL,LTL,Road,Tampa,Boston,5/19/2025 8:40,275.38,5.68,9768.42,188.75,45.9,0
SHP001528,C.H. Robinson,LTL,Road,New York,Dallas,6/2/2025 22:28,1111.78,3.38,2806.96,351.5,185.3,0
SHP001529,C.H. Robinson,0,Rail,San Francisco,New York,1/28/2025 2:57,1254.24,7.92,10969.37,336.36,37.63,0
SHP001530,Old Dominion,0,Air,San Francisco,New York,4/12/2025 11:26,440.46,0.9,654.78,499.73,44.05,0
SHP001531,C.H. Robinson,0,Ocean,Chicago,Miami,8/12/2025 11:58,6517.05,19.31,20634.18,150.73,1303.41,0
SHP001532,Schneider,LTL,Road,New York,Miami,11/12/2025 4:20,223.95,1.89,3853.32,378.4,37.32,0
SHP001533,C.H. Robinson,LTL,Road,Boston,New York,6/12/2025 3:50,670.61,0.7,327.59,52.06,111.77,0
SHP001534,UPS,0,Air,Tampa,San Francisco,3/6/2025 20:28,1408.35,3.77,25677.4,401.11,140.84,0
SHP001535,XPO Logistics,LTL,Road,Dallas,San Francisco,3/27/2025 19:24,586.33,2.33,1217.74,438.09,97.72,0
SHP001536,Schneider,0,Air,Dallas,New York,12/14/2025 18:00,2414.53,1.09,20734.29,244.2,241.45,0
SHP001537,UPS,0,Air,Tampa,Dallas,6/7/2025 16:52,1987.75,3.81,23400.97,270.57,198.78,0
SHP001538,C.H. Robinson,0,Ocean,Boston,Dallas,7/30/2025 11:22,877.42,3.38,7900.2,17.2,175.48,0
SHP001539,DHL,0,Air,New York,Chicago,8/23/2025 13:23,2307.05,3.03,5874.22,418.2,230.71,0
SHP001540,C.H. Robinson,0,Rail,Miami,Dallas,5/26/2025 21:44,447.66,3.11,10334.59,186.78,13.43,0
SHP001541,FedEx,0,Air,New York,Tampa,2/23/2025 2:41,987.59,2.21,16592.61,493.3,98.76,0
SHP001542,Old Dominion,0,Ocean,New York,San Francisco,11/16/2025 17:06,919.45,5.13,2586.62,313.29,183.89,0
SHP001543,UPS,FTL,Road,Miami,New York,8/21/2025 17:24,112.69,5.06,20721.58,263.98,18.78,0
SHP001544,C.H. Robinson,0,Rail,Boston,Tampa,6/29/2025 14:26,1098.55,2.2,8308.77,160.09,32.96,0
SHP001545,C.H. Robinson,FTL,Road,Dallas,Atlanta,12/4/2025 8:19,732.52,1.46,5095.1,485.09,122.09,0
SHP001546,DHL,0,Rail,Tampa,San Francisco,1/17/2025 0:01,235.17,6.62,31627.39,149.31,7.06,0
SHP001547,XPO Logistics,0,Air,Atlanta,Chicago,3/29/2025 18:27,666.19,1.01,28048.55,321.76,66.62,0
SHP001548,FedEx,0,Ocean,Dallas,Atlanta,11/26/2025 12:53,6370.59,22.62,27831.13,78.77,1274.12,0
SHP001549,C.H. Robinson,0,Ocean,Chicago,Miami,7/19/2025 23:11,2325.82,20.53,8767.59,37.19,465.16,0
SHP001550,DHL,0,Air,Chicago,San Francisco,4/29/2025 3:45,2198.86,1.91,36841.58,325.48,219.89,0
SHP001551,UPS,FTL,Road,San Francisco,Boston,6/15/2025 6:05,153.98,5.7,10713.01,169.27,25.66,0
SHP001552,UPS,FTL,Road,Tampa,Miami,3/20/2025 0:39,512.6,0.54,20112.36,62.54,85.43,0
SHP001553,Schneider,0,Ocean,Tampa,Miami,3/8/2025 14:40,3507.28,9.72,31027.18,401.78,701.46,0
SHP001554,XPO Logistics,0,Rail,Dallas,Miami,4/24/2025 9:12,445.46,3.57,15247.45,76.55,13.36,0
SHP001555,DHL,0,Ocean,San Francisco,Miami,1/27/2025 8:05,6488.4,17.56,8020.08,183.99,1297.68,0
SHP001556,J.B. Hunt,LTL,Road,New York,San Francisco,3/4/2025 3:09,171.68,3.86,1345.51,492.98,28.61,0
SHP001557,Schneider,0,Air,Chicago,Tampa,2/9/2025 15:54,2407.84,1.87,23353.28,455.76,240.78,0
SHP001558,UPS,0,Rail,Miami,Tampa,9/9/2025 0:26,1086.56,2.22,15458.78,421.73,32.6,0
SHP001559,Schneider,0,Ocean,New York,Chicago,12/18/2025 13:24,5331.6,16.32,34739.45,447.09,1066.32,0
SHP001560,DHL,0,Ocean,Chicago,New York,6/2/2025 0:57,7398.44,4.09,21992.98,370.51,1479.69,0
SHP001561,FedEx,LTL,Road,Atlanta,Chicago,11/11/2025 19:34,920.47,3.74,1792.86,398.91,153.41,0
SHP001562,FedEx,0,Rail,San Francisco,Tampa,4/9/2025 19:01,1352.18,1.6,18820.49,87.81,40.57,0
SHP001563,XPO Logistics,0,Rail,Dallas,Boston,7/6/2025 3:57,739.96,1.13,16313.03,275.39,22.2,0
SHP001564,J.B. Hunt,FTL,Road,Chicago,New York,12/21/2025 4:17,762.52,4.07,33533.51,108.52,0,1143.78
SHP001565,J.B. Hunt,0,Ocean,Dallas,Tampa,6/28/2025 22:35,1403.61,20.73,6686.21,487.41,280.72,0
SHP001566,XPO Logistics,0,Ocean,Boston,Dallas,9/20/2025 12:59,6819.04,13.02,39266.15,49.59,1363.81,0
SHP001567,C.H. Robinson,0,Air,Chicago,New York,12/18/2025 22:17,1118.28,2.73,14325.27,464.26,111.83,0
SHP001568,Old Dominion,FTL,Road,Chicago,Boston,9/7/2025 13:56,125.47,3.41,23839.22,326.71,20.91,0
SHP001569,C.H. Robinson,0,Ocean,San Francisco,Boston,6/13/2025 19:06,2417.5,10.02,33825.38,98.28,483.5,0
SHP001570,UPS,0,Ocean,Dallas,Atlanta,6/30/2025 11:57,6701.51,14.38,30606.41,357.09,1340.3,0
SHP001571,C.H. Robinson,0,Ocean,Chicago,Tampa,9/19/2025 8:37,2056.34,14.51,34775.06,216.63,411.27,0
SHP001572,Schneider,0,Air,Atlanta,Dallas,1/16/2025 3:11,2909.8,2.08,6140.03,195.33,290.98,0
SHP001573,Schneider,0,Ocean,Chicago,Dallas,5/6/2025 2:13,7637.77,9.03,34789.88,440.74,1527.55,0
SHP001574,Schneider,0,Air,Chicago,Boston,6/10/2025 3:00,1245.5,0.79,29120.04,156.44,124.55,0
SHP001575,UPS,FTL,Road,Dallas,San Francisco,6/14/2025 7:35,950.36,2.8,19668.04,389.18,158.39,0
SHP001576,UPS,0,Ocean,San Francisco,Atlanta,4/19/2025 16:13,3367.72,11.75,15359.52,184.3,673.54,0
SHP001577,C.H. Robinson,0,Air,New York,Atlanta,11/27/2025 13:43,1720.06,3.33,14789.85,262.6,172.01,0
SHP001578,Old Dominion,0,Air,Atlanta,New York,4/11/2025 1:51,2110.96,1.44,11462.15,466.77,211.1,0
SHP001579,Old Dominion,0,Ocean,Tampa,Dallas,8/4/2025 3:07,5926.51,14.7,26084.94,15.62,1185.3,0
SHP001580,FedEx,0,Rail,Atlanta,San Francisco,7/16/2025 7:36,1188.96,4.57,22057.11,180.35,35.67,0
SHP001581,Old Dominion,0,Air,Tampa,Miami,10/22/2025 0:58,519.98,1.18,38054.42,204.94,52,0
SHP001582,FedEx,0,Air,Chicago,Boston,7/26/2025 1:57,1560.04,0.68,1983.87,358.87,156,0
SHP001583,C.H. Robinson,0,Air,Tampa,New York,8/29/2025 3:53,1752.86,2.28,10103.42,372.63,175.29,0
SHP001584,Schneider,0,Air,San Francisco,Chicago,6/27/2025 12:05,754.24,1.16,18698.13,143.85,75.42,0
SHP001585,Old Dominion,0,Ocean,Tampa,San Francisco,6/2/2025 22:29,2355.97,16.2,26213.38,412.43,471.19,0
SHP001586,Schneider,FTL,Road,New York,Tampa,1/6/2025 4:06,530.36,0.67,11309.82,490.02,88.39,0
SHP001587,Schneider,0,Ocean,Dallas,New York,2/15/2025 6:46,4971.94,17.61,790.63,259.58,994.39,0
SHP001588,J.B. Hunt,LTL,Road,San Francisco,Boston,1/25/2025 9:04,93.16,3.52,9219.59,484.24,0,139.74
SHP001589,DHL,0,Air,Miami,Chicago,12/24/2025 5:59,1759.49,2.1,37828.18,337.13,175.95,0
SHP001590,C.H. Robinson,0,Ocean,New York,Chicago,6/13/2025 4:48,986.74,12.25,9989.68,235.43,197.35,0
SHP001591,Old Dominion,0,Ocean,New York,Atlanta,9/28/2025 7:36,3915.99,14.81,14592.43,82.97,783.2,0
SHP001592,J.B. Hunt,0,Ocean,San Francisco,Chicago,9/5/2025 7:05,4277.9,20.26,26728.48,169.85,855.58,0
SHP001593,XPO Logistics,0,Air,New York,Dallas,10/13/2025 7:42,2825.91,3.69,8769.26,20.67,282.59,0
SHP001594,C.H. Robinson,LTL,Road,Boston,Tampa,12/10/2025 6:29,902.51,5.01,9683.47,445.03,150.42,0
SHP001595,Schneider,0,Rail,Boston,Tampa,6/24/2025 6:52,1160.86,4.71,1599.72,124.08,34.83,0
SHP001596,DHL,0,Air,Boston,Atlanta,3/20/2025 16:06,1540.96,2.7,22511.45,371.58,154.1,0
SHP001597,XPO Logistics,0,Rail,Atlanta,Dallas,8/20/2025 19:32,647.63,4.95,3981.62,207.42,19.43,0
SHP001598,J.B. Hunt,0,Ocean,Dallas,Tampa,5/23/2025 13:10,6126.21,17.25,39630.39,139.67,1225.24,0
SHP001599,Old Dominion,LTL,Road,Boston,Tampa,5/4/2025 0:57,622.92,2.14,4489.94,428.62,103.82,0
SHP001600,Old Dominion,0,Rail,San Francisco,Tampa,9/1/2025 21:33,1294.73,7.18,8538.69,436.81,38.84,0
SHP001601,C.H. Robinson,0,Air,San Francisco,Tampa,10/9/2025 2:22,461.36,3.61,13498.41,157.98,46.14,0
SHP001602,Schneider,0,Rail,Chicago,San Francisco,9/15/2025 13:32,1019.34,7.58,2387.36,176.76,30.58,0
SHP001603,C.H. Robinson,FTL,Road,San Francisco,Chicago,11/29/2025 12:46,1035.06,2.53,8366.7,212.97,0,1552.59
SHP001604,J.B. Hunt,0,Rail,San Francisco,New York,7/26/2025 5:38,816.88,7.41,30596.41,253.05,24.51,0
SHP001605,XPO Logistics,0,Ocean,Miami,Tampa,12/15/2025 1:41,7912.78,12.24,2800.39,131.87,1582.56,0
SHP001606,UPS,LTL,Road,New York,Tampa,10/22/2025 8:15,551.48,1.15,9483.52,383.66,91.91,0
SHP001607,UPS,FTL,Road,Dallas,Atlanta,7/27/2025 12:25,358.53,3.65,28997.24,470.7,59.75,0
SHP001608,XPO Logistics,0,Rail,San Francisco,Dallas,4/16/2025 5:50,1610.62,4.61,31098.78,281.51,48.32,0
SHP001609,FedEx,0,Air,San Francisco,Miami,11/2/2025 9:46,1792.3,0.9,5482.44,265.24,179.23,0
SHP001610,Schneider,LTL,Road,Boston,Atlanta,12/19/2025 7:10,359.19,0.37,7269.97,17.21,59.87,0
SHP001611,Old Dominion,LTL,Road,Chicago,Dallas,3/14/2025 0:42,734.57,3.35,9692.82,242.62,122.43,0
SHP001612,UPS,0,Ocean,Atlanta,Tampa,4/1/2025 8:56,977.01,14.14,33723.3,498.43,195.4,0
SHP001613,FedEx,0,Rail,Tampa,Atlanta,6/30/2025 15:37,888.55,3.24,36312.81,96.43,26.66,0
SHP001614,FedEx,0,Ocean,Dallas,San Francisco,2/26/2025 1:52,5115.72,10.93,2122.75,174.3,1023.14,0
SHP001615,DHL,0,Air,Dallas,Atlanta,9/15/2025 5:48,1016.12,2.9,37977.22,134.76,101.61,0
SHP001616,Schneider,LTL,Road,San Francisco,Boston,8/20/2025 15:47,983.19,0.57,5450.49,36.2,163.87,0
SHP001617,Schneider,0,Air,Boston,Chicago,7/6/2025 14:00,2821.89,3.18,26489.02,412.12,282.19,0
SHP001618,UPS,0,Air,Atlanta,San Francisco,12/6/2025 19:30,2048.3,3.89,28701.34,462.4,204.83,0
SHP001619,DHL,0,Air,Tampa,Chicago,7/30/2025 7:42,1696.26,0.91,21363.02,64.31,169.63,0
SHP001620,C.H. Robinson,0,Air,Boston,Tampa,5/6/2025 18:47,1899.73,2.19,25091.73,6.01,189.97,0
SHP001621,C.H. Robinson,0,Air,Dallas,Miami,2/15/2025 6:58,826.07,2.22,38044.89,192.42,82.61,0
SHP001622,Schneider,FTL,Road,Boston,San Francisco,12/14/2025 11:56,538.03,4.36,24349.81,150.16,0,807.04
SHP001623,Schneider,0,Ocean,Miami,Chicago,6/8/2025 6:02,3581.12,6.79,38657.85,66.19,716.22,0
SHP001624,FedEx,FTL,Road,Boston,San Francisco,6/27/2025 9:07,477.61,0.4,9260.29,390.46,79.6,0
SHP001625,J.B. Hunt,0,Ocean,Chicago,San Francisco,12/15/2025 4:33,2008.81,3.76,19240.9,5.97,401.76,0
SHP001626,J.B. Hunt,0,Rail,San Francisco,Dallas,5/28/2025 2:51,335.63,6.65,30973.2,457.65,10.07,0
SHP001627,Old Dominion,FTL,Road,Tampa,Chicago,10/31/2025 3:03,1032.69,4.18,2567.15,391.64,172.12,0
SHP001628,FedEx,0,Air,Tampa,San Francisco,6/30/2025 21:53,2582.88,3.3,20584.92,117.22,258.29,0
SHP001629,DHL,FTL,Road,Chicago,Dallas,9/15/2025 21:49,1022.13,4.43,39240.07,78.69,170.35,0
SHP001630,XPO Logistics,FTL,Road,Chicago,Miami,10/27/2025 2:18,309.51,1.47,31805.32,94.27,0,464.26
SHP001631,C.H. Robinson,FTL,Road,Atlanta,New York,11/23/2025 12:27,126.66,5.99,1480.28,417.79,21.11,0
SHP001632,Schneider,FTL,Road,San Francisco,Atlanta,10/16/2025 13:43,470.17,5.09,22407.51,450.91,78.36,0
SHP001633,XPO Logistics,0,Rail,Dallas,Chicago,3/11/2025 13:35,1681.91,1.06,3478.78,125.93,50.46,0
SHP001634,Old Dominion,0,Air,San Francisco,Tampa,6/2/2025 18:59,2107.15,3.61,18667.71,303.88,210.72,0
SHP001635,Old Dominion,0,Rail,Miami,Boston,8/12/2025 3:08,501.6,6.63,38709.46,135.03,15.05,0
SHP001636,C.H. Robinson,0,Air,Atlanta,Dallas,7/1/2025 13:29,1636.03,0.8,22585.9,251.89,163.6,0
SHP001637,C.H. Robinson,0,Ocean,Boston,Tampa,10/14/2025 0:49,1583.27,11.73,13697.13,261.39,316.65,0
SHP001638,J.B. Hunt,LTL,Road,San Francisco,Boston,9/20/2025 11:08,723.5,0.3,7645.91,356.79,120.58,0
SHP001639,FedEx,FTL,Road,Chicago,San Francisco,8/25/2025 16:29,471.23,0.55,30319.84,477.63,78.54,0
SHP001640,UPS,LTL,Road,San Francisco,Boston,2/24/2025 10:38,326.17,2.11,1960.56,288.89,54.36,0
SHP001641,FedEx,0,Air,Boston,Atlanta,6/19/2025 1:07,718.07,1.75,28032.01,280.5,71.81,0
SHP001642,DHL,0,Rail,Chicago,Atlanta,9/11/2025 4:14,818.34,3.94,22703.38,3.93,24.55,0
SHP001643,XPO Logistics,0,Air,San Francisco,Miami,1/4/2025 15:39,511.98,3.58,3576.22,353.69,51.2,0
SHP001644,XPO Logistics,LTL,Road,Tampa,Chicago,3/3/2025 16:06,1108.04,1.81,3799.34,284.89,184.67,0
SHP001645,C.H. Robinson,0,Rail,New York,San Francisco,1/13/2025 16:28,1610.73,7.59,29712.75,44.22,48.32,0
SHP001646,J.B. Hunt,LTL,Road,San Francisco,Dallas,4/5/2025 7:53,819.53,2.61,4786.4,25.53,136.59,0
SHP001647,DHL,0,Ocean,New York,San Francisco,3/16/2025 20:01,1932.97,19.39,18431.37,151.53,386.59,0
SHP001648,XPO Logistics,0,Rail,Dallas,New York,9/19/2025 23:44,814.43,6.98,30085.46,136.89,24.43,0
SHP001649,Old Dominion,0,Ocean,Boston,Chicago,5/29/2025 21:06,1381.26,7.54,36869.88,291.21,276.25,0
SHP001650,UPS,0,Air,San Francisco,Dallas,7/17/2025 22:51,1740.4,2.59,14958.12,403.75,174.04,0
SHP001651,J.B. Hunt,0,Ocean,Miami,Boston,8/6/2025 4:01,4424.65,4.57,5598.07,268.89,884.93,0
SHP001652,J.B. Hunt,0,Ocean,New York,Atlanta,7/19/2025 0:37,7524.28,8.78,34846.88,382.28,1504.86,0
SHP001653,J.B. Hunt,FTL,Road,Tampa,Dallas,8/28/2025 23:29,334.98,0.46,4522.97,364.52,55.83,0
SHP001654,C.H. Robinson,LTL,Road,Atlanta,San Francisco,9/15/2025 6:22,279.62,2.38,5091.74,363.01,46.6,0
SHP001655,DHL,LTL,Road,Chicago,Dallas,10/16/2025 10:29,180.22,2.59,4927.97,270.87,30.04,0
SHP001656,C.H. Robinson,0,Air,San Francisco,Dallas,2/4/2025 20:30,2509.57,1.1,32409.34,346.75,250.96,0
SHP001657,J.B. Hunt,0,Ocean,Chicago,Atlanta,12/29/2025 16:49,4669.03,17.39,16774.7,70.06,933.81,0
SHP001658,C.H. Robinson,0,Rail,Atlanta,San Francisco,10/25/2025 11:37,1265.22,4.67,25755.3,169.66,37.96,0
SHP001659,UPS,LTL,Road,Tampa,Boston,4/29/2025 3:42,1092.9,3.63,991.21,225.45,182.15,0
SHP001660,XPO Logistics,0,Ocean,Boston,Chicago,4/29/2025 23:50,6172.67,19.47,20036.58,447.48,1234.53,0
SHP001661,J.B. Hunt,LTL,Road,Miami,Boston,2/2/2025 1:39,357.82,2.61,9001.18,448.23,59.64,0
SHP001662,FedEx,LTL,Road,New York,San Francisco,11/7/2025 20:53,838.57,5.19,1024.42,432.63,139.76,0
SHP001663,DHL,0,Rail,Atlanta,Tampa,12/24/2025 14:24,712.99,2.25,9955.11,209.57,21.39,0
SHP001664,J.B. Hunt,0,Rail,Dallas,Chicago,9/9/2025 14:43,601.91,3.24,5831.65,148.79,18.06,0
SHP001665,XPO Logistics,0,Rail,Dallas,Miami,3/24/2025 13:52,1115.65,4.09,14195.39,373.48,33.47,0
SHP001666,C.H. Robinson,LTL,Road,New York,Chicago,3/13/2025 0:23,1077.54,4.6,3420.21,372.48,0,1616.31
SHP001667,XPO Logistics,FTL,Road,Chicago,Miami,11/25/2025 16:31,224.78,1,14152.27,404.04,37.46,0
SHP001668,DHL,0,Rail,Boston,San Francisco,6/30/2025 11:39,594.16,1.44,5702.53,429.51,17.82,0
SHP001669,DHL,FTL,Road,Miami,Atlanta,2/6/2025 18:05,778.85,1.71,22434.19,264.26,129.81,0
SHP001670,Schneider,0,Air,New York,Tampa,9/13/2025 7:03,2069.68,1.32,34643.92,155.37,206.97,0
SHP001671,DHL,LTL,Road,San Francisco,Boston,12/27/2025 11:04,848.25,0.34,3820.67,176.5,141.38,0
SHP001672,J.B. Hunt,0,Air,New York,Atlanta,10/22/2025 7:54,1767.41,0.75,31710.19,109.67,176.74,0
SHP001673,Old Dominion,0,Ocean,Tampa,Atlanta,12/24/2025 3:37,5577.78,19.67,22694.14,370.7,1115.56,0
SHP001674,XPO Logistics,0,Air,Tampa,New York,6/23/2025 13:16,2087.02,1.74,32449.91,148.06,208.7,0
SHP001675,Schneider,0,Air,Tampa,Chicago,4/15/2025 17:52,1842.27,3.11,15468.76,152.08,184.23,0
SHP001676,FedEx,LTL,Road,Boston,Tampa,10/16/2025 19:44,578.25,4.95,9309.73,273,96.38,0
SHP001677,UPS,0,Air,New York,San Francisco,11/3/2025 23:39,2085.96,3.66,4392.6,116.81,208.6,0
SHP001678,Old Dominion,0,Ocean,Chicago,Dallas,1/22/2025 3:02,5816.75,20.12,34352.65,208.14,1163.35,0
SHP001679,XPO Logistics,0,Rail,Atlanta,Dallas,9/2/2025 9:50,342.94,4.06,9614.02,146.31,10.29,0
SHP001680,C.H. Robinson,LTL,Road,Tampa,Boston,4/11/2025 17:38,938.11,0.68,8301.67,214.41,156.35,0
SHP001681,C.H. Robinson,FTL,Road,Tampa,San Francisco,12/23/2025 4:27,735.47,0.77,13825.68,45.76,122.58,0
SHP001682,Schneider,0,Rail,New York,San Francisco,3/2/2025 19:57,1738.47,6.65,18655.49,112.58,52.15,0
SHP001683,XPO Logistics,0,Air,Dallas,Chicago,8/12/2025 1:15,2820.33,1.71,6858.89,282.02,282.03,0
SHP001684,FedEx,LTL,Road,Dallas,San Francisco,10/2/2025 18:02,1135.34,0.27,2495.53,469.29,189.22,0
SHP001685,DHL,0,Rail,Tampa,New York,1/30/2025 4:28,473.74,1.79,23022.4,431.06,14.21,0
SHP001686,XPO Logistics,0,Air,Tampa,Dallas,6/29/2025 19:41,1588.2,3.98,27327.28,37.96,158.82,0
SHP001687,UPS,0,Air,Chicago,Atlanta,7/23/2025 15:42,2980.65,1.93,11852.4,279.38,298.06,0
SHP001688,Schneider,LTL,Road,San Francisco,Atlanta,12/28/2025 23:52,399.95,0.75,164.07,225.34,66.66,0
SHP001689,J.B. Hunt,0,Rail,Boston,Atlanta,6/4/2025 11:49,1538.98,5.01,39968.69,144.14,46.17,0
SHP001690,UPS,0,Rail,San Francisco,Chicago,12/24/2025 17:32,648.73,2.12,6980.51,143.31,19.46,0
SHP001691,XPO Logistics,FTL,Road,Miami,Atlanta,9/6/2025 8:05,961.77,5.46,39015.94,116.91,160.29,0
SHP001692,Schneider,0,Rail,Dallas,Chicago,10/11/2025 6:07,1610.08,3.3,4957.2,435.14,48.3,0
SHP001693,Old Dominion,0,Rail,Tampa,Chicago,12/24/2025 14:41,1217.77,2.15,17478.33,144.34,36.53,0
SHP001694,J.B. Hunt,LTL,Road,Boston,Miami,5/23/2025 18:24,897.31,2.86,9894.41,28.32,0,1345.96
SHP001695,C.H. Robinson,LTL,Road,San Francisco,Boston,9/11/2025 0:55,458.27,3.02,5105.87,158.65,76.38,0
SHP001696,DHL,0,Ocean,Boston,Tampa,4/25/2025 6:24,5969.3,21.24,37579.41,402.74,1193.86,0
SHP001697,Schneider,0,Ocean,Tampa,Miami,6/6/2025 1:34,6879.35,14.11,33122.58,152.45,1375.87,0
SHP001698,C.H. Robinson,FTL,Road,San Francisco,Boston,4/21/2025 0:21,508.25,2.07,18961.8,143.5,84.71,0
SHP001699,J.B. Hunt,0,Ocean,Tampa,Boston,2/25/2025 17:24,7712.09,8.88,4372.76,263.88,1542.42,0
SHP001700,DHL,0,Ocean,Miami,San Francisco,10/18/2025 16:16,928.24,4.43,9165.88,232.71,185.65,0
SHP001701,FedEx,0,Ocean,Boston,Atlanta,5/2/2025 4:58,3749.38,19.59,29709.25,213.73,749.88,0
SHP001702,Schneider,0,Air,San Francisco,Tampa,5/8/2025 17:18,1201,1.61,31072.81,26.98,120.1,0
SHP001703,J.B. Hunt,0,Ocean,Tampa,Atlanta,5/21/2025 11:17,596.16,19.5,19347.28,66.31,119.23,0
SHP001704,Old Dominion,LTL,Road,San Francisco,Atlanta,5/16/2025 5:28,320.9,5.61,8616.1,355.18,53.48,0
SHP001705,XPO Logistics,FTL,Road,Tampa,San Francisco,7/3/2025 15:40,604.56,3.24,39022.16,482.92,0,906.84
SHP001706,Schneider,0,Ocean,Tampa,Atlanta,2/10/2025 8:57,2114.52,19.84,8291.09,107.56,422.9,0
SHP001707,Old Dominion,FTL,Road,Chicago,Dallas,5/22/2025 8:55,827.51,2.58,37296,45.42,137.92,0
SHP001708,FedEx,0,Rail,Dallas,Miami,3/31/2025 4:55,1018.44,7.43,36212.49,79.11,30.55,0
SHP001709,Old Dominion,0,Rail,New York,Miami,1/20/2025 5:43,786.62,5.33,6796.1,484.04,23.6,0
SHP001710,J.B. Hunt,0,Air,Tampa,Atlanta,4/27/2025 1:45,2769.82,1.08,5285.64,43.62,276.98,0
SHP001711,FedEx,0,Air,Tampa,Miami,6/30/2025 17:45,2755.5,1.18,16943.25,224.98,275.55,0
SHP001712,UPS,0,Rail,Atlanta,Tampa,2/9/2025 16:28,1158.42,1.5,9456.97,465.81,34.75,0
SHP001713,C.H. Robinson,LTL,Road,Dallas,Chicago,12/15/2025 13:04,1094.67,4.74,341.1,164.18,182.45,0
SHP001714,Schneider,0,Air,Chicago,Tampa,6/17/2025 19:50,1995.49,1.46,36428.67,317.31,199.55,0
SHP001715,FedEx,0,Air,Miami,Atlanta,7/11/2025 15:18,494.15,3.68,38331.78,39.78,49.41,0
SHP001716,FedEx,0,Rail,Atlanta,Tampa,5/29/2025 4:58,1051.78,3.12,16017.14,90.65,31.55,0
SHP001717,Schneider,LTL,Road,Atlanta,San Francisco,9/18/2025 18:45,714.78,5.76,5105.27,42.37,119.13,0
SHP001718,DHL,0,Rail,Miami,Boston,10/26/2025 1:42,1192,3.38,34309.04,217.9,35.76,0
SHP001719,C.H. Robinson,0,Ocean,New York,Tampa,4/25/2025 18:32,1946.3,6.2,30866.19,133.53,389.26,0
SHP001720,XPO Logistics,LTL,Road,Boston,Atlanta,8/14/2025 10:17,932.32,1.43,3318.61,233.28,155.39,0
SHP001721,Old Dominion,0,Air,Dallas,Chicago,5/5/2025 11:14,2846.63,3.76,8671.44,179.75,284.66,0
SHP001722,C.H. Robinson,0,Air,New York,Miami,5/4/2025 14:46,703.38,2.28,18693.01,450.48,70.34,0
SHP001723,Schneider,0,Air,New York,Dallas,10/14/2025 16:04,2811.01,1.84,19923.65,448.22,281.1,0
SHP001724,DHL,0,Ocean,Dallas,San Francisco,8/3/2025 7:36,6550.31,2.08,13142.35,211.47,1310.06,0
SHP001725,J.B. Hunt,0,Rail,Miami,Atlanta,10/27/2025 21:08,567.55,2.4,1992.49,322.04,17.03,0
SHP001726,C.H. Robinson,0,Air,Atlanta,Chicago,3/2/2025 2:26,1008.78,0.68,9623.68,401.16,100.88,0
SHP001727,Old Dominion,0,Rail,Boston,Atlanta,4/12/2025 5:56,1562.38,4.38,16934.79,488.95,46.87,0
SHP001728,Old Dominion,LTL,Road,New York,San Francisco,10/11/2025 22:59,280.65,1.49,3024.89,87.21,46.77,0
SHP001729,DHL,LTL,Road,Tampa,Boston,12/20/2025 5:04,486.27,5.49,6211.18,206.56,81.05,0
SHP001730,XPO Logistics,0,Ocean,Miami,Chicago,3/7/2025 12:44,7508.08,3.07,8805.91,283.38,1501.62,0
SHP001731,UPS,0,Air,New York,Dallas,6/22/2025 18:38,1961.99,0.64,16420.03,324.93,196.2,0
SHP001732,C.H. Robinson,LTL,Road,Atlanta,Dallas,11/19/2025 14:47,852.78,3.92,3307.55,47.67,142.13,0
SHP001733,UPS,0,Air,Boston,Atlanta,3/10/2025 23:11,1453.2,0.95,37931.13,238.11,145.32,0
SHP001734,Old Dominion,0,Rail,Tampa,Atlanta,10/31/2025 11:43,707.61,6.36,20168.97,155.71,21.23,0
SHP001735,J.B. Hunt,0,Ocean,Atlanta,Dallas,4/1/2025 16:46,6589.76,21.08,27083.82,24.44,1317.95,0
SHP001736,C.H. Robinson,LTL,Road,San Francisco,Dallas,10/16/2025 16:57,701.27,4.64,1494.55,115.11,116.88,0
SHP001737,FedEx,0,Air,Atlanta,Dallas,6/13/2025 5:09,2682.74,0.57,30232.72,237.41,268.27,0
SHP001738,Schneider,0,Rail,Miami,San Francisco,5/23/2025 18:56,914.84,1.05,32866.23,180.55,27.45,0
SHP001739,XPO Logistics,FTL,Road,San Francisco,New York,5/21/2025 15:28,671.88,4.14,28253.87,478.03,0,1007.82
SHP001740,XPO Logistics,0,Rail,San Francisco,Chicago,11/7/2025 3:59,1050.14,3.8,38171.29,321.41,31.5,0
SHP001741,DHL,0,Air,Chicago,Tampa,4/16/2025 17:53,1105.01,0.94,33780.9,181.73,110.5,0
SHP001742,J.B. Hunt,LTL,Road,Dallas,Tampa,1/14/2025 11:13,809.54,2.96,2109.46,301.24,134.92,0
SHP001743,UPS,0,Ocean,Boston,San Francisco,3/6/2025 14:18,955.12,11.09,22091.29,218.59,191.02,0
SHP001744,UPS,FTL,Road,Miami,Dallas,3/12/2025 8:46,910.97,5.01,30964.1,20.37,151.83,0
SHP001745,Schneider,0,Air,New York,Miami,4/24/2025 23:04,824.15,2.38,37425.47,417.64,82.42,0
SHP001746,UPS,0,Rail,Atlanta,Chicago,8/21/2025 20:47,1548.06,3.12,17463.19,235.88,46.44,0
SHP001747,Schneider,0,Air,Tampa,San Francisco,2/21/2025 22:50,724.9,0.61,37902.66,121.12,72.49,0
SHP001748,DHL,0,Rail,Tampa,Miami,11/18/2025 0:15,583.92,1.58,37176.06,290.29,17.52,0
SHP001749,DHL,0,Ocean,Dallas,Miami,4/11/2025 8:30,5502.78,22.05,14152,311.13,1100.56,0
SHP001750,XPO Logistics,0,Ocean,Chicago,Miami,9/12/2025 9:08,791,6.11,33334.21,383.62,158.2,0
SHP001751,DHL,LTL,Road,Tampa,San Francisco,10/13/2025 19:13,453.24,2.42,5405.51,1.12,0,679.86
SHP001752,Schneider,FTL,Road,San Francisco,Atlanta,10/26/2025 7:40,327.43,1.45,10394.08,403.15,54.57,0
SHP001753,Old Dominion,0,Ocean,Chicago,Dallas,4/29/2025 9:42,2597.55,6.21,20418.41,432.96,519.51,0
SHP001754,J.B. Hunt,0,Ocean,Miami,San Francisco,7/2/2025 17:30,2310.12,3.73,14577.99,374.08,462.02,0
SHP001755,XPO Logistics,LTL,Road,New York,Boston,8/3/2025 14:20,683.29,4.95,9601.98,396.54,113.88,0
SHP001756,UPS,0,Ocean,New York,Chicago,8/26/2025 10:42,5028.52,12.85,2082.73,492.18,1005.7,0
SHP001757,Old Dominion,0,Air,Miami,Atlanta,3/7/2025 15:53,1335.4,1.03,26835,142.86,133.54,0
SHP001758,XPO Logistics,0,Ocean,Dallas,Tampa,5/29/2025 8:32,4893.34,14.91,18106.33,418.22,978.67,0
SHP001759,Schneider,0,Ocean,Tampa,Atlanta,6/15/2025 8:43,2487.25,11.87,21738.84,332.15,497.45,0
SHP001760,J.B. Hunt,0,Ocean,Miami,Boston,8/15/2025 13:25,6379.79,10.69,26018.85,76.15,1275.96,0
SHP001761,Old Dominion,FTL,Road,Boston,Atlanta,11/22/2025 1:19,1122.55,2.45,29316.1,11.15,187.09,0
SHP001762,UPS,0,Ocean,Dallas,Atlanta,3/27/2025 17:13,2038.9,12.72,35190.97,264.1,407.78,0
SHP001763,FedEx,0,Air,Chicago,Atlanta,10/4/2025 0:46,2810.65,2.19,19872.74,60.75,281.06,0
SHP001764,Schneider,0,Ocean,New York,Boston,12/27/2025 10:58,6519.92,7.43,36034.69,455.5,1303.98,0
SHP001765,XPO Logistics,LTL,Road,Dallas,Chicago,3/22/2025 17:25,1134.81,3.24,6819.37,389.48,189.13,0
SHP001766,XPO Logistics,0,Air,Chicago,Dallas,6/19/2025 13:13,653.74,2.6,1854.77,249.29,65.37,0
SHP001767,Old Dominion,LTL,Road,Tampa,Boston,2/22/2025 16:25,228.07,1.3,3745.72,216.79,38.01,0
SHP001768,FedEx,LTL,Road,San Francisco,Chicago,11/20/2025 22:15,766.65,0.68,5111.36,92.13,0,1149.97
SHP001769,DHL,0,Air,New York,Boston,7/13/2025 20:25,1849.73,2.73,22490.02,369.41,184.97,0
SHP001770,C.H. Robinson,0,Air,New York,Tampa,2/7/2025 16:46,1206.14,3.18,17594.3,242.61,120.61,0
SHP001771,J.B. Hunt,LTL,Road,Chicago,Tampa,7/20/2025 6:53,795.32,0.36,6591.84,309.67,132.55,0
SHP001772,Old Dominion,0,Air,Miami,San Francisco,1/12/2025 9:17,1136.59,0.8,4091.95,461.69,113.66,0
SHP001773,C.H. Robinson,0,Rail,New York,Dallas,12/2/2025 18:30,1302.85,1.89,14590.57,296.65,39.09,0
SHP001774,J.B. Hunt,0,Air,Miami,Tampa,4/24/2025 13:35,2556.04,0.65,9847.01,444.98,255.6,0
SHP001775,C.H. Robinson,0,Ocean,San Francisco,Miami,10/1/2025 16:15,568.74,6.43,38381.45,307.09,113.75,0
SHP001776,FedEx,FTL,Road,Miami,Chicago,2/25/2025 14:14,350.92,0.64,1613.56,123.13,58.49,0
SHP001777,UPS,0,Ocean,Dallas,San Francisco,7/9/2025 15:36,7111.14,11.15,28953.17,459.22,1422.23,0
SHP001778,DHL,0,Air,Atlanta,New York,11/19/2025 2:06,1401.71,1.17,20926.16,454.13,140.17,0
SHP001779,C.H. Robinson,0,Rail,Boston,San Francisco,5/8/2025 2:09,1487,1.46,27856.63,286.38,44.61,0
SHP001780,J.B. Hunt,0,Ocean,Dallas,Tampa,9/10/2025 8:26,7305.97,4.69,21594.43,439.85,1461.19,0
SHP001781,C.H. Robinson,0,Air,Chicago,Tampa,6/14/2025 22:36,1407.06,2.19,3283.2,139.79,140.71,0
SHP001782,Schneider,FTL,Road,Dallas,Boston,9/8/2025 17:31,423.18,5.68,11665.36,230.97,70.53,0
SHP001783,UPS,0,Rail,Atlanta,Dallas,12/29/2025 15:32,1274.09,2.14,19714.47,369.53,38.22,0
SHP001784,UPS,FTL,Road,New York,San Francisco,1/7/2025 5:33,1046.88,3.85,26927.61,64.02,0,1570.32
SHP001785,C.H. Robinson,0,Rail,Dallas,San Francisco,2/28/2025 1:56,1713.24,1.93,31099.58,133.14,51.4,0
SHP001786,C.H. Robinson,0,Ocean,Chicago,Miami,9/26/2025 15:08,7501.95,17.84,30275.64,110.31,1500.39,0
SHP001787,J.B. Hunt,0,Ocean,Tampa,Dallas,3/2/2025 13:18,3822.8,15.59,30913.96,52.88,764.56,0
SHP001788,J.B. Hunt,0,Air,Atlanta,San Francisco,11/29/2025 5:09,2898.39,3.62,11178.77,411.56,289.84,0
SHP001789,Old Dominion,0,Rail,Atlanta,San Francisco,11/6/2025 8:30,1029.32,4.23,12920.15,290.9,30.88,0
SHP001790,Old Dominion,0,Rail,Atlanta,Miami,3/11/2025 5:33,1367.82,3.88,25354.16,349.96,41.03,0
SHP001791,XPO Logistics,FTL,Road,Miami,New York,2/4/2025 0:19,867.79,0.55,34460.04,229.67,0,1301.68
SHP001792,FedEx,0,Rail,New York,Atlanta,8/23/2025 10:06,619.87,2.69,19579.06,443.53,18.6,0
SHP001793,XPO Logistics,0,Ocean,Chicago,Tampa,6/29/2025 20:35,3337.61,18.49,4324.34,238.55,667.52,0
SHP001794,C.H. Robinson,0,Air,Tampa,Chicago,5/21/2025 9:52,2977.55,3.2,8815.88,251.22,297.76,0
SHP001795,XPO Logistics,0,Air,Atlanta,San Francisco,7/26/2025 8:35,930.79,1.93,31313.32,385.84,93.08,0
SHP001796,UPS,LTL,Road,New York,Miami,4/2/2025 8:36,312.32,5.55,5986.8,190.58,52.05,0
SHP001797,J.B. Hunt,0,Rail,Miami,Chicago,10/22/2025 18:38,1003.1,5.24,22615.68,243.72,30.09,0
SHP001798,UPS,0,Ocean,Dallas,New York,1/2/2025 7:13,4287,5.88,32602.95,271.34,857.4,0
SHP001799,UPS,0,Rail,Chicago,New York,9/1/2025 0:20,409.73,6.36,37331.54,473.71,12.29,0
SHP001800,UPS,LTL,Road,Boston,Dallas,6/17/2025 9:32,474.37,1.03,5256.24,57.19,79.06,0
SHP001801,Schneider,0,Rail,Miami,Dallas,7/17/2025 22:30,1694.38,2.29,10484.25,203.91,50.83,0
SHP001802,XPO Logistics,0,Air,Atlanta,San Francisco,2/10/2025 19:53,1334.54,3.28,18524.51,86.21,133.45,0
SHP001803,Old Dominion,0,Rail,San Francisco,Miami,3/15/2025 13:35,627.54,4.56,6324.43,306.22,18.83,0
SHP001804,C.H. Robinson,0,Ocean,San Francisco,Miami,3/3/2025 17:57,4743.1,17.72,37539.33,456.22,948.62,0
SHP001805,Schneider,0,Air,Chicago,Tampa,7/7/2025 14:49,2854.4,1.36,5696.83,151.84,285.44,0
SHP001806,Schneider,0,Ocean,Dallas,Atlanta,10/14/2025 6:24,7213.14,23.39,34443.34,55.9,1442.63,0
SHP001807,XPO Logistics,0,Rail,Tampa,Chicago,8/15/2025 11:33,1715.88,3.96,867.76,221.75,51.48,0
SHP001808,FedEx,FTL,Road,Atlanta,Tampa,5/10/2025 16:58,102.98,3.38,13872.88,237.24,17.16,0
SHP001809,C.H. Robinson,0,Air,Tampa,Miami,5/21/2025 20:30,1955.56,3.54,26645.11,217.59,195.56,0
SHP001810,Old Dominion,FTL,Road,San Francisco,Miami,10/20/2025 0:55,992.34,5.46,5230.52,266.43,0,1488.51
SHP001811,UPS,0,Ocean,Boston,New York,8/31/2025 23:55,2633.84,3.04,26907.59,431.52,526.77,0
SHP001812,DHL,FTL,Road,Tampa,Atlanta,3/20/2025 22:47,237.34,4.92,34209.13,457.26,39.56,0
SHP001813,FedEx,0,Rail,New York,San Francisco,3/3/2025 1:28,624.46,7.33,13166.18,276.62,18.73,0
SHP001814,XPO Logistics,0,Air,New York,Boston,10/6/2025 8:54,436.37,0.65,28954.74,222.8,43.64,0
SHP001815,FedEx,FTL,Road,Atlanta,Miami,10/28/2025 23:23,344.74,1.34,26963.16,1.2,0,517.11
SHP001816,UPS,0,Ocean,Miami,Boston,12/8/2025 21:03,6544.18,3.74,8063.84,193.73,1308.84,0
SHP001817,Old Dominion,0,Rail,Chicago,Miami,5/17/2025 2:11,975.77,3.48,13168.13,481.99,29.27,0
SHP001818,FedEx,FTL,Road,Dallas,Miami,3/30/2025 20:47,787.82,0.38,17491.95,437.63,131.3,0
SHP001819,Old Dominion,0,Air,San Francisco,Atlanta,6/29/2025 3:21,1113.93,0.83,30456.2,303.4,111.39,0
SHP001820,DHL,FTL,Road,New York,Tampa,4/4/2025 23:05,705.86,0.56,6049.71,311.65,117.64,0
SHP001821,Schneider,0,Air,Tampa,Boston,3/28/2025 0:13,861.12,2.26,22022.83,142.47,86.11,0
SHP001822,XPO Logistics,0,Ocean,New York,Miami,5/7/2025 9:53,7613.19,20.53,29033.75,39.92,1522.64,0
SHP001823,DHL,0,Rail,San Francisco,Tampa,7/14/2025 22:18,369.81,4.45,6848.18,489.15,11.09,0
SHP001824,XPO Logistics,0,Air,Chicago,Atlanta,6/11/2025 13:14,728,2.21,14882.78,320.05,72.8,0
SHP001825,Old Dominion,0,Air,Dallas,New York,6/1/2025 8:44,648.4,2.01,11350.85,443.99,64.84,0
SHP001826,Schneider,0,Air,New York,San Francisco,7/1/2025 18:23,409.58,3.7,33403.27,149.49,40.96,0
SHP001827,XPO Logistics,0,Ocean,Chicago,Tampa,10/27/2025 12:09,6419.68,2.69,38691.19,263.77,1283.94,0
SHP001828,Schneider,0,Ocean,Atlanta,Miami,12/16/2025 9:13,2774.61,9.98,3123.01,494.69,554.92,0
SHP001829,Old Dominion,0,Air,New York,Atlanta,4/18/2025 8:13,406.09,2.79,17988.07,474.51,40.61,0
SHP001830,DHL,0,Air,Tampa,New York,9/22/2025 21:40,964.2,2.36,19553.07,351.73,96.42,0
SHP001831,C.H. Robinson,0,Ocean,Chicago,San Francisco,10/28/2025 10:23,1010.08,6.26,8975.31,369.34,202.02,0
SHP001832,Old Dominion,FTL,Road,New York,Miami,1/5/2025 5:26,267.51,3.55,9002.13,430.95,44.59,0
SHP001833,Schneider,0,Air,Atlanta,Miami,2/21/2025 5:58,2843.9,2.31,14416.2,117.79,284.39,0
SHP001834,FedEx,0,Air,Chicago,San Francisco,10/7/2025 5:48,434.41,1.44,26342.31,267.27,43.44,0
SHP001835,C.H. Robinson,0,Ocean,Boston,San Francisco,10/22/2025 22:27,7580.31,10.72,27907.6,245.17,1516.06,0
SHP001836,Old Dominion,0,Ocean,Dallas,Chicago,7/11/2025 19:21,4344.32,7.89,18470.56,235.92,868.86,0
SHP001837,C.H. Robinson,0,Ocean,San Francisco,Tampa,4/30/2025 16:06,5799.82,22.69,13508.19,22.06,1159.96,0
SHP001838,DHL,0,Ocean,San Francisco,Atlanta,7/25/2025 18:01,4222.21,13.98,7153.4,380.47,844.44,0
SHP001839,DHL,0,Rail,San Francisco,Atlanta,12/24/2025 16:12,1775.89,7.62,8285.69,437.81,53.28,0
SHP001840,DHL,0,Rail,Atlanta,Boston,1/28/2025 2:19,1327.19,4.18,21854.13,424.95,39.82,0
SHP001841,DHL,0,Air,Boston,Dallas,3/26/2025 14:00,1596.36,1.81,19983.28,289.99,159.64,0
SHP001842,XPO Logistics,0,Rail,Chicago,Dallas,6/7/2025 2:11,502.52,7.31,27130.38,317,15.08,0
SHP001843,Schneider,0,Rail,Miami,Tampa,5/6/2025 4:43,359.19,5.23,5277.95,40.27,10.78,0
SHP001844,XPO Logistics,FTL,Road,Chicago,Dallas,10/9/2025 21:25,656.41,2.57,23758.01,45.52,0,984.62
SHP001845,UPS,0,Ocean,Miami,Boston,8/26/2025 22:15,3732.37,5.85,39490.45,281.01,746.47,0
SHP001846,Schneider,0,Ocean,Chicago,Dallas,3/10/2025 12:49,5655.78,9.16,4242.19,487.96,1131.16,0
SHP001847,Schneider,0,Air,Miami,San Francisco,7/21/2025 17:04,1072.9,1.98,26169.62,13.32,107.29,0
SHP001848,XPO Logistics,0,Ocean,Tampa,Chicago,11/8/2025 5:49,6576.94,13.8,11489.58,31.74,1315.39,0
SHP001849,C.H. Robinson,0,Air,Atlanta,Chicago,9/14/2025 0:39,738.75,3.63,27597.96,125.7,73.88,0
SHP001850,UPS,LTL,Road,Chicago,San Francisco,4/19/2025 9:27,125.44,4.22,5788.22,202.86,0,188.16
SHP001851,J.B. Hunt,0,Air,Miami,Atlanta,4/3/2025 13:09,1281.75,1.26,26949.64,485.36,128.18,0
SHP001852,C.H. Robinson,0,Air,Miami,Atlanta,9/4/2025 1:16,774.43,2.59,17255.31,223.9,77.44,0
SHP001853,UPS,0,Rail,Chicago,San Francisco,12/16/2025 16:53,606.64,6.78,19667.6,272.16,18.2,0
SHP001854,C.H. Robinson,0,Ocean,New York,Dallas,12/18/2025 23:06,2785.71,6,3893.46,357.35,557.14,0
SHP001855,FedEx,LTL,Road,Atlanta,New York,7/16/2025 21:29,275.67,4.22,3995.21,208.47,45.95,0
SHP001856,J.B. Hunt,0,Ocean,Miami,Dallas,1/28/2025 9:27,4018.83,10.09,4474.49,155.51,803.77,0
SHP001857,UPS,FTL,Road,Atlanta,Boston,6/21/2025 17:23,813.29,4.08,11805.86,230.59,135.55,0
SHP001858,DHL,0,Rail,Miami,San Francisco,7/16/2025 21:05,509.52,2.47,1410.36,448.48,15.29,0
SHP001859,Old Dominion,FTL,Road,San Francisco,New York,11/11/2025 23:55,292.31,1.56,11544.26,64.58,48.72,0
SHP001860,Old Dominion,0,Ocean,Tampa,San Francisco,5/25/2025 1:07,5294.47,3.65,5801,322.73,1058.89,0
SHP001861,J.B. Hunt,0,Ocean,Atlanta,Tampa,11/3/2025 21:23,3047.45,17.57,22518.28,128.75,609.49,0
SHP001862,J.B. Hunt,0,Ocean,Atlanta,Miami,6/1/2025 0:34,5381.21,4.56,21688.21,219.14,1076.24,0
SHP001863,Schneider,0,Rail,San Francisco,Chicago,8/2/2025 0:28,628.6,5.23,34917.68,499.45,18.86,0
SHP001864,FedEx,0,Air,Tampa,Atlanta,2/27/2025 11:46,1940.96,1.92,9395.68,129.29,194.1,0
SHP001865,DHL,0,Ocean,Dallas,New York,2/13/2025 17:06,4095.91,10.08,36595.67,184.78,819.18,0
SHP001866,XPO Logistics,0,Rail,Boston,Dallas,5/21/2025 11:29,797.51,3.68,33546.5,325.74,23.93,0
SHP001867,DHL,0,Ocean,Tampa,New York,6/17/2025 11:02,5106.27,9.35,32807.21,20.14,1021.25,0
SHP001868,FedEx,FTL,Road,New York,Dallas,6/4/2025 13:25,1051.42,3.2,16230.88,249.09,175.24,0
SHP001869,UPS,0,Rail,San Francisco,Miami,12/1/2025 23:56,1267.86,1.09,34926.3,223.92,38.04,0
SHP001870,J.B. Hunt,0,Ocean,New York,Boston,4/9/2025 18:16,3072.25,5.04,17858.88,248.67,614.45,0
SHP001871,C.H. Robinson,0,Rail,Tampa,Dallas,10/21/2025 15:13,845.83,5.75,17125.41,480.75,25.37,0
SHP001872,C.H. Robinson,0,Air,Chicago,Dallas,9/14/2025 21:02,1918.05,3.33,4819.56,199.25,191.81,0
SHP001873,FedEx,0,Rail,San Francisco,Chicago,1/3/2025 13:13,738.96,4.99,34513.98,40.09,22.17,0
SHP001874,Schneider,0,Ocean,Chicago,Dallas,5/17/2025 14:38,1044.31,20.71,8907.58,334.71,208.86,0
SHP001875,J.B. Hunt,LTL,Road,Dallas,Tampa,4/24/2025 2:39,674.31,5.04,1382.13,65.76,112.38,0
SHP001876,C.H. Robinson,0,Ocean,Miami,Atlanta,11/1/2025 10:34,4676.14,22.82,16892.41,164.14,935.23,0
SHP001877,Old Dominion,0,Ocean,Tampa,Dallas,6/24/2025 10:22,5050.17,22.47,33558.65,497.75,1010.03,0
SHP001878,DHL,0,Rail,Boston,Miami,9/13/2025 6:34,236.11,1.79,24573.98,410.47,7.08,0
SHP001879,UPS,0,Ocean,San Francisco,Dallas,1/17/2025 21:54,2639.33,7.26,31585.54,29.13,527.87,0
SHP001880,Schneider,0,Ocean,Atlanta,Tampa,4/17/2025 23:33,3270.37,13.13,22633.77,364.58,654.07,0
SHP001881,Old Dominion,0,Air,San Francisco,Boston,6/11/2025 14:43,1258.08,2.64,23622.33,274.26,125.81,0
SHP001882,FedEx,LTL,Road,Chicago,Atlanta,8/9/2025 13:48,786.56,1.74,983.79,60.52,131.09,0
SHP001883,C.H. Robinson,0,Air,Boston,New York,7/12/2025 17:08,906.37,2.25,33697.49,350.95,90.64,0
SHP001884,DHL,LTL,Road,Miami,New York,2/26/2025 18:18,957.4,2.27,4135.84,197.45,159.57,0
SHP001885,XPO Logistics,0,Rail,Miami,San Francisco,7/29/2025 11:48,507,1.43,23841.19,494.62,15.21,0
SHP001886,Schneider,0,Ocean,San Francisco,Chicago,7/5/2025 20:06,1751.22,3.03,31291.5,127.04,350.24,0
SHP001887,Old Dominion,0,Ocean,Dallas,Boston,7/26/2025 15:48,6722.33,17.49,37854.1,205.05,1344.47,0
SHP001888,FedEx,0,Air,Boston,New York,4/1/2025 12:18,2087.32,2.13,25408.25,225.35,208.73,0
SHP001889,UPS,0,Air,Boston,Atlanta,3/30/2025 21:58,809.31,2.28,21379.08,405.49,80.93,0
SHP001890,FedEx,0,Ocean,Miami,Dallas,7/30/2025 6:40,6016.41,16.6,4978.79,360.59,1203.28,0
SHP001891,C.H. Robinson,0,Rail,Chicago,Atlanta,11/14/2025 16:05,1000.49,7.26,36834.9,28.52,30.01,0
SHP001892,Schneider,FTL,Road,Dallas,New York,8/30/2025 21:05,993.74,0.47,15003.2,271.61,165.62,0
SHP001893,XPO Logistics,FTL,Road,Dallas,Boston,8/23/2025 11:46,220.32,4.54,830.01,85.13,36.72,0
SHP001894,J.B. Hunt,0,Rail,Boston,Atlanta,4/13/2025 10:08,1129.27,6,36707.4,353.04,33.88,0
SHP001895,Old Dominion,LTL,Road,Dallas,Atlanta,5/6/2025 21:38,822.55,2.52,162.65,60.96,137.09,0
SHP001896,Schneider,0,Rail,Chicago,San Francisco,9/14/2025 20:07,1055.29,5.73,16989.21,365.61,31.66,0
SHP001897,FedEx,0,Rail,Dallas,San Francisco,2/5/2025 0:47,1034.98,1.52,8084.64,420.16,31.05,0
SHP001898,C.H. Robinson,0,Ocean,Boston,Miami,7/17/2025 2:50,5936.85,21.68,5143.51,495.12,1187.37,0
SHP001899,FedEx,0,Air,New York,Miami,11/7/2025 20:34,865.4,0.54,39898.21,141.26,86.54,0
SHP001900,C.H. Robinson,0,Ocean,Boston,Miami,1/31/2025 9:51,5510.15,5.89,23419.03,452.11,1102.03,0
SHP001901,C.H. Robinson,FTL,Road,Miami,Atlanta,11/19/2025 20:28,418.21,4.1,7922.19,312.77,69.7,0
SHP001902,DHL,LTL,Road,Chicago,Boston,10/24/2025 3:46,436.92,1.46,3234.84,90.24,72.82,0
SHP001903,XPO Logistics,0,Air,Miami,Atlanta,6/23/2025 4:58,2735.17,1.89,10188.53,224.76,273.52,0
SHP001904,UPS,0,Ocean,Dallas,Chicago,2/19/2025 10:41,2904.02,18.38,38863.19,219.58,580.8,0
SHP001905,J.B. Hunt,0,Ocean,Boston,Miami,5/6/2025 8:21,6957.75,14.45,6710.81,345.62,1391.55,0
SHP001906,J.B. Hunt,0,Ocean,Atlanta,Boston,8/19/2025 22:16,4350.76,16.31,35642.65,220.78,870.15,0
SHP001907,Schneider,LTL,Road,Chicago,Atlanta,4/24/2025 11:36,1086.35,4.57,4962.76,302.01,181.06,0
SHP001908,J.B. Hunt,0,Air,San Francisco,Miami,3/23/2025 18:40,1179.07,3.94,26860.37,22.88,117.91,0
SHP001909,DHL,0,Ocean,Boston,Atlanta,5/31/2025 4:47,2949.66,15.71,2725.16,12.92,589.93,0
SHP001910,XPO Logistics,0,Rail,San Francisco,Boston,7/16/2025 8:40,920.04,3.33,17812.8,132.08,27.6,0
SHP001911,C.H. Robinson,LTL,Road,San Francisco,New York,5/13/2025 11:46,239.43,4.21,5218.53,100.88,39.91,0
SHP001912,Schneider,0,Ocean,Chicago,Dallas,11/26/2025 4:37,2896.92,15.02,3353.06,74.58,579.38,0
SHP001913,Old Dominion,0,Air,Miami,Boston,9/6/2025 20:10,497.76,3.34,30220.16,376.9,49.78,0
SHP001914,Schneider,0,Rail,Boston,Dallas,1/8/2025 21:04,1346.12,5.69,19341.18,321.5,40.38,0
SHP001915,UPS,0,Rail,San Francisco,New York,4/25/2025 4:17,261.38,5.35,31226.17,250.68,7.84,0
SHP001916,FedEx,0,Rail,Atlanta,Dallas,8/24/2025 18:58,772.02,2.94,25890.68,346.71,23.16,0
SHP001917,UPS,0,Rail,Dallas,Chicago,12/7/2025 1:25,1593.55,3.4,30906.01,281.12,47.81,0
SHP001918,UPS,0,Air,New York,Dallas,10/11/2025 17:54,2683.66,2.35,20946.38,289.36,268.37,0
SHP001919,XPO Logistics,FTL,Road,Dallas,New York,4/4/2025 22:59,911.71,5.8,3405.75,27.66,151.95,0
SHP001920,J.B. Hunt,0,Rail,Boston,New York,1/21/2025 19:17,1700.08,4.71,24788.67,241.73,51,0
SHP001921,XPO Logistics,LTL,Road,New York,Chicago,2/1/2025 6:14,157.71,4.67,7510.16,156.54,26.29,0
SHP001922,UPS,0,Ocean,Boston,Tampa,10/2/2025 1:20,2796.79,20.43,3358.11,440.67,559.36,0
SHP001923,XPO Logistics,0,Rail,Boston,Tampa,8/15/2025 2:30,610.66,5.15,37471.77,339.38,18.32,0
SHP001924,UPS,LTL,Road,Boston,Chicago,10/25/2025 13:55,526.59,4.21,3538.2,139.35,87.77,0
SHP001925,Old Dominion,0,Ocean,Dallas,Atlanta,11/22/2025 19:48,7975.12,18.52,25966.44,178.29,1595.02,0
SHP001926,Old Dominion,FTL,Road,Miami,San Francisco,11/20/2025 5:21,106.53,0.43,22390.16,381.25,17.75,0
SHP001927,J.B. Hunt,0,Air,San Francisco,Chicago,9/30/2025 7:21,1750.92,3.44,1820.35,184.01,175.09,0
SHP001928,Schneider,0,Air,Boston,Tampa,4/4/2025 15:00,940.09,2.07,3358.87,477.11,94.01,0
SHP001929,C.H. Robinson,0,Ocean,Boston,New York,4/2/2025 2:48,2174.42,22.29,17322.78,492.78,434.88,0
SHP001930,DHL,0,Air,New York,Boston,8/15/2025 10:40,1795.96,3.76,711.29,374.37,179.6,0
SHP001931,J.B. Hunt,0,Rail,New York,Boston,4/29/2025 6:19,1644.88,1.98,4296.97,212.86,49.35,0
SHP001932,XPO Logistics,0,Air,Boston,Tampa,12/17/2025 9:59,2820.93,2.4,21334.53,71.42,282.09,0
SHP001933,DHL,0,Rail,Atlanta,New York,4/9/2025 12:50,201.26,6.67,3959.2,317.29,6.04,0
SHP001934,C.H. Robinson,0,Rail,Chicago,Dallas,9/22/2025 15:41,1663.39,2.46,26778.28,40.27,49.9,0
SHP001935,DHL,0,Air,Dallas,Chicago,8/30/2025 9:23,1930.14,1.07,29570.17,151.31,193.01,0
SHP001936,Old Dominion,0,Air,Atlanta,Miami,7/1/2025 23:20,1551.16,2.6,7265.3,371.08,155.12,0
SHP001937,C.H. Robinson,0,Air,Miami,San Francisco,7/21/2025 13:00,1117.13,2.82,6752.18,344.37,111.71,0
SHP001938,XPO Logistics,FTL,Road,Atlanta,Miami,8/22/2025 8:01,197.42,2.7,10264.64,374.44,32.9,0
SHP001939,C.H. Robinson,0,Rail,San Francisco,Chicago,7/11/2025 0:20,619.26,7.17,35726.9,99.02,18.58,0
SHP001940,XPO Logistics,0,Ocean,Atlanta,San Francisco,10/14/2025 23:12,5103.84,3.93,15965.72,356.95,1020.77,0
SHP001941,Schneider,0,Ocean,San Francisco,Tampa,2/8/2025 7:10,5445.67,15.74,11660.36,189.63,1089.13,0
SHP001942,Old Dominion,0,Ocean,Boston,Tampa,12/4/2025 12:44,1272.1,17.82,20403.61,354.67,254.42,0
SHP001943,UPS,0,Rail,San Francisco,Atlanta,10/28/2025 12:03,598.31,3.27,13701.51,13.85,17.95,0
SHP001944,DHL,FTL,Road,San Francisco,Atlanta,5/26/2025 3:30,442.21,4.87,35943.29,259.59,73.7,0
SHP001945,XPO Logistics,FTL,Road,Miami,Boston,3/19/2025 18:19,573.83,0.43,35228.57,7.49,0,860.75
SHP001946,J.B. Hunt,FTL,Road,Dallas,Chicago,12/5/2025 8:35,1136.46,3.06,14006.41,462.18,189.41,0
SHP001947,Schneider,LTL,Road,New York,Boston,12/31/2025 23:20,78.05,3.59,5556.99,110.44,13.01,0
SHP001948,Old Dominion,0,Ocean,Dallas,New York,6/14/2025 14:14,3716.66,16.35,29221.68,1.36,743.33,0
SHP001949,J.B. Hunt,0,Air,Atlanta,New York,12/13/2025 22:16,2829.5,1.08,9726.43,132.47,282.95,0
SHP001950,FedEx,LTL,Road,New York,Miami,7/22/2025 15:51,93.49,0.96,9865.55,158.29,15.58,0
SHP001951,Schneider,FTL,Road,Tampa,Atlanta,1/17/2025 16:55,182.6,0.87,28918.67,427.43,30.43,0
SHP001952,UPS,0,Ocean,San Francisco,Atlanta,6/20/2025 20:04,2427.14,2.46,9312.06,29.2,485.43,0
SHP001953,Old Dominion,LTL,Road,Chicago,Boston,2/14/2025 18:59,168.9,2.73,2414.7,258.46,28.15,0
SHP001954,J.B. Hunt,0,Rail,New York,Boston,12/17/2025 13:52,605.59,7.58,36284.79,283.84,18.17,0
SHP001955,UPS,0,Ocean,Boston,Atlanta,3/19/2025 20:21,3158.18,10.39,16768.17,364.06,631.64,0
SHP001956,C.H. Robinson,0,Rail,Atlanta,Dallas,9/28/2025 22:47,922.62,7,37791.74,168.64,27.68,0
SHP001957,XPO Logistics,FTL,Road,San Francisco,Tampa,7/19/2025 0:00,694.8,0.8,8418.53,207.32,115.8,0
SHP001958,Schneider,0,Air,Miami,New York,5/13/2025 7:37,856.75,3.57,6752.31,228.37,85.68,0
SHP001959,DHL,0,Ocean,Dallas,Boston,10/22/2025 11:57,5042.74,17.22,15631.24,434.68,1008.55,0
SHP001960,FedEx,0,Rail,Chicago,New York,6/7/2025 5:06,1109.31,4.08,3156.01,232.88,33.28,0
SHP001961,XPO Logistics,LTL,Road,Atlanta,Tampa,6/11/2025 7:42,993.85,3.78,8346.8,247.51,165.64,0
SHP001962,XPO Logistics,0,Rail,San Francisco,New York,8/6/2025 8:14,389.54,1.1,12477.17,349.3,11.69,0
SHP001963,C.H. Robinson,0,Air,Tampa,Chicago,8/14/2025 3:53,2433.7,1.54,20078.33,211.14,243.37,0
SHP001964,XPO Logistics,FTL,Road,Dallas,San Francisco,8/13/2025 12:12,522.1,1.58,5886.66,99.15,0,783.15
SHP001965,UPS,0,Ocean,New York,Tampa,3/31/2025 16:58,914.99,6.36,863.44,314,183,0
SHP001966,Schneider,0,Rail,Dallas,Tampa,9/8/2025 23:38,706.2,7.81,8151.82,173.57,21.19,0
SHP001967,Schneider,0,Air,Miami,New York,4/18/2025 2:51,1266.17,0.53,33648.71,16.97,126.62,0
SHP001968,FedEx,0,Ocean,San Francisco,Atlanta,2/27/2025 14:01,7551.35,21.63,21653.12,272.25,1510.27,0
SHP001969,J.B. Hunt,0,Ocean,Miami,Dallas,2/21/2025 11:23,5403.33,10.52,26065.28,23.34,1080.67,0
SHP001970,C.H. Robinson,FTL,Road,San Francisco,New York,2/13/2025 20:41,112.15,2.88,22210.08,444.02,18.69,0
SHP001971,DHL,0,Ocean,Tampa,Dallas,11/28/2025 10:02,1284.95,20.1,8796.87,197.65,256.99,0
SHP001972,DHL,0,Rail,Chicago,Atlanta,1/5/2025 4:33,706.56,3.8,6444.57,252.28,21.2,0
SHP001973,XPO Logistics,0,Rail,Boston,Miami,1/20/2025 1:38,1482.63,4.09,19879.24,424.54,44.48,0
SHP001974,DHL,0,Air,Atlanta,San Francisco,8/1/2025 5:26,2206.36,2.22,10678.98,442.58,220.64,0
SHP001975,UPS,0,Rail,Chicago,Miami,12/9/2025 5:23,1123.23,2.55,11130.23,401.76,33.7,0
SHP001976,Schneider,0,Rail,Tampa,San Francisco,4/15/2025 9:25,270.63,7.94,5648.89,398.24,8.12,0
SHP001977,Old Dominion,0,Air,Atlanta,Tampa,1/14/2025 10:01,1365.89,2.22,35285.7,207.04,136.59,0
SHP001978,DHL,LTL,Road,Miami,Tampa,11/3/2025 23:33,668.12,0.53,173.12,123.16,111.35,0
SHP001979,C.H. Robinson,0,Rail,New York,Tampa,6/28/2025 7:05,1288.93,1.85,4993.6,206.07,38.67,0
SHP001980,FedEx,LTL,Road,Boston,Dallas,10/2/2025 14:08,795.01,4.34,1907.74,40.71,132.5,0
SHP001981,Schneider,0,Air,Boston,Dallas,5/12/2025 4:20,2839.07,1.41,34207.19,431.88,283.91,0
SHP001982,XPO Logistics,FTL,Road,Boston,Atlanta,10/20/2025 6:08,938.4,1.22,32961.16,384.86,156.4,0
SHP001983,UPS,0,Rail,Chicago,New York,12/4/2025 2:47,1154.76,3.36,10869.09,61.82,34.64,0
SHP001984,J.B. Hunt,0,Ocean,San Francisco,Atlanta,2/23/2025 7:14,4323.18,14.88,14693.89,238.2,864.64,0
SHP001985,J.B. Hunt,0,Rail,San Francisco,Chicago,12/30/2025 14:42,781.62,5.49,36099.74,82.8,23.45,0
SHP001986,FedEx,0,Rail,Atlanta,Dallas,7/11/2025 21:09,810.25,1.99,25185.28,364.71,24.31,0
SHP001987,DHL,0,Ocean,Tampa,Boston,4/12/2025 5:00,7489.35,8.14,38033.34,32.57,1497.87,0
SHP001988,Schneider,LTL,Road,Chicago,San Francisco,10/20/2025 15:30,743.47,0.58,8953.68,265.37,123.91,0
SHP001989,J.B. Hunt,0,Rail,Miami,Dallas,4/20/2025 14:39,1270.96,6.82,6437.27,20.26,38.13,0
SHP001990,Schneider,0,Ocean,New York,Miami,5/24/2025 20:49,7091.61,8.93,5594.67,234.76,1418.32,0
SHP001991,Old Dominion,0,Air,Chicago,Dallas,6/24/2025 15:49,1915.43,0.61,11358.38,17.37,191.54,0
SHP001992,DHL,FTL,Road,San Francisco,Tampa,8/7/2025 20:01,533.39,5.4,39314.77,318.89,88.9,0
SHP001993,DHL,LTL,Road,Boston,Miami,10/9/2025 22:18,235.88,5.46,5235.04,77.72,0,353.82
SHP001994,DHL,0,Air,San Francisco,Dallas,8/12/2025 17:05,2788.66,3.15,29402.36,354.88,278.87,0
SHP001995,FedEx,0,Ocean,Dallas,New York,12/15/2025 7:49,2002.55,6.64,27687.57,110.64,400.51,0
SHP001996,FedEx,0,Rail,Atlanta,San Francisco,11/4/2025 4:36,901.87,6.47,31466.12,227.18,27.06,0
SHP001997,DHL,0,Air,Dallas,Miami,9/29/2025 5:23,2438.91,3.44,26363.64,114.98,243.89,0
SHP001998,C.H. Robinson,LTL,Road,Dallas,Boston,3/19/2025 17:39,365.11,2.06,1300.52,137.31,60.85,0
SHP001999,C.H. Robinson,0,Rail,San Francisco,Tampa,7/25/2025 9:24,535.23,4.19,36383.28,53.14,16.06,0
SHP002000,FedEx,0,Ocean,Boston,Chicago,3/11/2025 23:19,5902.01,17.12,4282.29,461.36,1180.4,0
SHP002001,FedEx,FTL,Road,San Francisco,New York,11/10/2025 19:04,703.74,2.34,30383.27,129.43,117.29,0
SHP002002,XPO Logistics,0,Ocean,Chicago,New York,9/4/2025 5:48,5701.32,2.87,33656.62,224.64,1140.26,0
SHP002003,XPO Logistics,0,Ocean,Chicago,Miami,8/3/2025 12:37,5275.2,6.87,27244.41,386.35,1055.04,0
SHP002004,C.H. Robinson,0,Rail,Atlanta,Tampa,4/26/2025 8:08,957.14,5.32,18524.87,447.15,28.71,0
SHP002005,UPS,LTL,Road,Dallas,San Francisco,5/22/2025 10:00,622.55,5.09,8043.32,205.84,0,933.82
SHP002006,XPO Logistics,0,Air,New York,Boston,11/18/2025 19:30,921.23,1.92,33135.59,114.59,92.12,0
SHP002007,Old Dominion,0,Ocean,San Francisco,Boston,3/5/2025 17:47,4433.27,19.73,14462.36,321.46,886.65,0
SHP002008,C.H. Robinson,0,Rail,New York,Boston,6/24/2025 8:02,593.01,1.76,31878.18,50.39,17.79,0
SHP002009,DHL,0,Air,New York,Miami,8/27/2025 13:37,1032.73,3.49,14185.54,486.55,103.27,0
SHP002010,Schneider,0,Ocean,San Francisco,New York,9/25/2025 3:05,7848.01,7.9,2118.64,352.83,1569.6,0
SHP002011,FedEx,0,Rail,Boston,Miami,12/26/2025 13:26,921.58,1.71,28447.15,16.56,27.65,0
SHP002012,J.B. Hunt,FTL,Road,San Francisco,Chicago,6/18/2025 13:42,1050.73,1.05,5528.82,88.66,175.12,0
SHP002013,Old Dominion,0,Air,New York,Tampa,2/21/2025 22:51,2892.72,2.93,32154.18,199.42,289.27,0
SHP002014,J.B. Hunt,0,Rail,Boston,New York,10/30/2025 13:42,738.1,2.64,19485.6,276.36,22.14,0
SHP002015,UPS,FTL,Road,Miami,San Francisco,12/8/2025 12:02,776.54,1.73,37971.84,85.71,129.42,0
SHP002016,C.H. Robinson,LTL,Road,New York,Boston,10/25/2025 21:45,1160.5,0.34,4889.09,167.35,193.42,0
SHP002017,Old Dominion,0,Ocean,Tampa,Dallas,11/28/2025 14:54,3868.43,14.55,17705.77,208.01,773.69,0
SHP002018,FedEx,FTL,Road,Miami,Atlanta,4/21/2025 18:11,892.63,4.19,33414.22,125.73,148.77,0
SHP002019,Old Dominion,0,Air,New York,Dallas,7/31/2025 0:46,1945.73,2.55,15104.64,243.54,194.57,0
SHP002020,XPO Logistics,0,Air,Atlanta,Boston,12/16/2025 11:22,1147.21,1,8945.15,53.65,114.72,0
SHP002021,J.B. Hunt,0,Air,Boston,Miami,1/25/2025 10:29,2144.29,2.81,38048.95,365.11,214.43,0
SHP002022,C.H. Robinson,0,Rail,Dallas,Atlanta,10/8/2025 20:20,283.27,7.19,34575.67,222.22,8.5,0
SHP002023,Schneider,0,Air,Chicago,Boston,9/13/2025 2:21,1881.83,3.92,21526.02,452.76,188.18,0
SHP002024,UPS,0,Rail,Atlanta,Boston,6/6/2025 3:58,332.86,2.34,17909.82,292.79,9.99,0
SHP002025,C.H. Robinson,0,Ocean,Atlanta,San Francisco,9/12/2025 20:11,6621.71,23.74,15859.63,24.66,1324.34,0
SHP002026,Schneider,0,Rail,San Francisco,Boston,12/29/2025 15:22,1481.87,5.23,8342.44,247.92,44.46,0
SHP002027,FedEx,0,Ocean,Atlanta,Boston,3/23/2025 5:20,6067.33,18.95,20234.93,153.3,1213.47,0
SHP002028,DHL,LTL,Road,San Francisco,Atlanta,10/14/2025 9:48,1169.8,4.06,4171.14,140.95,194.97,0
SHP002029,C.H. Robinson,0,Ocean,New York,Chicago,2/17/2025 2:45,5983.27,7.33,7282.54,265.39,1196.65,0
SHP002030,C.H. Robinson,0,Air,Chicago,Miami,6/24/2025 17:22,1082.97,2.7,5158.58,327.82,108.3,0
SHP002031,UPS,0,Rail,Miami,Tampa,5/31/2025 19:36,653.27,1,5513.97,466.87,19.6,0
SHP002032,DHL,0,Air,Dallas,San Francisco,1/21/2025 7:35,2641.86,1.32,31245.69,304.68,264.19,0
SHP002033,XPO Logistics,0,Air,Tampa,San Francisco,4/25/2025 22:14,2921.44,1.81,27417.69,32.7,292.14,0
SHP002034,J.B. Hunt,0,Rail,Boston,Atlanta,4/21/2025 4:00,834,7.75,21789.74,144.65,25.02,0
SHP002035,Old Dominion,0,Rail,Tampa,Boston,11/10/2025 15:53,392.43,5.92,25971.81,187.6,11.77,0
SHP002036,C.H. Robinson,0,Ocean,Dallas,San Francisco,4/6/2025 16:37,7632.06,2.49,12497.09,460.61,1526.41,0
SHP002037,Schneider,0,Ocean,San Francisco,Miami,7/6/2025 8:27,2907.02,7.55,21601.71,412.08,581.4,0
SHP002038,DHL,0,Air,Dallas,Chicago,10/4/2025 11:04,578.5,3.8,31905.38,91.44,57.85,0
SHP002039,UPS,0,Air,Dallas,Boston,10/3/2025 18:08,2222.42,1.85,16390.64,391.86,222.24,0
SHP002040,Schneider,0,Ocean,Atlanta,Tampa,11/6/2025 7:46,7720.89,4.79,17114.89,240.99,1544.18,0
SHP002041,Old Dominion,0,Rail,Boston,Chicago,10/22/2025 1:29,802.1,3.54,2564.61,343.08,24.06,0
SHP002042,Old Dominion,0,Ocean,Miami,Tampa,3/29/2025 0:35,3771.61,6.29,32733.32,401.48,754.32,0
SHP002043,UPS,FTL,Road,Boston,Miami,2/2/2025 21:22,609.35,1.97,25704.66,144.79,101.56,0
SHP002044,Old Dominion,0,Air,San Francisco,Miami,1/15/2025 22:38,937.22,3.06,2092.85,48.29,93.72,0
SHP002045,J.B. Hunt,0,Ocean,Chicago,San Francisco,4/21/2025 21:28,550.91,5.36,3225.11,497.91,110.18,0
SHP002046,DHL,0,Air,Atlanta,New York,10/19/2025 16:26,1079.79,1.02,10019.35,468.13,107.98,0
SHP002047,Schneider,0,Air,Tampa,Atlanta,1/28/2025 22:48,1704.43,1.78,34998.96,198.1,170.44,0
SHP002048,XPO Logistics,LTL,Road,New York,Atlanta,3/24/2025 23:12,435.26,1.44,3871.3,159.03,72.54,0
SHP002049,UPS,0,Rail,Chicago,Tampa,11/29/2025 15:46,1283.69,3.03,23299.39,33.88,38.51,0
SHP002050,C.H. Robinson,0,Air,New York,Tampa,7/26/2025 18:44,816.48,1.93,37509.5,189.25,81.65,0
SHP002051,Schneider,0,Ocean,Miami,Atlanta,8/31/2025 4:54,5480.56,7.61,5517.83,30.21,1096.11,0
SHP002052,C.H. Robinson,0,Rail,New York,Dallas,7/1/2025 5:45,688.66,2.1,7373.41,380.62,20.66,0
SHP002053,XPO Logistics,0,Air,Boston,Tampa,4/5/2025 8:25,342.76,2.45,15488.72,253.77,34.28,0
SHP002054,Old Dominion,0,Rail,Atlanta,Miami,11/21/2025 2:21,1100.53,3.19,12156.8,366.97,33.02,0
SHP002055,Schneider,FTL,Road,Tampa,Atlanta,10/13/2025 1:43,1051.97,1.36,4355.94,449,0,1577.95
SHP002056,FedEx,LTL,Road,Tampa,Atlanta,6/17/2025 12:19,452.38,3.42,3691.5,63.78,0,678.57
SHP002057,Old Dominion,0,Air,New York,Chicago,4/7/2025 20:39,1891.2,2.34,8518.25,226.48,189.12,0
SHP002058,DHL,0,Rail,Dallas,Chicago,2/19/2025 21:58,1475.12,5.13,4328.23,274.46,44.25,0
SHP002059,DHL,0,Air,Chicago,San Francisco,12/28/2025 5:32,2197.39,3.27,25350.14,77.18,219.74,0
SHP002060,UPS,0,Ocean,Tampa,Atlanta,1/20/2025 17:56,5826.3,16.9,1464.86,206.46,1165.26,0
SHP002061,DHL,0,Air,San Francisco,Tampa,6/28/2025 21:11,1198.97,2.84,9037.36,295.85,119.9,0
SHP002062,C.H. Robinson,FTL,Road,Dallas,Atlanta,11/10/2025 10:29,1100.19,4.84,36897.58,489.27,0,1650.29
SHP002063,XPO Logistics,0,Ocean,New York,Miami,10/11/2025 2:21,580.03,15.7,16807.16,430.07,116.01,0
SHP002064,C.H. Robinson,0,Air,Chicago,New York,9/9/2025 6:50,979.9,3.93,24741.46,396.98,97.99,0
SHP002065,UPS,FTL,Road,Tampa,San Francisco,12/4/2025 22:48,148.44,1.3,30456.95,11.97,24.74,0
SHP002066,DHL,FTL,Road,Miami,Boston,4/13/2025 9:20,989.41,0.33,26456.19,183.18,164.9,0
SHP002067,C.H. Robinson,0,Ocean,Dallas,Chicago,11/17/2025 13:25,5086.21,17.31,14027.77,54.87,1017.24,0
SHP002068,Schneider,0,Ocean,New York,San Francisco,1/13/2025 15:06,1022.34,14.96,21065.89,371.36,204.47,0
SHP002069,FedEx,0,Ocean,Miami,Chicago,9/12/2025 9:49,4323.02,11.29,16224.44,14.2,864.6,0
SHP002070,Schneider,LTL,Road,New York,Dallas,10/20/2025 17:11,435.89,5.86,8754.52,165.36,72.65,0
SHP002071,C.H. Robinson,LTL,Road,Tampa,Dallas,6/30/2025 17:03,725.96,5.12,4496.55,9.96,120.99,0
SHP002072,XPO Logistics,0,Rail,Atlanta,Miami,12/24/2025 1:58,319.22,4.57,38792.86,346.91,9.58,0
SHP002073,Old Dominion,FTL,Road,Chicago,New York,2/7/2025 22:13,131.55,1.34,30967.26,420.88,21.93,0
SHP002074,UPS,0,Rail,Tampa,New York,7/15/2025 6:57,1188.31,5.51,1619.33,414.44,35.65,0
SHP002075,C.H. Robinson,0,Air,Tampa,Chicago,12/4/2025 10:11,2428.34,1.41,28492.73,108.21,242.83,0
SHP002076,DHL,0,Rail,Atlanta,Boston,7/25/2025 1:09,264.53,2.41,7555.84,169.54,7.94,0
SHP002077,J.B. Hunt,0,Rail,San Francisco,Dallas,12/15/2025 18:45,869.52,4.56,19331.78,136.07,26.09,0
SHP002078,C.H. Robinson,0,Rail,San Francisco,Dallas,12/20/2025 0:26,246.67,5.24,16131.92,150.04,7.4,0
SHP002079,FedEx,0,Ocean,San Francisco,Boston,4/8/2025 15:16,7002.06,18.43,34381.74,248,1400.41,0
SHP002080,XPO Logistics,0,Ocean,Tampa,Miami,8/18/2025 4:42,1481.98,17.32,8639.91,221.17,296.4,0
SHP002081,Schneider,LTL,Road,New York,Chicago,9/8/2025 2:11,124.75,5,1390.52,451.65,20.79,0
SHP002082,J.B. Hunt,0,Rail,San Francisco,Miami,12/22/2025 12:18,1582.77,4.25,29902.54,310.1,47.48,0
SHP002083,XPO Logistics,0,Air,San Francisco,Tampa,3/3/2025 12:52,2468.3,2.01,31539.44,231.77,246.83,0
SHP002084,UPS,FTL,Road,Dallas,New York,1/19/2025 15:30,1132.11,3.05,18773.46,392.75,188.68,0
SHP002085,UPS,LTL,Road,Tampa,Boston,2/12/2025 22:51,994.81,3.44,1921.01,234.41,165.8,0
SHP002086,DHL,0,Rail,Miami,San Francisco,7/9/2025 14:47,1748.92,6.27,32540.92,17.38,52.47,0
SHP002087,XPO Logistics,0,Ocean,Tampa,Miami,9/15/2025 6:49,4008.95,16.23,33286.29,25.59,801.79,0
SHP002088,J.B. Hunt,0,Air,Tampa,Atlanta,1/8/2025 4:21,2601.58,2.42,8293.9,159.31,260.16,0
SHP002089,C.H. Robinson,0,Rail,Atlanta,Dallas,4/13/2025 20:03,651.09,4.72,2541.58,80.11,19.53,0
SHP002090,DHL,0,Ocean,Chicago,Dallas,9/16/2025 2:14,6595.2,4.92,9719.15,227.23,1319.04,0
SHP002091,Old Dominion,0,Rail,Atlanta,Miami,8/13/2025 0:55,1027.39,6.35,18169.63,395.14,30.82,0
SHP002092,UPS,LTL,Road,San Francisco,Atlanta,10/8/2025 10:03,761.1,0.9,1689.86,219.08,0,1141.65
SHP002093,DHL,FTL,Road,Tampa,Atlanta,6/14/2025 11:02,506.42,4.53,23439.12,194.68,84.4,0
SHP002094,UPS,LTL,Road,Tampa,San Francisco,1/30/2025 12:49,246.37,1.55,5818.69,212.3,0,369.56
SHP002095,Old Dominion,0,Rail,Tampa,Atlanta,10/7/2025 2:01,1023.88,2.19,26684.8,426.42,30.72,0
SHP002096,XPO Logistics,0,Ocean,San Francisco,Miami,11/12/2025 12:28,2434.55,12.81,39033.33,167.29,486.91,0
SHP002097,DHL,0,Ocean,San Francisco,Chicago,11/22/2025 14:30,4962.85,3.98,24437.59,45.73,992.57,0
SHP002098,DHL,0,Ocean,Atlanta,New York,3/15/2025 9:40,7694.27,17.74,31632.31,352.35,1538.85,0
SHP002099,C.H. Robinson,0,Ocean,San Francisco,New York,7/8/2025 23:01,4922.97,11.9,34405.75,478.46,984.59,0
SHP002100,XPO Logistics,0,Air,Chicago,Tampa,8/24/2025 13:45,1647.4,3.76,23541.65,269.65,164.74,0
SHP002101,C.H. Robinson,0,Ocean,Chicago,Boston,11/17/2025 11:13,3908.62,6.6,646.93,121.51,781.72,0
SHP002102,Old Dominion,0,Ocean,Miami,Dallas,8/20/2025 14:24,4322.92,10.36,18215.17,490.34,864.58,0
SHP002103,XPO Logistics,0,Air,Atlanta,Chicago,12/7/2025 12:08,1245.74,2.08,5773.86,24.93,124.57,0
SHP002104,Schneider,0,Rail,Dallas,Miami,4/8/2025 18:12,1440.66,4.99,30547.84,75.78,43.22,0
SHP002105,C.H. Robinson,0,Ocean,Miami,Chicago,11/26/2025 9:13,4788.72,7.58,9508.44,6.75,957.74,0
SHP002106,J.B. Hunt,0,Rail,Boston,Tampa,10/5/2025 20:28,408.55,3.16,5116.71,492.94,12.26,0
SHP002107,DHL,0,Ocean,Tampa,Chicago,4/22/2025 10:35,2814.74,4.87,8363.75,294.26,562.95,0
SHP002108,XPO Logistics,0,Ocean,Miami,New York,8/15/2025 0:44,980.33,20.97,38479.24,124.13,196.07,0
SHP002109,DHL,0,Ocean,Chicago,Dallas,12/15/2025 18:49,3875.71,2.49,25808.05,207.55,775.14,0
SHP002110,XPO Logistics,0,Ocean,Dallas,New York,7/30/2025 10:29,2525.44,6.55,26333.91,208.69,505.09,0
SHP002111,FedEx,0,Rail,Boston,Chicago,11/9/2025 19:33,487.45,5.82,22820.36,429.48,14.62,0
SHP002112,UPS,LTL,Road,New York,Tampa,1/28/2025 10:54,185.1,4.77,6784.14,58.39,0,277.65
SHP002113,UPS,0,Air,Atlanta,New York,3/19/2025 6:19,2176.02,2.05,37826.9,71.66,217.6,0
SHP002114,DHL,0,Air,Atlanta,San Francisco,8/17/2025 15:21,2035.65,1.84,38294.18,165.66,203.57,0
SHP002115,DHL,0,Air,San Francisco,Tampa,10/15/2025 5:57,2897.9,3.66,11180.14,401.97,289.79,0
SHP002116,DHL,0,Rail,Miami,Tampa,9/30/2025 19:26,1792.97,2.77,17752.7,260.57,53.79,0
SHP002117,DHL,0,Ocean,San Francisco,Miami,5/8/2025 3:42,2711.98,2.34,9195.11,141.69,542.4,0
SHP002118,C.H. Robinson,0,Ocean,New York,Boston,1/21/2025 4:56,3827,5.76,34993.55,352.75,765.4,0
SHP002119,Schneider,0,Ocean,Miami,Dallas,3/29/2025 0:37,1139,16.3,26319.43,478.15,227.8,0
SHP002120,Schneider,0,Ocean,Chicago,San Francisco,1/11/2025 15:42,522.66,7.45,37147.76,466.13,104.53,0
SHP002121,J.B. Hunt,0,Air,New York,Dallas,2/5/2025 5:08,2245.58,3.18,4113.58,257.42,224.56,0
SHP002122,Schneider,0,Ocean,Chicago,Tampa,12/9/2025 6:40,2236.87,5.99,32506.98,68.38,447.37,0
SHP002123,C.H. Robinson,0,Air,New York,Dallas,11/5/2025 15:01,1565.36,3.79,7840.37,489.02,156.54,0
SHP002124,J.B. Hunt,0,Rail,Atlanta,Boston,5/10/2025 6:32,1790.86,4.89,7220.64,158.74,53.73,0
SHP002125,J.B. Hunt,FTL,Road,Atlanta,New York,5/3/2025 22:19,538.17,2.03,11585.11,486.14,0,807.25
SHP002126,Old Dominion,0,Ocean,Miami,Chicago,1/21/2025 8:47,1650.24,18.13,516.21,298.5,330.05,0
SHP002127,FedEx,FTL,Road,Tampa,Chicago,11/16/2025 0:47,1103.33,1.91,7828.28,326.19,183.89,0
SHP002128,FedEx,0,Air,Miami,New York,8/29/2025 12:24,2224.02,2.91,13113.02,126.85,222.4,0
SHP002129,C.H. Robinson,0,Air,Miami,Chicago,7/7/2025 16:54,2880.98,3.73,18564.01,423.25,288.1,0
SHP002130,XPO Logistics,0,Ocean,Atlanta,New York,6/27/2025 23:16,3892.43,11.34,6692.14,213.78,778.49,0
SHP002131,UPS,0,Ocean,San Francisco,Chicago,2/12/2025 14:58,4530.63,2.5,18042.46,390.9,906.13,0
SHP002132,UPS,0,Air,New York,Tampa,3/7/2025 3:15,2136.12,2.72,36427.44,10,213.61,0
SHP002133,XPO Logistics,0,Rail,Atlanta,Tampa,3/20/2025 18:51,1091.28,6.51,21882.75,162.62,32.74,0
SHP002134,DHL,LTL,Road,Tampa,Miami,6/24/2025 19:04,206.69,5.35,4787.01,439.18,0,310.03
SHP002135,UPS,0,Ocean,Atlanta,Boston,12/7/2025 3:39,4893.89,16.83,32268.32,329.92,978.78,0
SHP002136,UPS,LTL,Road,Dallas,Miami,4/6/2025 2:45,507.76,3.2,8060,187.45,84.63,0
SHP002137,XPO Logistics,FTL,Road,Dallas,New York,2/10/2025 12:20,496.34,0.8,36626.09,46.43,0,744.51
SHP002138,DHL,0,Ocean,Dallas,Miami,9/11/2025 19:45,5361.57,11.09,16521.97,340.1,1072.31,0
SHP002139,FedEx,0,Ocean,San Francisco,Miami,12/13/2025 18:55,1003.2,15.06,30995.26,414.28,200.64,0
SHP002140,XPO Logistics,0,Ocean,Chicago,Atlanta,1/4/2025 2:11,1778.98,21.74,26417.77,441.05,355.8,0
SHP002141,UPS,0,Air,Chicago,Atlanta,10/22/2025 6:44,1610.26,2.4,36802.01,450.05,161.03,0
SHP002142,J.B. Hunt,LTL,Road,Chicago,Boston,4/27/2025 5:25,565.39,1.83,4022.73,194.49,94.23,0
SHP002143,Schneider,0,Ocean,San Francisco,New York,8/7/2025 8:52,2651.5,7.91,34511.99,35.86,530.3,0
SHP002144,DHL,0,Rail,Tampa,Miami,12/16/2025 8:18,1284.18,2.21,14107.98,31.71,38.53,0
SHP002145,C.H. Robinson,LTL,Road,New York,San Francisco,1/31/2025 19:48,360.47,4.67,8867.4,111.54,60.08,0
SHP002146,Schneider,FTL,Road,Tampa,Miami,6/13/2025 18:49,583.08,2.95,35006.22,381.64,97.18,0
SHP002147,J.B. Hunt,FTL,Road,Atlanta,Dallas,9/3/2025 11:31,640.04,4.11,33970.52,5.76,106.67,0
SHP002148,DHL,0,Ocean,Atlanta,San Francisco,4/8/2025 7:37,3521.68,21.96,29742.36,271.88,704.34,0
SHP002149,Old Dominion,FTL,Road,Miami,Dallas,6/16/2025 12:29,659.09,2.25,21060.56,328.04,109.85,0
SHP002150,DHL,0,Ocean,Chicago,New York,7/17/2025 13:01,3637.72,17.71,34518.67,78.19,727.54,0
SHP002151,Schneider,0,Air,Miami,Boston,11/20/2025 4:25,1519.18,1.93,27654.86,125.68,151.92,0
SHP002152,FedEx,FTL,Road,Chicago,New York,4/5/2025 6:06,786.29,5.3,17016.2,455.6,131.05,0
SHP002153,FedEx,0,Ocean,Boston,New York,5/19/2025 10:12,7948.73,4.33,9705.6,475.24,1589.75,0
SHP002154,XPO Logistics,0,Ocean,Miami,New York,6/5/2025 17:17,7687.46,4.15,1092.44,81.39,1537.49,0
SHP002155,DHL,0,Rail,Boston,San Francisco,9/13/2025 13:27,1793.62,2.26,20350.63,424.36,53.81,0
SHP002156,Old Dominion,0,Ocean,Tampa,Dallas,2/24/2025 2:20,653.01,15.3,11442.51,431.31,130.6,0
SHP002157,XPO Logistics,0,Air,Chicago,New York,9/23/2025 15:51,1065.35,2.9,27131.68,111.53,106.53,0
SHP002158,Schneider,0,Ocean,Boston,Tampa,6/7/2025 20:10,760.99,11,11923.13,404.68,152.2,0
SHP002159,J.B. Hunt,0,Air,Miami,San Francisco,3/4/2025 19:08,2460.98,2.1,24457.23,302.53,246.1,0
SHP002160,Old Dominion,0,Air,Atlanta,Boston,12/19/2025 4:23,2533.33,1.99,11380.14,133.25,253.33,0
SHP002161,XPO Logistics,LTL,Road,Boston,Chicago,4/18/2025 10:44,666.62,2.83,4485.19,46.48,111.1,0
SHP002162,Schneider,0,Air,Boston,Miami,5/24/2025 17:21,2240.23,1.25,8279.67,206.97,224.02,0
SHP002163,XPO Logistics,0,Rail,Chicago,Dallas,11/20/2025 18:58,564.45,5.09,15172.8,225.01,16.93,0
SHP002164,FedEx,0,Rail,Dallas,San Francisco,10/16/2025 15:56,1059.47,2.42,6652.19,440.33,31.78,0
SHP002165,UPS,0,Air,New York,San Francisco,3/17/2025 19:20,1471.05,1.94,1906.68,249.49,147.1,0
SHP002166,C.H. Robinson,0,Ocean,Boston,San Francisco,5/17/2025 2:28,4656.27,14.29,28427.73,89.56,931.25,0
SHP002167,FedEx,0,Rail,San Francisco,Miami,3/15/2025 11:54,603.56,6.68,37913.24,68.83,18.11,0
SHP002168,Schneider,0,Ocean,Dallas,New York,11/21/2025 0:20,4232.37,6.71,2872.89,163.43,846.47,0
SHP002169,Schneider,0,Ocean,Chicago,Boston,5/20/2025 10:31,1577.66,17.62,21582.15,72.77,315.53,0
SHP002170,FedEx,0,Rail,Dallas,Atlanta,11/6/2025 3:18,214.79,6.66,7459.68,303.5,6.44,0
SHP002171,FedEx,0,Rail,San Francisco,New York,7/12/2025 13:44,739.08,5.1,12968.32,44.38,22.17,0
SHP002172,FedEx,0,Air,San Francisco,New York,3/15/2025 9:01,901.97,1.16,17406.76,329.48,90.2,0
SHP002173,C.H. Robinson,0,Ocean,New York,Dallas,8/27/2025 4:28,2478.55,2.27,20998.03,303.27,495.71,0
SHP002174,J.B. Hunt,0,Rail,Boston,Miami,6/10/2025 3:59,1740.59,5.13,19111.32,287.13,52.22,0
SHP002175,J.B. Hunt,0,Ocean,San Francisco,New York,12/28/2025 19:29,7459.25,20.22,13257.66,119.39,1491.85,0
SHP002176,Schneider,0,Rail,Chicago,Dallas,1/9/2025 3:03,620.21,4.53,29889.95,252.11,18.61,0
SHP002177,FedEx,0,Ocean,Atlanta,New York,6/11/2025 23:24,1008.47,17.92,32335.82,145.46,201.69,0
SHP002178,FedEx,0,Ocean,Atlanta,Dallas,4/2/2025 10:39,5480.94,11.39,35620.21,422.77,1096.19,0
SHP002179,FedEx,0,Air,Atlanta,San Francisco,10/19/2025 1:56,1718.67,2.92,35392.31,248.36,171.87,0
SHP002180,UPS,0,Rail,Boston,Tampa,2/4/2025 4:09,701.2,6.28,9192.62,194.88,21.04,0
SHP002181,UPS,0,Rail,Dallas,Tampa,7/4/2025 11:21,1585.16,6.07,16450.53,108.16,47.55,0
SHP002182,FedEx,0,Ocean,Atlanta,Boston,2/5/2025 15:25,3169.76,8.25,7455.53,371.92,633.95,0
SHP002183,UPS,0,Ocean,Miami,Atlanta,3/21/2025 17:52,2390.52,11.99,15741.45,491.06,478.1,0
SHP002184,XPO Logistics,0,Rail,Boston,New York,3/1/2025 8:14,825.75,1.56,4048.12,295.79,24.77,0
SHP002185,FedEx,LTL,Road,Tampa,Miami,4/26/2025 15:02,739.27,2.66,4403.66,27.91,123.21,0
SHP002186,Schneider,0,Rail,Dallas,New York,3/12/2025 16:20,1026.47,4.53,6407.2,52.82,30.79,0
SHP002187,FedEx,0,Ocean,Miami,Tampa,9/19/2025 9:31,1426.79,4.22,24583.47,99.04,285.36,0
SHP002188,XPO Logistics,0,Ocean,New York,Tampa,4/13/2025 18:02,2385.73,5.82,38334.49,427.45,477.15,0
SHP002189,Schneider,0,Rail,Boston,Tampa,6/28/2025 22:05,568.79,3.29,8790.77,246.45,17.06,0
SHP002190,J.B. Hunt,0,Rail,Miami,New York,3/19/2025 17:00,231.38,5.7,21164.75,449.42,6.94,0
SHP002191,XPO Logistics,0,Air,Atlanta,San Francisco,7/18/2025 5:53,743.86,3.31,31782.46,64.46,74.39,0
SHP002192,UPS,0,Air,Atlanta,New York,6/17/2025 8:25,1376.11,1.1,10561.46,132.36,137.61,0
SHP002193,C.H. Robinson,0,Air,Boston,Tampa,8/17/2025 19:41,1801.84,1.94,37935.45,64.06,180.18,0
SHP002194,UPS,0,Rail,Chicago,Tampa,1/22/2025 12:51,1757.91,2.61,31028.52,170.15,52.74,0
SHP002195,J.B. Hunt,0,Rail,Dallas,Boston,10/19/2025 23:47,428.93,7.01,12700.01,329.77,12.87,0
SHP002196,XPO Logistics,0,Rail,San Francisco,Chicago,8/26/2025 1:41,1106.31,4.3,20084.87,366.39,33.19,0
SHP002197,XPO Logistics,0,Air,Dallas,Atlanta,1/13/2025 9:00,536.99,2.84,35884.58,29.84,53.7,0
SHP002198,Schneider,0,Rail,Atlanta,New York,9/13/2025 23:24,425.05,6.02,17772.63,202.37,12.75,0
SHP002199,J.B. Hunt,0,Ocean,Miami,San Francisco,3/26/2025 15:30,1527.25,13.15,5498.54,238.83,305.45,0
SHP002200,FedEx,0,Rail,New York,Atlanta,2/24/2025 0:54,1421.78,2.81,19491.05,496.02,42.65,0
SHP002201,DHL,LTL,Road,San Francisco,Tampa,7/15/2025 23:36,839.65,5.09,4236.25,384.16,139.94,0
SHP002202,Schneider,LTL,Road,Atlanta,New York,8/5/2025 23:56,96.59,0.96,2150.25,201.57,16.1,0
SHP002203,DHL,FTL,Road,Miami,Atlanta,1/18/2025 3:19,1022.61,2.24,26357.54,354.95,0,1533.91
SHP002204,FedEx,0,Air,Boston,Miami,4/15/2025 3:58,1882.69,1.75,23293.61,171.79,188.27,0
SHP002205,XPO Logistics,0,Ocean,Chicago,Tampa,2/27/2025 2:46,1129.05,23.84,5523.71,37.1,225.81,0
SHP002206,Old Dominion,0,Ocean,San Francisco,Chicago,1/12/2025 22:36,7088.98,8.64,26186.73,165.17,1417.8,0
SHP002207,Old Dominion,LTL,Road,Dallas,Tampa,7/13/2025 0:02,500.17,1.76,3528.98,205.94,83.36,0
SHP002208,FedEx,0,Ocean,Boston,Dallas,3/31/2025 0:36,5903.12,13.25,37770.83,21.9,1180.62,0
SHP002209,J.B. Hunt,FTL,Road,San Francisco,Miami,5/17/2025 0:42,628.53,3.61,36847.78,25.53,104.75,0
SHP002210,FedEx,0,Rail,Dallas,Miami,8/18/2025 0:41,1117.6,6.98,10056.15,438.27,33.53,0
SHP002211,FedEx,0,Ocean,Boston,Miami,4/29/2025 22:54,642.83,18.11,37357.97,328.94,128.57,0
SHP002212,Old Dominion,0,Air,Atlanta,Tampa,11/3/2025 11:29,1485.38,0.66,36844.5,235.68,148.54,0
SHP002213,DHL,0,Rail,Atlanta,Miami,7/10/2025 23:35,246.39,5.83,19532.57,63.05,7.39,0
SHP002214,Schneider,0,Air,Atlanta,Dallas,3/31/2025 18:25,878.53,0.73,23184.59,311.39,87.85,0
SHP002215,Old Dominion,0,Ocean,Atlanta,Boston,5/30/2025 4:52,4293.07,19.98,34509.85,308.2,858.61,0
SHP002216,DHL,0,Ocean,Atlanta,Dallas,2/14/2025 19:16,595.67,17.3,17010.97,283.21,119.13,0
SHP002217,DHL,0,Air,Atlanta,Miami,8/27/2025 14:48,2052.52,1.73,36725.39,67.85,205.25,0
SHP002218,DHL,FTL,Road,Chicago,Atlanta,11/20/2025 23:10,822.24,0.28,37023.72,57.14,137.04,0
SHP002219,FedEx,0,Rail,Miami,Tampa,8/3/2025 3:32,351.81,3.33,15255.87,107.94,10.55,0
SHP002220,Schneider,LTL,Road,San Francisco,Atlanta,3/26/2025 23:14,722.89,2.8,486.63,160.51,120.48,0
SHP002221,C.H. Robinson,0,Ocean,New York,Dallas,7/11/2025 17:59,6578.25,17.17,29132.4,349.36,1315.65,0
SHP002222,UPS,0,Ocean,Dallas,Atlanta,6/29/2025 23:26,2832.3,4.19,11262.45,416.06,566.46,0
SHP002223,FedEx,0,Rail,Boston,New York,12/22/2025 6:45,1768.75,4.46,883.16,70.88,53.06,0
SHP002224,C.H. Robinson,FTL,Road,Chicago,Tampa,6/6/2025 7:48,420.39,3.58,3466.2,471.74,70.06,0
SHP002225,XPO Logistics,0,Air,Dallas,Atlanta,11/23/2025 3:52,1285.73,3.69,31330.61,377.96,128.57,0
SHP002226,UPS,LTL,Road,Tampa,Dallas,4/6/2025 21:04,747.73,3.85,6434.33,314.73,0,1121.6
SHP002227,C.H. Robinson,0,Air,Boston,Tampa,8/5/2025 11:42,1795.07,3.95,29425.48,388.7,179.51,0
SHP002228,Old Dominion,FTL,Road,Atlanta,Dallas,6/5/2025 13:39,1053.33,1.49,3810.26,241.96,175.55,0
SHP002229,Old Dominion,FTL,Road,Tampa,San Francisco,1/16/2025 8:44,641.19,5.02,18029.45,285.86,106.87,0
SHP002230,Schneider,0,Ocean,New York,San Francisco,12/19/2025 18:39,4453.03,2.84,24800.99,414.19,890.61,0
SHP002231,UPS,0,Ocean,Tampa,San Francisco,1/20/2025 15:48,1681.25,15.08,23947.62,82.93,336.25,0
SHP002232,UPS,0,Ocean,San Francisco,Atlanta,2/17/2025 2:15,1425.98,23.56,16051.91,114.48,285.2,0
SHP002233,Old Dominion,0,Ocean,Miami,Atlanta,6/22/2025 7:38,1784.93,16.69,24573.09,322.13,356.99,0
SHP002234,C.H. Robinson,FTL,Road,San Francisco,Atlanta,8/20/2025 6:39,151.21,5.39,15876.02,157.37,25.2,0
SHP002235,UPS,LTL,Road,Chicago,Atlanta,1/15/2025 16:28,581.72,2.49,8656.23,464.7,96.95,0
SHP002236,FedEx,0,Rail,Boston,Chicago,12/23/2025 18:24,685.53,7.05,31370.16,465.47,20.57,0
SHP002237,Old Dominion,0,Air,New York,Miami,9/22/2025 15:11,963.53,2.52,11344.51,412.22,96.35,0
SHP002238,C.H. Robinson,0,Air,Chicago,Tampa,5/29/2025 19:21,314.38,2.48,13898.54,162.02,31.44,0
SHP002239,DHL,LTL,Road,New York,Chicago,5/8/2025 0:24,791.64,5.15,6150.57,426.73,131.94,0
SHP002240,Old Dominion,0,Ocean,Tampa,Dallas,4/4/2025 7:21,2484.48,13.43,18296.19,6.81,496.9,0
SHP002241,DHL,0,Rail,Boston,Miami,12/25/2025 3:06,1090.9,5.63,23880.62,368.4,32.73,0
SHP002242,Old Dominion,0,Rail,Chicago,Miami,11/6/2025 18:01,1114.14,1.47,5099.6,298.64,33.42,0
SHP002243,Schneider,0,Ocean,Atlanta,Boston,12/24/2025 13:01,2562.34,3.75,17469.31,277.61,512.47,0
SHP002244,UPS,FTL,Road,Boston,Tampa,10/13/2025 22:27,428.06,4.39,25928.94,167.08,71.34,0
SHP002245,XPO Logistics,LTL,Road,San Francisco,Miami,7/25/2025 16:58,918.1,3.98,6428.84,277.16,153.02,0
SHP002246,DHL,0,Rail,New York,Tampa,3/24/2025 2:36,218.22,5.88,15353.65,471.36,6.55,0
SHP002247,J.B. Hunt,0,Rail,Boston,Atlanta,10/7/2025 11:35,1508.78,5.11,10461.19,102.65,45.26,0
SHP002248,C.H. Robinson,0,Ocean,New York,Boston,12/3/2025 5:37,3052.89,12.48,12194.59,257.95,610.58,0
SHP002249,C.H. Robinson,LTL,Road,Dallas,New York,3/10/2025 23:44,240.18,5.87,1213.06,466.04,0,360.27
SHP002250,J.B. Hunt,FTL,Road,Tampa,Atlanta,2/27/2025 16:42,1100.61,3.27,29133.96,218.59,183.43,0
SHP002251,Old Dominion,FTL,Road,Chicago,Dallas,9/3/2025 6:12,774.54,2.21,12395.78,289.54,129.09,0
SHP002252,UPS,0,Ocean,Boston,New York,2/20/2025 5:24,4235.97,14.75,11823.09,184.11,847.19,0
SHP002253,UPS,0,Rail,Chicago,Boston,9/19/2025 4:55,334.24,1.37,10511.56,38.05,10.03,0
SHP002254,C.H. Robinson,0,Ocean,New York,Atlanta,3/26/2025 7:40,1278.31,19.88,2035.51,329.81,255.66,0
SHP002255,C.H. Robinson,0,Air,Dallas,Boston,5/15/2025 13:03,1035.91,3.55,19657.2,153.48,103.59,0
SHP002256,XPO Logistics,FTL,Road,Miami,Tampa,7/11/2025 12:28,645.28,2.45,22789.89,58.15,0,967.92
SHP002257,DHL,0,Rail,Boston,San Francisco,9/18/2025 13:41,1795.18,3.98,14255.11,355.39,53.86,0
SHP002258,FedEx,0,Rail,San Francisco,Dallas,2/8/2025 13:38,782.24,6.83,18443.69,360.06,23.47,0
SHP002259,DHL,0,Ocean,New York,Atlanta,2/13/2025 22:57,1305.9,20.61,29560.86,106.65,261.18,0
SHP002260,Schneider,FTL,Road,San Francisco,Dallas,11/29/2025 10:19,217.08,2.07,39054.79,129.16,36.18,0
SHP002261,DHL,0,Air,Boston,San Francisco,9/7/2025 12:48,1531.54,0.61,16190.49,286.09,153.15,0
SHP002262,UPS,0,Ocean,Atlanta,Tampa,12/21/2025 15:21,7648.43,13.37,32854.74,274.02,1529.69,0
SHP002263,XPO Logistics,0,Air,San Francisco,Chicago,5/28/2025 19:32,410.12,1.6,23234.21,475.35,41.01,0
SHP002264,J.B. Hunt,0,Air,Atlanta,New York,10/17/2025 6:22,2619.65,1.3,9194.34,101.39,261.97,0
SHP002265,J.B. Hunt,0,Rail,Atlanta,San Francisco,12/13/2025 13:17,1676,6.97,31107.9,196.97,50.28,0
SHP002266,J.B. Hunt,0,Ocean,Dallas,Boston,11/10/2025 4:51,4282.86,12.22,10509.23,253.01,856.57,0
SHP002267,XPO Logistics,0,Rail,Atlanta,Miami,10/5/2025 17:20,248.79,1.92,35520.29,376.09,7.46,0
SHP002268,XPO Logistics,0,Ocean,Chicago,Tampa,5/30/2025 20:15,3671.51,13.38,15114.96,370.65,734.3,0
SHP002269,C.H. Robinson,0,Air,Chicago,Miami,9/12/2025 11:15,2417.31,3.17,29043.16,103.05,241.73,0
SHP002270,DHL,0,Ocean,San Francisco,Atlanta,8/24/2025 17:21,3034.77,12.34,13566.32,377.72,606.95,0
SHP002271,C.H. Robinson,0,Air,New York,Dallas,3/5/2025 12:52,1189.25,0.98,16262.1,489.98,118.93,0
SHP002272,J.B. Hunt,LTL,Road,Dallas,Boston,9/11/2025 14:59,309.76,3.77,4414.78,36.44,51.63,0
SHP002273,Old Dominion,0,Ocean,Dallas,Chicago,1/27/2025 13:40,4159.07,17.45,20772.19,436.18,831.81,0
SHP002274,Schneider,FTL,Road,Miami,Dallas,3/13/2025 5:07,382.28,0.75,37494.34,189.72,63.71,0
SHP002275,UPS,LTL,Road,New York,Dallas,10/2/2025 8:08,712.87,4.8,3344.49,358.37,0,1069.31
SHP002276,FedEx,0,Ocean,Dallas,Tampa,12/5/2025 18:03,1515.64,8.41,6216.07,405.8,303.13,0
SHP002277,J.B. Hunt,FTL,Road,San Francisco,Chicago,4/29/2025 7:39,306.05,4.38,37760.29,264.36,51.01,0
SHP002278,Schneider,0,Air,Dallas,New York,1/12/2025 17:37,1758.08,2.11,13372.66,238.35,175.81,0
SHP002279,FedEx,0,Rail,Chicago,Boston,7/16/2025 6:34,1164.49,7.9,37541.7,431.21,34.93,0
SHP002280,Old Dominion,0,Rail,New York,Atlanta,11/11/2025 8:51,1622.61,4.27,26469.05,447.64,48.68,0
SHP002281,DHL,LTL,Road,Dallas,Boston,5/4/2025 14:39,501.89,5.78,4245.49,300.94,83.65,0
SHP002282,J.B. Hunt,0,Rail,Dallas,Chicago,2/24/2025 0:15,1335.69,7.65,10162.34,373.32,40.07,0
SHP002283,UPS,0,Ocean,Miami,Dallas,4/20/2025 7:06,4406.12,7.91,31175.97,276.56,881.22,0
SHP002284,C.H. Robinson,0,Ocean,Boston,Dallas,3/18/2025 23:56,5457.3,9.1,19510.32,309.06,1091.46,0
SHP002285,Old Dominion,0,Ocean,Tampa,Atlanta,5/20/2025 6:56,3536.83,6.36,38484.8,256.22,707.37,0
SHP002286,C.H. Robinson,0,Ocean,Atlanta,Chicago,1/11/2025 15:32,6004.4,11.04,14527.7,204.17,1200.88,0
SHP002287,C.H. Robinson,0,Ocean,Dallas,Chicago,3/15/2025 22:04,3568.97,13.97,21967.06,249.08,713.79,0
SHP002288,C.H. Robinson,0,Rail,Miami,New York,4/22/2025 10:22,415.66,4.47,7179.6,63.94,12.47,0
SHP002289,Old Dominion,0,Air,Dallas,Miami,5/29/2025 7:24,2818.14,2.62,26549.86,201.5,281.81,0
SHP002290,Schneider,LTL,Road,New York,San Francisco,1/12/2025 12:36,1095.33,3.92,7726.32,184.91,182.55,0
SHP002291,Old Dominion,0,Air,Miami,Tampa,9/9/2025 13:46,2892.03,3.37,34230.96,86.92,289.2,0
SHP002292,J.B. Hunt,0,Ocean,New York,San Francisco,5/11/2025 11:14,2532.22,8.28,11200.91,427.85,506.44,0
SHP002293,XPO Logistics,0,Air,San Francisco,Dallas,3/22/2025 5:14,386.09,0.77,11319.64,100.74,38.61,0
SHP002294,DHL,FTL,Road,Atlanta,Tampa,2/16/2025 22:58,316.64,4.84,22743.5,3.88,52.77,0
SHP002295,J.B. Hunt,LTL,Road,San Francisco,Tampa,5/11/2025 14:09,543.72,2.6,1272.36,338.39,90.62,0
SHP002296,J.B. Hunt,0,Rail,Miami,Chicago,4/6/2025 7:26,1323.36,6.05,29274.6,1.03,39.7,0
SHP002297,DHL,0,Rail,New York,Chicago,2/17/2025 19:03,1726.27,6.7,36207.28,8.81,51.79,0
SHP002298,XPO Logistics,0,Air,Boston,Dallas,3/27/2025 7:01,2821.42,3.33,33570.16,47.55,282.14,0
SHP002299,Old Dominion,LTL,Road,New York,Dallas,4/2/2025 17:07,899.59,5.77,6833.69,285.71,149.93,0
SHP002300,FedEx,0,Air,Chicago,New York,10/1/2025 5:15,2853.2,2.05,24172.1,238.69,285.32,0
SHP002301,FedEx,0,Air,Chicago,Boston,5/20/2025 16:52,2818.68,0.77,20294.23,343.79,281.87,0
SHP002302,Schneider,FTL,Road,Chicago,New York,3/21/2025 4:15,960.69,3.6,36402.25,471.05,0,1441.04
SHP002303,UPS,0,Air,Boston,New York,8/21/2025 5:45,473.66,1.91,1426.63,165.38,47.37,0
SHP002304,C.H. Robinson,0,Rail,Chicago,Miami,11/7/2025 1:04,1058.99,7.38,33938.9,64.62,31.77,0
SHP002305,Old Dominion,0,Rail,Tampa,Dallas,8/24/2025 16:51,348.85,5.12,21518.66,133.92,10.47,0
SHP002306,Schneider,0,Ocean,Miami,San Francisco,8/27/2025 20:33,7245.9,22.4,16403.15,445.26,1449.18,0
SHP002307,Old Dominion,0,Ocean,San Francisco,Atlanta,7/28/2025 5:32,3379.62,18.21,19299.72,62.17,675.92,0
SHP002308,J.B. Hunt,0,Rail,Tampa,Chicago,2/7/2025 19:23,1684.69,4.18,29512.24,184.22,50.54,0
SHP002309,XPO Logistics,FTL,Road,Miami,Dallas,1/13/2025 10:31,71.71,0.83,20100.67,345.29,11.95,0
SHP002310,DHL,LTL,Road,Miami,Boston,3/17/2025 14:55,434.95,4.25,7031.56,352.26,72.49,0
SHP002311,XPO Logistics,0,Air,Miami,New York,3/14/2025 0:57,1629.81,3.7,19823.26,225.68,162.98,0
SHP002312,Old Dominion,0,Ocean,San Francisco,Dallas,7/24/2025 14:45,1995.36,8.77,2172.21,317.13,399.07,0
SHP002313,XPO Logistics,0,Air,Dallas,San Francisco,3/8/2025 13:03,971.05,1.56,30947.17,164.28,97.11,0
SHP002314,Old Dominion,0,Rail,New York,Dallas,7/11/2025 1:22,587.51,2.18,31106.91,65.72,17.63,0
SHP002315,Old Dominion,0,Ocean,Miami,Tampa,11/3/2025 9:22,3903.15,13.15,27651.9,317.01,780.63,0
SHP002316,FedEx,FTL,Road,New York,Dallas,6/8/2025 16:10,982.33,0.51,12209.41,140.79,163.72,0
SHP002317,Schneider,LTL,Road,San Francisco,Tampa,4/22/2025 20:33,217.92,1.91,3201.19,261.42,0,326.88
SHP002318,Schneider,FTL,Road,Miami,Chicago,8/24/2025 11:39,813.26,2.44,28919.07,168.75,135.54,0
SHP002319,Old Dominion,0,Air,Atlanta,Tampa,9/22/2025 18:07,1083.77,2.39,1436.8,40.81,108.38,0
SHP002320,UPS,0,Ocean,Miami,Boston,9/21/2025 1:42,3634.77,22.74,28999.72,44.98,726.95,0
SHP002321,J.B. Hunt,0,Rail,Miami,Chicago,12/5/2025 22:28,1554.11,6.13,24632.39,410.33,46.62,0
SHP002322,C.H. Robinson,0,Rail,Chicago,Boston,4/11/2025 2:39,846.58,2.55,20724.92,274.87,25.4,0
SHP002323,FedEx,0,Air,Miami,New York,1/22/2025 1:19,1753.48,2.48,37973.84,451.22,175.35,0
SHP002324,DHL,0,Rail,Dallas,San Francisco,10/19/2025 6:26,1601.15,6.61,37765.41,50.15,48.03,0
SHP002325,FedEx,0,Ocean,San Francisco,New York,1/1/2025 2:10,2488.42,12.89,33938.11,253.08,497.68,0
SHP002326,DHL,0,Air,Boston,Miami,2/3/2025 7:29,2319.69,0.99,10470.35,366.16,231.97,0
SHP002327,Schneider,0,Ocean,New York,Tampa,12/9/2025 14:51,1735.51,9.73,10962.22,175.58,347.1,0
SHP002328,Schneider,0,Air,Boston,Chicago,10/23/2025 17:35,2212.47,1.79,22432.9,50.87,221.25,0
SHP002329,J.B. Hunt,0,Air,Chicago,Miami,12/16/2025 22:37,2473.55,1.79,26117.1,362.97,247.36,0
SHP002330,J.B. Hunt,0,Rail,Dallas,Boston,1/12/2025 13:30,535.46,7.19,24840.86,214.93,16.06,0
SHP002331,J.B. Hunt,0,Air,San Francisco,Dallas,7/27/2025 1:37,792.3,3.8,30325.19,104.8,79.23,0
SHP002332,XPO Logistics,0,Air,New York,Boston,3/17/2025 17:14,1211.82,3.33,27979.27,383.13,121.18,0
SHP002333,Schneider,0,Rail,Boston,New York,2/20/2025 22:34,905.92,6.02,15766.5,106.42,27.18,0
SHP002334,UPS,0,Ocean,Miami,Dallas,10/18/2025 10:19,5245.08,23.47,12768.74,231.02,1049.02,0
SHP002335,Schneider,0,Rail,Chicago,Atlanta,9/4/2025 21:04,1278.4,4.79,33815.4,381.11,38.35,0
SHP002336,Schneider,FTL,Road,Miami,Boston,8/1/2025 15:01,117.04,5.99,30219.9,432.09,19.51,0
SHP002337,Old Dominion,0,Air,New York,Dallas,5/1/2025 15:56,2058.23,3.5,4939.13,174.52,205.82,0
SHP002338,XPO Logistics,0,Ocean,Dallas,San Francisco,8/9/2025 7:18,7073.16,6.44,3590.56,394.27,1414.63,0
SHP002339,C.H. Robinson,0,Rail,Atlanta,New York,11/3/2025 10:37,1536.78,2.14,34246.67,343.7,46.1,0
SHP002340,C.H. Robinson,LTL,Road,New York,Tampa,1/5/2025 4:34,648.1,5.02,4279.61,97.8,108.02,0
SHP002341,FedEx,0,Ocean,New York,Boston,12/24/2025 20:09,2636.4,13.11,21487.57,402.98,527.28,0
SHP002342,Schneider,FTL,Road,Chicago,Tampa,7/7/2025 21:43,960.06,3.59,31341.03,96.69,0,1440.09
SHP002343,FedEx,LTL,Road,Chicago,Dallas,1/20/2025 18:05,107.57,5.27,894.21,124.1,17.93,0
SHP002344,J.B. Hunt,LTL,Road,Chicago,San Francisco,9/9/2025 3:17,849.62,2.6,8781.69,149.69,141.6,0
SHP002345,UPS,FTL,Road,Chicago,Tampa,5/14/2025 5:41,63.65,1.98,23333.96,188.59,10.61,0
SHP002346,Schneider,0,Ocean,Dallas,Miami,5/26/2025 1:25,4511.55,21.29,36543.16,133.72,902.31,0
SHP002347,J.B. Hunt,0,Rail,Boston,Miami,8/20/2025 11:32,939.42,4.84,37989.94,499.31,28.18,0
SHP002348,Schneider,0,Air,Miami,Dallas,5/1/2025 9:42,935.6,3.04,15432.23,5.05,93.56,0
SHP002349,FedEx,0,Rail,Dallas,San Francisco,3/18/2025 22:09,214.8,4.22,19789.23,12.26,6.44,0
SHP002350,UPS,LTL,Road,New York,Chicago,8/18/2025 4:09,839.97,1.94,5664.95,151.16,0,1259.95
SHP002351,Old Dominion,0,Air,Atlanta,Miami,6/13/2025 18:15,751.26,1.93,9674.8,267.87,75.13,0
SHP002352,J.B. Hunt,0,Ocean,Miami,Tampa,11/26/2025 21:42,1991.21,13.18,6716.45,335.82,398.24,0
SHP002353,C.H. Robinson,0,Rail,Boston,Atlanta,1/18/2025 11:10,1406.3,1.77,18978.2,36.36,42.19,0
SHP002354,J.B. Hunt,0,Rail,Atlanta,Tampa,1/26/2025 1:53,1157.09,2.85,21341.17,259.21,34.71,0
SHP002355,C.H. Robinson,0,Ocean,Chicago,Boston,9/12/2025 14:42,7432.66,14.08,23528.44,201.42,1486.53,0
SHP002356,C.H. Robinson,0,Air,Boston,New York,6/17/2025 23:45,2862.51,3.22,11773.51,422.26,286.25,0
SHP002357,UPS,0,Air,Chicago,Tampa,3/26/2025 8:26,1467.47,3.4,33004.08,95.25,146.75,0
SHP002358,Old Dominion,0,Ocean,Atlanta,New York,1/22/2025 4:15,5758.56,8.39,12250.96,148.88,1151.71,0
SHP002359,FedEx,0,Air,Dallas,Miami,4/3/2025 13:02,2259.03,1.3,535.78,357.9,225.9,0
SHP002360,FedEx,0,Air,Atlanta,Boston,11/11/2025 11:21,762.2,0.87,9881.89,190.57,76.22,0
SHP002361,J.B. Hunt,FTL,Road,Dallas,New York,12/15/2025 21:54,597.29,0.51,38837.65,358.32,0,895.93
SHP002362,J.B. Hunt,0,Ocean,Dallas,San Francisco,1/21/2025 14:46,2923.96,9.01,18217.43,313.5,584.79,0
SHP002363,UPS,0,Ocean,Tampa,Dallas,6/20/2025 0:26,1597.8,6.16,34447.67,128.87,319.56,0
SHP002364,Schneider,0,Ocean,Miami,Dallas,11/8/2025 18:14,3351.46,21.17,26694.34,171.51,670.29,0
SHP002365,FedEx,0,Rail,Boston,Chicago,6/3/2025 20:54,1293.92,1.14,29557.89,244.02,38.82,0
SHP002366,XPO Logistics,0,Rail,San Francisco,Dallas,5/16/2025 0:33,1501.09,7.68,37068.65,454.72,45.03,0
SHP002367,J.B. Hunt,LTL,Road,Boston,New York,8/9/2025 1:04,639,2.32,4730.6,345.26,106.5,0
SHP002368,FedEx,0,Ocean,Tampa,Atlanta,11/24/2025 9:49,7129.98,6.55,36768.63,407.77,1426,0
SHP002369,UPS,0,Ocean,Dallas,Atlanta,12/5/2025 17:18,7841.42,21.37,11557.52,53.87,1568.28,0
SHP002370,XPO Logistics,0,Rail,Miami,San Francisco,6/18/2025 5:34,379.59,3.04,24760.26,402.36,11.39,0
SHP002371,DHL,FTL,Road,New York,Dallas,9/3/2025 0:06,1084.14,3.84,722.44,93.97,180.69,0
SHP002372,C.H. Robinson,0,Air,Chicago,Miami,5/30/2025 21:16,569.26,1.77,20303.36,22.66,56.93,0
SHP002373,J.B. Hunt,0,Rail,Miami,New York,3/25/2025 11:06,757.56,2.25,26059.27,232.67,22.73,0
SHP002374,FedEx,0,Air,New York,Tampa,3/21/2025 3:54,1637.36,2,38262.78,108.15,163.74,0
SHP002375,Old Dominion,0,Rail,New York,Boston,5/19/2025 5:07,1026.66,6.15,22495.35,464.58,30.8,0
SHP002376,UPS,0,Air,New York,Atlanta,10/1/2025 14:32,1320.51,2.12,3996.63,304.89,132.05,0
SHP002377,UPS,0,Ocean,San Francisco,Boston,2/12/2025 11:50,2661.59,5.53,22008.99,266.62,532.32,0
SHP002378,FedEx,0,Air,Chicago,San Francisco,4/7/2025 17:16,504.85,2.94,25139,95.32,50.49,0
SHP002379,XPO Logistics,LTL,Road,Chicago,New York,9/25/2025 22:34,589.85,4.39,5364.94,198.35,98.31,0
SHP002380,C.H. Robinson,0,Ocean,Atlanta,Tampa,6/24/2025 12:50,2917.54,15.43,37594.79,336.2,583.51,0
SHP002381,UPS,FTL,Road,Dallas,New York,11/23/2025 15:49,135.96,2.9,35687.55,48.14,0,203.94
SHP002382,Schneider,0,Rail,Boston,San Francisco,8/23/2025 12:20,1782.2,7.64,3591.84,466.77,53.47,0
SHP002383,Schneider,0,Rail,Tampa,New York,8/20/2025 6:00,781.01,6.91,17026.14,220.99,23.43,0
SHP002384,Old Dominion,FTL,Road,Atlanta,Dallas,1/4/2025 10:55,779.38,4.7,1834.67,296.98,129.9,0
SHP002385,Old Dominion,LTL,Road,New York,Atlanta,3/1/2025 18:08,264.74,2.24,3577.49,235.06,44.12,0
SHP002386,Schneider,0,Ocean,Atlanta,Tampa,11/16/2025 1:50,3006.02,4.36,6252.34,17.69,601.2,0
SHP002387,UPS,0,Rail,San Francisco,Atlanta,8/6/2025 9:02,952.4,7.68,5069.17,473.19,28.57,0
SHP002388,Schneider,FTL,Road,Chicago,Miami,7/14/2025 4:17,893.37,3.92,25988.47,413.54,148.9,0
SHP002389,J.B. Hunt,0,Ocean,New York,Atlanta,7/6/2025 2:31,1301.9,13.1,28035.1,293.82,260.38,0
SHP002390,DHL,0,Air,Miami,Tampa,1/14/2025 9:20,2548.5,0.75,27782.69,267.48,254.85,0
SHP002391,UPS,LTL,Road,New York,Dallas,5/16/2025 10:20,486.03,2.21,6265.2,445.61,0,729.04
SHP002392,J.B. Hunt,0,Rail,Dallas,Atlanta,2/10/2025 7:03,993.88,6.77,16385.18,52.09,29.82,0
SHP002393,J.B. Hunt,0,Air,New York,Boston,12/31/2025 17:59,466.07,0.68,15515.93,169.28,46.61,0
SHP002394,C.H. Robinson,0,Air,New York,San Francisco,1/21/2025 9:58,2238.43,3.1,2508.73,111.34,223.84,0
SHP002395,FedEx,FTL,Road,San Francisco,Miami,2/5/2025 3:37,365.4,3.4,6208.35,67.84,0,548.1
SHP002396,J.B. Hunt,FTL,Road,Tampa,San Francisco,7/27/2025 17:06,1135.36,4.87,7635.87,203.88,189.23,0
SHP002397,UPS,0,Rail,Dallas,Tampa,6/21/2025 5:11,769,6.54,20653.41,64.8,23.07,0
SHP002398,XPO Logistics,FTL,Road,Dallas,Miami,3/28/2025 23:52,899.84,2.53,10885.51,188.37,149.97,0
SHP002399,XPO Logistics,0,Ocean,Tampa,Miami,9/25/2025 8:36,4233.17,9.55,10055.28,199.85,846.63,0
SHP002400,C.H. Robinson,0,Ocean,Dallas,Tampa,8/9/2025 6:39,643.8,18.99,7252.32,22.91,128.76,0
SHP002401,C.H. Robinson,0,Rail,San Francisco,Chicago,3/11/2025 12:37,1245.92,6.42,32646.25,247.26,37.38,0
SHP002402,C.H. Robinson,0,Air,San Francisco,New York,11/12/2025 3:45,854.49,3.08,28138.67,123.89,85.45,0
SHP002403,XPO Logistics,0,Air,Boston,Tampa,2/28/2025 12:37,2739.2,0.87,39316.19,430.26,273.92,0
SHP002404,UPS,0,Air,Chicago,Atlanta,4/5/2025 20:37,2157.33,3.79,29031.29,96.04,215.73,0
SHP002405,FedEx,0,Rail,Chicago,Miami,1/21/2025 7:15,907.45,1.5,15891.47,371.06,27.22,0
SHP002406,XPO Logistics,FTL,Road,Chicago,New York,2/27/2025 18:00,494.41,2.15,24016.55,436.23,82.4,0
SHP002407,UPS,LTL,Road,Miami,Tampa,8/17/2025 4:09,104.72,2.47,1708.67,347.98,17.45,0
SHP002408,J.B. Hunt,0,Air,Atlanta,Dallas,7/13/2025 21:33,585.46,2.83,11804.14,100.26,58.55,0
SHP002409,C.H. Robinson,0,Ocean,Dallas,Boston,11/22/2025 4:13,7522.64,2.41,17792.2,11.79,1504.53,0
SHP002410,Old Dominion,0,Air,Dallas,Boston,12/7/2025 21:15,1605.7,2.25,13205.67,66.95,160.57,0
SHP002411,C.H. Robinson,0,Ocean,San Francisco,Dallas,1/26/2025 8:00,3322.91,16.79,31404.63,265.84,664.58,0
SHP002412,J.B. Hunt,0,Ocean,Chicago,Tampa,1/31/2025 23:29,4923.76,6.41,11849.55,81.79,984.75,0
SHP002413,J.B. Hunt,0,Rail,Miami,Tampa,5/28/2025 4:18,598.87,2.57,21018.23,281.78,17.97,0
SHP002414,UPS,0,Rail,Miami,Boston,1/8/2025 15:50,1711.92,2.37,25846.19,408.81,51.36,0
SHP002415,XPO Logistics,0,Ocean,Atlanta,Chicago,11/26/2025 7:28,4701.81,7.61,10870.73,20.59,940.36,0
SHP002416,XPO Logistics,0,Air,Boston,Dallas,5/19/2025 5:30,1124.7,3.11,2376.95,110.43,112.47,0
SHP002417,C.H. Robinson,0,Ocean,Chicago,Tampa,5/1/2025 20:31,5796.74,19.22,18485.08,349.34,1159.35,0
SHP002418,J.B. Hunt,0,Rail,Chicago,Tampa,5/18/2025 23:23,820.72,2.12,16226.9,290.4,24.62,0
SHP002419,UPS,FTL,Road,San Francisco,Miami,2/2/2025 18:56,1140.26,0.65,20542.07,165.13,190.04,0
SHP002420,DHL,0,Rail,San Francisco,Chicago,5/6/2025 21:59,1013.3,1.17,12864.5,410.11,30.4,0
SHP002421,C.H. Robinson,0,Ocean,Tampa,Chicago,1/11/2025 10:49,4654.56,11.91,11778.24,149.72,930.91,0
SHP002422,J.B. Hunt,0,Air,Tampa,San Francisco,4/10/2025 5:06,1334.37,3.42,38704.92,219.89,133.44,0
SHP002423,C.H. Robinson,0,Ocean,San Francisco,Miami,5/20/2025 18:12,3450.15,20.62,17362.76,276.46,690.03,0
SHP002424,XPO Logistics,0,Air,New York,San Francisco,8/30/2025 19:12,923.54,3.1,21513.54,404.71,92.35,0
SHP002425,XPO Logistics,0,Air,Tampa,Boston,6/22/2025 11:30,2407.98,1.25,28767.6,400.23,240.8,0
SHP002426,UPS,0,Air,Boston,New York,8/9/2025 17:01,1234.49,1.1,603.97,226,123.45,0
SHP002427,UPS,LTL,Road,Dallas,San Francisco,4/15/2025 14:26,455.3,3.44,2002.2,429.97,75.88,0
SHP002428,FedEx,FTL,Road,Chicago,New York,4/22/2025 11:06,346.42,1.55,19488.21,249.93,57.74,0
SHP002429,Old Dominion,0,Air,Tampa,Atlanta,7/29/2025 3:17,880.73,1.45,7203.36,359.51,88.07,0
SHP002430,UPS,0,Rail,New York,Dallas,5/2/2025 19:07,1432.14,4.24,28706.44,368.23,42.96,0
SHP002431,DHL,0,Air,Dallas,Tampa,9/1/2025 22:17,673.34,3.88,32930.76,103.04,67.33,0
SHP002432,XPO Logistics,FTL,Road,Dallas,Boston,6/19/2025 3:05,264.09,0.97,5965.95,374.33,44.01,0
SHP002433,Schneider,0,Air,Tampa,San Francisco,12/23/2025 11:59,1568.07,3.24,29977.07,302.7,156.81,0
SHP002434,FedEx,0,Ocean,Chicago,Tampa,2/19/2025 20:36,5647.75,2.4,12815.22,319.27,1129.55,0
SHP002435,FedEx,0,Air,Dallas,New York,3/22/2025 7:47,325.23,0.62,34149.58,342.33,32.52,0
SHP002436,J.B. Hunt,0,Rail,Dallas,Boston,4/18/2025 6:08,624.59,5.82,31802.04,154.09,18.74,0
SHP002437,DHL,0,Ocean,Tampa,Miami,8/19/2025 7:39,770.28,22.52,14134.6,54.13,154.06,0
SHP002438,DHL,LTL,Road,Dallas,Chicago,6/3/2025 21:27,615.64,4.67,2333.23,135.48,102.61,0
SHP002439,DHL,LTL,Road,Boston,Dallas,7/11/2025 1:34,329.12,5.95,2094.43,288.18,0,493.68
SHP002440,DHL,0,Ocean,New York,Tampa,3/22/2025 6:04,7439.48,5.23,38848.74,473.79,1487.9,0
SHP002441,DHL,0,Ocean,New York,San Francisco,4/28/2025 22:52,7134.29,6.72,25545.17,380.68,1426.86,0
SHP002442,XPO Logistics,0,Air,Atlanta,Dallas,3/22/2025 19:34,2962.28,1.13,30758.02,170.06,296.23,0
SHP002443,Schneider,0,Ocean,Miami,New York,11/9/2025 14:17,1817.2,11.27,31856.52,232.96,363.44,0
SHP002444,J.B. Hunt,0,Air,Dallas,Miami,1/11/2025 6:25,1751.31,3.98,16264.82,308.08,175.13,0
SHP002445,DHL,0,Ocean,Boston,Tampa,10/25/2025 3:50,3239.33,10.64,27977.81,469.01,647.87,0
SHP002446,DHL,LTL,Road,New York,Atlanta,11/29/2025 18:45,673.71,4.67,1028.68,106.37,112.29,0
SHP002447,UPS,LTL,Road,Dallas,Boston,1/26/2025 16:54,627.45,0.37,2640.62,259.18,0,941.18
SHP002448,J.B. Hunt,0,Rail,New York,Dallas,9/26/2025 17:05,223.94,2.85,20804.22,287,6.72,0
SHP002449,C.H. Robinson,0,Air,Atlanta,San Francisco,3/11/2025 5:02,2799.53,2.76,16882.06,465.25,279.95,0
SHP002450,UPS,0,Ocean,Dallas,New York,4/23/2025 22:40,6386.62,6.4,5668.27,338.23,1277.32,0
SHP002451,UPS,0,Rail,Boston,Tampa,8/5/2025 23:40,1095.81,6.53,29682.8,312.98,32.87,0
SHP002452,Schneider,0,Air,Boston,New York,12/15/2025 8:54,2963.23,2.37,4967.68,414.31,296.32,0
SHP002453,FedEx,LTL,Road,Tampa,Boston,12/7/2025 22:01,339.63,4.72,9577.5,348.7,0,509.44
SHP002454,UPS,FTL,Road,Chicago,Boston,11/23/2025 18:05,735.43,2.9,14894.19,177.15,122.57,0
SHP002455,Schneider,0,Rail,Boston,Miami,2/20/2025 14:50,1218.2,6.26,27301.42,100.01,36.55,0
SHP002456,J.B. Hunt,LTL,Road,Chicago,Dallas,12/11/2025 3:50,618.09,4.8,4835.69,268.78,103.02,0
SHP002457,DHL,0,Air,San Francisco,New York,2/13/2025 17:52,2382.07,2.81,16669.12,447.81,238.21,0
SHP002458,DHL,0,Ocean,San Francisco,Dallas,9/25/2025 2:09,1719.25,23.9,5194.68,8.46,343.85,0
SHP002459,C.H. Robinson,0,Air,Tampa,Dallas,7/14/2025 15:02,2703.05,1.36,29323.14,405.7,270.31,0
SHP002460,J.B. Hunt,0,Ocean,Tampa,New York,11/3/2025 1:00,6942.4,23.82,12114.57,355.41,1388.48,0
SHP002461,Schneider,0,Rail,Miami,Chicago,11/22/2025 10:05,384.64,3.85,33994.88,184.46,11.54,0
SHP002462,XPO Logistics,0,Air,Chicago,San Francisco,7/13/2025 18:07,1895.96,2.26,26015.09,486.47,189.6,0
SHP002463,Schneider,0,Ocean,Chicago,Boston,5/18/2025 16:14,918.02,14.63,34589.64,241.21,183.6,0
SHP002464,C.H. Robinson,0,Air,Tampa,Dallas,6/8/2025 5:50,512.02,2.46,13616.92,78.32,51.2,0
SHP002465,Old Dominion,LTL,Road,Boston,Tampa,5/4/2025 13:38,1026.39,3.25,9342.77,403.2,171.07,0
SHP002466,DHL,0,Air,Tampa,Boston,11/16/2025 20:54,2171.02,0.52,17399.03,99.55,217.1,0
SHP002467,UPS,0,Rail,New York,Tampa,5/18/2025 1:59,1657.28,2.22,11799.37,258.9,49.72,0
SHP002468,FedEx,0,Ocean,San Francisco,Boston,9/28/2025 3:56,2475.23,6.62,24164.42,45.38,495.05,0
SHP002469,Old Dominion,0,Air,San Francisco,Boston,11/26/2025 5:35,457.05,1.8,28966.25,277.85,45.71,0
SHP002470,XPO Logistics,0,Ocean,Dallas,Atlanta,4/10/2025 12:45,3671.57,14.45,14935.33,468.14,734.31,0
SHP002471,C.H. Robinson,FTL,Road,San Francisco,New York,2/3/2025 4:44,113.14,4.12,35705.67,402.14,0,169.71
SHP002472,J.B. Hunt,0,Air,Chicago,Atlanta,10/20/2025 20:42,796.91,1.54,28823.39,43.05,79.69,0
SHP002473,C.H. Robinson,0,Ocean,San Francisco,New York,1/11/2025 7:56,6588.96,17.82,29319.46,51.02,1317.79,0
SHP002474,UPS,0,Rail,Atlanta,Miami,9/28/2025 13:13,1348.42,5.76,33321.44,21.76,40.45,0
SHP002475,C.H. Robinson,0,Air,San Francisco,Tampa,8/25/2025 1:52,362.4,1.81,6377.14,279.63,36.24,0
SHP002476,J.B. Hunt,0,Air,Miami,New York,7/1/2025 11:48,2776.84,1.87,33875.54,1.12,277.68,0
SHP002477,DHL,LTL,Road,Miami,Boston,12/12/2025 11:21,243.79,0.42,3382.25,454.19,40.63,0
SHP002478,Old Dominion,0,Air,Dallas,Boston,1/12/2025 21:05,561.77,2.62,18334.09,469.3,56.18,0
SHP002479,FedEx,0,Ocean,San Francisco,Dallas,5/24/2025 9:32,1418.89,6.66,1666.91,217.53,283.78,0
SHP002480,DHL,0,Rail,New York,Dallas,5/4/2025 17:44,644.53,7.09,24395.16,307.43,19.34,0
SHP002481,FedEx,0,Air,Atlanta,Miami,3/10/2025 14:39,1736.16,0.82,18078.24,499.75,173.62,0
SHP002482,J.B. Hunt,0,Air,Tampa,Dallas,12/18/2025 20:03,2555.12,3.63,33017.44,52.42,255.51,0
SHP002483,J.B. Hunt,0,Rail,Dallas,New York,4/17/2025 11:12,563.92,1.02,12488.65,55.2,16.92,0
SHP002484,UPS,0,Air,New York,San Francisco,4/24/2025 4:51,1576.54,2.87,35042.96,374.86,157.65,0
SHP002485,XPO Logistics,LTL,Road,Boston,San Francisco,3/5/2025 17:03,1129.37,0.56,269.97,331.01,188.23,0
SHP002486,XPO Logistics,0,Rail,New York,Miami,12/14/2025 6:31,662.96,2.77,13570.04,135.63,19.89,0
SHP002487,C.H. Robinson,0,Rail,Miami,Atlanta,6/15/2025 7:02,1018.3,4.08,20740.93,336.68,30.55,0
SHP002488,Schneider,LTL,Road,New York,Boston,9/16/2025 15:48,495.2,1.7,1787.08,175.39,82.53,0
SHP002489,FedEx,0,Ocean,New York,San Francisco,9/14/2025 13:49,6063.55,18.65,26842.76,117.78,1212.71,0
SHP002490,Schneider,LTL,Road,Dallas,Boston,1/16/2025 18:06,726.3,3.53,4920.02,275.44,0,1089.45
SHP002491,FedEx,0,Ocean,New York,Atlanta,3/7/2025 19:33,4188.43,14.44,28762.49,55.7,837.69,0
SHP002492,Old Dominion,0,Rail,Miami,Chicago,8/30/2025 20:44,1399.4,1.95,3131.81,488.06,41.98,0
SHP002493,C.H. Robinson,0,Air,San Francisco,Boston,11/2/2025 3:46,2883.88,0.71,18008.51,93.94,288.39,0
SHP002494,FedEx,LTL,Road,Miami,Chicago,6/27/2025 4:56,608.15,5.02,9513.53,317.49,101.36,0
SHP002495,J.B. Hunt,FTL,Road,New York,Boston,9/27/2025 20:49,456.99,3.72,12824.05,455,0,685.49
SHP002496,FedEx,FTL,Road,Dallas,New York,9/2/2025 10:53,1050.96,3.46,13329.56,147.4,175.16,0
SHP002497,XPO Logistics,0,Rail,Miami,New York,3/29/2025 23:10,253.47,6.71,18290.14,163.24,7.6,0
SHP002498,Schneider,0,Rail,New York,Chicago,8/20/2025 8:21,953.78,6.73,5422.26,428.97,28.61,0
SHP002499,J.B. Hunt,0,Ocean,New York,Tampa,5/11/2025 1:44,7231.32,22.83,16200.78,109.35,1446.26,0
SHP002500,FedEx,0,Rail,Miami,Atlanta,1/22/2025 11:40,797.83,3.33,7458.08,304.03,23.93,0
SHP002501,FedEx,0,Air,Dallas,San Francisco,7/22/2025 13:27,1586.89,3.53,1768.33,322.29,158.69,0
SHP002502,FedEx,LTL,Road,Chicago,San Francisco,1/10/2025 1:12,927.39,4.62,8877.83,364.79,154.56,0
SHP002503,FedEx,0,Rail,Atlanta,Dallas,7/23/2025 19:05,1684.5,3.33,20376.77,8.03,50.53,0
SHP002504,XPO Logistics,0,Ocean,Chicago,Miami,8/22/2025 2:20,552.18,7.28,4481.88,130.85,110.44,0
SHP002505,C.H. Robinson,LTL,Road,Dallas,Chicago,7/2/2025 1:52,253.6,0.41,9106.65,5.1,42.27,0
SHP002506,Old Dominion,0,Rail,Miami,San Francisco,2/25/2025 15:40,1377.73,2.07,36533.07,446.51,41.33,0
SHP002507,J.B. Hunt,0,Ocean,Chicago,Atlanta,4/18/2025 16:53,5404.26,16.79,710.9,492.45,1080.85,0
SHP002508,FedEx,0,Air,Tampa,New York,5/4/2025 9:57,2670.15,3.63,26540.16,173.05,267.02,0
SHP002509,DHL,0,Ocean,Dallas,Chicago,6/2/2025 7:30,7202.36,8.41,22727.11,50.77,1440.47,0
SHP002510,UPS,0,Ocean,Tampa,Chicago,4/30/2025 20:23,7414.67,5.1,9383.42,279.51,1482.93,0
SHP002511,FedEx,LTL,Road,Atlanta,Dallas,1/10/2025 19:52,928.71,3.81,2436.52,1.47,154.78,0
SHP002512,DHL,0,Air,New York,Boston,5/29/2025 9:36,2344.31,3.95,32491.57,230.64,234.43,0
SHP002513,C.H. Robinson,FTL,Road,San Francisco,Atlanta,7/26/2025 19:45,1089.33,2.61,21234.9,239.09,181.55,0
SHP002514,Old Dominion,0,Ocean,San Francisco,Boston,10/10/2025 20:38,3857.18,19.05,21307.37,159.04,771.44,0
SHP002515,XPO Logistics,FTL,Road,Chicago,Atlanta,10/24/2025 12:40,346.88,0.47,23536.21,115.75,57.81,0
SHP002516,J.B. Hunt,0,Rail,Atlanta,San Francisco,2/22/2025 9:01,437.01,5.58,27407.77,376.33,13.11,0
SHP002517,XPO Logistics,0,Rail,Chicago,New York,2/25/2025 5:53,1005.72,7.26,37485.54,403.88,30.17,0
SHP002518,FedEx,0,Air,Chicago,Boston,8/9/2025 12:36,2016.1,1.56,39326.32,137.79,201.61,0
SHP002519,UPS,0,Ocean,Tampa,Atlanta,8/31/2025 4:25,2019.93,11.73,2745.2,489.27,403.99,0
SHP002520,XPO Logistics,0,Ocean,Miami,Tampa,11/25/2025 14:11,4913.25,14.25,26403.95,249.01,982.65,0
SHP002521,Schneider,0,Air,Dallas,Atlanta,11/7/2025 7:20,386.57,2.64,28788.87,208.96,38.66,0
SHP002522,J.B. Hunt,0,Rail,Chicago,Miami,10/15/2025 0:53,1411.67,2.59,9240.43,81.55,42.35,0
SHP002523,C.H. Robinson,FTL,Road,Miami,Atlanta,3/14/2025 22:36,477.79,5.12,33202.53,192.03,0,716.69
SHP002524,Schneider,0,Air,Tampa,Atlanta,3/17/2025 12:37,1890.62,3.02,10027.67,84.9,189.06,0
SHP002525,C.H. Robinson,0,Rail,Miami,Atlanta,5/17/2025 2:50,1755.35,5.32,39265.92,169.54,52.66,0
SHP002526,XPO Logistics,0,Ocean,Atlanta,Dallas,11/19/2025 2:59,5772.74,6.9,10817.41,256.44,1154.55,0
SHP002527,XPO Logistics,FTL,Road,Miami,Tampa,12/18/2025 4:49,417.56,1.21,10883.79,18.84,69.59,0
SHP002528,XPO Logistics,0,Air,Atlanta,Boston,3/3/2025 8:53,2201.94,2.22,4222.6,86.68,220.19,0
SHP002529,J.B. Hunt,0,Air,Miami,San Francisco,3/18/2025 7:37,576.84,2.64,4221.31,377.39,57.68,0
SHP002530,XPO Logistics,0,Air,Tampa,Boston,1/16/2025 5:30,355.38,1.37,35681.33,359.55,35.54,0
SHP002531,UPS,LTL,Road,Miami,San Francisco,7/19/2025 2:03,133.91,4.97,5006.4,423.54,22.32,0
SHP002532,Schneider,0,Ocean,Dallas,Tampa,2/11/2025 21:12,5005.55,17,39743.31,116.94,1001.11,0
SHP002533,UPS,LTL,Road,New York,San Francisco,11/10/2025 20:17,767.54,2.9,538.6,8.22,127.92,0
SHP002534,C.H. Robinson,0,Air,New York,Boston,6/14/2025 1:29,621.92,2.77,22902.94,277.16,62.19,0
SHP002535,C.H. Robinson,0,Rail,Dallas,Boston,10/26/2025 14:41,250.97,4.29,37022.6,199.4,7.53,0
SHP002536,J.B. Hunt,0,Rail,Tampa,Miami,7/8/2025 7:40,1199.88,6.46,31465.05,260.12,36,0
SHP002537,J.B. Hunt,0,Air,Tampa,San Francisco,8/14/2025 14:38,2616.47,1.87,35603.38,120.87,261.65,0
SHP002538,C.H. Robinson,0,Ocean,Chicago,Tampa,8/18/2025 4:46,2601.62,3.17,31925.48,209.11,520.32,0
SHP002539,UPS,0,Ocean,Chicago,Atlanta,3/12/2025 11:01,2218.37,7.1,36105.3,417.12,443.67,0
SHP002540,UPS,0,Ocean,Boston,Dallas,1/25/2025 5:36,4651.48,15.55,19235.86,196.44,930.3,0
SHP002541,J.B. Hunt,0,Air,Tampa,San Francisco,9/26/2025 21:34,2771.79,0.94,17028.65,172.94,277.18,0
SHP002542,Schneider,LTL,Road,Dallas,New York,2/15/2025 4:59,622.87,2.88,5261.06,70.82,103.81,0
SHP002543,Old Dominion,0,Air,Chicago,New York,6/26/2025 12:06,1685.48,1.35,7781.09,33.35,168.55,0
SHP002544,UPS,FTL,Road,Tampa,Chicago,3/26/2025 21:06,927.05,2.71,25252.43,364.07,154.51,0
SHP002545,C.H. Robinson,0,Rail,Tampa,San Francisco,2/27/2025 7:48,1286.91,4.29,15821.99,188.6,38.61,0
SHP002546,Schneider,0,Rail,Atlanta,New York,8/28/2025 15:34,1224.08,4.46,34040.72,437.48,36.72,0
SHP002547,J.B. Hunt,0,Ocean,New York,Chicago,4/22/2025 14:04,1779.2,5,25400.84,151.31,355.84,0
SHP002548,Schneider,0,Air,San Francisco,Atlanta,1/26/2025 23:10,350.14,3.61,9462.58,464.71,35.01,0
SHP002549,J.B. Hunt,LTL,Road,Miami,Chicago,2/18/2025 13:17,875.05,4.64,2134.4,117.86,145.84,0
SHP002550,UPS,LTL,Road,Boston,New York,2/22/2025 12:30,649.46,1.24,3158.5,161.41,108.24,0
SHP002551,DHL,0,Rail,Boston,Atlanta,9/13/2025 21:32,455.41,2.44,31647.8,84.43,13.66,0
SHP002552,Old Dominion,0,Rail,New York,Tampa,3/24/2025 20:05,245.53,5.41,39051.33,166.28,7.37,0
SHP002553,C.H. Robinson,0,Rail,New York,Miami,4/10/2025 8:33,389.85,4.99,36300.99,392.25,11.7,0
SHP002554,Old Dominion,0,Rail,Atlanta,Miami,9/9/2025 23:43,1196.03,3.21,21904.27,46.53,35.88,0
SHP002555,UPS,0,Rail,Miami,Boston,4/29/2025 17:15,1286.31,6.08,38618.75,130.94,38.59,0
SHP002556,Old Dominion,0,Rail,Atlanta,Dallas,1/15/2025 10:14,229.53,4.82,28418.22,395.41,6.89,0
SHP002557,FedEx,FTL,Road,Miami,Dallas,3/2/2025 14:30,272.8,1.76,20747.34,165.97,45.47,0
SHP002558,DHL,0,Ocean,Boston,New York,7/27/2025 16:49,6953.84,12.42,32083.36,290.73,1390.77,0
SHP002559,DHL,FTL,Road,Tampa,San Francisco,2/13/2025 21:53,939.05,2.16,33340.96,138.01,156.51,0
SHP002560,DHL,0,Rail,Dallas,Miami,6/28/2025 10:43,1073.76,2.5,19283.3,159.77,32.21,0
SHP002561,UPS,FTL,Road,Atlanta,Tampa,10/4/2025 14:59,356.71,5.81,6822.93,393.88,59.45,0
SHP002562,DHL,0,Air,Miami,San Francisco,3/18/2025 23:04,2957.25,0.57,28111.58,127.2,295.73,0
SHP002563,J.B. Hunt,LTL,Road,Atlanta,San Francisco,8/22/2025 19:02,96.56,2.57,9361.9,6.87,16.09,0
SHP002564,FedEx,0,Rail,Miami,San Francisco,11/8/2025 17:18,1140.62,4.51,34998.67,42.92,34.22,0
SHP002565,XPO Logistics,0,Rail,Chicago,Tampa,6/19/2025 1:38,1290.44,5.76,26928.66,471.22,38.71,0
SHP002566,J.B. Hunt,0,Ocean,San Francisco,Atlanta,5/30/2025 20:08,6673.16,2.92,19107.77,199.58,1334.63,0
SHP002567,Old Dominion,0,Air,New York,Miami,2/13/2025 9:22,1137.4,2.08,15675.67,216.73,113.74,0
SHP002568,Schneider,0,Ocean,Tampa,Miami,12/2/2025 14:05,7844.46,3.95,36928.12,240.64,1568.89,0
SHP002569,Old Dominion,0,Rail,Dallas,Atlanta,7/25/2025 14:24,1197.99,6.81,14738.29,215.78,35.94,0
SHP002570,C.H. Robinson,0,Rail,Chicago,Tampa,11/12/2025 14:17,855.23,3.62,37058.41,414.64,25.66,0
SHP002571,DHL,LTL,Road,Boston,Dallas,9/10/2025 12:34,175.35,0.87,4364.51,50.23,29.22,0
SHP002572,XPO Logistics,0,Ocean,Boston,Atlanta,3/20/2025 4:20,5143.2,5.16,21133.74,4.6,1028.64,0
SHP002573,FedEx,0,Ocean,Tampa,Boston,11/26/2025 17:20,2874.47,16.9,19619.54,489.16,574.89,0
SHP002574,FedEx,0,Ocean,Chicago,Miami,11/17/2025 7:23,7055.78,9.9,2296.72,422.97,1411.16,0
SHP002575,Schneider,0,Air,Tampa,Miami,7/4/2025 12:24,2760.33,3.37,5554.02,498.96,276.03,0
SHP002576,J.B. Hunt,0,Ocean,Tampa,New York,12/11/2025 3:10,2439.38,17.93,36367.38,118.61,487.88,0
SHP002577,DHL,0,Rail,Atlanta,Boston,7/11/2025 8:16,1653.21,3.17,39068.32,141.35,49.6,0
SHP002578,Schneider,0,Ocean,Boston,San Francisco,7/21/2025 6:08,7650.77,3.18,28516.24,266.52,1530.15,0
SHP002579,J.B. Hunt,0,Air,Chicago,Miami,5/7/2025 20:08,1590.27,1.28,28371.03,96.21,159.03,0
SHP002580,UPS,0,Ocean,Dallas,Boston,4/10/2025 17:57,4646.31,7.57,38247.04,15.29,929.26,0
SHP002581,Schneider,0,Air,Miami,New York,5/14/2025 2:43,839.27,1.35,16855.68,117.13,83.93,0
SHP002582,Schneider,0,Rail,Atlanta,Miami,9/5/2025 5:58,986.16,7.11,28626.51,290.4,29.58,0
SHP002583,XPO Logistics,0,Ocean,Chicago,Atlanta,3/29/2025 12:37,1167.52,17.27,7073.36,393.4,233.5,0
SHP002584,UPS,0,Rail,Atlanta,San Francisco,11/8/2025 21:23,600.09,3.92,14343.57,429.55,18,0
SHP002585,Schneider,0,Rail,New York,Atlanta,12/30/2025 12:23,402.47,4.96,6111.43,352.69,12.07,0
SHP002586,Schneider,FTL,Road,San Francisco,Dallas,10/14/2025 10:01,1090.84,2.75,19779.64,463.78,181.81,0
SHP002587,XPO Logistics,0,Ocean,San Francisco,Boston,5/14/2025 7:00,4407.44,12.73,23344,344.93,881.49,0
SHP002588,UPS,0,Air,New York,Miami,9/20/2025 18:04,588.59,3.37,17702.45,37.1,58.86,0
SHP002589,Schneider,0,Ocean,Boston,New York,1/25/2025 6:33,6396.37,10.29,4464.52,317.26,1279.27,0
SHP002590,Schneider,0,Rail,San Francisco,Boston,1/20/2025 2:53,1608.21,7.21,38327.71,433.99,48.25,0
SHP002591,Old Dominion,0,Rail,Miami,Chicago,2/15/2025 10:18,203.43,3.66,32832.43,183.76,6.1,0
SHP002592,XPO Logistics,FTL,Road,Atlanta,New York,3/30/2025 11:39,741.78,3.74,14918.5,452.33,0,1112.67
SHP002593,C.H. Robinson,0,Ocean,Boston,Atlanta,9/26/2025 3:15,4274.21,12.23,39901.79,247.26,854.84,0
SHP002594,DHL,0,Ocean,Atlanta,Tampa,1/9/2025 19:17,1837.99,13.29,32653.66,388.65,367.6,0
SHP002595,UPS,FTL,Road,New York,Tampa,4/1/2025 14:24,956.87,4.32,10541.6,431.18,159.48,0
SHP002596,J.B. Hunt,0,Ocean,Tampa,Atlanta,3/9/2025 15:00,7200.83,6.27,5653,487.83,1440.17,0
SHP002597,Schneider,0,Air,Chicago,New York,9/21/2025 16:35,2644.47,3.63,35511.87,271.3,264.45,0
SHP002598,C.H. Robinson,0,Ocean,Chicago,New York,6/19/2025 17:51,5348.01,14,2522.65,373.01,1069.6,0
SHP002599,Old Dominion,0,Ocean,Tampa,Dallas,10/26/2025 16:26,4289.99,16.25,20354.27,246.41,858,0
SHP002600,Schneider,0,Ocean,San Francisco,Chicago,3/27/2025 4:31,1788.42,8.13,6774.68,98.64,357.68,0
SHP002601,C.H. Robinson,0,Air,San Francisco,Atlanta,11/20/2025 10:46,2927.04,1.04,11136.18,295.7,292.7,0
SHP002602,DHL,0,Air,Atlanta,Boston,12/31/2025 19:18,1947.48,1.04,31851.84,392.82,194.75,0
SHP002603,C.H. Robinson,0,Rail,San Francisco,Atlanta,3/2/2025 2:51,579.71,3.02,37550.52,413.01,17.39,0
SHP002604,DHL,0,Air,Tampa,Chicago,1/4/2025 1:02,2184.05,0.79,17021.43,280.09,218.41,0
SHP002605,XPO Logistics,0,Air,Atlanta,Miami,4/28/2025 18:41,806.01,2.07,24240.52,164.36,80.6,0
SHP002606,Schneider,LTL,Road,Chicago,Miami,3/1/2025 10:55,948.09,5.08,3337.55,419.49,158.02,0
SHP002607,C.H. Robinson,LTL,Road,Tampa,Dallas,1/18/2025 16:13,169.11,5.07,1654.59,42.38,28.19,0
SHP002608,C.H. Robinson,0,Rail,New York,Dallas,6/5/2025 9:54,1226.84,4.3,36361.68,182.23,36.81,0
SHP002609,XPO Logistics,0,Ocean,Boston,New York,9/13/2025 22:59,2653.64,13.02,18509.87,172.87,530.73,0
SHP002610,C.H. Robinson,0,Ocean,Boston,Atlanta,8/14/2025 23:18,5703.06,18.71,34192.87,486.46,1140.61,0
SHP002611,DHL,0,Rail,Tampa,Chicago,7/7/2025 16:47,626.65,6.01,16073.2,338.86,18.8,0
SHP002612,DHL,0,Air,San Francisco,New York,2/5/2025 16:13,1585.15,3.98,29291.63,476.29,158.52,0
SHP002613,FedEx,LTL,Road,Dallas,Boston,4/13/2025 19:09,1010.21,5.44,8172.03,230.12,0,1515.32
SHP002614,UPS,0,Air,New York,Tampa,7/13/2025 23:00,979.83,1.8,1299.33,262.47,97.98,0
SHP002615,Old Dominion,0,Rail,Miami,Chicago,9/8/2025 5:13,1008.09,4.68,38974.23,455.82,30.24,0
SHP002616,UPS,0,Air,Tampa,Atlanta,3/26/2025 15:25,736.62,1.79,17246.27,180.91,73.66,0
SHP002617,Old Dominion,0,Ocean,Chicago,Boston,4/3/2025 11:30,6488.72,13.53,23097.94,426.65,1297.74,0
SHP002618,J.B. Hunt,0,Air,San Francisco,Miami,7/5/2025 17:40,2476.01,0.96,28699.63,218.28,247.6,0
SHP002619,Schneider,0,Ocean,Chicago,San Francisco,3/21/2025 18:02,2709.87,3.1,19746.36,178.36,541.97,0
SHP002620,C.H. Robinson,0,Rail,New York,Atlanta,12/9/2025 23:29,602.42,5.86,30894.67,123.15,18.07,0
SHP002621,DHL,0,Rail,New York,San Francisco,1/28/2025 17:55,279.12,6.94,893.41,468.62,8.37,0
SHP002622,Old Dominion,0,Ocean,New York,Miami,8/29/2025 5:04,5207.15,9.08,10235.88,5.49,1041.43,0
SHP002623,DHL,0,Rail,Dallas,San Francisco,4/22/2025 18:41,576.75,1.96,24680.57,84.11,17.3,0
SHP002624,C.H. Robinson,FTL,Road,Chicago,New York,10/18/2025 19:13,657.92,3.64,12272.65,18.5,0,986.88
SHP002625,UPS,0,Rail,New York,Miami,8/7/2025 10:42,259.61,1.18,29695.42,159.69,7.79,0
SHP002626,DHL,0,Air,Dallas,Atlanta,10/9/2025 4:15,2450.01,2.01,18393.42,256.93,245,0
SHP002627,XPO Logistics,0,Air,Atlanta,Miami,5/6/2025 18:54,2225.18,1.46,5302.7,278.47,222.52,0
SHP002628,Old Dominion,0,Air,San Francisco,Chicago,8/2/2025 3:31,1182.84,2.05,26054.39,247.57,118.28,0
SHP002629,FedEx,0,Ocean,Dallas,New York,7/21/2025 9:15,5152.09,13.97,29721.96,353.26,1030.42,0
SHP002630,Old Dominion,0,Air,San Francisco,Boston,5/10/2025 18:51,1742.31,2.88,35005.6,216.7,174.23,0
SHP002631,DHL,LTL,Road,Boston,San Francisco,10/26/2025 14:00,524.68,4.64,5888.16,36.43,87.45,0
SHP002632,XPO Logistics,0,Rail,Boston,Tampa,3/24/2025 1:21,1627.38,1.22,30061.66,379.64,48.82,0
SHP002633,Schneider,0,Ocean,Boston,Atlanta,2/27/2025 6:31,7648.33,3.19,24075.85,214.49,1529.67,0
SHP002634,UPS,0,Rail,Dallas,New York,3/18/2025 0:51,729.01,1.63,22724.84,240.04,21.87,0
SHP002635,DHL,0,Rail,Atlanta,Dallas,1/28/2025 17:12,367.29,5.29,29649.15,383.87,11.02,0
SHP002636,Old Dominion,LTL,Road,San Francisco,Boston,11/7/2025 21:56,1091.18,2.6,9537.77,432.85,181.86,0
SHP002637,Schneider,0,Ocean,Atlanta,Miami,4/18/2025 22:47,2723.76,5.5,17697.88,201.55,544.75,0
SHP002638,FedEx,0,Air,Chicago,New York,11/23/2025 17:25,1854.44,2.54,30124.49,255.44,185.44,0
SHP002639,UPS,LTL,Road,Tampa,Dallas,5/1/2025 12:41,170.55,5.19,3201.18,485.68,28.43,0
SHP002640,DHL,0,Air,New York,San Francisco,2/4/2025 11:53,618.22,3.85,4094.97,116.29,61.82,0
SHP002641,DHL,0,Rail,New York,Tampa,3/18/2025 20:36,274.53,5.94,34086.8,217.6,8.24,0
SHP002642,J.B. Hunt,0,Air,Tampa,New York,6/5/2025 6:30,2807.01,2.57,25385.28,422.86,280.7,0
SHP002643,C.H. Robinson,0,Rail,Tampa,Atlanta,4/11/2025 0:36,674.88,3.48,36285.1,450.58,20.25,0
SHP002644,UPS,0,Ocean,New York,Chicago,12/18/2025 18:31,7823.62,21.84,5531.2,412.04,1564.72,0
SHP002645,DHL,LTL,Road,Miami,Tampa,3/19/2025 3:13,521.31,5.95,4801.97,277.36,86.88,0
SHP002646,UPS,FTL,Road,Miami,Dallas,3/13/2025 1:07,659.24,2.1,3463.37,447.93,109.87,0
SHP002647,FedEx,LTL,Road,Miami,Dallas,4/3/2025 1:07,973.08,1.05,7801.17,313.3,0,1459.62
SHP002648,Old Dominion,0,Ocean,Chicago,Miami,6/25/2025 21:47,3568.58,7.59,34459.29,350.39,713.72,0
SHP002649,XPO Logistics,0,Rail,Dallas,Atlanta,4/20/2025 1:18,1076.38,5.27,4097.11,237.49,32.29,0
SHP002650,DHL,0,Ocean,Miami,Chicago,4/17/2025 17:00,1952.75,6.58,26621.51,455.72,390.55,0
SHP002651,J.B. Hunt,0,Ocean,San Francisco,Boston,9/24/2025 3:09,3528.17,6.57,26125.5,435.72,705.63,0
SHP002652,C.H. Robinson,0,Rail,New York,Tampa,5/26/2025 0:50,1397.31,7.08,21693.91,376.19,41.92,0
SHP002653,Schneider,0,Rail,Atlanta,Boston,1/5/2025 18:42,424.1,3.44,15887.19,256.14,12.72,0
SHP002654,FedEx,0,Rail,Chicago,Atlanta,5/27/2025 12:08,1686.52,7.12,5813.76,87.22,50.6,0
SHP002655,FedEx,0,Rail,Atlanta,Chicago,7/14/2025 2:51,772.22,3.04,24783.45,451.49,23.17,0
SHP002656,FedEx,0,Rail,Atlanta,New York,12/22/2025 18:31,1739.67,5.58,33607.29,263.08,52.19,0
SHP002657,Schneider,LTL,Road,Boston,Tampa,4/8/2025 13:59,289.58,3.27,5617.56,371.49,0,434.37
SHP002658,FedEx,0,Air,Atlanta,Dallas,6/7/2025 4:13,893.68,1.79,14879.09,479.76,89.37,0
SHP002659,Old Dominion,0,Air,New York,Miami,3/21/2025 0:09,1498.65,3.14,30157.05,133.51,149.87,0
SHP002660,Old Dominion,FTL,Road,New York,Dallas,9/3/2025 7:35,707.65,5.39,19270.31,472.61,117.94,0
SHP002661,Old Dominion,0,Air,Tampa,Chicago,11/3/2025 19:03,879.04,0.76,35712.43,423.99,87.9,0
SHP002662,DHL,FTL,Road,Miami,Boston,7/31/2025 7:08,1191.48,4.16,37499.17,413.65,198.58,0
SHP002663,DHL,0,Air,New York,Dallas,6/13/2025 8:55,2579.95,2.49,15603.4,467.34,258,0
SHP002664,Schneider,LTL,Road,San Francisco,Tampa,3/5/2025 0:39,546.93,3.35,4544.23,282.84,91.15,0
SHP002665,C.H. Robinson,0,Ocean,Boston,San Francisco,11/24/2025 14:23,4028.79,3.06,35340.9,222.75,805.76,0
SHP002666,Schneider,0,Air,New York,Dallas,8/15/2025 18:43,1890.15,0.99,633.82,123.4,189.02,0
SHP002667,Old Dominion,0,Air,San Francisco,Dallas,3/30/2025 7:16,2202.38,0.85,36401.05,108.3,220.24,0
SHP002668,FedEx,LTL,Road,San Francisco,Dallas,2/26/2025 1:35,285.28,1.29,287.72,386.13,47.55,0
SHP002669,UPS,LTL,Road,Tampa,Chicago,7/31/2025 17:14,1056.29,3.78,2003.77,143.35,0,1584.43
SHP002670,C.H. Robinson,0,Ocean,Miami,Chicago,2/16/2025 15:10,4069.45,23,10270.38,366.09,813.89,0
SHP002671,DHL,LTL,Road,New York,Boston,7/7/2025 14:06,555.37,1.96,4640.77,36.53,92.56,0
SHP002672,FedEx,LTL,Road,Atlanta,Miami,2/13/2025 6:32,968.49,1.65,7295.31,35.11,0,1452.74
SHP002673,XPO Logistics,0,Ocean,Boston,Tampa,5/7/2025 1:29,7663.24,6.25,35368.31,404.93,1532.65,0
SHP002674,J.B. Hunt,0,Air,New York,Tampa,5/28/2025 11:33,2913.22,2.17,29232.19,185.98,291.32,0
SHP002675,XPO Logistics,0,Ocean,San Francisco,New York,7/25/2025 5:07,1882.76,11.75,7047.09,491.04,376.55,0
SHP002676,Old Dominion,LTL,Road,Miami,New York,9/28/2025 21:22,160.68,3.64,6320.67,269.5,26.78,0
SHP002677,XPO Logistics,0,Ocean,Miami,San Francisco,5/10/2025 15:01,5466.39,4.56,22423.23,144.32,1093.28,0
SHP002678,DHL,LTL,Road,Atlanta,New York,4/13/2025 19:25,1131.2,4.63,9729.27,19.74,188.53,0
SHP002679,DHL,0,Ocean,San Francisco,Boston,8/12/2025 12:27,2638.5,6.3,940.61,121.92,527.7,0
SHP002680,Old Dominion,FTL,Road,New York,Atlanta,3/12/2025 22:54,830.59,1.58,20605.64,444.02,138.43,0
SHP002681,Schneider,LTL,Road,Tampa,Dallas,8/6/2025 3:19,847.82,2.52,3818.82,228.41,141.3,0
SHP002682,UPS,LTL,Road,New York,Tampa,9/6/2025 21:29,253.6,3.9,3736.91,426.33,42.27,0
SHP002683,XPO Logistics,0,Air,Tampa,New York,12/2/2025 8:37,2342.69,2.64,14885.99,105.76,234.27,0
SHP002684,DHL,FTL,Road,Tampa,Dallas,12/29/2025 2:20,942.57,3.05,9377.63,98.39,157.09,0
SHP002685,Old Dominion,FTL,Road,Tampa,Boston,11/28/2025 19:52,240.21,4.72,9544.99,263.79,40.04,0
SHP002686,XPO Logistics,0,Ocean,Boston,Atlanta,4/25/2025 20:04,3886.6,14.75,35147.62,434.01,777.32,0
SHP002687,J.B. Hunt,0,Ocean,Boston,Atlanta,3/3/2025 13:24,3883.07,2.34,17344.53,303.49,776.61,0
SHP002688,Old Dominion,FTL,Road,Miami,Tampa,9/6/2025 9:03,691.43,4,6585.99,323.62,0,1037.14
SHP002689,Schneider,0,Ocean,San Francisco,New York,4/30/2025 5:48,1869.89,18.51,13893.96,355.24,373.98,0
SHP002690,J.B. Hunt,0,Ocean,Chicago,New York,12/19/2025 16:42,858.99,10.97,28348.86,114.21,171.8,0
SHP002691,C.H. Robinson,FTL,Road,Tampa,New York,5/16/2025 5:56,964.58,3.88,23708.69,177.42,160.76,0
SHP002692,Old Dominion,0,Rail,Tampa,Chicago,8/28/2025 1:32,971.92,5.18,19162.25,349.46,29.16,0
SHP002693,DHL,0,Rail,New York,Tampa,7/30/2025 1:53,893.92,2.42,8950.38,3.9,26.82,0
SHP002694,Schneider,FTL,Road,New York,Boston,10/7/2025 2:15,396.1,4.56,31869.43,102.03,66.02,0
SHP002695,J.B. Hunt,0,Ocean,Chicago,Tampa,2/12/2025 14:01,7692.83,13.05,36720.66,353.68,1538.57,0
SHP002696,UPS,LTL,Road,Miami,Chicago,3/12/2025 5:48,880.8,0.74,2316.91,5.4,146.8,0
SHP002697,XPO Logistics,0,Ocean,Atlanta,San Francisco,9/20/2025 23:59,5870.96,9.58,31572.77,170.13,1174.19,0
SHP002698,FedEx,0,Ocean,Atlanta,Dallas,1/6/2025 17:11,6645,4.88,7348.24,171.1,1329,0
SHP002699,DHL,FTL,Road,Tampa,San Francisco,8/31/2025 21:05,519.76,2.26,30664.06,49.38,86.63,0
SHP002700,C.H. Robinson,0,Rail,Miami,San Francisco,2/13/2025 9:38,761.95,6.86,3138.48,471.23,22.86,0
SHP002701,DHL,LTL,Road,Chicago,Atlanta,12/12/2025 18:17,1184.26,0.76,3019.03,186.83,197.38,0
SHP002702,Old Dominion,0,Ocean,Chicago,San Francisco,7/20/2025 18:42,6322.94,15.11,25952.45,379,1264.59,0
SHP002703,UPS,FTL,Road,Tampa,Atlanta,3/2/2025 8:57,185.68,5.04,28371.98,289.09,30.95,0
SHP002704,XPO Logistics,0,Ocean,New York,Dallas,8/7/2025 1:31,7173.02,17.41,8467.15,215.44,1434.6,0
SHP002705,XPO Logistics,0,Rail,Boston,Chicago,12/12/2025 22:35,990.47,1.39,38208.18,65.16,29.71,0
SHP002706,C.H. Robinson,0,Air,Miami,Chicago,2/24/2025 14:37,2183.15,2.27,1512.47,462.45,218.32,0
SHP002707,C.H. Robinson,0,Rail,San Francisco,Miami,1/24/2025 19:59,1562.94,4.67,9543.22,61.69,46.89,0
SHP002708,J.B. Hunt,0,Air,Miami,Dallas,10/7/2025 7:46,1281.16,1.39,20514.3,483.24,128.12,0
SHP002709,DHL,0,Ocean,Tampa,Dallas,8/20/2025 16:19,4812.15,21.58,26209.71,238.15,962.43,0
SHP002710,DHL,FTL,Road,Tampa,Chicago,2/22/2025 12:09,1032.8,2.96,34810.81,146.5,172.13,0
SHP002711,DHL,0,Air,Dallas,Boston,11/19/2025 13:17,647.8,3.49,23702.9,444.66,64.78,0
SHP002712,FedEx,LTL,Road,San Francisco,Atlanta,12/23/2025 16:14,1128.5,0.56,5084.55,188.11,188.08,0
SHP002713,Old Dominion,0,Ocean,Chicago,Dallas,7/22/2025 15:09,5193.94,19.46,11583.31,278.84,1038.79,0
SHP002714,XPO Logistics,FTL,Road,Tampa,Atlanta,2/15/2025 9:04,865.04,1.02,32655.64,303.45,144.17,0
SHP002715,DHL,LTL,Road,Atlanta,Miami,11/4/2025 20:52,1141.97,2.2,1215.24,253.74,190.33,0
SHP002716,C.H. Robinson,0,Rail,Miami,Tampa,4/30/2025 6:30,337.3,7.79,2028.06,377,10.12,0
SHP002717,UPS,FTL,Road,Chicago,New York,5/11/2025 10:35,653.87,2.37,3100.77,311.46,0,980.81
SHP002718,DHL,0,Ocean,Atlanta,Boston,12/25/2025 0:58,4889.15,8.18,36453.76,152.75,977.83,0
SHP002719,J.B. Hunt,0,Air,San Francisco,Boston,6/4/2025 15:09,1514.26,2.4,4459.16,466.15,151.43,0
SHP002720,J.B. Hunt,LTL,Road,Miami,Chicago,4/9/2025 22:18,480.72,0.71,3964.82,300.5,80.12,0
SHP002721,DHL,FTL,Road,Miami,Boston,9/5/2025 23:04,640.7,4.24,2691.62,142.99,0,961.05
SHP002722,C.H. Robinson,0,Air,Tampa,Atlanta,10/5/2025 23:00,2511.92,0.78,34291.7,46.86,251.19,0
SHP002723,J.B. Hunt,0,Ocean,Chicago,Tampa,5/20/2025 2:28,6758.41,9.94,24682.26,77.29,1351.68,0
SHP002724,DHL,0,Ocean,New York,Boston,4/26/2025 10:39,996.27,6.75,5550.23,156.89,199.25,0
SHP002725,XPO Logistics,0,Ocean,Miami,Chicago,10/7/2025 13:39,4357.87,14.95,31699.79,328.46,871.57,0
SHP002726,J.B. Hunt,0,Ocean,Boston,Chicago,9/17/2025 12:36,5065.69,11.06,19215.43,207.85,1013.14,0
SHP002727,UPS,FTL,Road,Atlanta,San Francisco,6/10/2025 21:03,1018.49,1.57,725.98,326.01,169.75,0
SHP002728,C.H. Robinson,LTL,Road,Chicago,Tampa,9/2/2025 11:15,282.83,5.37,8611.61,39.29,47.14,0
SHP002729,FedEx,FTL,Road,New York,Tampa,8/5/2025 21:46,172.35,3.1,24564.3,138.18,28.72,0
SHP002730,C.H. Robinson,0,Rail,Miami,New York,8/4/2025 10:15,1346.88,5.16,13330.55,13.66,40.41,0
SHP002731,Schneider,0,Rail,New York,Atlanta,10/24/2025 8:20,1400.24,2.5,33461.71,210.72,42.01,0
SHP002732,J.B. Hunt,FTL,Road,Boston,Tampa,11/1/2025 20:41,713.64,5.27,34613.11,186.39,0,1070.46
SHP002733,FedEx,0,Rail,San Francisco,Atlanta,10/25/2025 8:11,534.22,6.43,17606.67,96.83,16.03,0
SHP002734,C.H. Robinson,0,Air,Miami,Dallas,12/16/2025 8:50,2741.95,1.19,1519.38,11.12,274.19,0
SHP002735,C.H. Robinson,0,Ocean,Boston,Dallas,1/26/2025 10:50,5167.37,16.56,12786.15,160.69,1033.47,0
SHP002736,Schneider,0,Air,Chicago,Tampa,6/9/2025 10:27,1216.63,2.88,2796.28,464.63,121.66,0
SHP002737,Old Dominion,0,Ocean,Boston,Chicago,10/3/2025 0:36,2168.91,23.99,7275.15,386,433.78,0
SHP002738,FedEx,0,Air,Atlanta,New York,4/9/2025 16:51,903.21,0.78,35059.87,429.52,90.32,0
SHP002739,C.H. Robinson,0,Ocean,Chicago,New York,7/9/2025 8:51,3526.78,17.45,22504.1,426.63,705.36,0
SHP002740,C.H. Robinson,0,Ocean,Chicago,Boston,11/21/2025 5:49,2862.92,13.52,19672.21,177.6,572.58,0
SHP002741,Schneider,0,Air,San Francisco,Tampa,2/25/2025 12:40,2706.93,1.08,6405.59,288.88,270.69,0
SHP002742,C.H. Robinson,0,Air,Dallas,Tampa,1/5/2025 22:59,2075.23,1.18,15933.34,473.34,207.52,0
SHP002743,DHL,0,Rail,Chicago,Tampa,3/31/2025 4:18,594.59,5.68,29735.9,224.62,17.84,0
SHP002744,J.B. Hunt,0,Ocean,Miami,Dallas,12/22/2025 21:30,7531.44,18.21,18588.02,285.1,1506.29,0
SHP002745,C.H. Robinson,0,Ocean,Chicago,Boston,6/11/2025 19:04,5694.6,15.03,35208.55,179.09,1138.92,0
SHP002746,J.B. Hunt,LTL,Road,New York,Chicago,2/21/2025 2:23,394.87,1.48,522.16,22.46,65.81,0
SHP002747,Old Dominion,0,Ocean,Tampa,New York,10/2/2025 0:06,7025.41,16.92,26591.03,307.71,1405.08,0
SHP002748,XPO Logistics,0,Ocean,Boston,Atlanta,9/11/2025 17:08,6869.14,12.57,34881.23,180.36,1373.83,0
SHP002749,DHL,LTL,Road,Atlanta,Dallas,1/7/2025 8:28,1115.71,4.27,2683.19,282.48,185.95,0
SHP002750,C.H. Robinson,0,Ocean,San Francisco,Boston,3/26/2025 20:51,4497.73,5.03,23854.09,158.08,899.55,0
SHP002751,Old Dominion,LTL,Road,New York,Chicago,9/28/2025 8:14,110.2,5.7,6468.68,438.58,0,165.3
SHP002752,C.H. Robinson,0,Air,Dallas,San Francisco,6/27/2025 22:37,2125.35,1.75,20751.18,338.2,212.53,0
SHP002753,DHL,FTL,Road,Atlanta,Boston,7/8/2025 8:32,1154.29,1.71,35061.59,462.11,192.38,0
SHP002754,XPO Logistics,0,Air,Chicago,Tampa,12/10/2025 17:44,2110.12,3.76,16216.2,476.56,211.01,0
SHP002755,C.H. Robinson,0,Air,San Francisco,Chicago,5/18/2025 1:02,2197.51,0.65,36321.48,242.75,219.75,0
SHP002756,Old Dominion,0,Air,San Francisco,Miami,7/8/2025 9:41,1542.88,2.48,6400.69,235.11,154.29,0
SHP002757,DHL,0,Air,Chicago,Boston,4/11/2025 2:07,2544.04,0.55,11280.23,2.22,254.4,0
SHP002758,Old Dominion,0,Rail,Chicago,Miami,8/18/2025 9:49,865.14,6.1,32051.49,472.65,25.95,0
SHP002759,J.B. Hunt,FTL,Road,Boston,Miami,4/16/2025 7:42,749.78,1.71,37003.84,387.88,124.96,0
SHP002760,C.H. Robinson,0,Rail,Boston,New York,1/16/2025 6:55,1119.09,5.87,37010.5,356.48,33.57,0
SHP002761,FedEx,0,Rail,New York,San Francisco,7/1/2025 22:00,789.4,5.99,2090.99,193.82,23.68,0
SHP002762,XPO Logistics,FTL,Road,Dallas,Boston,6/18/2025 22:40,517.27,1.21,1411.88,67.56,0,775.9
SHP002763,XPO Logistics,FTL,Road,Dallas,Chicago,9/15/2025 4:17,802.81,4.86,39534.04,173.84,133.8,0
SHP002764,UPS,0,Air,Dallas,Chicago,1/7/2025 1:54,1918.32,3.78,7098.15,359.11,191.83,0
SHP002765,C.H. Robinson,FTL,Road,Boston,Dallas,9/21/2025 2:53,918.23,0.76,34519.35,406.74,153.04,0
SHP002766,Schneider,0,Air,Chicago,Dallas,5/11/2025 8:58,390.19,0.82,2440.51,168.04,39.02,0
SHP002767,Schneider,0,Air,San Francisco,Dallas,1/28/2025 17:13,1675.08,2.36,11072.84,455.89,167.51,0
SHP002768,Schneider,FTL,Road,Dallas,San Francisco,10/10/2025 3:00,473.5,0.51,12358.97,266.02,78.92,0
SHP002769,J.B. Hunt,0,Rail,New York,Chicago,10/2/2025 14:32,853.15,2.92,5687.27,409.76,25.59,0
SHP002770,DHL,0,Ocean,Miami,San Francisco,9/28/2025 16:49,7971.09,9.25,15574.03,309.4,1594.22,0
SHP002771,J.B. Hunt,FTL,Road,Atlanta,Dallas,3/10/2025 15:06,876.21,2.5,36244.72,280.44,146.03,0
SHP002772,UPS,0,Ocean,Chicago,Dallas,7/12/2025 7:02,3877.93,16.23,38135.75,397.48,775.59,0
SHP002773,XPO Logistics,0,Ocean,San Francisco,New York,5/18/2025 4:57,800.1,9.31,19086.52,157.94,160.02,0
SHP002774,UPS,0,Rail,Boston,New York,9/24/2025 7:15,1320.3,6.78,29388.13,494.68,39.61,0
SHP002775,FedEx,0,Rail,New York,Miami,12/4/2025 17:31,636.08,7.12,30781.6,181.73,19.08,0
SHP002776,FedEx,0,Ocean,Chicago,Atlanta,4/18/2025 5:33,6005.93,4.29,31678.67,266.63,1201.19,0
SHP002777,UPS,0,Rail,Chicago,New York,3/4/2025 1:52,667.66,5.59,25843.99,105.53,20.03,0
SHP002778,C.H. Robinson,LTL,Road,Dallas,New York,1/9/2025 2:44,84.96,2.74,5759.69,438.43,14.16,0
SHP002779,FedEx,0,Ocean,Miami,Dallas,2/28/2025 1:58,7461.63,13.63,30275.24,220.21,1492.33,0
SHP002780,J.B. Hunt,0,Ocean,Miami,Tampa,1/6/2025 17:05,6095.62,6.51,15157.06,317.48,1219.12,0
SHP002781,XPO Logistics,0,Rail,Atlanta,Dallas,2/17/2025 9:03,229.05,6.06,33503.65,200.17,6.87,0
SHP002782,FedEx,0,Air,Atlanta,Miami,5/5/2025 20:05,1509.44,3.48,31138.36,144.79,150.94,0
SHP002783,XPO Logistics,0,Ocean,San Francisco,Dallas,10/9/2025 20:08,2929.82,16.94,22746.32,81.95,585.96,0
SHP002784,UPS,0,Air,San Francisco,Dallas,10/29/2025 10:53,1136.81,3.65,27682.89,493,113.68,0
SHP002785,C.H. Robinson,LTL,Road,Dallas,Miami,1/9/2025 14:53,932.06,5.67,2279.46,385.97,155.34,0
SHP002786,C.H. Robinson,0,Rail,Tampa,Dallas,5/23/2025 10:47,232.35,5.7,19036.65,174.03,6.97,0
SHP002787,C.H. Robinson,0,Ocean,New York,Dallas,1/11/2025 22:02,6968.03,20.79,1380.92,305.14,1393.61,0
SHP002788,FedEx,0,Ocean,Miami,Dallas,5/18/2025 2:04,3258.74,11.14,33365.61,155.61,651.75,0
SHP002789,XPO Logistics,0,Ocean,Atlanta,Chicago,2/14/2025 22:05,7572.87,5.95,26677.54,336.38,1514.57,0
SHP002790,UPS,0,Air,Tampa,Boston,8/17/2025 17:20,980.93,1.64,33474.54,381.14,98.09,0
SHP002791,FedEx,0,Ocean,San Francisco,Boston,11/13/2025 15:02,2968.22,13.75,2936.37,105.16,593.64,0
SHP002792,J.B. Hunt,0,Air,Dallas,San Francisco,8/3/2025 17:12,1611.72,0.8,33811.63,359.29,161.17,0
SHP002793,C.H. Robinson,0,Rail,Miami,San Francisco,10/18/2025 18:39,1709.81,5.85,37645.85,277.7,51.29,0
SHP002794,XPO Logistics,0,Rail,Miami,San Francisco,8/24/2025 0:33,1160.35,7.84,25864.1,16.36,34.81,0
SHP002795,Old Dominion,0,Ocean,New York,San Francisco,9/28/2025 21:42,5928.52,21.92,31925.42,292.33,1185.7,0
SHP002796,Old Dominion,FTL,Road,Tampa,Dallas,8/8/2025 5:23,822,5.94,4081.15,333.96,137,0
SHP002797,UPS,FTL,Road,Miami,Tampa,5/2/2025 4:01,375.91,3.93,24501.13,77.57,62.65,0
SHP002798,DHL,0,Rail,Miami,Atlanta,7/3/2025 14:54,530.79,5.35,5565.08,133.33,15.92,0
SHP002799,FedEx,0,Ocean,Tampa,Dallas,2/10/2025 17:54,6764.34,9.2,19778.38,470.63,1352.87,0
SHP002800,Schneider,0,Air,Chicago,Tampa,8/25/2025 11:21,913.3,1.86,24455.08,377.91,91.33,0
SHP002801,DHL,FTL,Road,Boston,Dallas,2/16/2025 21:47,1086.9,5.51,31177.28,114.94,181.15,0
SHP002802,UPS,0,Ocean,San Francisco,Dallas,11/5/2025 5:50,686.07,10.44,6091.18,355.48,137.21,0
SHP002803,C.H. Robinson,LTL,Road,San Francisco,Tampa,10/31/2025 12:08,810.3,0.5,8390.45,125.12,135.05,0
SHP002804,Schneider,0,Air,Chicago,New York,3/14/2025 19:30,1467.01,2.84,17462.04,221.2,146.7,0
SHP002805,Schneider,FTL,Road,Tampa,Boston,5/16/2025 23:46,125.47,2.56,30711.49,457.67,20.91,0
SHP002806,J.B. Hunt,0,Air,Chicago,Tampa,10/11/2025 11:43,1416.44,1.98,28253.77,471.44,141.64,0
SHP002807,DHL,0,Air,Boston,Miami,1/24/2025 10:27,1021.06,2.04,31940.94,305.24,102.11,0
SHP002808,FedEx,LTL,Road,Chicago,Boston,9/12/2025 0:45,177.17,3.86,1989.45,255.6,29.53,0
SHP002809,FedEx,LTL,Road,Miami,New York,6/25/2025 13:17,658.47,5.29,4705.57,140.44,109.75,0
SHP002810,Old Dominion,0,Ocean,Chicago,New York,3/11/2025 8:54,2232.25,21.23,7254.93,213.51,446.45,0
SHP002811,J.B. Hunt,0,Rail,Chicago,Atlanta,11/9/2025 10:56,499.48,6.41,19237.72,176.22,14.98,0
SHP002812,J.B. Hunt,LTL,Road,New York,San Francisco,9/22/2025 5:10,465.26,5.15,5604.67,359.22,77.54,0
SHP002813,C.H. Robinson,0,Ocean,Dallas,Tampa,3/11/2025 13:04,7227.79,21.84,13476.11,476.27,1445.56,0
SHP002814,Schneider,0,Air,Tampa,San Francisco,2/3/2025 1:50,367.16,1.82,35884.05,138.04,36.72,0
SHP002815,Old Dominion,LTL,Road,New York,Atlanta,1/1/2025 19:11,364.04,1.99,6181.29,219.73,60.67,0
SHP002816,XPO Logistics,LTL,Road,Atlanta,New York,1/23/2025 23:23,885.75,5.4,6790.86,103.03,147.62,0
SHP002817,FedEx,0,Ocean,Tampa,Boston,10/19/2025 4:12,7495.11,7.82,6420.82,45.89,1499.02,0
SHP002818,FedEx,FTL,Road,New York,Boston,6/10/2025 21:00,697.89,0.9,5981.65,150.72,116.31,0
SHP002819,J.B. Hunt,0,Ocean,San Francisco,Miami,12/1/2025 2:56,2612.4,15.29,32761.44,380.91,522.48,0
SHP002820,Old Dominion,0,Air,San Francisco,New York,11/27/2025 4:51,1008.71,1.36,38648.77,5.11,100.87,0
SHP002821,J.B. Hunt,0,Ocean,Dallas,Boston,7/31/2025 11:08,7097.9,6.39,37917.73,171.81,1419.58,0
SHP002822,UPS,0,Air,Boston,Miami,3/1/2025 13:53,1488.95,2.97,23712.93,159.65,148.9,0
SHP002823,XPO Logistics,0,Rail,Boston,New York,6/9/2025 17:05,1086.13,6.11,2172.23,6.59,32.58,0
SHP002824,C.H. Robinson,LTL,Road,San Francisco,Chicago,6/30/2025 17:42,576.78,1.01,6693.79,107.81,0,865.17
SHP002825,Schneider,0,Rail,Chicago,Tampa,8/28/2025 9:13,892.56,2.38,22165.1,58.91,26.78,0
SHP002826,DHL,0,Ocean,San Francisco,Atlanta,5/4/2025 10:55,673.3,3.12,38193.21,72,134.66,0
SHP002827,FedEx,0,Ocean,Tampa,San Francisco,5/20/2025 17:27,5813.59,3.49,4772.33,254.93,1162.72,0
SHP002828,J.B. Hunt,0,Ocean,Boston,New York,10/29/2025 17:14,3986.53,22.93,37821,390.02,797.31,0
SHP002829,XPO Logistics,0,Air,Dallas,Atlanta,6/5/2025 5:20,1925.67,2.09,14569.05,473.6,192.57,0
SHP002830,Schneider,0,Ocean,San Francisco,Dallas,3/12/2025 17:03,5021.82,14.74,9660.09,24.3,1004.36,0
SHP002831,FedEx,0,Air,Tampa,San Francisco,8/16/2025 8:45,2852.01,1.6,17982.27,58.21,285.2,0
SHP002832,UPS,0,Ocean,Atlanta,Dallas,11/14/2025 10:22,6776.93,2.61,33442.64,71,1355.39,0
SHP002833,FedEx,0,Air,Miami,New York,4/16/2025 18:11,2693.72,3.05,7004.48,283.34,269.37,0
SHP002834,FedEx,FTL,Road,Atlanta,Tampa,11/19/2025 22:19,409.55,1.27,34437.7,202.36,0,614.33
SHP002835,UPS,LTL,Road,New York,Tampa,8/25/2025 16:24,508.33,1.23,3923.2,435.94,84.72,0
SHP002836,FedEx,LTL,Road,Atlanta,Boston,8/16/2025 21:24,467.6,5.72,9471.14,73.3,77.93,0
SHP002837,Schneider,0,Rail,Chicago,Miami,1/13/2025 12:45,483.7,7.04,16014.06,3.18,14.51,0
SHP002838,DHL,0,Rail,Atlanta,Boston,5/18/2025 22:05,638.19,5.18,32071.01,67.56,19.15,0
SHP002839,FedEx,LTL,Road,Chicago,New York,6/10/2025 18:22,177.12,5.55,7548.81,295.3,29.52,0
SHP002840,UPS,LTL,Road,Miami,Boston,1/26/2025 2:20,934.56,2.72,7620.79,186.53,155.76,0
SHP002841,J.B. Hunt,0,Air,Dallas,Boston,4/4/2025 11:51,959.06,3.05,17077.06,490.71,95.91,0
SHP002842,Old Dominion,0,Ocean,Atlanta,Tampa,8/13/2025 9:02,3121.14,22.28,37352.02,121.68,624.23,0
SHP002843,Schneider,FTL,Road,Dallas,Boston,11/1/2025 17:03,967.95,2.74,36742.23,225.61,0,1451.93
SHP002844,FedEx,0,Air,Tampa,Chicago,12/8/2025 2:03,2309.62,2.13,9498.13,100.48,230.96,0
SHP002845,FedEx,0,Ocean,San Francisco,Miami,11/15/2025 6:19,3690.73,18.62,24400.32,344.63,738.15,0
SHP002846,FedEx,0,Rail,New York,Tampa,5/23/2025 11:08,651.72,4.37,2253.61,408.95,19.55,0
SHP002847,J.B. Hunt,0,Rail,Miami,Tampa,9/17/2025 19:44,1783.83,3.85,933.06,85.73,53.51,0
SHP002848,Schneider,LTL,Road,San Francisco,Miami,2/18/2025 7:41,800.41,3.77,7910.47,127.69,133.4,0
SHP002849,Schneider,0,Rail,Atlanta,Chicago,5/5/2025 11:43,1421.81,5.82,13251.17,273.2,42.65,0
SHP002850,FedEx,0,Rail,Tampa,Dallas,7/18/2025 2:02,435.64,4.17,35307.29,211.17,13.07,0
SHP002851,FedEx,0,Ocean,Boston,San Francisco,10/23/2025 0:41,6796.75,14.99,8079.13,290.97,1359.35,0
SHP002852,C.H. Robinson,0,Ocean,Miami,Boston,10/8/2025 1:04,4294.87,10.77,5225.4,208.94,858.97,0
SHP002853,XPO Logistics,0,Ocean,Boston,Chicago,1/23/2025 22:57,1045.72,4.17,16928.7,153.39,209.14,0
SHP002854,XPO Logistics,0,Ocean,San Francisco,Miami,12/15/2025 4:45,7441.58,10.27,30435.4,265.59,1488.32,0
SHP002855,XPO Logistics,0,Rail,San Francisco,Chicago,10/25/2025 22:23,1326.54,2.82,37705.25,265.51,39.8,0
SHP002856,FedEx,LTL,Road,Miami,Dallas,3/22/2025 10:20,1006.02,2.35,1137.08,337.18,167.67,0
SHP002857,Old Dominion,0,Rail,Chicago,Miami,6/28/2025 0:04,212.42,4.33,8115.68,314.06,6.37,0
SHP002858,C.H. Robinson,0,Rail,Miami,Chicago,5/11/2025 4:57,1767.07,4.25,32791.18,254.38,53.01,0
SHP002859,DHL,0,Rail,San Francisco,Tampa,8/24/2025 17:16,993.34,7.51,35653.65,393.11,29.8,0
SHP002860,UPS,LTL,Road,Chicago,New York,6/7/2025 10:54,390.69,3.38,2355.39,222.51,65.11,0
SHP002861,Schneider,LTL,Road,Tampa,Atlanta,8/4/2025 21:02,606.85,5.03,8975.88,207.9,0,910.28
SHP002862,C.H. Robinson,0,Rail,Tampa,Miami,10/4/2025 17:58,228.33,7.03,7384.01,311.32,6.85,0
SHP002863,C.H. Robinson,0,Air,Dallas,Tampa,3/19/2025 3:05,367.42,1.9,39445.43,51.25,36.74,0
SHP002864,FedEx,0,Ocean,Boston,New York,3/11/2025 19:59,3677.7,8.76,36250.98,434.8,735.54,0
SHP002865,Old Dominion,0,Air,Atlanta,Dallas,6/21/2025 18:35,941.79,0.78,25271.97,168.85,94.18,0
SHP002866,C.H. Robinson,0,Air,Chicago,Tampa,3/29/2025 18:47,2114.63,0.61,5769.27,343.5,211.46,0
SHP002867,XPO Logistics,0,Air,Chicago,San Francisco,1/24/2025 7:53,873.4,3.5,2814.34,108.53,87.34,0
SHP002868,Old Dominion,0,Ocean,Chicago,Boston,1/5/2025 22:09,7989.2,11.53,28267.14,92.15,1597.84,0
SHP002869,Old Dominion,0,Air,Atlanta,San Francisco,4/6/2025 2:16,1946.65,3.04,12921.83,414.62,194.67,0
SHP002870,Old Dominion,0,Ocean,Tampa,Miami,11/2/2025 4:00,5025.63,10.56,22526.87,288.8,1005.13,0
SHP002871,XPO Logistics,LTL,Road,Atlanta,Boston,10/9/2025 0:11,240.37,2.57,3532.79,201.05,0,360.56
SHP002872,DHL,0,Ocean,Chicago,Tampa,11/28/2025 19:46,6208.33,12.62,37642.49,147.54,1241.67,0
SHP002873,Schneider,FTL,Road,New York,Atlanta,9/8/2025 23:00,528.06,4.78,22067.97,273.97,88.01,0
SHP002874,Schneider,FTL,Road,New York,Boston,8/12/2025 6:34,111.34,2.54,11193.98,499.67,0,167.01
SHP002875,Old Dominion,0,Air,New York,Miami,10/29/2025 10:36,1132.56,3.6,27211.23,171.12,113.26,0
SHP002876,FedEx,0,Ocean,Chicago,Miami,12/20/2025 3:24,4576.51,20.49,35393.05,81.04,915.3,0
SHP002877,XPO Logistics,FTL,Road,Dallas,San Francisco,12/25/2025 19:54,440.51,2.18,2160.77,299.52,73.42,0
SHP002878,J.B. Hunt,FTL,Road,Chicago,Atlanta,9/3/2025 5:51,1033.04,2.44,29731.42,314.22,172.17,0
SHP002879,DHL,0,Air,San Francisco,Boston,1/28/2025 21:06,1314.25,0.99,28518.29,427.43,131.43,0
SHP002880,XPO Logistics,0,Rail,Boston,New York,1/1/2025 1:11,1297.37,1.13,9041.2,35.67,38.92,0
SHP002881,DHL,0,Air,Chicago,Miami,4/28/2025 4:42,1840.04,3.15,4867.88,419.33,184,0
SHP002882,DHL,FTL,Road,New York,Dallas,5/23/2025 20:13,688.84,4.22,38870.37,42.76,114.81,0
SHP002883,FedEx,LTL,Road,Miami,Chicago,12/30/2025 6:44,1086.41,0.98,4020.64,425.87,181.07,0
SHP002884,FedEx,0,Rail,Tampa,Chicago,1/19/2025 20:13,1650.01,4.54,23967.13,354.37,49.5,0
SHP002885,Old Dominion,0,Air,Chicago,New York,3/9/2025 4:45,2548.45,0.93,32497.74,241.16,254.84,0
SHP002886,UPS,0,Ocean,Atlanta,Boston,3/7/2025 22:56,3879.68,11.33,20613.86,472.58,775.94,0
SHP002887,DHL,0,Rail,Atlanta,Miami,4/10/2025 1:57,1077.13,7.67,7621.46,362.34,32.31,0
SHP002888,FedEx,FTL,Road,Atlanta,Tampa,7/22/2025 6:00,984.08,4.15,24473.43,282.84,164.01,0
SHP002889,Schneider,0,Air,Dallas,Boston,8/14/2025 14:29,2624.51,3.38,5330.4,424.45,262.45,0
SHP002890,UPS,0,Ocean,New York,Atlanta,10/3/2025 7:08,3605.51,7.58,34855.86,216.58,721.1,0
SHP002891,Old Dominion,LTL,Road,New York,San Francisco,12/18/2025 23:04,979.62,1.76,188.7,248.23,163.27,0
SHP002892,DHL,0,Air,Miami,Boston,11/8/2025 1:55,570.62,3.14,11404.97,222.38,57.06,0
SHP002893,J.B. Hunt,0,Rail,New York,Boston,1/15/2025 8:15,339.25,3.01,31368.86,76.64,10.18,0
SHP002894,C.H. Robinson,FTL,Road,Miami,New York,2/11/2025 6:07,794.23,5.53,27353.55,405.7,0,1191.35
SHP002895,Schneider,0,Ocean,Tampa,Atlanta,1/29/2025 11:25,1317.29,7.52,35834.28,357.84,263.46,0
SHP002896,C.H. Robinson,0,Ocean,Miami,Dallas,1/21/2025 12:14,5296.65,16.6,16860.92,23.23,1059.33,0
SHP002897,Schneider,0,Rail,New York,Atlanta,9/20/2025 12:23,1455.11,5.75,19175.78,449.98,43.65,0
SHP002898,FedEx,FTL,Road,San Francisco,Boston,5/11/2025 9:41,436.58,1.94,34975.45,398.7,72.76,0
SHP002899,XPO Logistics,0,Ocean,Miami,Dallas,4/11/2025 21:19,4362.35,4.88,8995.32,328.46,872.47,0
SHP002900,C.H. Robinson,0,Rail,Miami,Chicago,1/5/2025 9:41,816.07,6.86,38023.22,403.01,24.48,0
SHP002901,DHL,0,Rail,Boston,New York,3/8/2025 5:24,804.07,6.52,14381.95,84.38,24.12,0
SHP002902,XPO Logistics,0,Ocean,New York,Tampa,6/1/2025 4:16,750.45,10.49,36190.59,120.25,150.09,0
SHP002903,Schneider,0,Ocean,Chicago,Boston,6/25/2025 20:35,2048.85,23.34,1487.66,393.11,409.77,0
SHP002904,FedEx,0,Air,Chicago,Tampa,12/14/2025 16:54,1167.7,0.63,36753.2,70.68,116.77,0
SHP002905,XPO Logistics,0,Ocean,New York,Miami,11/15/2025 13:09,4638.34,8.03,3075.12,25.91,927.67,0
SHP002906,C.H. Robinson,0,Air,New York,Miami,11/4/2025 18:43,612,0.75,30542.05,243.3,61.2,0
SHP002907,XPO Logistics,0,Air,Dallas,New York,10/14/2025 10:51,1225.81,1.96,37193.4,455.47,122.58,0
SHP002908,FedEx,0,Rail,San Francisco,Dallas,4/6/2025 11:42,1345.08,7.19,13126.1,191.17,40.35,0
SHP002909,FedEx,0,Air,Dallas,New York,5/6/2025 8:12,1957.02,2.68,19527.14,200.93,195.7,0
SHP002910,Old Dominion,0,Rail,New York,Tampa,12/28/2025 11:54,1777.89,6.75,17681.72,363.92,53.34,0
SHP002911,Old Dominion,0,Ocean,Tampa,Dallas,5/17/2025 11:55,2521.71,4.2,14421.03,202.08,504.34,0
SHP002912,J.B. Hunt,0,Ocean,San Francisco,Dallas,6/19/2025 14:25,624.03,19.93,14688.14,290.63,124.81,0
SHP002913,Old Dominion,0,Air,Dallas,Chicago,5/3/2025 13:23,499.7,1.11,35642.9,304.74,49.97,0
SHP002914,UPS,0,Air,Miami,Dallas,11/1/2025 16:24,2865.77,4,15188.47,150.1,286.58,0
SHP002915,Schneider,0,Ocean,Dallas,Chicago,3/6/2025 2:11,6937.67,23.97,25370.83,397.78,1387.53,0
SHP002916,FedEx,0,Air,Atlanta,Tampa,10/2/2025 22:58,2410.71,1.74,23183.68,416.7,241.07,0
SHP002917,C.H. Robinson,0,Air,San Francisco,Atlanta,2/14/2025 10:11,2157.91,0.57,13799.87,73.09,215.79,0
SHP002918,C.H. Robinson,0,Rail,Atlanta,Boston,7/10/2025 18:24,572.76,7.34,1957.28,110.68,17.18,0
SHP002919,Old Dominion,0,Air,Boston,New York,2/27/2025 7:00,1135.84,2.66,21597.02,109.92,113.58,0
SHP002920,UPS,0,Air,Chicago,New York,7/8/2025 22:37,743.45,1.33,20349.92,136.32,74.35,0
SHP002921,J.B. Hunt,0,Air,Chicago,San Francisco,3/4/2025 9:03,2858.53,2.12,2822.44,364.9,285.85,0
SHP002922,UPS,0,Rail,Dallas,Boston,3/22/2025 13:52,726.15,5.57,11543.98,285.8,21.78,0
SHP002923,FedEx,0,Air,Atlanta,Chicago,4/20/2025 22:51,2384.81,3.75,10814.52,168.09,238.48,0
SHP002924,UPS,0,Ocean,Miami,New York,12/3/2025 14:14,3982,22.4,36104.78,45.85,796.4,0
SHP002925,UPS,LTL,Road,New York,San Francisco,7/2/2025 5:09,201.72,3.1,1200.2,173.44,33.62,0
SHP002926,DHL,FTL,Road,Boston,Tampa,10/13/2025 8:20,220.64,3.91,38005.07,498.37,36.77,0
SHP002927,DHL,0,Rail,Atlanta,Boston,12/3/2025 8:47,800.39,5.19,34322.57,59.61,24.01,0
SHP002928,Old Dominion,0,Ocean,Boston,Chicago,5/17/2025 21:41,5671.73,10.99,8642.77,201.97,1134.35,0
SHP002929,FedEx,LTL,Road,Boston,New York,3/25/2025 20:59,137.35,4.25,2639.52,156.39,22.89,0
SHP002930,Old Dominion,0,Ocean,Atlanta,Miami,3/17/2025 7:57,1408.11,21.02,19991.05,286.5,281.62,0
SHP002931,Schneider,0,Ocean,Boston,New York,10/23/2025 13:25,4770.75,11.03,8104.93,372.82,954.15,0
SHP002932,J.B. Hunt,0,Ocean,Dallas,New York,8/28/2025 0:07,1452.92,4.29,28550.73,105.21,290.58,0
SHP002933,FedEx,LTL,Road,Atlanta,Boston,8/13/2025 17:04,402.79,2.98,4576.11,354.58,0,604.19
SHP002934,FedEx,0,Air,Atlanta,Miami,9/23/2025 21:02,1983.27,2.76,28705.15,147.01,198.33,0
SHP002935,DHL,LTL,Road,Boston,Miami,3/7/2025 2:19,420.68,2.77,3178.5,492.48,70.11,0
SHP002936,FedEx,0,Air,Boston,Atlanta,4/10/2025 3:27,2497.94,1.08,720.97,22.35,249.79,0
SHP002937,XPO Logistics,0,Air,Dallas,Atlanta,12/21/2025 3:49,958.97,0.9,21566.86,429.14,95.9,0
SHP002938,UPS,0,Ocean,New York,San Francisco,3/26/2025 1:12,6025.63,6.74,16272.32,254.44,1205.13,0
SHP002939,DHL,0,Rail,Miami,San Francisco,6/27/2025 11:45,1496.33,6.87,36433.87,255.11,44.89,0
SHP002940,DHL,0,Ocean,Chicago,Miami,1/14/2025 19:41,5707.06,4.46,22828.91,125.1,1141.41,0
SHP002941,Schneider,0,Ocean,Dallas,Chicago,3/7/2025 23:23,3737.88,15.95,10650.94,27.04,747.58,0
SHP002942,Old Dominion,0,Rail,Dallas,New York,3/28/2025 4:40,216.37,1.16,829.81,56.07,6.49,0
SHP002943,FedEx,0,Rail,Dallas,Atlanta,11/5/2025 19:11,583.18,2.55,39478.47,153.7,17.5,0
SHP002944,XPO Logistics,0,Air,Atlanta,Boston,8/31/2025 22:44,644.04,2.41,34389.32,339.35,64.4,0
SHP002945,UPS,0,Air,Dallas,New York,4/27/2025 13:27,1099.42,2.47,28736.81,364.32,109.94,0
SHP002946,FedEx,0,Air,Tampa,San Francisco,7/23/2025 2:58,2099.65,3.55,34869.17,289.89,209.97,0
SHP002947,Old Dominion,0,Ocean,Tampa,Atlanta,4/6/2025 12:38,3723.92,16.11,32819.37,3.82,744.78,0
SHP002948,DHL,LTL,Road,Dallas,San Francisco,1/8/2025 15:07,1190.8,1.3,4781.95,436.14,0,1786.2
SHP002949,DHL,0,Ocean,New York,Dallas,11/27/2025 17:14,2187.8,12.49,5737,198.14,437.56,0
SHP002950,C.H. Robinson,FTL,Road,Miami,Atlanta,10/1/2025 8:49,253.71,2.34,15251.84,496.59,42.29,0
SHP002951,DHL,0,Ocean,Dallas,Chicago,8/15/2025 8:08,7961.1,4.53,29175.77,26.82,1592.22,0
SHP002952,FedEx,0,Rail,Dallas,Miami,3/20/2025 4:10,248.31,1.74,38636.68,470.49,7.45,0
SHP002953,DHL,FTL,Road,San Francisco,New York,12/10/2025 23:36,273.02,1.18,10001.14,258.26,45.5,0
SHP002954,C.H. Robinson,0,Rail,Chicago,Miami,7/1/2025 12:03,1111.53,2.55,30386.6,155.47,33.35,0
SHP002955,C.H. Robinson,0,Rail,Atlanta,New York,7/10/2025 20:03,1675.41,5.6,17735.87,395.17,50.26,0
SHP002956,UPS,0,Rail,Boston,Miami,5/6/2025 2:54,1508.66,3.03,13918.72,468.04,45.26,0
SHP002957,XPO Logistics,FTL,Road,Miami,Atlanta,5/22/2025 3:52,239.45,0.49,18435.19,400.8,39.91,0
SHP002958,Schneider,FTL,Road,Atlanta,New York,6/6/2025 3:41,937.42,5.54,21561.43,50.93,156.24,0
SHP002959,C.H. Robinson,0,Rail,Tampa,Miami,2/6/2025 7:49,1141.9,6.45,4186.46,87.16,34.26,0
SHP002960,J.B. Hunt,0,Rail,Miami,Atlanta,1/30/2025 16:50,219.67,5.16,35526.01,335.66,6.59,0
SHP002961,C.H. Robinson,0,Ocean,Dallas,Atlanta,8/31/2025 21:23,7865.3,3.39,36168.54,407.22,1573.06,0
SHP002962,UPS,FTL,Road,San Francisco,Boston,7/5/2025 10:16,411.38,5.85,11873.54,444.76,68.56,0
SHP002963,J.B. Hunt,0,Rail,New York,Dallas,2/14/2025 13:46,1609.2,6.3,22757.08,60.88,48.28,0
SHP002964,UPS,LTL,Road,Atlanta,Chicago,1/9/2025 18:59,661.77,2.3,7953.34,379.31,110.3,0
SHP002965,Old Dominion,0,Ocean,Dallas,Atlanta,6/14/2025 14:35,7329.59,2.33,32459.58,469.29,1465.92,0
SHP002966,DHL,0,Air,Chicago,Tampa,9/2/2025 0:51,2431.11,0.96,3710.52,11.4,243.11,0
SHP002967,Old Dominion,FTL,Road,Chicago,San Francisco,12/8/2025 0:04,773.06,3.87,39483.09,199.62,128.84,0
SHP002968,C.H. Robinson,LTL,Road,New York,Chicago,4/14/2025 18:15,431.69,3.84,8282.25,468.45,71.95,0
SHP002969,C.H. Robinson,0,Ocean,Boston,San Francisco,10/18/2025 20:29,6523.43,11.39,25579.11,428.29,1304.69,0
SHP002970,UPS,FTL,Road,Dallas,Tampa,9/9/2025 15:14,614.2,1.5,7204.08,1.08,0,921.3
SHP002971,FedEx,0,Rail,Chicago,San Francisco,11/30/2025 12:43,1349.18,1.78,10131.64,149.64,40.48,0
SHP002972,Old Dominion,0,Ocean,Atlanta,Miami,10/23/2025 16:34,4702.85,10.76,27149.62,28.76,940.57,0
SHP002973,J.B. Hunt,0,Ocean,Atlanta,New York,11/23/2025 6:40,1429.54,12.98,13810.11,148.61,285.91,0
SHP002974,C.H. Robinson,0,Rail,New York,Atlanta,2/16/2025 20:49,307.24,7.27,27826.83,61.69,9.22,0
SHP002975,Schneider,0,Air,San Francisco,New York,1/16/2025 16:43,475.62,3.91,27406.32,209.31,47.56,0
SHP002976,UPS,0,Rail,Dallas,Tampa,3/16/2025 1:10,1322.77,6.29,31308.51,239.46,39.68,0
SHP002977,Old Dominion,FTL,Road,Tampa,Boston,7/13/2025 8:18,544.37,0.31,37099.01,302.05,90.73,0
SHP002978,DHL,0,Air,Boston,Tampa,12/31/2025 1:00,848.52,3.72,36639.81,494.6,84.85,0
SHP002979,C.H. Robinson,0,Ocean,Boston,Dallas,6/6/2025 9:34,7055.42,23.95,10165.1,421.28,1411.08,0
SHP002980,Old Dominion,0,Ocean,Miami,Chicago,10/21/2025 14:37,6672.71,7.08,4388.28,489.73,1334.54,0
SHP002981,Schneider,0,Air,New York,San Francisco,4/14/2025 12:56,1099.27,3.55,663.02,11.49,109.93,0
SHP002982,C.H. Robinson,0,Ocean,Tampa,Dallas,6/19/2025 1:01,3994.03,7.25,27748.73,283.22,798.81,0
SHP002983,XPO Logistics,0,Rail,Atlanta,Chicago,12/24/2025 7:30,323.98,2.14,15827.95,93.62,9.72,0
SHP002984,UPS,FTL,Road,San Francisco,Atlanta,4/6/2025 14:28,961.06,2.64,4190.56,242.69,160.18,0
SHP002985,FedEx,FTL,Road,Chicago,Atlanta,4/25/2025 10:13,154.46,0.99,9964.59,429.9,25.74,0
SHP002986,Schneider,0,Air,Boston,Atlanta,1/5/2025 5:23,2796.45,3.39,13696.05,136.95,279.64,0
SHP002987,XPO Logistics,LTL,Road,Chicago,San Francisco,4/16/2025 13:19,681.53,4.4,9934.72,66.65,113.59,0
SHP002988,Schneider,FTL,Road,San Francisco,Atlanta,10/14/2025 18:48,106.69,4.24,33372.92,423.33,17.78,0
SHP002989,XPO Logistics,0,Ocean,Atlanta,Chicago,7/31/2025 21:27,5588.48,22.99,20684.69,456.99,1117.7,0
SHP002990,XPO Logistics,0,Air,Atlanta,Boston,5/15/2025 9:47,2913.09,3.47,12735.46,98.91,291.31,0
SHP002991,UPS,0,Air,San Francisco,Boston,2/7/2025 9:39,1779.92,2.09,35171.45,50.92,177.99,0
SHP002992,J.B. Hunt,0,Ocean,Dallas,Boston,11/8/2025 7:53,2433.05,18.54,4251.97,161.06,486.61,0
SHP002993,J.B. Hunt,0,Air,Boston,Chicago,4/26/2025 18:56,1345.32,2.68,6746.24,430.44,134.53,0
SHP002994,DHL,0,Ocean,San Francisco,Tampa,9/27/2025 21:53,3856.57,22.17,18980.86,138.25,771.31,0
SHP002995,C.H. Robinson,0,Rail,Dallas,Tampa,10/31/2025 10:32,426.93,1.03,21520.22,54.47,12.81,0
SHP002996,J.B. Hunt,0,Rail,Boston,Atlanta,4/22/2025 18:42,826.76,5.12,11389.59,88.44,24.8,0
SHP002997,FedEx,LTL,Road,Chicago,Tampa,10/20/2025 14:08,940.93,5.69,1139.34,78.64,156.82,0
SHP002998,Schneider,0,Rail,New York,Boston,9/3/2025 1:30,1736.02,1.26,39116.48,3.32,52.08,0
SHP002999,C.H. Robinson,0,Air,Atlanta,New York,5/27/2025 20:45,2658.91,1.58,37574.26,159.16,265.89,0
SHP003000,DHL,0,Air,Atlanta,Dallas,10/27/2025 4:54,2066.63,0.78,10072.03,387.07,206.66,0
SHP003001,J.B. Hunt,LTL,Road,Tampa,New York,10/18/2025 13:54,657.99,5.59,4373.2,435.04,109.67,0
SHP003002,FedEx,0,Ocean,New York,Chicago,11/9/2025 7:36,3867.17,23.54,38413.46,165.24,773.43,0
SHP003003,Old Dominion,LTL,Road,Atlanta,Tampa,2/28/2025 6:46,1068.81,5.12,2225.2,312.52,0,1603.21
SHP003004,C.H. Robinson,0,Air,Miami,Boston,7/2/2025 16:45,496.24,3.43,7394.56,36.34,49.62,0
SHP003005,Old Dominion,0,Rail,Atlanta,San Francisco,6/22/2025 20:43,840.35,5.04,34269.22,487.15,25.21,0
SHP003006,Schneider,FTL,Road,New York,Atlanta,2/5/2025 8:45,555.42,0.6,30090.07,283.02,92.57,0
SHP003007,C.H. Robinson,0,Air,Dallas,Chicago,12/23/2025 10:25,1509.31,1.58,20344.74,170,150.93,0
SHP003008,Schneider,0,Rail,New York,Tampa,4/25/2025 17:35,1411.22,4.81,35135.49,272.23,42.34,0
SHP003009,DHL,LTL,Road,San Francisco,New York,7/28/2025 5:59,324,5.14,5638.61,104.21,0,486
SHP003010,XPO Logistics,LTL,Road,Dallas,Chicago,4/4/2025 8:26,767.03,2.31,8467.4,227.2,127.84,0
SHP003011,C.H. Robinson,LTL,Road,San Francisco,New York,10/24/2025 13:32,885.41,0.8,4050.84,491.64,147.57,0
SHP003012,J.B. Hunt,LTL,Road,Atlanta,Miami,3/14/2025 18:55,979.73,1.17,2885.98,165.58,163.29,0
SHP003013,Old Dominion,0,Ocean,Tampa,Chicago,12/1/2025 2:41,5377.74,18.65,30106.3,255.43,1075.55,0
SHP003014,FedEx,0,Ocean,San Francisco,Tampa,8/27/2025 8:12,6581.15,11.62,5393.28,282.66,1316.23,0
SHP003015,XPO Logistics,0,Air,Dallas,Boston,6/13/2025 1:09,2871.21,3.28,23358.68,323.76,287.12,0
SHP003016,J.B. Hunt,0,Air,Tampa,Chicago,3/24/2025 17:39,2812.52,2,13590.07,488.64,281.25,0
SHP003017,Schneider,0,Ocean,Miami,Chicago,4/3/2025 14:48,6975.82,9.11,18819.33,208.12,1395.16,0
SHP003018,XPO Logistics,0,Rail,Dallas,New York,3/10/2025 16:09,438.55,7.7,16470.34,437.79,13.16,0
SHP003019,XPO Logistics,LTL,Road,Tampa,Chicago,10/21/2025 3:13,267.76,3.4,386.02,382.35,44.63,0
SHP003020,UPS,LTL,Road,Tampa,Chicago,7/29/2025 14:28,718.05,3.85,659.45,106.31,0,1077.07
SHP003021,C.H. Robinson,FTL,Road,Boston,Chicago,1/6/2025 14:54,135.48,1.91,25283.84,283.53,22.58,0
SHP003022,Schneider,0,Rail,Boston,San Francisco,11/9/2025 11:48,1179.44,4.84,11284.64,123.01,35.38,0
SHP003023,XPO Logistics,0,Rail,Tampa,Chicago,5/23/2025 20:23,419.3,6.94,24850.93,94.07,12.58,0
SHP003024,Old Dominion,LTL,Road,Chicago,New York,10/12/2025 8:52,253.79,5.27,7465.9,330.04,42.3,0
SHP003025,DHL,0,Rail,Dallas,Tampa,4/21/2025 8:45,850.98,2.83,39188.31,398.82,25.53,0
SHP003026,FedEx,LTL,Road,San Francisco,Dallas,10/25/2025 23:51,397.05,5.12,7625.48,149.24,0,595.58
SHP003027,Schneider,FTL,Road,Chicago,New York,3/9/2025 9:03,540.54,1.32,4886.57,361.66,90.09,0
SHP003028,UPS,FTL,Road,Miami,Boston,10/7/2025 14:46,357.64,4.97,39826.54,39.23,59.61,0
SHP003029,DHL,0,Ocean,Boston,Chicago,5/14/2025 13:06,4047.76,19.65,31663.56,380.24,809.55,0
SHP003030,XPO Logistics,0,Air,Tampa,San Francisco,7/4/2025 20:34,1242.29,2.09,24001.25,487,124.23,0
SHP003031,DHL,0,Ocean,Chicago,Boston,12/13/2025 15:40,2956.6,22.31,11139.6,494.55,591.32,0
SHP003032,FedEx,0,Air,New York,Chicago,3/21/2025 10:38,2109.71,2.12,24728.92,136.99,210.97,0
SHP003033,J.B. Hunt,0,Air,Miami,Dallas,10/1/2025 9:45,1040.27,0.9,5004.99,174.49,104.03,0
SHP003034,Old Dominion,0,Rail,Dallas,San Francisco,5/8/2025 20:12,1420.57,5.26,4552.09,426.27,42.62,0
SHP003035,Old Dominion,LTL,Road,New York,Chicago,1/25/2025 3:33,741.57,5.77,6751.33,88.41,0,1112.36
SHP003036,UPS,LTL,Road,Atlanta,Miami,11/11/2025 1:42,594.85,3.98,428.41,8.44,99.14,0
SHP003037,FedEx,0,Ocean,Tampa,Boston,9/6/2025 9:44,1470.52,7.54,17467.19,244.23,294.1,0
SHP003038,J.B. Hunt,0,Rail,Chicago,Dallas,2/23/2025 18:39,420.84,5.71,24047.45,147.94,12.63,0
SHP003039,UPS,0,Air,Chicago,Atlanta,6/12/2025 23:56,336.88,0.77,15971.94,77.83,33.69,0
SHP003040,Old Dominion,0,Ocean,New York,Chicago,3/31/2025 4:57,3326.15,15.82,22115.88,116.36,665.23,0
SHP003041,DHL,0,Ocean,San Francisco,New York,4/23/2025 17:29,3078.67,15.51,34503.77,376.85,615.73,0
SHP003042,UPS,0,Rail,Tampa,Dallas,5/29/2025 4:09,1085.44,3.54,14919.53,439.83,32.56,0
SHP003043,J.B. Hunt,0,Ocean,Chicago,San Francisco,12/14/2025 10:43,794.33,23.74,26742.83,340.89,158.87,0
SHP003044,XPO Logistics,0,Ocean,Dallas,New York,1/1/2025 22:34,784.98,15.32,19648.73,53.78,157,0
SHP003045,FedEx,0,Rail,San Francisco,Chicago,6/4/2025 14:56,644.68,7.23,22224.54,207.29,19.34,0
SHP003046,Schneider,0,Air,Boston,San Francisco,11/3/2025 18:59,496.24,3,28262.61,307.41,49.62,0
SHP003047,C.H. Robinson,FTL,Road,Boston,Tampa,1/6/2025 11:39,636.8,2.74,23934.21,117.46,106.13,0
SHP003048,Old Dominion,0,Air,New York,Atlanta,6/10/2025 6:50,2841.4,2.56,12792.1,225.39,284.14,0
SHP003049,C.H. Robinson,0,Ocean,San Francisco,Atlanta,12/26/2025 5:25,6542.64,5.56,12067.01,340.07,1308.53,0
SHP003050,J.B. Hunt,0,Rail,Chicago,Atlanta,6/12/2025 13:14,704.78,6.55,5652.91,381.58,21.14,0
SHP003051,DHL,0,Rail,Boston,Dallas,8/31/2025 10:50,309.36,1.09,35979.83,291.09,9.28,0
SHP003052,UPS,0,Rail,Atlanta,San Francisco,3/20/2025 0:26,762.92,2.63,24866.99,254.99,22.89,0
SHP003053,DHL,0,Ocean,Atlanta,San Francisco,2/12/2025 4:51,7936.98,23.63,25583.47,221.99,1587.4,0
SHP003054,C.H. Robinson,FTL,Road,Chicago,New York,3/1/2025 2:20,614.81,4.17,4512.19,164.85,102.47,0
SHP003055,C.H. Robinson,0,Rail,Tampa,Chicago,10/30/2025 10:20,320.44,1.51,8235.65,243.14,9.61,0
SHP003056,DHL,0,Rail,Miami,New York,8/26/2025 21:46,1455.64,4.4,13751.33,42.09,43.67,0
SHP003057,DHL,0,Ocean,Chicago,Boston,11/15/2025 23:18,4627.22,7.97,24789.9,488.62,925.44,0
SHP003058,FedEx,FTL,Road,Miami,Tampa,5/13/2025 19:32,178.01,1.47,19187.23,484.34,29.67,0
SHP003059,XPO Logistics,0,Air,New York,Chicago,4/15/2025 23:06,2383.89,3.64,13681.74,496.03,238.39,0
SHP003060,DHL,LTL,Road,San Francisco,Atlanta,4/25/2025 22:54,168.26,0.55,8577.69,463.71,28.04,0
SHP003061,J.B. Hunt,LTL,Road,Chicago,Boston,3/30/2025 2:23,154.17,0.9,476.77,53.15,0,231.25
SHP003062,C.H. Robinson,FTL,Road,Chicago,Boston,8/2/2025 17:31,290.83,5.83,26880.48,389.5,48.47,0
SHP003063,Schneider,0,Air,Tampa,New York,10/26/2025 3:33,2395.58,2.37,32000.81,298.31,239.56,0
SHP003064,DHL,0,Air,Tampa,San Francisco,6/8/2025 9:48,1149.27,2.46,21573.59,411.9,114.93,0
SHP003065,Old Dominion,LTL,Road,Miami,New York,9/15/2025 15:28,1178.99,2.61,7669.4,50.78,196.5,0
SHP003066,C.H. Robinson,0,Rail,Atlanta,San Francisco,6/17/2025 23:24,1442.93,3.6,2055.91,182.26,43.29,0
SHP003067,C.H. Robinson,0,Air,Miami,Atlanta,6/9/2025 23:07,1948.74,0.92,36999.36,39.76,194.87,0
SHP003068,DHL,0,Rail,Dallas,Chicago,12/4/2025 5:07,1688.01,5.95,13523.63,195.98,50.64,0
SHP003069,FedEx,0,Ocean,Chicago,New York,2/8/2025 6:11,6056.07,15.23,27029.9,195.19,1211.21,0
SHP003070,J.B. Hunt,0,Air,New York,Tampa,5/26/2025 5:39,1617.1,3.96,8949.95,209.51,161.71,0
SHP003071,UPS,0,Rail,New York,Dallas,9/6/2025 16:58,666.92,6.36,30678.5,146.93,20.01,0
SHP003072,J.B. Hunt,FTL,Road,Boston,New York,7/28/2025 18:39,143.6,0.32,17384.3,205.76,23.93,0
SHP003073,C.H. Robinson,LTL,Road,Dallas,Tampa,1/11/2025 1:14,1186.65,2.95,2675.72,445.72,197.78,0
SHP003074,FedEx,0,Ocean,Miami,Tampa,12/19/2025 23:10,4183.01,15.18,4278.91,192.08,836.6,0
SHP003075,C.H. Robinson,LTL,Road,Atlanta,New York,10/4/2025 10:12,1135.86,3.64,3543.34,313.21,189.31,0
SHP003076,Schneider,0,Rail,New York,Tampa,6/14/2025 20:02,1656.66,2.92,20452.11,479.39,49.7,0
SHP003077,FedEx,0,Rail,San Francisco,New York,9/29/2025 7:35,475.83,6.04,24772,340.16,14.27,0
SHP003078,FedEx,0,Air,Chicago,San Francisco,11/12/2025 5:42,1248.29,1.6,27526.28,108.56,124.83,0
SHP003079,C.H. Robinson,FTL,Road,Miami,San Francisco,3/25/2025 14:48,532.6,1.33,828.04,485.06,88.77,0
SHP003080,C.H. Robinson,0,Rail,Dallas,New York,10/12/2025 6:56,890.72,7.79,6042.78,294.1,26.72,0
SHP003081,UPS,0,Rail,Dallas,Boston,9/5/2025 13:57,521.56,6.53,31456.27,57.19,15.65,0
SHP003082,C.H. Robinson,0,Air,New York,Miami,10/5/2025 12:11,2762.57,1.18,24712.6,492.83,276.26,0
SHP003083,UPS,0,Ocean,New York,Chicago,8/11/2025 17:19,7117.97,23.04,14032.65,53.68,1423.59,0
SHP003084,XPO Logistics,LTL,Road,Dallas,New York,3/22/2025 6:57,266.6,3.13,7963.31,75.93,44.43,0
SHP003085,XPO Logistics,0,Rail,New York,Miami,10/4/2025 16:46,1255.57,3.27,13977.48,331.3,37.67,0
SHP003086,UPS,0,Air,Chicago,San Francisco,11/4/2025 23:54,1560.9,3.34,6658.78,395.18,156.09,0
SHP003087,Old Dominion,0,Ocean,Atlanta,Miami,12/25/2025 0:25,981.76,6.27,26417.91,427.61,196.35,0
SHP003088,Schneider,0,Ocean,Miami,Tampa,11/30/2025 1:27,2395.1,9.2,21716.27,106.57,479.02,0
SHP003089,J.B. Hunt,0,Rail,Tampa,Miami,10/3/2025 16:06,1497.85,6.42,6239.02,232.45,44.94,0
SHP003090,Old Dominion,0,Rail,New York,Atlanta,3/7/2025 14:38,1439.72,3.36,25507.72,26.06,43.19,0
SHP003091,Schneider,0,Ocean,New York,San Francisco,9/15/2025 22:07,5065.17,5.36,33308.04,178.37,1013.03,0
SHP003092,Old Dominion,0,Ocean,Dallas,Atlanta,12/21/2025 9:22,2611.65,20.5,2480.69,198.91,522.33,0
SHP003093,C.H. Robinson,0,Rail,Tampa,Miami,3/19/2025 22:25,792.01,2.99,36514.3,375.71,23.76,0
SHP003094,Schneider,0,Air,Miami,San Francisco,7/16/2025 5:39,472.59,3,21328.32,450.53,47.26,0
SHP003095,DHL,LTL,Road,Atlanta,Dallas,11/12/2025 16:37,409.89,3.55,5082.44,245.29,68.31,0
SHP003096,C.H. Robinson,0,Air,Atlanta,New York,11/5/2025 8:42,1531.48,1.22,30350.54,226.22,153.15,0
SHP003097,J.B. Hunt,FTL,Road,San Francisco,New York,11/8/2025 0:28,1152.29,1.75,27468.38,470.42,192.05,0
SHP003098,J.B. Hunt,0,Ocean,Chicago,Boston,11/13/2025 13:27,5475.94,21.17,33185.5,180.7,1095.19,0
SHP003099,Old Dominion,FTL,Road,Miami,Dallas,1/2/2025 17:50,740.14,1.15,21653.27,115.98,0,1110.21
SHP003100,J.B. Hunt,0,Air,Boston,Chicago,10/14/2025 11:43,2308.09,2.35,16743.48,135.13,230.81,0
SHP003101,J.B. Hunt,0,Ocean,San Francisco,Tampa,9/18/2025 6:51,7990.24,3.58,2220.65,109.41,1598.05,0
SHP003102,Schneider,FTL,Road,Boston,New York,8/23/2025 16:40,1166.73,5.88,26369.65,440.17,194.46,0
SHP003103,UPS,0,Rail,Miami,Atlanta,10/25/2025 17:51,542.34,7.8,6140,51.46,16.27,0
SHP003104,J.B. Hunt,0,Ocean,San Francisco,Boston,10/27/2025 17:01,1341.59,14.61,31348.49,183.97,268.32,0
SHP003105,C.H. Robinson,0,Air,Atlanta,Tampa,11/6/2025 5:42,2940.32,2.02,6442.72,233.52,294.03,0
SHP003106,DHL,FTL,Road,Chicago,Tampa,1/17/2025 5:25,830.89,5.04,18621.35,297.21,138.48,0
SHP003107,FedEx,0,Ocean,Tampa,San Francisco,7/24/2025 9:35,2505.09,16.21,39445.89,25.48,501.02,0
SHP003108,XPO Logistics,LTL,Road,San Francisco,Atlanta,7/3/2025 16:06,1069.51,3.48,2633.17,477.49,178.25,0
SHP003109,XPO Logistics,LTL,Road,Tampa,Dallas,12/8/2025 17:35,605.86,2.16,1937.75,122.98,100.98,0
SHP003110,C.H. Robinson,0,Ocean,San Francisco,Boston,2/24/2025 17:22,6746.37,15.52,36573.2,116.75,1349.27,0
SHP003111,FedEx,0,Rail,Tampa,Chicago,8/17/2025 11:58,393.82,1.04,20560.55,499.16,11.81,0
SHP003112,UPS,LTL,Road,Dallas,Tampa,7/19/2025 21:25,849.21,2.02,8787.06,391.08,141.53,0
SHP003113,UPS,0,Air,Dallas,Tampa,7/3/2025 12:18,341.62,3.36,12370.81,75.69,34.16,0
SHP003114,J.B. Hunt,0,Air,Dallas,Boston,8/13/2025 17:42,911.09,2.14,17282.28,145.15,91.11,0
SHP003115,Old Dominion,0,Ocean,Boston,San Francisco,1/27/2025 16:48,1791.64,18.77,39609.34,389.12,358.33,0
SHP003116,UPS,LTL,Road,Boston,New York,11/26/2025 1:01,390.33,1.66,2294.01,69.21,65.05,0
SHP003117,XPO Logistics,0,Rail,Miami,Chicago,12/19/2025 3:03,1082.13,5.24,28367.36,340.43,32.46,0
SHP003118,FedEx,0,Air,San Francisco,Chicago,5/10/2025 4:38,1089.3,1.66,27419.82,175.37,108.93,0
SHP003119,C.H. Robinson,0,Ocean,Boston,Chicago,12/7/2025 10:27,2094.67,10.24,11247.32,45.07,418.93,0
SHP003120,DHL,0,Air,Chicago,Dallas,1/20/2025 12:09,2541.38,3.49,9180.14,33.32,254.14,0
SHP003121,C.H. Robinson,FTL,Road,Atlanta,San Francisco,9/2/2025 4:20,899.65,1.47,16040.7,33,149.94,0
SHP003122,FedEx,0,Rail,Chicago,Boston,4/3/2025 3:38,562.03,6.55,32273.66,104.34,16.86,0
SHP003123,J.B. Hunt,0,Air,Dallas,New York,11/22/2025 20:42,1206.97,0.97,3429.82,496.09,120.7,0
SHP003124,C.H. Robinson,0,Ocean,Tampa,Dallas,9/13/2025 9:30,5416.95,13.93,30737.19,420.2,1083.39,0
SHP003125,XPO Logistics,0,Air,San Francisco,Miami,6/16/2025 11:38,2478.13,0.56,7878.91,327.8,247.81,0
SHP003126,XPO Logistics,0,Ocean,Atlanta,New York,2/19/2025 7:34,3318.2,23.61,26783.49,478.32,663.64,0
SHP003127,Schneider,0,Air,Tampa,San Francisco,2/11/2025 4:18,843.91,3.52,13193.42,494.79,84.39,0
SHP003128,FedEx,0,Air,Dallas,Tampa,3/27/2025 22:53,725.76,2.31,31817.36,216.89,72.58,0
SHP003129,Old Dominion,LTL,Road,Miami,New York,2/16/2025 2:59,588.3,5.92,4339.29,302.43,98.05,0
SHP003130,C.H. Robinson,0,Rail,Chicago,Miami,8/26/2025 15:10,287.26,6.9,26102.64,202.61,8.62,0
SHP003131,Schneider,0,Air,Dallas,Atlanta,6/27/2025 17:20,343.66,2.57,999.98,1.6,34.37,0
SHP003132,DHL,0,Air,Chicago,New York,10/27/2025 21:19,1963.47,1.16,8079.56,326.98,196.35,0
SHP003133,UPS,0,Air,Chicago,Miami,6/10/2025 3:25,444.98,1.6,6402.56,290.51,44.5,0
SHP003134,UPS,0,Air,Boston,Chicago,11/11/2025 2:28,2086.77,3.02,10581.63,45.54,208.68,0
SHP003135,UPS,FTL,Road,Tampa,Atlanta,1/25/2025 11:19,140.49,2.7,37860.85,109.65,23.42,0
SHP003136,XPO Logistics,0,Air,Boston,Dallas,6/7/2025 8:30,993.2,0.85,24420.03,340.26,99.32,0
SHP003137,J.B. Hunt,0,Air,Dallas,Chicago,3/14/2025 9:28,2035.91,3.51,19713.82,68.09,203.59,0
SHP003138,XPO Logistics,FTL,Road,New York,Dallas,12/26/2025 18:29,382.82,4.06,24718.32,265.97,63.8,0
SHP003139,Schneider,0,Air,San Francisco,Boston,11/5/2025 6:02,2144,2.73,35312.33,293.42,214.4,0
SHP003140,XPO Logistics,0,Rail,Boston,San Francisco,10/1/2025 0:14,1445.76,2.74,27288.21,451.19,43.37,0
SHP003141,XPO Logistics,LTL,Road,Miami,Tampa,2/5/2025 22:12,493.59,4.73,7289.17,30.7,82.27,0
SHP003142,DHL,0,Rail,Miami,Tampa,9/20/2025 15:32,1130.41,1.91,38709.11,405.89,33.91,0
SHP003143,C.H. Robinson,FTL,Road,Chicago,San Francisco,4/11/2025 0:18,176.18,0.95,23981.72,173.1,29.36,0
SHP003144,UPS,0,Rail,Atlanta,Miami,2/2/2025 10:11,255.85,4.79,15819.88,51.44,7.68,0
SHP003145,Schneider,0,Ocean,San Francisco,Dallas,6/17/2025 21:13,6514.4,22.13,30385.46,411.39,1302.88,0
SHP003146,UPS,0,Rail,Boston,Miami,9/20/2025 1:06,546.38,2.85,8736.84,382.77,16.39,0
SHP003147,J.B. Hunt,0,Air,Miami,Atlanta,9/2/2025 6:18,2859.38,3.01,35317.94,319.71,285.94,0
SHP003148,C.H. Robinson,0,Ocean,Boston,Tampa,9/3/2025 14:47,3407.45,11.37,3475.2,16.7,681.49,0
SHP003149,XPO Logistics,0,Rail,Miami,San Francisco,2/3/2025 9:14,1312.76,4.07,22312.5,279.27,39.38,0
SHP003150,C.H. Robinson,0,Ocean,Chicago,Atlanta,11/6/2025 18:16,2580.32,12.47,19095.03,194.83,516.06,0
SHP003151,FedEx,0,Ocean,San Francisco,Chicago,1/27/2025 19:37,6655.07,11.93,24343.96,447.86,1331.01,0
SHP003152,FedEx,LTL,Road,Tampa,Atlanta,6/24/2025 15:14,1046.17,5.37,2809.55,18.46,174.36,0
SHP003153,C.H. Robinson,0,Rail,Atlanta,New York,2/18/2025 22:05,617.71,2.95,36419.73,324.97,18.53,0
SHP003154,J.B. Hunt,0,Air,San Francisco,New York,11/30/2025 9:24,520.6,0.97,6649.21,315.58,52.06,0
SHP003155,Schneider,0,Air,Boston,San Francisco,7/9/2025 14:10,2285.62,3.51,37655.14,101.65,228.56,0
SHP003156,DHL,0,Ocean,Atlanta,Miami,12/30/2025 18:22,2823.29,7.29,14671.08,457.42,564.66,0
SHP003157,UPS,LTL,Road,Chicago,New York,10/26/2025 14:46,711.38,4.49,4977.67,15.4,0,1067.07
SHP003158,Old Dominion,0,Rail,San Francisco,Atlanta,10/4/2025 6:40,302.71,4.77,28892.17,108.45,9.08,0
SHP003159,J.B. Hunt,FTL,Road,Tampa,Dallas,9/28/2025 9:58,880.2,4.91,16769.95,373.46,146.7,0
SHP003160,Old Dominion,0,Air,New York,Boston,5/17/2025 6:27,1390.88,2.87,30677.88,495.97,139.09,0
SHP003161,XPO Logistics,0,Rail,Miami,San Francisco,2/23/2025 2:11,752.63,3.88,7041.99,102.83,22.58,0
SHP003162,UPS,LTL,Road,Atlanta,Boston,10/2/2025 3:49,847.4,5.52,4036.86,90.74,141.23,0
SHP003163,Schneider,0,Rail,Boston,Miami,10/3/2025 2:17,656.16,4.19,11980.69,117.56,19.68,0
SHP003164,Schneider,LTL,Road,Chicago,Boston,8/28/2025 18:03,896.38,0.3,5461.42,397.09,0,1344.57
SHP003165,XPO Logistics,0,Air,Chicago,Atlanta,8/6/2025 13:37,1018.82,2.61,26921.55,327.86,101.88,0
SHP003166,FedEx,0,Rail,Atlanta,Tampa,11/18/2025 21:20,913.36,3.43,33519,379.46,27.4,0
SHP003167,DHL,0,Ocean,Tampa,Boston,12/9/2025 10:12,2909.41,4.27,3336.4,48.04,581.88,0
SHP003168,XPO Logistics,0,Ocean,Tampa,Miami,3/4/2025 3:36,4871.52,3.14,13808.61,376.85,974.3,0
SHP003169,DHL,LTL,Road,Dallas,Boston,10/21/2025 15:19,388.5,4.64,7492.85,123.67,64.75,0
SHP003170,FedEx,0,Air,Atlanta,Tampa,5/5/2025 23:27,2267.82,3.12,16199.43,106,226.78,0
SHP003171,Schneider,FTL,Road,New York,Boston,3/4/2025 1:18,649.46,5.55,25764.86,87.29,108.24,0
SHP003172,Schneider,LTL,Road,San Francisco,New York,4/16/2025 12:04,835.17,2.71,5976.56,367.3,139.19,0
SHP003173,Old Dominion,0,Ocean,Dallas,San Francisco,7/25/2025 4:58,4362.11,19.91,29025.15,307.92,872.42,0
SHP003174,XPO Logistics,LTL,Road,Atlanta,San Francisco,7/25/2025 18:15,223.41,5.06,9368.67,69.35,37.23,0
SHP003175,FedEx,0,Air,Dallas,Boston,11/13/2025 1:45,1618.25,1.41,30303.67,361.09,161.83,0
SHP003176,J.B. Hunt,0,Air,Atlanta,Boston,8/9/2025 2:23,680.39,3.57,7648.44,398.83,68.04,0
SHP003177,C.H. Robinson,0,Ocean,Dallas,Tampa,11/30/2025 10:55,3927.35,9.22,6750.45,84.64,785.47,0
SHP003178,Schneider,0,Ocean,Dallas,Atlanta,9/7/2025 18:11,5464.18,14.11,5322.37,57.24,1092.84,0
SHP003179,C.H. Robinson,0,Air,New York,Tampa,7/14/2025 9:15,495.24,3.1,28619.34,30.16,49.52,0
SHP003180,DHL,LTL,Road,Dallas,San Francisco,8/22/2025 0:54,694.31,0.74,9051.9,453.65,115.72,0
SHP003181,XPO Logistics,0,Ocean,Miami,Dallas,1/3/2025 10:58,5736.75,22.38,32552.39,414.44,1147.35,0
SHP003182,J.B. Hunt,0,Air,Chicago,Atlanta,2/12/2025 12:51,1838.21,1.57,9103.07,164.27,183.82,0
SHP003183,UPS,0,Air,New York,Boston,12/27/2025 21:26,1996.94,1.1,10716.29,234.56,199.69,0
SHP003184,J.B. Hunt,LTL,Road,Boston,Chicago,4/15/2025 10:34,318.01,3.63,9243.28,374.3,53,0
SHP003185,XPO Logistics,0,Ocean,San Francisco,Tampa,7/11/2025 3:02,5498.2,14.82,19773.94,94.1,1099.64,0
SHP003186,XPO Logistics,LTL,Road,Boston,New York,3/15/2025 15:26,1078.92,1.68,1049.39,375.26,0,1618.38
SHP003187,J.B. Hunt,0,Ocean,Chicago,Boston,9/18/2025 3:16,1817.12,10.18,1617.25,69.4,363.42,0
SHP003188,Schneider,0,Air,Boston,Tampa,9/28/2025 18:14,767.65,0.69,26437.95,418.67,76.77,0
SHP003189,FedEx,0,Rail,Tampa,Atlanta,7/30/2025 18:51,797.3,7.12,8927.19,163.37,23.92,0
SHP003190,FedEx,0,Ocean,Boston,Dallas,5/14/2025 22:48,1630.53,15.65,17084.85,307.03,326.11,0
SHP003191,Old Dominion,0,Rail,Chicago,Atlanta,10/2/2025 8:39,1418.68,4.82,25291.4,467.69,42.56,0
SHP003192,XPO Logistics,0,Air,Atlanta,Boston,6/29/2025 3:54,1107.47,1.76,28849.28,306.04,110.75,0
SHP003193,J.B. Hunt,0,Air,Boston,New York,9/9/2025 3:29,782.04,1.82,18979.6,210.28,78.2,0
SHP003194,UPS,0,Rail,Tampa,Miami,8/6/2025 17:35,485.24,7.47,30611.59,241.2,14.56,0
SHP003195,XPO Logistics,FTL,Road,San Francisco,Boston,1/18/2025 6:19,832.07,5.41,5878.88,125.94,138.68,0
SHP003196,XPO Logistics,FTL,Road,Dallas,Atlanta,11/30/2025 23:22,674.11,4.84,1932.07,492.03,112.35,0
SHP003197,FedEx,0,Rail,Dallas,San Francisco,5/26/2025 15:28,927.85,3.51,12062.62,88,27.84,0
SHP003198,UPS,0,Air,New York,Chicago,1/5/2025 19:00,2437.25,3.84,16838.97,476.26,243.73,0
SHP003199,DHL,0,Air,Dallas,Atlanta,11/23/2025 13:01,2524.25,2.18,27124.03,218.06,252.43,0
SHP003200,DHL,0,Rail,Miami,New York,6/28/2025 8:50,1093.96,1.41,28002.41,27.36,32.82,0
SHP003201,FedEx,FTL,Road,New York,Miami,4/30/2025 2:39,989.65,4.99,9864.55,162.51,164.94,0
SHP003202,J.B. Hunt,0,Air,Boston,Dallas,3/10/2025 0:17,1599.54,2.59,11850.47,296.65,159.95,0
SHP003203,J.B. Hunt,LTL,Road,Tampa,Miami,12/20/2025 18:53,392.46,0.57,174.9,51.47,65.41,0
SHP003204,UPS,LTL,Road,Chicago,Dallas,5/3/2025 17:41,961.09,5.78,4355.62,256.83,160.18,0
SHP003205,J.B. Hunt,FTL,Road,San Francisco,Tampa,3/15/2025 4:48,218.88,3.42,6213.87,306,36.48,0
SHP003206,C.H. Robinson,0,Ocean,Tampa,Atlanta,10/13/2025 15:09,7499.44,6.31,30700.27,12.73,1499.89,0
SHP003207,UPS,0,Air,Miami,New York,4/4/2025 5:23,1313.84,0.89,14422.78,87.59,131.38,0
SHP003208,FedEx,0,Ocean,San Francisco,Boston,3/15/2025 5:18,3299.79,11.19,12373.35,328.65,659.96,0
SHP003209,FedEx,0,Air,Dallas,New York,8/3/2025 3:06,2780.9,1.9,8097.55,136.09,278.09,0
SHP003210,XPO Logistics,LTL,Road,San Francisco,Dallas,2/20/2025 22:24,1032.1,3.54,4631.86,75.67,172.02,0
SHP003211,DHL,FTL,Road,Tampa,Chicago,8/18/2025 22:41,567.19,1.85,37754.94,442.15,94.53,0
SHP003212,C.H. Robinson,LTL,Road,Tampa,New York,5/2/2025 12:57,146.49,3.22,2366.82,205.98,24.42,0
SHP003213,FedEx,0,Rail,New York,Atlanta,7/4/2025 6:26,1602.96,4.69,13701.5,104.74,48.09,0
SHP003214,Old Dominion,FTL,Road,Boston,Dallas,1/16/2025 1:06,970.37,3.84,18988.59,109.52,161.73,0
SHP003215,Old Dominion,0,Rail,Chicago,Dallas,10/16/2025 0:01,734.79,7.72,21043.55,200.95,22.04,0
SHP003216,Old Dominion,0,Rail,Boston,Tampa,4/8/2025 1:41,1034.28,6.45,13934.3,90.17,31.03,0
SHP003217,C.H. Robinson,0,Rail,Chicago,Tampa,2/25/2025 6:34,1135.9,5.66,28652.36,441.11,34.08,0
SHP003218,FedEx,FTL,Road,New York,Miami,3/14/2025 5:07,476.85,0.68,38354.77,218.07,79.48,0
SHP003219,C.H. Robinson,0,Air,Atlanta,Boston,12/30/2025 8:47,1982.8,2.83,22087.29,103.42,198.28,0
SHP003220,FedEx,FTL,Road,New York,Atlanta,2/5/2025 15:53,918.41,4.87,22342.54,244.79,0,1377.62
SHP003221,DHL,0,Ocean,San Francisco,Chicago,5/6/2025 13:03,1354.54,3.85,13912.81,156.11,270.91,0
SHP003222,DHL,0,Rail,San Francisco,Chicago,3/9/2025 5:23,1725.85,6.49,26567.01,259.31,51.78,0
SHP003223,UPS,FTL,Road,Tampa,Chicago,4/20/2025 18:17,242.47,5.88,15314.11,54.36,40.41,0
SHP003224,Old Dominion,0,Rail,Tampa,Atlanta,5/20/2025 9:47,990.08,7.12,35547.99,6.47,29.7,0
SHP003225,DHL,0,Ocean,Chicago,San Francisco,11/12/2025 0:13,7147.22,7.97,2039.41,424.05,1429.44,0
SHP003226,DHL,0,Ocean,Atlanta,Chicago,2/18/2025 7:59,6979,15.12,23190.13,406.75,1395.8,0
SHP003227,J.B. Hunt,0,Ocean,Miami,Tampa,11/30/2025 14:38,6397.32,21.58,22333.52,483.86,1279.46,0
SHP003228,Schneider,LTL,Road,San Francisco,Chicago,7/3/2025 18:34,1195.57,0.92,8518.01,250.41,199.26,0
SHP003229,Schneider,FTL,Road,Tampa,Chicago,10/22/2025 21:07,495.7,3.78,2710.64,253.72,0,743.55
SHP003230,C.H. Robinson,LTL,Road,Miami,San Francisco,12/26/2025 9:46,1051.52,1.48,4349.94,469.8,175.25,0
SHP003231,C.H. Robinson,0,Air,Boston,San Francisco,8/8/2025 16:43,1457.12,1.75,17901.2,260.21,145.71,0
SHP003232,FedEx,0,Rail,Dallas,San Francisco,7/14/2025 1:58,1211.19,6.6,18358.04,408.92,36.34,0
SHP003233,XPO Logistics,0,Air,San Francisco,Dallas,5/13/2025 0:32,1741.05,1.68,26489.06,359.14,174.11,0
SHP003234,Old Dominion,0,Ocean,New York,Atlanta,2/26/2025 18:02,4685.37,3.25,7210.37,143.36,937.07,0
SHP003235,FedEx,0,Air,Chicago,Tampa,8/12/2025 9:02,1063.09,2.86,1224.77,378.09,106.31,0
SHP003236,DHL,0,Ocean,Dallas,San Francisco,11/8/2025 23:40,2490.07,8.82,21352.44,108.75,498.01,0
SHP003237,C.H. Robinson,0,Rail,Atlanta,New York,5/23/2025 17:17,1615.15,1.6,18053.1,424.86,48.45,0
SHP003238,XPO Logistics,0,Air,Boston,Tampa,9/16/2025 5:07,1962.78,1.52,17120.03,353.64,196.28,0
SHP003239,FedEx,0,Ocean,Atlanta,Chicago,8/10/2025 5:09,7799.46,21.65,14026.1,499.1,1559.89,0
SHP003240,Old Dominion,0,Rail,New York,Chicago,4/13/2025 23:46,205.61,1.19,33041.7,100.53,6.17,0
SHP003241,XPO Logistics,0,Rail,Tampa,Dallas,6/18/2025 0:56,297.23,2.66,17330.96,365.55,8.92,0
SHP003242,C.H. Robinson,0,Rail,Tampa,New York,1/11/2025 0:35,1198.94,2.66,20379.18,463.18,35.97,0
SHP003243,UPS,0,Rail,San Francisco,Miami,7/26/2025 14:15,1504.01,3.26,39299.45,354.6,45.12,0
SHP003244,UPS,LTL,Road,New York,Tampa,7/27/2025 0:01,121.82,0.45,1808.82,364.2,20.3,0
SHP003245,Old Dominion,0,Ocean,Chicago,Boston,5/1/2025 4:43,1878.04,13.25,4183.77,460.52,375.61,0
SHP003246,Old Dominion,0,Rail,Boston,Atlanta,10/25/2025 21:34,750.34,7.36,37822.59,4.06,22.51,0
SHP003247,UPS,FTL,Road,Tampa,Atlanta,6/22/2025 9:34,583.76,0.39,36393.36,259.69,97.29,0
SHP003248,FedEx,0,Ocean,Boston,Chicago,7/18/2025 7:02,1062.08,4.43,15648.61,470.18,212.42,0
SHP003249,XPO Logistics,FTL,Road,Dallas,New York,2/19/2025 23:53,846.85,5.24,14975.04,22.56,141.14,0
SHP003250,UPS,0,Ocean,New York,Tampa,9/25/2025 2:20,7807.38,2.38,37932.24,184.97,1561.48,0
SHP003251,J.B. Hunt,0,Air,San Francisco,Chicago,9/14/2025 4:48,327.24,2.91,39231.34,482.85,32.72,0
SHP003252,FedEx,0,Rail,Tampa,Chicago,11/22/2025 8:51,457.5,2.27,22838.79,319.02,13.72,0
SHP003253,FedEx,FTL,Road,Dallas,Chicago,5/23/2025 13:26,900.33,1.29,38380.78,319.73,150.06,0
SHP003254,J.B. Hunt,0,Ocean,Atlanta,Dallas,10/22/2025 19:38,6852.85,13.88,16863.94,488.61,1370.57,0
SHP003255,DHL,0,Air,San Francisco,Boston,7/27/2025 13:28,1871.73,3.53,38155.05,338,187.17,0
SHP003256,DHL,LTL,Road,Tampa,Atlanta,11/26/2025 23:01,681.28,0.27,544.19,101.22,0,1021.92
SHP003257,J.B. Hunt,LTL,Road,Chicago,Miami,8/17/2025 19:59,263.91,1.71,3153.61,180.67,43.99,0
SHP003258,UPS,LTL,Road,Miami,New York,6/27/2025 16:56,533.62,0.82,567.27,337.3,0,800.43
SHP003259,XPO Logistics,0,Ocean,San Francisco,Miami,6/16/2025 4:29,4530.01,11.77,25560.38,414.01,906,0
SHP003260,XPO Logistics,0,Air,Dallas,San Francisco,6/9/2025 5:59,1454.77,2.74,38166.1,419.97,145.48,0
SHP003261,DHL,0,Air,Boston,Tampa,1/5/2025 9:05,1450.2,2.76,7494.3,280.7,145.02,0
SHP003262,DHL,LTL,Road,Atlanta,Tampa,12/18/2025 13:04,1178.53,3.23,9287.24,204.26,196.42,0
SHP003263,C.H. Robinson,0,Air,Atlanta,San Francisco,1/10/2025 9:42,2996.88,2.53,2169.63,293.79,299.69,0
SHP003264,C.H. Robinson,LTL,Road,Tampa,San Francisco,4/23/2025 1:16,365.76,0.44,8235.41,138.59,60.96,0
SHP003265,XPO Logistics,0,Ocean,Tampa,New York,2/13/2025 4:35,6474.11,8.34,8175.89,486.99,1294.82,0
SHP003266,DHL,0,Rail,Boston,Tampa,1/16/2025 2:46,778.63,5.21,24594.27,280.68,23.36,0
SHP003267,Schneider,0,Rail,Chicago,Atlanta,11/18/2025 13:04,1663.51,5.72,16447.45,431.33,49.91,0
SHP003268,FedEx,LTL,Road,Tampa,Miami,9/30/2025 22:23,258.22,3.38,9512.92,313.07,43.04,0
SHP003269,J.B. Hunt,0,Ocean,Miami,Dallas,6/16/2025 7:52,6627.26,16.38,33655.15,472.3,1325.45,0
SHP003270,DHL,0,Air,Miami,Atlanta,1/24/2025 9:41,1036.89,1.09,19617.63,351.23,103.69,0
SHP003271,C.H. Robinson,0,Rail,Boston,Dallas,4/23/2025 20:19,563.51,1.03,14045.94,484.46,16.91,0
SHP003272,XPO Logistics,LTL,Road,New York,Dallas,7/7/2025 15:46,849.21,2.56,2046.87,178.69,141.53,0
SHP003273,Schneider,0,Air,Boston,Miami,3/18/2025 8:15,758.57,0.87,36316.32,498.83,75.86,0
SHP003274,DHL,0,Ocean,New York,San Francisco,7/29/2025 17:10,1730.86,3.2,13524.38,231.37,346.17,0
SHP003275,Old Dominion,0,Air,New York,Miami,12/14/2025 4:52,853.02,1.55,8434.39,387.36,85.3,0
SHP003276,C.H. Robinson,0,Rail,Miami,Dallas,1/2/2025 16:25,1340.12,5.44,15795.11,454.61,40.2,0
SHP003277,DHL,0,Ocean,Atlanta,Miami,7/24/2025 4:54,7771.49,5.82,9309,263.29,1554.3,0
SHP003278,Old Dominion,0,Air,New York,Atlanta,8/15/2025 13:54,546.38,2.03,23480.75,261.51,54.64,0
SHP003279,DHL,0,Air,San Francisco,Dallas,8/28/2025 2:42,1193.45,2.4,38372.64,103.8,119.35,0
SHP003280,Old Dominion,LTL,Road,Atlanta,Tampa,2/25/2025 16:19,803.06,0.5,804.2,276.36,0,1204.59
SHP003281,J.B. Hunt,0,Air,Chicago,New York,5/1/2025 10:55,583.34,0.58,7274.76,282.86,58.33,0
SHP003282,C.H. Robinson,0,Rail,San Francisco,Tampa,6/7/2025 23:26,1325.35,2.42,26896.25,92.06,39.76,0
SHP003283,C.H. Robinson,0,Rail,New York,Chicago,2/14/2025 10:50,1181.53,3.88,26325.08,497.53,35.45,0
SHP003284,DHL,0,Air,Atlanta,New York,7/2/2025 8:36,2832.11,0.51,35474.83,34.18,283.21,0
SHP003285,Old Dominion,FTL,Road,San Francisco,Boston,2/15/2025 3:06,1146,1.87,15590.38,46.73,191,0
SHP003286,FedEx,0,Rail,New York,Atlanta,3/17/2025 14:15,379.64,6.09,37801.12,305.76,11.39,0
SHP003287,J.B. Hunt,0,Ocean,Dallas,Chicago,4/26/2025 10:43,5868.88,18.76,10881.16,23.57,1173.78,0
SHP003288,C.H. Robinson,0,Rail,New York,Atlanta,9/22/2025 8:37,203,3.45,10037.84,32.1,6.09,0
SHP003289,UPS,FTL,Road,Miami,Chicago,1/10/2025 11:54,256.46,0.97,36637.7,70.99,42.74,0
SHP003290,J.B. Hunt,LTL,Road,Chicago,Tampa,7/9/2025 9:12,668.3,3.66,5503.37,50.43,0,1002.45
SHP003291,J.B. Hunt,LTL,Road,Dallas,Boston,12/29/2025 12:03,416.62,0.54,4047.35,95.11,0,624.93
SHP003292,UPS,0,Ocean,Tampa,Boston,5/3/2025 15:09,4712.24,17.24,21518.73,217.68,942.45,0
SHP003293,XPO Logistics,0,Ocean,Tampa,New York,4/14/2025 5:03,3405,20.52,9165.04,367.37,681,0
SHP003294,XPO Logistics,FTL,Road,Tampa,New York,5/22/2025 1:00,921.1,2.66,12243.37,235.8,0,1381.65
SHP003295,Old Dominion,0,Air,Boston,Miami,3/1/2025 7:06,551.68,0.66,4908.33,94.39,55.17,0
SHP003296,C.H. Robinson,FTL,Road,Miami,Tampa,2/23/2025 20:48,629.8,5.13,9807.87,467.65,104.97,0
SHP003297,J.B. Hunt,0,Rail,Atlanta,Miami,11/12/2025 1:46,1727.85,7.71,33583.73,182.55,51.84,0
SHP003298,UPS,FTL,Road,Boston,Miami,7/6/2025 0:40,133.59,3.52,22567.92,425.14,22.27,0
SHP003299,UPS,LTL,Road,Boston,Chicago,9/29/2025 5:45,1195.39,3.17,3550.26,93.76,199.23,0
SHP003300,FedEx,FTL,Road,Chicago,Atlanta,8/16/2025 16:47,55.52,3.18,22442.99,412.64,9.25,0
SHP003301,FedEx,0,Ocean,Chicago,Boston,8/28/2025 19:48,4284.33,22.16,25309.3,420.33,856.87,0
SHP003302,FedEx,0,Rail,Boston,Tampa,8/1/2025 3:27,437.28,6.99,27168.18,85.95,13.12,0
SHP003303,C.H. Robinson,FTL,Road,Chicago,New York,12/13/2025 19:56,268.23,5.58,1772.51,231.8,44.71,0
SHP003304,Old Dominion,0,Air,Boston,Dallas,3/3/2025 17:12,1146.38,2.83,33665.36,180.83,114.64,0
SHP003305,UPS,0,Air,Dallas,Tampa,8/18/2025 13:35,1452.64,3.94,31464.7,448.7,145.26,0
SHP003306,Schneider,LTL,Road,San Francisco,Atlanta,10/9/2025 11:50,554.58,1.6,4206.86,358.33,0,831.87
SHP003307,J.B. Hunt,0,Ocean,Tampa,New York,3/28/2025 20:16,1320.73,7.95,2342.12,216.74,264.15,0
SHP003308,UPS,0,Rail,Chicago,New York,7/22/2025 5:10,1523.91,1.17,27175.28,466.32,45.72,0
SHP003309,C.H. Robinson,0,Ocean,Tampa,Boston,7/16/2025 19:42,2276.96,17.26,39016.53,481.18,455.39,0
SHP003310,FedEx,0,Air,Boston,Chicago,7/23/2025 21:30,934.31,0.85,6357.16,351.32,93.43,0
SHP003311,C.H. Robinson,0,Ocean,Boston,Atlanta,12/16/2025 11:04,5943.19,16.83,13775.1,85.72,1188.64,0
SHP003312,FedEx,LTL,Road,Atlanta,Miami,3/14/2025 2:20,717.88,3.03,7329.02,221.24,119.65,0
SHP003313,FedEx,FTL,Road,San Francisco,Boston,2/7/2025 0:30,439.44,1.94,8853.08,133.61,0,659.16
SHP003314,J.B. Hunt,0,Rail,Dallas,Chicago,1/24/2025 20:33,351.73,3.43,1944.51,94.02,10.55,0
SHP003315,UPS,0,Rail,San Francisco,Boston,4/19/2025 22:47,1394.83,3.28,26895.36,358.73,41.84,0
SHP003316,UPS,0,Rail,Chicago,Dallas,10/5/2025 9:32,1129.9,7.71,1346.87,369.59,33.9,0
SHP003317,C.H. Robinson,0,Rail,Tampa,New York,6/4/2025 3:47,1734.06,7.04,7131.76,164.08,52.02,0
SHP003318,UPS,LTL,Road,Atlanta,Boston,3/17/2025 3:23,248.32,3.71,7165.05,159.22,41.39,0
SHP003319,C.H. Robinson,0,Ocean,Boston,Atlanta,7/6/2025 22:35,4546.3,17.2,17142.92,427.15,909.26,0
SHP003320,Schneider,0,Air,Miami,Atlanta,5/6/2025 7:42,2383.18,0.73,25034.45,118.43,238.32,0
SHP003321,Schneider,0,Rail,San Francisco,Atlanta,2/16/2025 2:00,1092.03,7.7,35222.95,202.85,32.76,0
SHP003322,C.H. Robinson,LTL,Road,San Francisco,Dallas,3/21/2025 15:32,385.24,1.6,5395.27,58.01,64.21,0
SHP003323,UPS,FTL,Road,Boston,New York,6/14/2025 23:48,681.67,0.26,13292.06,110.75,113.61,0
SHP003324,UPS,0,Rail,New York,San Francisco,9/10/2025 10:51,1753.95,6.09,14311.31,47.33,52.62,0
SHP003325,UPS,0,Rail,Dallas,Atlanta,7/10/2025 18:31,1026.88,2.49,21688.97,417.85,30.81,0
SHP003326,FedEx,0,Air,Atlanta,Chicago,3/21/2025 12:54,1962.64,2.72,21870.7,463.71,196.26,0
SHP003327,J.B. Hunt,0,Ocean,Chicago,New York,7/16/2025 0:09,7489.27,13.28,12577.5,230.33,1497.85,0
SHP003328,Old Dominion,0,Air,Miami,Boston,7/9/2025 8:27,803.71,2.73,20253.65,52.55,80.37,0
SHP003329,UPS,0,Ocean,Chicago,Tampa,7/3/2025 2:28,1982.36,12.55,35559.77,283.63,396.47,0
SHP003330,C.H. Robinson,FTL,Road,Dallas,Tampa,8/26/2025 3:23,833.77,2.2,23070.75,224.24,138.96,0
SHP003331,FedEx,0,Air,Boston,San Francisco,11/25/2025 7:30,2079.65,0.68,19985.36,148.7,207.97,0
SHP003332,FedEx,0,Rail,New York,San Francisco,6/12/2025 9:14,721.9,7.73,7716.45,156.31,21.66,0
SHP003333,Schneider,0,Rail,Boston,Chicago,2/7/2025 9:32,1015.83,7.04,16958.47,372.19,30.47,0
SHP003334,DHL,0,Ocean,Chicago,San Francisco,1/26/2025 5:36,6922.81,8.82,16013.63,178.92,1384.56,0
SHP003335,C.H. Robinson,0,Air,San Francisco,Boston,7/21/2025 21:33,2548.71,0.66,12682.63,340.02,254.87,0
SHP003336,J.B. Hunt,0,Rail,Boston,New York,10/12/2025 16:53,1104.71,4.05,21827.95,99.59,33.14,0
SHP003337,C.H. Robinson,FTL,Road,Miami,Dallas,1/6/2025 14:41,545.32,3.13,36096.97,131.16,90.89,0
SHP003338,Schneider,0,Rail,Chicago,San Francisco,2/4/2025 22:13,1588.53,5.51,1303.46,362.59,47.66,0
SHP003339,Schneider,0,Rail,Miami,Dallas,8/2/2025 22:08,256.88,7.98,34969.15,149.37,7.71,0
SHP003340,Old Dominion,0,Rail,Dallas,Atlanta,8/9/2025 23:32,611.86,3.67,14568.6,186.8,18.36,0
SHP003341,XPO Logistics,FTL,Road,Tampa,Boston,9/25/2025 12:37,416.02,3.82,6988.41,423.14,69.34,0
SHP003342,XPO Logistics,0,Rail,Tampa,Miami,6/21/2025 11:49,1499.84,4.34,34182.83,124.33,45,0
SHP003343,DHL,0,Air,Tampa,Dallas,1/14/2025 21:33,347.43,2.67,18587.42,284.02,34.74,0
SHP003344,Schneider,0,Ocean,Dallas,Atlanta,8/3/2025 23:05,7245.05,23.34,25560.9,382.26,1449.01,0
SHP003345,Schneider,0,Ocean,Miami,Chicago,1/5/2025 10:12,1128.56,5.54,29461.59,216.25,225.71,0
SHP003346,Old Dominion,0,Ocean,Boston,Tampa,8/31/2025 16:38,3844.74,8.79,24490.58,93.4,768.95,0
SHP003347,UPS,0,Ocean,Atlanta,Chicago,5/11/2025 5:27,5201.87,5.82,3021.13,165.85,1040.37,0
SHP003348,C.H. Robinson,LTL,Road,San Francisco,New York,9/2/2025 6:55,315.81,5.36,691.29,89.13,52.63,0
SHP003349,DHL,0,Rail,Boston,Atlanta,4/16/2025 5:03,1077.95,4.37,2311.15,4.62,32.34,0
SHP003350,UPS,0,Rail,Chicago,San Francisco,2/22/2025 3:48,1780.91,5.61,14933.54,235.75,53.43,0
SHP003351,UPS,0,Ocean,Atlanta,Miami,9/8/2025 13:38,2499.13,9.59,26137.26,441.52,499.83,0
SHP003352,J.B. Hunt,0,Ocean,New York,San Francisco,3/26/2025 1:49,1880.98,20.49,5301.49,108.28,376.2,0
SHP003353,C.H. Robinson,0,Rail,Atlanta,Tampa,5/28/2025 8:53,259.48,1.99,36733.47,230.26,7.78,0
SHP003354,C.H. Robinson,0,Rail,Tampa,Dallas,3/31/2025 3:53,324.27,7.72,35220.2,377.59,9.73,0
SHP003355,FedEx,LTL,Road,Chicago,New York,4/3/2025 23:26,1123.49,1.52,8388.24,345.31,0,1685.24
SHP003356,C.H. Robinson,FTL,Road,Chicago,Miami,9/11/2025 2:03,1050.22,4.83,14186.55,387.42,175.04,0
SHP003357,UPS,LTL,Road,Boston,Dallas,1/10/2025 6:51,351.82,2.14,1212.87,467.6,58.64,0
SHP003358,FedEx,0,Ocean,Dallas,San Francisco,1/21/2025 10:43,2682.53,13.45,15957.65,480,536.51,0
SHP003359,J.B. Hunt,FTL,Road,Dallas,New York,8/23/2025 5:16,435.31,4.73,34288.94,218.37,0,652.97
SHP003360,J.B. Hunt,0,Ocean,Dallas,Boston,2/27/2025 14:10,3336.29,18.45,36559.39,377.71,667.26,0
SHP003361,XPO Logistics,0,Ocean,Miami,New York,10/12/2025 0:34,2203.45,21.54,15809.48,288.54,440.69,0
SHP003362,Schneider,FTL,Road,Atlanta,Chicago,6/29/2025 19:46,1006.15,1.33,31488.15,298.49,0,1509.22
SHP003363,UPS,LTL,Road,Dallas,New York,3/22/2025 15:11,1077.34,1.24,4293.72,416.59,179.56,0
SHP003364,FedEx,0,Rail,New York,Boston,7/18/2025 7:22,230.77,1.79,39627.33,140.92,6.92,0
SHP003365,C.H. Robinson,0,Air,Miami,Tampa,3/6/2025 13:45,2933.97,1.14,14763.23,376.68,293.4,0
SHP003366,DHL,0,Ocean,Miami,Atlanta,6/19/2025 5:29,5433.34,14.78,21431.02,421.88,1086.67,0
SHP003367,Schneider,0,Air,Atlanta,New York,10/29/2025 15:16,934.36,2.05,6640.37,298.37,93.44,0
SHP003368,FedEx,FTL,Road,Tampa,Atlanta,8/11/2025 9:52,338.13,2.17,19114.4,14.36,56.35,0
SHP003369,FedEx,0,Ocean,Boston,Chicago,7/31/2025 0:10,1189.53,17.09,17444.31,432.53,237.91,0
SHP003370,Schneider,LTL,Road,Chicago,Atlanta,4/6/2025 2:57,848.87,0.3,6224.62,47.77,0,1273.31
SHP003371,FedEx,0,Air,Dallas,Atlanta,1/17/2025 8:16,2408.52,3.97,21482.35,341.71,240.85,0
SHP003372,XPO Logistics,0,Rail,Chicago,New York,6/28/2025 6:15,579.7,4.06,34315.77,84.54,17.39,0
SHP003373,FedEx,0,Rail,Tampa,Chicago,5/6/2025 11:04,624.86,4.12,28633.83,188.57,18.75,0
SHP003374,FedEx,0,Rail,Atlanta,Miami,6/19/2025 11:54,1684.37,1.66,15146.77,354.77,50.53,0
SHP003375,C.H. Robinson,LTL,Road,Atlanta,Chicago,12/16/2025 1:14,309.88,4.02,1767.54,28.93,51.65,0
SHP003376,DHL,0,Air,Dallas,Atlanta,4/10/2025 7:12,626.74,3.75,22294.16,398.38,62.67,0
SHP003377,DHL,0,Air,Dallas,San Francisco,3/25/2025 18:27,1198.17,2.57,20050.61,472.92,119.82,0
SHP003378,UPS,LTL,Road,Atlanta,San Francisco,10/3/2025 20:14,909.71,4.45,606.58,275.29,151.62,0
SHP003379,FedEx,0,Rail,San Francisco,Boston,5/19/2025 2:10,947.19,7.49,10665.01,135.65,28.42,0
SHP003380,DHL,0,Ocean,Atlanta,Boston,11/3/2025 12:20,3585.1,7.35,5602.76,428.85,717.02,0
SHP003381,Old Dominion,LTL,Road,Chicago,New York,7/25/2025 6:04,692.02,5.2,8336.68,141.74,115.34,0
SHP003382,UPS,0,Ocean,San Francisco,Atlanta,7/10/2025 8:10,4608.03,3.83,36652.45,202.73,921.61,0
SHP003383,XPO Logistics,FTL,Road,Chicago,Atlanta,5/18/2025 20:05,502.73,1.99,18696.22,126.63,83.79,0
SHP003384,DHL,0,Ocean,Atlanta,San Francisco,2/20/2025 18:08,3311.39,19.6,33453.09,152.79,662.28,0
SHP003385,Old Dominion,0,Ocean,Boston,Tampa,12/26/2025 7:06,4017.61,21.22,2580.6,444.68,803.52,0
SHP003386,J.B. Hunt,0,Air,Dallas,Miami,7/25/2025 4:27,891.8,2.87,23510.79,276.92,89.18,0
SHP003387,C.H. Robinson,0,Ocean,Atlanta,New York,12/8/2025 16:40,6945.2,4.23,14207.61,269.59,1389.04,0
SHP003388,C.H. Robinson,0,Air,Miami,Tampa,3/14/2025 22:01,2490.48,1.26,32215.73,200.42,249.05,0
SHP003389,J.B. Hunt,FTL,Road,Dallas,Tampa,10/31/2025 5:42,267.25,4.61,4090.51,257.87,0,400.88
SHP003390,UPS,0,Air,Chicago,Dallas,2/1/2025 6:10,472.46,1.75,24242.53,278.5,47.25,0
SHP003391,J.B. Hunt,FTL,Road,Dallas,Boston,1/6/2025 10:06,515.35,2.72,9457.4,228.49,85.89,0
SHP003392,J.B. Hunt,0,Rail,Chicago,Tampa,10/25/2025 20:06,1725.21,6.95,6236.7,15.86,51.76,0
SHP003393,Old Dominion,0,Rail,Tampa,Atlanta,8/15/2025 15:58,1693.64,4.69,21744.59,390.58,50.81,0
SHP003394,J.B. Hunt,0,Rail,San Francisco,Dallas,11/6/2025 4:23,703.5,4.37,38762.19,336.4,21.11,0
SHP003395,J.B. Hunt,0,Rail,Chicago,Tampa,9/14/2025 17:15,445.99,1.93,8568.46,383.59,13.38,0
SHP003396,FedEx,0,Air,New York,Atlanta,4/3/2025 23:59,1097.52,0.57,37794.89,85.69,109.75,0
SHP003397,C.H. Robinson,0,Air,Boston,Dallas,1/22/2025 13:31,325.81,1.33,9783.64,211.58,32.58,0
SHP003398,C.H. Robinson,0,Rail,Dallas,New York,3/29/2025 18:37,1672.62,7.15,18547.33,206.04,50.18,0
SHP003399,Schneider,0,Air,New York,Dallas,11/13/2025 1:10,1798.52,1.35,2561.31,469.67,179.85,0
SHP003400,Schneider,0,Ocean,San Francisco,Dallas,5/21/2025 1:56,1900.24,6.36,19162.18,246.32,380.05,0
SHP003401,Schneider,0,Air,Dallas,Boston,10/5/2025 5:49,349.77,1.02,15437.12,342.18,34.98,0
SHP003402,J.B. Hunt,0,Ocean,Boston,New York,7/27/2025 5:01,2213.14,11.31,22515.13,444.41,442.63,0
SHP003403,DHL,0,Ocean,Boston,New York,12/4/2025 18:49,2945.53,4.94,19826.25,373.61,589.11,0
SHP003404,Schneider,0,Air,San Francisco,New York,11/23/2025 10:47,596.62,1.99,1202.51,17.75,59.66,0
SHP003405,UPS,FTL,Road,Chicago,Atlanta,4/4/2025 11:00,605.4,1.96,33881.74,301.47,0,908.1
SHP003406,DHL,0,Rail,Atlanta,Miami,12/6/2025 20:25,926.29,3.86,20141.2,21.18,27.79,0
SHP003407,J.B. Hunt,0,Air,Boston,New York,10/10/2025 13:12,2710.54,3.99,7668.74,61.07,271.05,0
SHP003408,J.B. Hunt,0,Rail,Tampa,New York,3/28/2025 5:15,429.72,5.63,26626.91,424.11,12.89,0
SHP003409,C.H. Robinson,FTL,Road,Chicago,Atlanta,1/7/2025 19:44,914.6,2.84,24707.79,344.45,0,1371.9
SHP003410,DHL,0,Ocean,Chicago,Boston,12/22/2025 14:02,4345.52,12.46,25981.35,279.18,869.1,0
SHP003411,FedEx,0,Ocean,Miami,Tampa,5/15/2025 10:52,5329.57,15.48,28908.26,321.76,1065.91,0
SHP003412,J.B. Hunt,0,Air,Miami,New York,4/5/2025 2:30,1703.3,2.89,18254.54,121.59,170.33,0
SHP003413,XPO Logistics,LTL,Road,Dallas,Atlanta,2/13/2025 18:14,51.63,3.47,5967.95,486.05,0,77.45
SHP003414,DHL,0,Air,Dallas,Atlanta,11/14/2025 5:08,1275.99,1.88,8471.08,36.2,127.6,0
SHP003415,C.H. Robinson,0,Air,Boston,Tampa,2/14/2025 18:14,2386.57,1.37,24551.74,344.2,238.66,0
SHP003416,FedEx,LTL,Road,Miami,Tampa,3/15/2025 14:31,591.92,5.29,4521.38,143.17,98.65,0
SHP003417,C.H. Robinson,0,Air,Miami,Chicago,7/24/2025 3:59,2719.24,3.52,6979.58,13.95,271.92,0
SHP003418,Schneider,FTL,Road,Miami,Boston,5/25/2025 6:45,153.48,1.9,38904.26,279.7,0,230.22
SHP003419,UPS,LTL,Road,Atlanta,New York,4/13/2025 8:27,479.25,5.36,4613.39,158.3,79.88,0
SHP003420,UPS,0,Ocean,Miami,Atlanta,3/17/2025 7:43,7559.15,20.69,33824.9,256.63,1511.83,0
SHP003421,J.B. Hunt,0,Rail,Dallas,Boston,7/30/2025 3:00,1463.1,2.26,23142.31,491.94,43.89,0
SHP003422,UPS,0,Air,New York,San Francisco,6/3/2025 4:12,1085.59,3.28,19873.9,20.86,108.56,0
SHP003423,XPO Logistics,0,Ocean,Atlanta,Chicago,5/28/2025 3:58,6222.65,5.71,25443.21,43.75,1244.53,0
SHP003424,C.H. Robinson,0,Ocean,Chicago,San Francisco,8/29/2025 21:57,7601.51,8.42,9445.36,65.44,1520.3,0
SHP003425,XPO Logistics,0,Air,Boston,Dallas,1/17/2025 13:54,2854.21,2.99,29795.61,250.2,285.42,0
SHP003426,J.B. Hunt,0,Air,San Francisco,New York,11/16/2025 1:52,1581.77,0.89,22613.72,124.21,158.18,0
SHP003427,Old Dominion,0,Ocean,New York,San Francisco,6/17/2025 10:06,7828.59,19.52,16813.19,76.52,1565.72,0
SHP003428,DHL,LTL,Road,Boston,San Francisco,4/7/2025 5:19,953.13,0.95,2014.94,106.55,158.85,0
SHP003429,J.B. Hunt,LTL,Road,San Francisco,Atlanta,6/7/2025 8:49,690.42,4.78,3246,43.25,115.07,0
SHP003430,XPO Logistics,FTL,Road,Chicago,New York,8/8/2025 10:50,584.22,4.55,9255.72,110.74,97.37,0
SHP003431,Schneider,0,Ocean,San Francisco,Dallas,10/19/2025 0:10,7604.2,22.99,39623.4,404.02,1520.84,0
SHP003432,DHL,0,Air,Atlanta,Miami,4/26/2025 12:53,808.1,1.24,13938.9,159.75,80.81,0
SHP003433,XPO Logistics,0,Ocean,Tampa,Dallas,12/19/2025 14:11,7673.96,19.36,29098.35,93.8,1534.79,0
SHP003434,Schneider,0,Ocean,San Francisco,Tampa,12/1/2025 0:00,7321.44,20.21,6963.85,435.71,1464.29,0
SHP003435,J.B. Hunt,0,Rail,Atlanta,Miami,6/10/2025 15:47,635.6,1.57,26444.48,327.25,19.07,0
SHP003436,FedEx,0,Rail,New York,San Francisco,5/23/2025 7:20,351.89,3.23,39716.17,339.53,10.56,0
SHP003437,J.B. Hunt,LTL,Road,Boston,San Francisco,12/11/2025 13:03,889.59,1.47,926,139.17,0,1334.38
SHP003438,Old Dominion,0,Ocean,Miami,Atlanta,2/18/2025 9:14,2366.74,7.16,8113.8,287.8,473.35,0
SHP003439,C.H. Robinson,0,Air,San Francisco,New York,8/23/2025 1:25,1185.88,3.37,7765.92,232.85,118.59,0
SHP003440,C.H. Robinson,FTL,Road,Atlanta,Dallas,8/1/2025 14:08,65.71,3.02,2705.61,488.88,10.95,0
SHP003441,J.B. Hunt,0,Rail,Miami,San Francisco,2/4/2025 11:42,1464.95,4.43,3920.2,296.63,43.95,0
SHP003442,UPS,FTL,Road,Tampa,New York,9/1/2025 22:10,922.58,1.35,22944.23,407.29,0,1383.87
SHP003443,FedEx,FTL,Road,Atlanta,Tampa,11/29/2025 17:24,933.48,4.87,35233.28,468.9,155.58,0
SHP003444,Schneider,0,Air,Dallas,Chicago,7/30/2025 13:02,1394.91,2.49,31731.05,348.87,139.49,0
SHP003445,XPO Logistics,LTL,Road,Dallas,San Francisco,8/6/2025 18:32,1194.85,0.33,3648.06,141.23,199.14,0
SHP003446,XPO Logistics,0,Rail,Tampa,San Francisco,9/5/2025 20:28,619.71,2.56,28510.39,43.29,18.59,0
SHP003447,DHL,FTL,Road,Boston,Atlanta,3/3/2025 17:59,902.85,4.24,10406.76,127.16,150.47,0
SHP003448,J.B. Hunt,0,Rail,Chicago,San Francisco,7/30/2025 15:58,1206.18,6.34,35121.18,426.22,36.19,0
SHP003449,Schneider,LTL,Road,Boston,San Francisco,8/9/2025 10:13,1159.62,3.59,9100.26,404.45,193.27,0
SHP003450,DHL,FTL,Road,Boston,Miami,8/1/2025 6:19,1078.87,0.32,38653.17,237.29,179.81,0
SHP003451,FedEx,0,Ocean,Miami,Tampa,6/11/2025 20:20,6486.37,4.8,16139.67,136.46,1297.27,0
SHP003452,FedEx,0,Air,Chicago,New York,3/2/2025 22:29,1087.48,0.93,32327.67,5.61,108.75,0
SHP003453,C.H. Robinson,0,Air,Miami,Boston,12/25/2025 2:34,1143.76,1.11,23767.04,127.87,114.38,0
SHP003454,FedEx,0,Ocean,Tampa,San Francisco,7/20/2025 6:11,2442.49,12.74,26281.22,61.53,488.5,0
SHP003455,XPO Logistics,FTL,Road,Chicago,Atlanta,12/13/2025 0:30,251.84,1.67,38963.05,199.18,41.97,0
SHP003456,DHL,0,Rail,New York,Miami,10/18/2025 17:59,1158.38,2.69,19873.15,37.99,34.75,0
SHP003457,Schneider,0,Ocean,New York,Atlanta,3/20/2025 13:44,760.57,12.31,16247.04,69.3,152.11,0
SHP003458,FedEx,0,Rail,Dallas,San Francisco,2/16/2025 14:47,1300.16,7.95,16128.05,312.65,39,0
SHP003459,J.B. Hunt,0,Ocean,San Francisco,Atlanta,5/15/2025 5:25,7722.32,20.29,18810.31,369.01,1544.46,0
SHP003460,XPO Logistics,0,Rail,Tampa,Chicago,12/23/2025 18:34,405.02,4.58,11522.88,81.42,12.15,0
SHP003461,FedEx,LTL,Road,Atlanta,Chicago,11/24/2025 19:44,540.22,1,7035,228.66,90.04,0
SHP003462,C.H. Robinson,FTL,Road,Atlanta,Boston,8/3/2025 14:01,660.82,1.09,6020.98,292.12,110.14,0
SHP003463,XPO Logistics,0,Rail,New York,Atlanta,6/24/2025 17:28,1776.02,1.67,11786.39,434.86,53.28,0
SHP003464,J.B. Hunt,FTL,Road,San Francisco,Atlanta,5/20/2025 7:35,133.11,5.29,21209.3,204.73,22.19,0
SHP003465,UPS,0,Rail,Tampa,Miami,3/17/2025 22:43,695.49,3.08,12579.2,442.52,20.86,0
SHP003466,FedEx,0,Ocean,New York,San Francisco,8/30/2025 16:55,5928.46,16.73,32050.59,129.3,1185.69,0
SHP003467,UPS,0,Ocean,Miami,Atlanta,5/19/2025 21:14,5135.32,12.12,31406.44,155.32,1027.06,0
SHP003468,J.B. Hunt,0,Air,Tampa,New York,7/14/2025 20:54,2036.58,3.59,16384.94,34.24,203.66,0
SHP003469,FedEx,0,Rail,New York,Dallas,1/1/2025 6:28,1025.68,3.42,27052.9,475.57,30.77,0
SHP003470,FedEx,FTL,Road,Tampa,Atlanta,7/31/2025 20:19,608.45,2.93,26356.1,52.65,101.41,0
SHP003471,FedEx,0,Ocean,Tampa,Chicago,1/16/2025 16:40,2401.3,22.22,26962.73,7.71,480.26,0
SHP003472,DHL,FTL,Road,Chicago,San Francisco,3/26/2025 19:26,285.32,4.18,30693.77,420.09,0,427.98
SHP003473,FedEx,0,Air,San Francisco,Boston,9/27/2025 10:48,1088.88,3.76,22341.4,348.57,108.89,0
SHP003474,DHL,FTL,Road,Chicago,Atlanta,10/24/2025 10:36,736.25,0.96,38543.03,62.31,122.71,0
SHP003475,FedEx,0,Ocean,San Francisco,Tampa,2/8/2025 13:34,2411.61,19.9,24934.58,419.24,482.32,0
SHP003476,UPS,0,Ocean,New York,Miami,11/4/2025 12:54,4368.02,10.29,36912.9,19.09,873.6,0
SHP003477,FedEx,0,Rail,Boston,Dallas,7/20/2025 4:00,1569.81,2.62,34025.08,70.46,47.09,0
SHP003478,FedEx,0,Rail,Tampa,Chicago,11/16/2025 3:29,1128.35,7.22,19204.82,373.54,33.85,0
SHP003479,J.B. Hunt,0,Rail,Miami,New York,12/11/2025 8:17,1487.47,6.16,37050.52,223.97,44.62,0
SHP003480,DHL,0,Rail,Atlanta,Boston,11/1/2025 12:40,477,1.33,10235.16,72.46,14.31,0
SHP003481,FedEx,0,Air,Atlanta,San Francisco,12/15/2025 15:57,1806.46,1.15,2037.88,18.96,180.65,0
SHP003482,J.B. Hunt,LTL,Road,Tampa,Miami,12/5/2025 21:09,1006.3,3.65,3677.14,447.22,167.72,0
SHP003483,UPS,0,Rail,Atlanta,New York,7/28/2025 19:01,312.31,7.86,24843.53,92.55,9.37,0
SHP003484,DHL,0,Rail,Dallas,San Francisco,7/6/2025 7:00,1286.51,6.34,17459.04,430.95,38.6,0
SHP003485,C.H. Robinson,0,Air,Boston,Dallas,12/27/2025 1:15,706.98,1.48,4192.95,106.23,70.7,0
SHP003486,Schneider,0,Ocean,Tampa,Chicago,5/31/2025 7:24,2290.47,22.19,3585.33,214.28,458.09,0
SHP003487,C.H. Robinson,0,Rail,San Francisco,Tampa,6/30/2025 11:14,1051.84,7.29,39909,376.94,31.56,0
SHP003488,Schneider,0,Air,New York,Miami,9/30/2025 14:50,2921.14,3.25,38546.5,353.93,292.11,0
SHP003489,DHL,0,Air,Tampa,Chicago,7/24/2025 22:17,515.36,1.91,26040.59,176.01,51.54,0
SHP003490,C.H. Robinson,FTL,Road,Boston,Dallas,7/9/2025 8:45,364.39,3.57,37373.32,18.46,60.73,0
SHP003491,FedEx,0,Ocean,Chicago,New York,3/7/2025 7:27,6269.23,17.9,38576.16,465.42,1253.85,0
SHP003492,C.H. Robinson,0,Ocean,Miami,Boston,8/26/2025 19:49,6216.74,13.45,8568.57,273.07,1243.35,0
SHP003493,Old Dominion,0,Air,New York,Chicago,7/10/2025 18:19,2366.45,3.63,31693.62,98.44,236.64,0
SHP003494,C.H. Robinson,0,Rail,Chicago,Miami,1/26/2025 8:11,1159.5,3.33,863.62,100.91,34.78,0
SHP003495,FedEx,0,Rail,Chicago,San Francisco,10/16/2025 19:08,381.15,6.9,10711,143.06,11.43,0
SHP003496,C.H. Robinson,0,Ocean,Miami,Dallas,2/7/2025 14:59,7699.52,10.34,878.63,142.64,1539.9,0
SHP003497,DHL,0,Rail,Dallas,Chicago,7/13/2025 19:37,390.88,1.72,3560.75,297.04,11.73,0
SHP003498,C.H. Robinson,0,Rail,Dallas,Chicago,10/11/2025 23:30,502.96,3.53,34549.7,212.74,15.09,0
SHP003499,C.H. Robinson,0,Ocean,Boston,Dallas,11/9/2025 5:23,7367.69,12.95,16254.05,375.44,1473.54,0
SHP003500,J.B. Hunt,FTL,Road,New York,Chicago,3/30/2025 1:33,134.15,0.76,26252.96,243.98,22.36,0
SHP003501,XPO Logistics,0,Rail,New York,Dallas,4/13/2025 19:33,1464.66,7.41,15840.49,298.61,43.94,0
SHP003502,J.B. Hunt,LTL,Road,Chicago,San Francisco,1/3/2025 2:18,625.8,5.89,8336.18,455.96,0,938.7
SHP003503,XPO Logistics,FTL,Road,Miami,New York,2/4/2025 9:47,342.49,4.69,10986.19,105.16,57.08,0
SHP003504,Old Dominion,FTL,Road,New York,Chicago,1/9/2025 6:33,1135.91,0.36,38632.85,75.48,189.32,0
SHP003505,FedEx,0,Air,Chicago,Miami,10/6/2025 15:08,2512.48,1.47,14352.74,109.16,251.25,0
SHP003506,DHL,0,Ocean,Atlanta,Boston,12/10/2025 12:19,4891.36,9.66,26467.03,8.81,978.27,0
SHP003507,DHL,0,Rail,San Francisco,Tampa,6/18/2025 19:45,303,1.7,17050.25,407.58,9.09,0
SHP003508,Old Dominion,LTL,Road,Dallas,Chicago,1/16/2025 18:59,1071.4,1.66,5807.54,384.41,178.57,0
SHP003509,C.H. Robinson,0,Ocean,Miami,San Francisco,2/22/2025 19:16,2666.22,11,21196.98,68.3,533.24,0
SHP003510,DHL,0,Rail,Tampa,Miami,7/9/2025 12:34,241.57,2.07,25260.72,37.74,7.25,0
SHP003511,C.H. Robinson,LTL,Road,Boston,Atlanta,11/18/2025 0:28,268.15,2.19,917.02,96.66,44.69,0
SHP003512,Old Dominion,0,Ocean,New York,Atlanta,8/9/2025 18:21,7334.52,2.42,26310.56,192.82,1466.9,0
SHP003513,J.B. Hunt,0,Rail,San Francisco,Boston,1/4/2025 9:15,1276.24,5.12,9328.2,423.76,38.29,0
SHP003514,XPO Logistics,0,Ocean,San Francisco,Tampa,12/30/2025 5:20,4189.55,20.1,16537.5,492.36,837.91,0
SHP003515,FedEx,LTL,Road,Boston,Atlanta,7/27/2025 3:00,936.06,5.8,5216.12,237.37,156.01,0
SHP003516,UPS,0,Ocean,Boston,Dallas,4/11/2025 20:10,6165.9,21.37,38583.76,162.95,1233.18,0
SHP003517,DHL,0,Ocean,Atlanta,Tampa,4/26/2025 13:05,6490.28,6.63,22050.19,90.74,1298.06,0
SHP003518,UPS,LTL,Road,Atlanta,Boston,10/26/2025 19:46,449.51,5.61,1588.99,316.57,74.92,0
SHP003519,XPO Logistics,0,Rail,Boston,New York,4/18/2025 14:02,1148.73,1.85,13376.17,281.93,34.46,0
SHP003520,Old Dominion,0,Air,Chicago,Boston,5/31/2025 9:17,805.38,3.3,38900.18,108.16,80.54,0
SHP003521,FedEx,0,Air,Tampa,Boston,5/19/2025 15:27,804.66,2.09,30036.73,141.52,80.47,0
SHP003522,UPS,0,Ocean,Miami,Boston,3/7/2025 7:20,649.1,13.91,38285.72,196.25,129.82,0
SHP003523,Old Dominion,FTL,Road,Miami,Chicago,11/8/2025 2:50,533.15,5.82,27937,359.87,0,799.72
SHP003524,Schneider,FTL,Road,New York,San Francisco,12/3/2025 5:55,697.11,5.85,27710.23,447.62,116.19,0
SHP003525,UPS,FTL,Road,Atlanta,Dallas,5/11/2025 1:38,854.29,4.48,11971.23,152.44,0,1281.43
SHP003526,UPS,0,Air,Tampa,Dallas,6/27/2025 17:47,2414.06,1.54,22729.42,125.43,241.41,0
SHP003527,Schneider,FTL,Road,Boston,Chicago,11/14/2025 12:42,989.53,0.89,33263.14,301.76,164.92,0
SHP003528,Old Dominion,0,Rail,New York,San Francisco,1/25/2025 20:31,499.06,4.79,11658.7,162.41,14.97,0
SHP003529,Schneider,LTL,Road,San Francisco,Tampa,1/7/2025 22:19,454.26,0.61,9861.72,16.74,75.71,0
SHP003530,XPO Logistics,0,Air,New York,Atlanta,5/22/2025 0:48,2088.74,1.8,26017.41,178.77,208.87,0
SHP003531,XPO Logistics,0,Rail,Chicago,Tampa,10/4/2025 0:43,1278,6.1,27776.83,57.87,38.34,0
SHP003532,FedEx,0,Ocean,Miami,Boston,3/24/2025 23:46,5426.7,8.16,1637.65,208,1085.34,0
SHP003533,J.B. Hunt,0,Rail,Atlanta,Boston,10/6/2025 17:25,893.67,4.27,28340.55,155.11,26.81,0
SHP003534,Schneider,FTL,Road,Tampa,Chicago,3/22/2025 19:44,412.57,0.6,27629.44,284.35,68.76,0
SHP003535,XPO Logistics,FTL,Road,San Francisco,Miami,11/4/2025 6:55,451.84,4.3,21725.63,235.15,75.31,0
SHP003536,FedEx,0,Rail,Atlanta,Miami,8/2/2025 4:12,1018.12,5.45,26570.1,145.19,30.54,0
SHP003537,FedEx,0,Rail,Boston,Chicago,5/15/2025 0:32,425.19,2.1,25755.94,436.56,12.76,0
SHP003538,Old Dominion,0,Ocean,Boston,Tampa,9/16/2025 23:38,3571.22,5.73,30385.8,416.41,714.24,0
SHP003539,UPS,LTL,Road,Tampa,Miami,11/3/2025 22:39,1062.67,3.74,8628.18,8.69,177.11,0
SHP003540,DHL,0,Air,Dallas,Tampa,2/17/2025 6:43,589.54,0.82,28647.89,35.72,58.95,0
SHP003541,J.B. Hunt,0,Ocean,Miami,Tampa,2/19/2025 10:34,4222.73,12.4,12772.79,435.33,844.55,0
SHP003542,DHL,0,Air,Tampa,Dallas,3/25/2025 12:15,760.17,1.73,31079.77,16.18,76.02,0
SHP003543,DHL,LTL,Road,Miami,Tampa,8/21/2025 21:43,823.89,4.94,9332.84,438.27,137.31,0
SHP003544,Old Dominion,0,Rail,Tampa,Dallas,4/26/2025 19:57,711.01,5.1,3553.09,129.68,21.33,0
SHP003545,FedEx,FTL,Road,Boston,Chicago,5/23/2025 9:30,158.36,2.06,35069.89,174.24,26.39,0
SHP003546,C.H. Robinson,0,Rail,Dallas,Tampa,8/16/2025 2:18,1099.04,4.03,18627.2,484.82,32.97,0
SHP003547,DHL,FTL,Road,Dallas,Atlanta,9/6/2025 12:26,390.58,3.86,17092.48,31.51,65.1,0
SHP003548,C.H. Robinson,0,Ocean,Chicago,New York,6/17/2025 22:48,4169.98,19.89,4400.74,35.73,834,0
SHP003549,J.B. Hunt,FTL,Road,Dallas,Tampa,7/16/2025 2:47,226.68,4.65,29097.82,282.94,0,340.02
SHP003550,C.H. Robinson,LTL,Road,Atlanta,Dallas,8/18/2025 0:13,588.46,5.36,7701.97,406.16,98.08,0
SHP003551,FedEx,0,Ocean,Tampa,Dallas,1/27/2025 12:15,6599.47,16.14,18591.58,432.47,1319.89,0
SHP003552,FedEx,0,Ocean,Miami,New York,8/11/2025 0:23,7445.06,2.52,2536.42,479.41,1489.01,0
SHP003553,FedEx,0,Rail,New York,Miami,11/21/2025 13:17,643.46,7.11,15857.41,60.43,19.3,0
SHP003554,XPO Logistics,LTL,Road,Dallas,Atlanta,3/2/2025 5:03,142.51,1.15,2611.45,244.77,0,213.76
SHP003555,XPO Logistics,LTL,Road,Atlanta,New York,5/15/2025 10:10,856.72,5.92,4498.84,259.57,0,1285.08
SHP003556,Schneider,0,Ocean,Atlanta,San Francisco,8/28/2025 22:38,4413.62,13.87,20950.76,5.38,882.72,0
SHP003557,FedEx,0,Rail,New York,Atlanta,11/29/2025 5:25,202.76,1.68,4511.49,352.74,6.08,0
SHP003558,Old Dominion,FTL,Road,Tampa,Chicago,8/26/2025 11:58,285.65,5.39,37179.95,487.97,47.61,0
SHP003559,DHL,0,Air,Atlanta,Chicago,5/20/2025 20:37,2835.52,1.45,20636.19,88.55,283.55,0
SHP003560,J.B. Hunt,FTL,Road,San Francisco,Miami,11/6/2025 9:44,977.14,5.36,34125.91,217.25,162.86,0
SHP003561,FedEx,0,Air,Dallas,Atlanta,2/16/2025 3:35,2348.42,0.84,2089.67,376.86,234.84,0
SHP003562,J.B. Hunt,FTL,Road,Atlanta,Miami,4/19/2025 9:56,539.16,5.97,4341.54,427.96,89.86,0
SHP003563,Schneider,0,Air,Miami,Dallas,3/22/2025 5:38,1595.95,3.4,32776.53,458.08,159.6,0
SHP003564,Schneider,0,Rail,New York,San Francisco,11/12/2025 15:03,676.56,7.65,6490.84,41.9,20.3,0
SHP003565,C.H. Robinson,0,Ocean,Miami,Tampa,5/1/2025 13:06,3737.12,20.22,19200.13,414.81,747.42,0
SHP003566,FedEx,0,Rail,San Francisco,Atlanta,8/5/2025 0:28,1367.5,2.47,37980.82,31.33,41.02,0
SHP003567,C.H. Robinson,0,Air,Boston,Miami,11/24/2025 4:48,2725.36,1.57,20255.85,211.75,272.54,0
SHP003568,UPS,0,Ocean,Tampa,Chicago,4/11/2025 11:51,1788.76,9.88,8120.91,102.74,357.75,0
SHP003569,FedEx,0,Air,Atlanta,Tampa,2/6/2025 11:12,805.05,2.21,32018.29,284.92,80.5,0
SHP003570,UPS,FTL,Road,Dallas,Miami,2/16/2025 13:31,1077.19,3.91,27728.93,334.14,179.53,0
SHP003571,FedEx,0,Air,Miami,Tampa,6/27/2025 16:28,1513.54,2.91,3253.46,430.07,151.35,0
SHP003572,XPO Logistics,0,Air,Chicago,New York,5/11/2025 9:04,2400.09,1.36,30837.28,7.31,240.01,0
SHP003573,FedEx,0,Rail,Atlanta,Chicago,8/15/2025 18:16,547.59,1.46,31318.96,378.18,16.43,0
SHP003574,Schneider,0,Ocean,San Francisco,Miami,7/7/2025 6:06,6602.27,2.1,20298.69,352.71,1320.45,0
SHP003575,UPS,0,Ocean,Tampa,Dallas,8/24/2025 3:36,1665.51,16.3,3822.35,91.48,333.1,0
SHP003576,XPO Logistics,0,Ocean,Miami,Atlanta,6/3/2025 22:25,4068.48,16.38,6261.83,93.43,813.7,0
SHP003577,XPO Logistics,0,Ocean,Atlanta,Dallas,3/5/2025 17:15,2033.35,7.25,9448.88,198.18,406.67,0
SHP003578,Old Dominion,0,Air,Boston,Chicago,11/18/2025 21:35,2065.23,2.03,31150.97,359.91,206.52,0
SHP003579,DHL,0,Ocean,Tampa,Dallas,12/18/2025 14:03,1448.95,3.07,35178.69,40.84,289.79,0
SHP003580,J.B. Hunt,0,Rail,Boston,Miami,8/31/2025 23:05,437.34,1.15,25319.29,291.6,13.12,0
SHP003581,DHL,0,Rail,Tampa,Boston,11/25/2025 3:36,1779.05,7.21,16728.31,186.42,53.37,0
SHP003582,XPO Logistics,0,Rail,Tampa,Atlanta,7/4/2025 13:31,674.96,2.07,5954.3,67.01,20.25,0
SHP003583,Old Dominion,0,Rail,Dallas,Boston,3/15/2025 22:45,382.58,2.68,12613.41,480.83,11.48,0
SHP003584,J.B. Hunt,0,Rail,Chicago,New York,10/17/2025 12:18,1125.56,7.91,15212.44,229.36,33.77,0
SHP003585,Old Dominion,LTL,Road,Chicago,Dallas,3/25/2025 12:59,423.27,1.3,1560.17,472.59,70.55,0
SHP003586,XPO Logistics,0,Ocean,Chicago,Dallas,3/26/2025 14:30,7901.08,2.99,6438.66,212.34,1580.22,0
SHP003587,DHL,0,Rail,Dallas,Miami,10/1/2025 10:41,498.13,3.55,5599.31,228.8,14.94,0
SHP003588,FedEx,LTL,Road,Dallas,Miami,10/22/2025 3:16,362.45,2.27,1078.98,214.64,0,543.67
SHP003589,J.B. Hunt,FTL,Road,Dallas,New York,3/31/2025 16:17,1180.75,2.14,35118.96,421.76,196.79,0
SHP003590,DHL,0,Rail,Dallas,Chicago,9/11/2025 21:04,1723.29,6.53,26554.07,428.44,51.7,0
SHP003591,J.B. Hunt,FTL,Road,Atlanta,Boston,2/13/2025 10:53,136.99,2.91,39575.62,385.03,22.83,0
SHP003592,C.H. Robinson,0,Air,Chicago,San Francisco,1/30/2025 14:20,2897.6,3.23,35057.84,353.56,289.76,0
SHP003593,XPO Logistics,LTL,Road,Dallas,Tampa,7/21/2025 9:15,924.58,3.26,9253.74,412.69,0,1386.87
SHP003594,DHL,0,Rail,Chicago,Boston,8/10/2025 20:46,1550.22,5.71,12530.91,18.78,46.51,0
SHP003595,XPO Logistics,0,Rail,Boston,Dallas,8/28/2025 14:13,1697.05,5.1,12276.65,75.42,50.91,0
SHP003596,FedEx,FTL,Road,Tampa,San Francisco,6/2/2025 23:30,1003.95,5.06,32673.06,322.9,167.33,0
SHP003597,XPO Logistics,0,Ocean,Tampa,Chicago,10/13/2025 11:03,3245.12,8.69,837.91,416.97,649.02,0
SHP003598,J.B. Hunt,0,Ocean,Tampa,Dallas,11/11/2025 10:10,1155.75,15.88,20410.96,263.82,231.15,0
SHP003599,J.B. Hunt,0,Rail,San Francisco,Tampa,1/20/2025 20:30,1682.74,1.22,31048.99,26.97,50.48,0
SHP003600,Schneider,LTL,Road,Boston,Chicago,11/28/2025 13:30,93.88,2.72,771.29,394.78,0,140.82
SHP003601,FedEx,0,Rail,Miami,Dallas,8/4/2025 4:23,1047.3,1.2,2099.78,306.72,31.42,0
SHP003602,C.H. Robinson,0,Ocean,Chicago,Tampa,1/21/2025 7:45,6545.84,11.63,22405.94,400.11,1309.17,0
SHP003603,UPS,0,Rail,Atlanta,Miami,7/26/2025 8:26,1176.81,2.57,24715.56,314.51,35.3,0
SHP003604,XPO Logistics,0,Air,Boston,Chicago,6/11/2025 19:31,2282.09,2.67,38785.06,99.45,228.21,0
SHP003605,UPS,LTL,Road,Boston,Atlanta,10/5/2025 22:17,1143.75,3.35,6768.77,50.63,190.62,0
SHP003606,Schneider,0,Air,Miami,Tampa,10/29/2025 23:39,1327.56,3.19,28422.99,21.03,132.76,0
SHP003607,XPO Logistics,0,Air,Tampa,Boston,5/25/2025 19:44,1775.8,0.81,39836.33,448.75,177.58,0
SHP003608,DHL,0,Rail,Miami,Boston,8/12/2025 9:13,233.73,7.01,36817.47,177.42,7.01,0
SHP003609,DHL,0,Rail,Dallas,Atlanta,5/12/2025 12:06,1351.2,4.09,26381.68,170.82,40.54,0
SHP003610,J.B. Hunt,LTL,Road,New York,Miami,2/23/2025 10:39,420.94,2.69,1583.84,415.74,70.16,0
SHP003611,UPS,0,Air,Dallas,Chicago,1/9/2025 0:44,1241.48,1.9,35815.16,248.82,124.15,0
SHP003612,XPO Logistics,0,Rail,Boston,Dallas,12/24/2025 5:08,1070.81,7.7,35525.69,85.56,32.12,0
SHP003613,Schneider,0,Air,Boston,Chicago,3/30/2025 20:10,1577.68,3.9,15208.47,186.41,157.77,0
SHP003614,UPS,0,Ocean,Boston,Atlanta,9/16/2025 22:31,1962.73,4.52,29742.04,385.25,392.55,0
SHP003615,Old Dominion,0,Rail,Chicago,New York,8/19/2025 16:41,1750.42,6.41,10112.42,21.02,52.51,0
SHP003616,UPS,FTL,Road,San Francisco,Tampa,1/26/2025 12:44,1183.25,2.21,12822.88,453.07,197.21,0
SHP003617,J.B. Hunt,0,Rail,San Francisco,Atlanta,11/25/2025 11:25,1136.16,2.5,35619.3,496.69,34.08,0
SHP003618,C.H. Robinson,0,Ocean,San Francisco,Dallas,1/13/2025 21:20,1150.09,20.97,15925.37,262.51,230.02,0
SHP003619,XPO Logistics,0,Ocean,San Francisco,Atlanta,7/18/2025 6:56,7361.12,23.41,10855.47,107.21,1472.22,0
SHP003620,FedEx,FTL,Road,Chicago,New York,3/3/2025 1:53,142.59,3.48,1037.37,206.54,23.77,0
SHP003621,FedEx,0,Rail,Miami,Tampa,7/16/2025 12:08,317.41,3.84,2077.32,417.77,9.52,0
SHP003622,C.H. Robinson,FTL,Road,Atlanta,Chicago,8/19/2025 21:32,291.2,2.14,34866.9,373.39,48.53,0
SHP003623,Schneider,0,Air,Atlanta,Dallas,12/7/2025 16:25,891.4,0.75,28769.11,195.96,89.14,0
SHP003624,J.B. Hunt,0,Air,Atlanta,Dallas,6/30/2025 3:11,2368.42,2.06,14167.1,226.15,236.84,0
SHP003625,C.H. Robinson,0,Ocean,Miami,Chicago,1/3/2025 0:03,6114.19,21.85,2465.8,262.53,1222.84,0
SHP003626,DHL,0,Ocean,Atlanta,San Francisco,8/1/2025 16:54,746.27,12.31,35468.67,181.43,149.25,0
SHP003627,Schneider,0,Air,Tampa,Dallas,2/6/2025 13:24,2817.62,2.71,37399.14,378.83,281.76,0
SHP003628,J.B. Hunt,0,Air,Atlanta,Tampa,3/20/2025 5:57,579.27,1.31,16069.73,85.88,57.93,0
SHP003629,Old Dominion,0,Air,San Francisco,Tampa,9/20/2025 18:39,1636.26,2.15,38272.24,217.43,163.63,0
SHP003630,C.H. Robinson,0,Air,Tampa,Chicago,4/14/2025 6:33,2421.19,3.8,35141.06,105.13,242.12,0
SHP003631,Old Dominion,0,Ocean,Tampa,Atlanta,4/30/2025 10:52,4220.22,9.65,16294.42,181.04,844.04,0
SHP003632,J.B. Hunt,LTL,Road,Boston,Tampa,7/29/2025 6:02,1000.31,2.85,5308.39,491.24,166.72,0
SHP003633,FedEx,0,Air,Chicago,New York,9/20/2025 20:26,461.94,2.21,31075.44,76.43,46.19,0
SHP003634,FedEx,0,Rail,Tampa,Boston,12/22/2025 10:46,1178.45,2.68,34762.46,164.22,35.35,0
SHP003635,XPO Logistics,0,Rail,Tampa,Atlanta,5/23/2025 23:04,726.5,5.19,7750.73,143.16,21.79,0
SHP003636,Old Dominion,0,Air,Tampa,Atlanta,8/10/2025 20:04,1424.91,1.74,21232.65,300.22,142.49,0
SHP003637,J.B. Hunt,0,Ocean,Boston,New York,5/20/2025 10:09,4750.01,16.39,12656.11,64.09,950,0
SHP003638,Schneider,LTL,Road,Atlanta,Dallas,9/27/2025 0:19,924.93,5.14,2681.51,204.14,154.16,0
SHP003639,J.B. Hunt,FTL,Road,Dallas,Chicago,7/13/2025 22:31,623.35,3.32,26549.86,21.76,103.89,0
SHP003640,FedEx,FTL,Road,Boston,Atlanta,4/25/2025 18:16,879.7,0.61,18997.4,414.01,146.62,0
SHP003641,DHL,0,Air,Tampa,Chicago,12/3/2025 13:00,1518.28,1.02,39408.84,444.75,151.83,0
SHP003642,XPO Logistics,0,Air,San Francisco,New York,11/30/2025 1:51,2382.55,1.94,7761.91,470.76,238.26,0
SHP003643,XPO Logistics,FTL,Road,Chicago,Dallas,11/9/2025 0:29,662.2,5.15,14012.75,168.31,110.37,0
SHP003644,Old Dominion,0,Air,Chicago,Tampa,4/27/2025 3:36,2960.96,2.33,6057.47,110.62,296.1,0
SHP003645,Schneider,0,Ocean,Boston,Chicago,9/30/2025 13:29,4114.58,2.93,18770.09,210.05,822.92,0
SHP003646,C.H. Robinson,0,Air,New York,Miami,6/8/2025 2:32,2404.21,1.74,39310.68,91.2,240.42,0
SHP003647,DHL,0,Air,Chicago,New York,1/2/2025 16:33,1895.66,0.81,29487.63,497.38,189.57,0
SHP003648,C.H. Robinson,0,Air,Miami,Atlanta,9/21/2025 8:06,2511.67,2.44,19647.28,417.68,251.17,0
SHP003649,C.H. Robinson,0,Rail,Dallas,Miami,4/23/2025 5:57,1697.56,7.92,16163.3,495.47,50.93,0
SHP003650,C.H. Robinson,FTL,Road,Miami,Atlanta,5/24/2025 5:29,229.32,1.71,4016.14,136.6,38.22,0
SHP003651,Old Dominion,0,Ocean,San Francisco,Atlanta,4/18/2025 3:54,6259.53,20.76,31266.26,315.9,1251.91,0
SHP003652,XPO Logistics,0,Rail,Tampa,San Francisco,7/26/2025 5:53,1022.35,5.96,15937.93,420.81,30.67,0
SHP003653,DHL,FTL,Road,New York,Boston,2/16/2025 14:34,828.77,4.26,21669.47,442.73,138.13,0
SHP003654,J.B. Hunt,0,Air,Chicago,San Francisco,7/5/2025 10:36,980.44,1.83,31216.88,246.88,98.04,0
SHP003655,Old Dominion,0,Ocean,Tampa,San Francisco,3/20/2025 7:08,7169.11,9.62,15088.54,444.48,1433.82,0
SHP003656,FedEx,0,Rail,Dallas,Miami,8/31/2025 3:28,942.99,4.61,13644.17,139.06,28.29,0
SHP003657,FedEx,0,Rail,Chicago,New York,8/30/2025 21:52,1249.52,1.84,35231.27,389.82,37.49,0
SHP003658,Old Dominion,FTL,Road,Atlanta,Boston,10/5/2025 20:40,269.36,4.24,24304,93.08,44.89,0
SHP003659,Old Dominion,FTL,Road,Boston,Dallas,12/27/2025 8:04,364.18,2.6,28120.09,319.72,60.7,0
SHP003660,UPS,0,Ocean,Boston,Chicago,6/10/2025 6:37,4491.76,18.91,30438.54,309.31,898.35,0
SHP003661,Schneider,FTL,Road,Dallas,San Francisco,6/30/2025 18:04,955.04,2.17,35309.36,307.84,159.17,0
SHP003662,C.H. Robinson,0,Ocean,Tampa,Atlanta,10/25/2025 9:23,6667.73,14.02,9128.31,271.66,1333.55,0
SHP003663,J.B. Hunt,0,Rail,Miami,Boston,10/9/2025 6:32,793.78,5.88,19293.85,418.22,23.81,0
SHP003664,DHL,0,Ocean,Miami,New York,9/26/2025 0:55,5585.54,17.06,9077.64,492.14,1117.11,0
SHP003665,UPS,FTL,Road,Miami,Tampa,10/31/2025 12:43,1017.93,4.79,13543.5,268.28,0,1526.89
SHP003666,Schneider,0,Rail,New York,Miami,12/8/2025 19:01,419.37,4.77,6262.63,276.97,12.58,0
SHP003667,C.H. Robinson,LTL,Road,Chicago,Atlanta,10/4/2025 16:41,796.03,2.49,5060.67,437.95,132.67,0
SHP003668,FedEx,LTL,Road,Tampa,Miami,1/4/2025 12:24,174.85,4.8,1831.93,19.32,29.14,0
SHP003669,DHL,LTL,Road,Boston,San Francisco,9/4/2025 4:37,263.41,4.65,4140.49,436.39,0,395.12
SHP003670,C.H. Robinson,0,Ocean,Dallas,New York,5/21/2025 22:32,4435.31,2.49,28810.19,56.01,887.06,0
SHP003671,FedEx,0,Air,Boston,Tampa,5/5/2025 22:20,2431.33,1.09,14145.13,380.87,243.13,0
SHP003672,C.H. Robinson,0,Ocean,Boston,Chicago,8/24/2025 16:39,7656.74,10.17,33261.31,96.21,1531.35,0
SHP003673,FedEx,0,Rail,Dallas,Chicago,7/1/2025 22:28,1491.49,5.6,8113.37,151.95,44.74,0
SHP003674,XPO Logistics,0,Ocean,Boston,New York,2/21/2025 5:53,1488.28,10.43,8544.12,322.35,297.66,0
SHP003675,FedEx,FTL,Road,Atlanta,Chicago,12/15/2025 10:28,1193.68,0.32,21866.33,287.26,198.95,0
SHP003676,XPO Logistics,0,Air,Chicago,Miami,2/17/2025 16:30,2768.36,2.27,21976.21,236.35,276.84,0
SHP003677,XPO Logistics,0,Air,San Francisco,Chicago,1/23/2025 9:23,1026.04,0.7,16641.98,27.24,102.6,0
SHP003678,UPS,LTL,Road,San Francisco,Tampa,9/5/2025 1:41,683.07,2.02,5405.98,68.01,113.85,0
SHP003679,C.H. Robinson,0,Rail,Dallas,Miami,6/15/2025 1:12,1692.21,7.26,8004.86,172.38,50.77,0
SHP003680,UPS,0,Ocean,New York,Dallas,11/18/2025 12:52,5101.2,4.11,14505.43,126.31,1020.24,0
SHP003681,J.B. Hunt,FTL,Road,Boston,San Francisco,1/28/2025 4:14,1102.84,5.15,23403.39,260.65,183.81,0
SHP003682,C.H. Robinson,0,Air,Atlanta,Dallas,9/20/2025 9:16,2812.96,3.76,38788.54,63.56,281.3,0
SHP003683,C.H. Robinson,0,Ocean,San Francisco,Tampa,4/29/2025 13:46,1704.18,16.89,21886.66,10.21,340.84,0
SHP003684,Schneider,0,Air,Tampa,New York,8/10/2025 6:08,467.33,3.61,34820.4,179.28,46.73,0
SHP003685,XPO Logistics,0,Ocean,Dallas,Boston,9/13/2025 16:42,7182.88,15.06,32333.27,214.29,1436.58,0
SHP003686,DHL,FTL,Road,Boston,Chicago,3/24/2025 19:58,180.41,2.74,18563.34,275.92,30.07,0
SHP003687,XPO Logistics,0,Ocean,Dallas,Tampa,9/18/2025 12:35,1291.87,23.81,10143.4,100.08,258.37,0
SHP003688,DHL,LTL,Road,New York,Dallas,12/28/2025 21:19,655.82,3.34,4482.23,386.17,109.3,0
SHP003689,Schneider,0,Rail,Dallas,New York,6/3/2025 2:24,1026.65,5.27,29087.98,13.49,30.8,0
SHP003690,Old Dominion,FTL,Road,San Francisco,Atlanta,8/10/2025 12:01,706.24,5.33,1186.86,203.19,117.71,0
SHP003691,J.B. Hunt,0,Rail,San Francisco,Chicago,7/16/2025 15:45,1681.96,3.47,18619.79,490.79,50.46,0
SHP003692,Schneider,0,Ocean,Chicago,Miami,3/4/2025 11:47,1994.93,3.44,34447.19,434.36,398.99,0
SHP003693,UPS,0,Air,New York,Miami,9/7/2025 8:47,1574.61,2.3,33514.35,369.54,157.46,0
SHP003694,DHL,0,Ocean,New York,San Francisco,1/2/2025 10:00,2488.62,2.37,19448.16,429.6,497.72,0
SHP003695,UPS,0,Rail,New York,Atlanta,12/7/2025 3:25,1633.34,7.69,35242.75,290.44,49,0
SHP003696,Old Dominion,0,Air,New York,Chicago,6/3/2025 8:42,1500.44,3.21,29722.95,269.53,150.04,0
SHP003697,XPO Logistics,0,Ocean,Tampa,Miami,10/30/2025 8:52,1154.96,22.37,18496.3,182.3,230.99,0
SHP003698,DHL,0,Ocean,Boston,Chicago,1/14/2025 23:08,5221.76,16.82,8822.17,418.63,1044.35,0
SHP003699,FedEx,0,Ocean,San Francisco,Miami,11/23/2025 7:12,2674.53,6.11,16552.79,365.55,534.91,0
SHP003700,FedEx,0,Rail,Miami,Boston,11/21/2025 11:59,1744.73,6.66,37643.76,71.16,52.34,0
SHP003701,C.H. Robinson,0,Ocean,Chicago,Tampa,10/13/2025 6:26,1033.83,14.27,11966.75,414.2,206.77,0
SHP003702,C.H. Robinson,0,Ocean,Boston,Tampa,11/4/2025 23:24,5539.91,23.36,10564.3,243.41,1107.98,0
SHP003703,C.H. Robinson,0,Ocean,Miami,Tampa,1/1/2025 4:20,4259.3,7.26,23808.69,222.2,851.86,0
SHP003704,DHL,0,Rail,San Francisco,New York,1/17/2025 4:50,914.75,3.54,1168.71,261.53,27.44,0
SHP003705,FedEx,0,Rail,Dallas,Chicago,11/11/2025 18:34,736.4,1.01,12663.78,140.04,22.09,0
SHP003706,FedEx,LTL,Road,Boston,Dallas,8/4/2025 15:22,502.47,1.01,5150.69,346.53,83.75,0
SHP003707,J.B. Hunt,FTL,Road,Boston,San Francisco,3/18/2025 20:19,774.71,4.87,18354.33,260.03,0,1162.07
SHP003708,DHL,0,Ocean,New York,Dallas,5/31/2025 0:39,6578.01,11.41,28213.17,217.87,1315.6,0
SHP003709,J.B. Hunt,0,Rail,Dallas,Boston,6/29/2025 2:29,868.38,6.32,7406.06,169.95,26.05,0
SHP003710,C.H. Robinson,0,Ocean,Atlanta,Dallas,6/7/2025 4:55,2181.29,9.9,9599.81,290.12,436.26,0
SHP003711,UPS,LTL,Road,Miami,New York,3/7/2025 12:13,967.9,4.77,3740.33,494.39,161.32,0
SHP003712,DHL,0,Air,Miami,San Francisco,11/21/2025 10:22,1903.41,1.9,33503.8,365.21,190.34,0
SHP003713,J.B. Hunt,0,Rail,Boston,Atlanta,8/13/2025 12:54,1398.84,2.37,18998.81,431.05,41.97,0
SHP003714,DHL,FTL,Road,Tampa,New York,10/8/2025 10:00,629.64,4.18,23723.38,421.34,104.94,0
SHP003715,J.B. Hunt,0,Air,Atlanta,Tampa,4/17/2025 8:49,1068.31,2.51,5367.77,345.42,106.83,0
SHP003716,XPO Logistics,0,Air,Miami,Dallas,3/14/2025 5:34,2276.31,0.65,27193.74,207.93,227.63,0
SHP003717,Schneider,FTL,Road,Boston,Miami,4/30/2025 2:16,192.71,2.66,8172.2,208.36,32.12,0
SHP003718,Old Dominion,0,Air,Miami,Atlanta,12/23/2025 2:23,1337.72,3.08,31081.51,303.91,133.77,0
SHP003719,J.B. Hunt,0,Air,Dallas,New York,7/3/2025 2:07,361.25,3.76,27606.21,18.06,36.12,0
SHP003720,DHL,0,Ocean,Boston,San Francisco,6/12/2025 6:04,6641.25,6.41,23379.24,233.85,1328.25,0
SHP003721,C.H. Robinson,FTL,Road,Tampa,Atlanta,5/5/2025 14:31,532.81,5.37,17775.77,38.6,88.8,0
SHP003722,Schneider,0,Ocean,New York,Atlanta,4/10/2025 1:44,7599.79,22.25,27535.09,234.48,1519.96,0
SHP003723,J.B. Hunt,LTL,Road,New York,Miami,9/3/2025 7:05,156.79,4.8,893.46,35.23,26.13,0
SHP003724,XPO Logistics,0,Rail,New York,Dallas,2/17/2025 2:16,1059.81,2.12,805.35,212.13,31.79,0
SHP003725,UPS,0,Ocean,Boston,San Francisco,7/31/2025 5:40,1529.13,5.53,3537.97,103.34,305.83,0
SHP003726,C.H. Robinson,FTL,Road,New York,Atlanta,1/24/2025 19:42,872.81,4.9,18375.08,253.77,145.47,0
SHP003727,Old Dominion,0,Air,Miami,Chicago,3/7/2025 10:48,388.17,0.74,10673.93,272.41,38.82,0
SHP003728,XPO Logistics,FTL,Road,Tampa,Chicago,10/24/2025 21:12,900.48,3.73,15989.05,60.04,150.08,0
SHP003729,FedEx,FTL,Road,San Francisco,New York,4/11/2025 0:25,947.89,2.34,29574.13,256.98,157.98,0
SHP003730,Schneider,LTL,Road,Dallas,Tampa,9/15/2025 13:55,899.46,5.47,9222.14,268.02,0,1349.19
SHP003731,J.B. Hunt,0,Air,Tampa,Miami,6/17/2025 4:10,1681.07,1.43,37464.09,229.5,168.11,0
SHP003732,FedEx,LTL,Road,San Francisco,Boston,7/26/2025 13:30,196.73,2.74,1401.47,251.76,0,295.09
SHP003733,FedEx,FTL,Road,New York,Dallas,10/29/2025 18:09,695.47,2.19,3330.2,471.81,115.91,0
SHP003734,DHL,FTL,Road,Miami,New York,9/23/2025 4:08,939.36,5.07,14991.3,380.65,156.56,0
SHP003735,DHL,0,Rail,San Francisco,Tampa,1/17/2025 10:14,976.6,2.41,5414.72,173.18,29.3,0
SHP003736,FedEx,0,Rail,Chicago,Tampa,7/10/2025 12:08,420.08,7.99,2442.97,221.13,12.6,0
SHP003737,XPO Logistics,LTL,Road,New York,Tampa,5/12/2025 17:19,569.91,1.98,5777.81,75.84,94.98,0
SHP003738,Schneider,0,Rail,New York,Chicago,4/27/2025 20:11,1454.26,3.33,23858.03,358.1,43.63,0
SHP003739,J.B. Hunt,0,Rail,Miami,Tampa,4/20/2025 5:15,1622.47,6.85,24528.21,194.81,48.67,0
SHP003740,XPO Logistics,0,Air,Miami,Atlanta,5/26/2025 10:08,1658.65,3.19,35163.05,52.79,165.87,0
SHP003741,J.B. Hunt,0,Air,Chicago,Atlanta,7/24/2025 9:49,1339.11,3.22,17550.24,166.78,133.91,0
SHP003742,C.H. Robinson,0,Ocean,Miami,Boston,1/3/2025 5:16,3584.92,15.26,39992.3,247,716.98,0
SHP003743,Schneider,0,Ocean,Dallas,Chicago,3/31/2025 23:03,2063.71,5.58,2172.82,279.85,412.74,0
SHP003744,Old Dominion,0,Rail,Miami,Boston,8/21/2025 20:42,1071.32,2.44,27965.51,370.81,32.14,0
SHP003745,Schneider,0,Rail,San Francisco,Miami,10/21/2025 17:40,614.56,3.41,39623.63,187.76,18.44,0
SHP003746,UPS,0,Rail,Boston,Miami,4/29/2025 11:25,1417.28,4.17,31837.12,384.74,42.52,0
SHP003747,Schneider,0,Air,Chicago,San Francisco,7/26/2025 11:52,2102.94,3.49,37599.13,290.41,210.29,0
SHP003748,XPO Logistics,FTL,Road,Boston,Miami,3/22/2025 11:50,323.09,2.54,30453.08,325.79,53.85,0
SHP003749,XPO Logistics,FTL,Road,Miami,Chicago,8/31/2025 11:14,254.47,0.54,27476.98,126.29,0,381.7
SHP003750,J.B. Hunt,0,Ocean,Atlanta,New York,5/28/2025 14:49,4247.53,18.43,22725.34,42.57,849.51,0
SHP003751,Schneider,0,Ocean,Miami,Atlanta,6/12/2025 21:14,1891.85,6.83,10685.64,283.14,378.37,0
SHP003752,Schneider,0,Rail,Miami,New York,11/21/2025 18:35,1006.35,2.42,3168.42,86.54,30.19,0
SHP003753,C.H. Robinson,0,Rail,Chicago,Dallas,4/14/2025 22:48,1775.01,4.28,34760.15,424.53,53.25,0
SHP003754,UPS,0,Ocean,Chicago,Dallas,2/22/2025 10:30,4336.4,17.55,8113.7,344.51,867.28,0
SHP003755,C.H. Robinson,0,Rail,Boston,Miami,11/27/2025 22:59,635.82,6.82,3807.1,386.8,19.07,0
SHP003756,J.B. Hunt,0,Rail,Dallas,Chicago,5/19/2025 6:42,359.9,7.17,12516.08,327.54,10.8,0
SHP003757,FedEx,0,Ocean,Atlanta,San Francisco,8/8/2025 7:42,4156.27,10.06,25994.95,473.81,831.25,0
SHP003758,Old Dominion,0,Ocean,New York,San Francisco,10/3/2025 4:18,809.52,22.21,24558.73,403.85,161.9,0
SHP003759,XPO Logistics,0,Rail,New York,San Francisco,2/19/2025 11:55,814.2,4.3,34819.6,208.01,24.43,0
SHP003760,UPS,LTL,Road,Miami,Boston,4/11/2025 22:29,664.86,0.37,1712.19,321.2,110.81,0
SHP003761,FedEx,LTL,Road,Tampa,San Francisco,8/31/2025 4:24,874.52,3.6,1561.6,223.26,145.75,0
SHP003762,C.H. Robinson,0,Ocean,Chicago,Boston,1/3/2025 3:17,3163.21,12.9,34878,388.15,632.64,0
SHP003763,J.B. Hunt,0,Ocean,Tampa,Atlanta,3/13/2025 12:46,1129.92,21.59,19134.8,372.19,225.98,0
SHP003764,XPO Logistics,0,Rail,New York,Chicago,3/4/2025 9:25,424.06,5.7,9834.88,219.75,12.72,0
SHP003765,J.B. Hunt,0,Air,Boston,Dallas,4/5/2025 10:41,345.53,1.03,4137.18,120.63,34.55,0
SHP003766,C.H. Robinson,0,Rail,Chicago,San Francisco,12/26/2025 9:22,360.03,5.84,1647.08,309.25,10.8,0
SHP003767,J.B. Hunt,0,Rail,Dallas,Atlanta,2/25/2025 14:08,425.13,7.62,37357.22,113.53,12.75,0
SHP003768,UPS,LTL,Road,Miami,Boston,9/16/2025 21:05,756.58,0.41,9328.12,261.97,126.1,0
SHP003769,Old Dominion,0,Rail,Miami,Atlanta,7/16/2025 22:18,269.16,3.4,3535.55,197.08,8.07,0
SHP003770,XPO Logistics,FTL,Road,Boston,Atlanta,12/16/2025 17:14,820.42,2.95,15657.03,60.46,0,1230.63
SHP003771,C.H. Robinson,0,Air,Dallas,Atlanta,2/26/2025 1:06,961.34,0.85,32396.2,68.48,96.13,0
SHP003772,XPO Logistics,LTL,Road,Atlanta,Boston,1/15/2025 3:25,734.68,2.22,2375.89,320.09,122.45,0
SHP003773,XPO Logistics,0,Air,Tampa,Boston,2/11/2025 6:14,1533.91,1.9,23917.65,246.14,153.39,0
SHP003774,Old Dominion,0,Air,San Francisco,New York,9/1/2025 21:26,1119.41,2.46,26945.19,14.32,111.94,0
SHP003775,J.B. Hunt,0,Rail,San Francisco,Atlanta,2/21/2025 9:02,945.39,1.4,7863.01,280.69,28.36,0
SHP003776,UPS,LTL,Road,New York,Boston,11/4/2025 6:02,1046.12,5.33,838.95,210.13,174.35,0
SHP003777,UPS,0,Air,New York,Tampa,7/25/2025 0:18,1874.12,1.01,30734.57,372.37,187.41,0
SHP003778,C.H. Robinson,LTL,Road,San Francisco,Miami,3/24/2025 1:09,1088.84,0.3,2284.34,413.77,181.47,0
SHP003779,UPS,0,Ocean,New York,San Francisco,10/6/2025 1:47,5529.35,21.68,2758.6,298.89,1105.87,0
SHP003780,Schneider,LTL,Road,San Francisco,New York,4/13/2025 8:32,704.4,0.46,5208.19,305.15,0,1056.6
SHP003781,XPO Logistics,0,Air,San Francisco,New York,1/31/2025 6:20,816.49,1.46,25793.72,234.68,81.65,0
SHP003782,UPS,FTL,Road,Tampa,Miami,12/10/2025 3:31,1036.72,2.22,11033.06,492.45,172.79,0
SHP003783,Old Dominion,0,Rail,Miami,Tampa,2/10/2025 10:50,1657.82,1.2,30943.78,56.06,49.73,0
SHP003784,J.B. Hunt,LTL,Road,Boston,Tampa,3/11/2025 22:06,81.61,1.82,2803.06,409.84,13.6,0
SHP003785,UPS,LTL,Road,San Francisco,Dallas,1/3/2025 5:59,867.27,5.89,7158.4,209.71,144.54,0
SHP003786,J.B. Hunt,0,Air,New York,Tampa,3/9/2025 17:29,2187.1,4,28550.6,381.08,218.71,0
SHP003787,XPO Logistics,0,Air,Chicago,San Francisco,12/23/2025 2:49,2833.59,0.9,28338.98,425.55,283.36,0
SHP003788,C.H. Robinson,0,Ocean,Boston,Miami,9/19/2025 11:31,7657.84,6.64,20405.2,340.6,1531.57,0
SHP003789,UPS,0,Air,Miami,New York,11/6/2025 2:15,968.16,2.6,10674.36,167.4,96.82,0
SHP003790,J.B. Hunt,FTL,Road,San Francisco,Atlanta,12/3/2025 12:07,557.75,3.29,18249.95,247.1,92.96,0
SHP003791,J.B. Hunt,0,Rail,Dallas,Miami,3/19/2025 3:22,677.74,2.11,2370.32,98.79,20.33,0
SHP003792,C.H. Robinson,LTL,Road,Dallas,Tampa,4/22/2025 10:03,719.24,4.77,1817.09,55.17,119.87,0
SHP003793,J.B. Hunt,0,Ocean,Chicago,San Francisco,2/4/2025 13:35,6119.68,8.71,38084.23,357.44,1223.94,0
SHP003794,Old Dominion,0,Air,Atlanta,New York,6/15/2025 5:48,1182.24,1.51,21186.09,40.49,118.22,0
SHP003795,J.B. Hunt,0,Air,New York,Tampa,3/13/2025 20:23,617.73,1.12,31101.58,257.41,61.77,0
SHP003796,J.B. Hunt,0,Ocean,New York,Miami,8/27/2025 18:34,579.25,16.82,17235.76,255.92,115.85,0
SHP003797,XPO Logistics,0,Air,Miami,Dallas,11/6/2025 9:32,878.11,2.43,39176.55,37.65,87.81,0
SHP003798,Schneider,LTL,Road,Atlanta,Tampa,11/18/2025 22:46,376.51,1.65,2598.21,189.97,62.75,0
SHP003799,Schneider,0,Ocean,Boston,Chicago,12/6/2025 12:13,6635.82,22.08,8487.5,271.93,1327.16,0
SHP003800,UPS,0,Air,San Francisco,New York,4/5/2025 14:40,2019.63,2.33,17646.02,96.8,201.96,0
SHP003801,Schneider,0,Ocean,Chicago,San Francisco,7/26/2025 4:48,4161.65,10.83,31924.75,382.04,832.33,0
SHP003802,FedEx,0,Ocean,Atlanta,Tampa,5/13/2025 12:55,1504.99,3.95,36372.08,268.22,301,0
SHP003803,J.B. Hunt,0,Ocean,Tampa,Miami,1/22/2025 2:18,6933.51,3.28,21297.37,270.17,1386.7,0
SHP003804,DHL,LTL,Road,Tampa,Boston,11/28/2025 13:55,1039.81,0.81,2518.39,203.86,173.3,0
SHP003805,UPS,0,Air,Tampa,Boston,12/25/2025 16:28,2637.77,3.79,39712.62,479.64,263.78,0
SHP003806,UPS,LTL,Road,Miami,Dallas,1/31/2025 21:17,56.83,0.52,1603.93,175.08,9.47,0
SHP003807,C.H. Robinson,0,Ocean,Chicago,Atlanta,3/14/2025 0:30,6724.39,21.64,7879.96,310.21,1344.88,0
SHP003808,DHL,0,Rail,Dallas,Atlanta,2/26/2025 3:22,1667.78,4.25,4589.97,229.45,50.03,0
SHP003809,DHL,0,Rail,Dallas,New York,10/10/2025 4:11,801.27,5.04,17827.02,9.66,24.04,0
SHP003810,Schneider,0,Rail,San Francisco,Tampa,10/2/2025 8:30,1790.4,4.8,19208.41,477.35,53.71,0
SHP003811,J.B. Hunt,0,Rail,Dallas,Chicago,11/7/2025 18:38,449.38,2.32,32416.58,131.15,13.48,0
SHP003812,UPS,LTL,Road,San Francisco,Tampa,10/11/2025 8:28,969.11,1.81,476.9,258.99,0,1453.66
SHP003813,XPO Logistics,0,Rail,Atlanta,Boston,2/22/2025 22:07,514.7,6.3,25827.39,461.88,15.44,0
SHP003814,Old Dominion,0,Air,Tampa,Boston,6/10/2025 6:20,2414.07,1.13,32106.25,321.23,241.41,0
SHP003815,DHL,0,Rail,Chicago,Boston,11/26/2025 16:37,1270.32,6.83,23166.05,233.54,38.11,0
SHP003816,FedEx,FTL,Road,San Francisco,Tampa,12/7/2025 11:31,782.14,1.96,7712.59,308.68,130.36,0
SHP003817,UPS,0,Ocean,Dallas,Tampa,3/7/2025 17:01,2253.86,3.76,521.89,304.55,450.77,0
SHP003818,J.B. Hunt,FTL,Road,New York,Atlanta,12/31/2025 10:15,466.47,4.58,15319.47,243.52,77.75,0
SHP003819,J.B. Hunt,FTL,Road,Chicago,Boston,2/18/2025 20:16,518.15,3.99,14567.5,481.92,86.36,0
SHP003820,DHL,0,Ocean,Miami,Boston,8/21/2025 9:46,7521.1,20.66,36851.86,225.12,1504.22,0
SHP003821,FedEx,LTL,Road,New York,Miami,10/12/2025 19:14,666.89,4.52,7007.04,445.45,111.15,0
SHP003822,FedEx,0,Ocean,Dallas,Boston,6/26/2025 15:58,5872.48,23.95,14265.98,416.67,1174.5,0
SHP003823,DHL,0,Rail,Boston,San Francisco,10/27/2025 3:42,1316.22,5.84,13370.51,393.02,39.49,0
SHP003824,FedEx,LTL,Road,Boston,Chicago,5/3/2025 23:25,1085.43,1.51,6311.14,196.68,180.91,0
SHP003825,Old Dominion,0,Air,Atlanta,San Francisco,6/15/2025 11:58,2971.78,2.18,9518.65,191.55,297.18,0
SHP003826,J.B. Hunt,0,Air,San Francisco,Miami,1/11/2025 17:48,2065.36,0.77,24342.28,465.68,206.54,0
SHP003827,FedEx,0,Rail,Tampa,Boston,8/3/2025 19:27,1560.58,1.47,39738.9,349.66,46.82,0
SHP003828,C.H. Robinson,0,Air,Atlanta,New York,9/24/2025 19:51,738.16,0.54,7265.66,419.25,73.82,0
SHP003829,XPO Logistics,FTL,Road,New York,Miami,6/19/2025 13:29,74.89,1.59,30413.57,293.47,0,112.34
SHP003830,FedEx,0,Rail,Boston,Miami,5/20/2025 11:28,1452.38,6.22,2498.75,446.36,43.57,0
SHP003831,UPS,FTL,Road,Atlanta,New York,2/17/2025 7:26,311.09,3.43,25949.38,85.15,51.85,0
SHP003832,FedEx,0,Air,Tampa,Chicago,7/3/2025 7:40,2935.82,2.21,2776.89,468.69,293.58,0
SHP003833,DHL,0,Air,Dallas,San Francisco,7/24/2025 19:39,1882.92,2.95,21244.44,417.53,188.29,0
SHP003834,Old Dominion,0,Ocean,San Francisco,Chicago,6/4/2025 14:49,748.5,7.9,19051.11,39.23,149.7,0
SHP003835,DHL,0,Rail,Atlanta,Boston,1/5/2025 17:18,1329.45,3.76,11270.39,2.69,39.88,0
SHP003836,FedEx,0,Rail,Chicago,Dallas,3/31/2025 6:19,1351.73,6.84,16104.1,282.54,40.55,0
SHP003837,Schneider,FTL,Road,New York,San Francisco,6/7/2025 3:46,311.84,3.83,979.43,244.83,51.97,0
SHP003838,Schneider,0,Air,Dallas,Boston,7/23/2025 19:06,2039.35,3.71,15562.76,382.83,203.94,0
SHP003839,FedEx,0,Air,Atlanta,Dallas,5/25/2025 18:59,1913.75,3.74,16235.92,160.23,191.38,0
SHP003840,C.H. Robinson,0,Ocean,Chicago,Boston,9/13/2025 18:51,7153.56,3.08,5887.22,42.12,1430.71,0
SHP003841,XPO Logistics,LTL,Road,San Francisco,New York,2/1/2025 7:48,1019.58,0.31,8637.32,226.18,169.93,0
SHP003842,J.B. Hunt,0,Rail,Chicago,Atlanta,6/23/2025 21:38,206.44,3.81,7878.63,312.58,6.19,0
SHP003843,DHL,0,Air,Chicago,New York,2/12/2025 10:40,2134.27,2.21,2100.52,328.41,213.43,0
SHP003844,DHL,0,Ocean,Dallas,Tampa,5/24/2025 0:58,6815.29,17.85,33283.34,101.05,1363.06,0
SHP003845,UPS,0,Ocean,Miami,New York,12/20/2025 19:38,7166.66,9.09,1029.49,421.85,1433.33,0
SHP003846,DHL,0,Ocean,Chicago,Tampa,9/6/2025 9:10,7563.66,16.42,9641.75,126.62,1512.73,0
SHP003847,DHL,0,Rail,Tampa,Dallas,2/14/2025 13:29,946.55,7.28,6409.11,413.16,28.4,0
SHP003848,XPO Logistics,FTL,Road,Dallas,Atlanta,7/27/2025 12:38,385,4.9,36850.71,214.32,0,577.5
SHP003849,Schneider,0,Ocean,Tampa,San Francisco,4/24/2025 4:52,3237.88,19.65,21414.57,342.54,647.58,0
SHP003850,J.B. Hunt,LTL,Road,New York,Boston,3/22/2025 16:02,766.25,1.13,8471.19,98.69,127.71,0
SHP003851,UPS,0,Air,Tampa,Chicago,3/19/2025 1:26,2817.16,1.38,29488.3,143.04,281.72,0
SHP003852,Old Dominion,LTL,Road,Dallas,Miami,7/11/2025 19:14,415.45,2.03,7516.74,278.85,69.24,0
SHP003853,FedEx,0,Ocean,New York,Atlanta,2/1/2025 0:03,7122.14,8.76,27833.7,376.72,1424.43,0
SHP003854,DHL,0,Rail,Atlanta,Dallas,2/20/2025 12:09,442.37,3.8,19571.29,178.49,13.27,0
SHP003855,Old Dominion,0,Air,Miami,Atlanta,12/13/2025 8:44,1169.7,2.9,9026.72,354.99,116.97,0
SHP003856,DHL,FTL,Road,Atlanta,San Francisco,8/19/2025 18:39,1125.3,3.5,24651.65,35.4,187.55,0
SHP003857,XPO Logistics,0,Rail,Tampa,Dallas,6/26/2025 23:51,1583.16,3,24794.52,489.58,47.49,0
SHP003858,Old Dominion,0,Rail,Dallas,Tampa,7/17/2025 20:40,1152.8,6.07,18090.12,31.12,34.58,0
SHP003859,Old Dominion,0,Ocean,New York,Dallas,6/19/2025 12:18,6482,2.77,28175.98,12.44,1296.4,0
SHP003860,J.B. Hunt,0,Air,Dallas,San Francisco,1/7/2025 23:07,2628.22,1.05,20813.72,298.98,262.82,0
SHP003861,UPS,0,Air,Dallas,Miami,11/11/2025 22:58,1535.37,1.69,18978.66,156.4,153.54,0
SHP003862,FedEx,FTL,Road,Boston,Dallas,12/31/2025 13:21,553.84,2.31,22865.09,119.72,92.31,0
SHP003863,C.H. Robinson,0,Air,Chicago,Miami,8/30/2025 20:57,2969.37,2.25,8169.4,239.06,296.94,0
SHP003864,Schneider,LTL,Road,Tampa,Boston,10/11/2025 2:52,1046.38,0.38,6843.61,274.44,174.4,0
SHP003865,FedEx,0,Ocean,Tampa,San Francisco,12/6/2025 2:51,1771.68,19.98,15070.94,147.61,354.34,0
SHP003866,C.H. Robinson,0,Rail,Chicago,New York,2/5/2025 21:07,1525,5.47,35981.23,315.31,45.75,0
SHP003867,Old Dominion,0,Ocean,Boston,Tampa,7/17/2025 20:52,6056.13,20.4,2662.22,388.25,1211.23,0
SHP003868,XPO Logistics,0,Ocean,Dallas,Chicago,5/6/2025 4:09,5102.8,3.53,20588.83,42.15,1020.56,0
SHP003869,UPS,0,Ocean,New York,Atlanta,7/2/2025 18:09,6019.6,14.02,38166.15,92.38,1203.92,0
SHP003870,J.B. Hunt,0,Rail,Miami,Boston,11/22/2025 16:46,1169.65,2.48,24755.57,361.6,35.09,0
SHP003871,J.B. Hunt,0,Air,Miami,New York,9/12/2025 2:05,2250.22,3.35,34215.23,39.56,225.02,0
SHP003872,XPO Logistics,0,Rail,San Francisco,New York,1/12/2025 1:01,749.23,5.81,20194.16,96.15,22.48,0
SHP003873,DHL,0,Ocean,Atlanta,Boston,5/6/2025 18:48,4645.32,10.96,15906.51,405.07,929.06,0
SHP003874,Schneider,0,Rail,New York,Chicago,3/15/2025 8:27,852.16,1.19,2793.5,428.27,25.56,0
SHP003875,J.B. Hunt,0,Ocean,Miami,San Francisco,4/17/2025 4:30,7704.51,17.15,14892.55,469.36,1540.9,0
SHP003876,UPS,FTL,Road,Dallas,Boston,7/31/2025 10:36,812.22,5.1,30751.17,190.19,135.37,0
SHP003877,UPS,0,Air,Dallas,Atlanta,3/13/2025 1:06,1592.5,1.15,12034.56,389.28,159.25,0
SHP003878,C.H. Robinson,0,Air,Tampa,Boston,7/18/2025 11:10,2713.74,3.04,18874.36,44.17,271.37,0
SHP003879,XPO Logistics,0,Ocean,San Francisco,New York,8/9/2025 14:55,927.11,10.24,18820.96,304.95,185.42,0
SHP003880,J.B. Hunt,0,Air,New York,Boston,3/15/2025 15:11,317.52,3.96,14875.59,424.2,31.75,0
SHP003881,Schneider,0,Air,Atlanta,New York,5/8/2025 15:53,1744.41,0.96,32003.84,355.2,174.44,0
SHP003882,C.H. Robinson,0,Ocean,Atlanta,Boston,7/17/2025 19:30,4455.77,13.32,3955.44,328.27,891.15,0
SHP003883,DHL,0,Air,Boston,San Francisco,5/31/2025 18:27,2760.36,0.83,10908.7,451.25,276.04,0
SHP003884,Schneider,0,Rail,San Francisco,Boston,10/23/2025 9:45,654.95,5.58,21625.32,298.57,19.65,0
SHP003885,DHL,LTL,Road,San Francisco,Dallas,6/11/2025 0:26,528.16,1.97,628.05,372.4,88.03,0
SHP003886,UPS,0,Ocean,Atlanta,Dallas,10/1/2025 10:54,6095.7,16.76,25923.53,122.61,1219.14,0
SHP003887,Old Dominion,0,Rail,Tampa,Boston,8/4/2025 4:48,235.75,6.66,19899.97,154.11,7.07,0
SHP003888,Schneider,0,Ocean,Boston,New York,11/2/2025 7:47,1264.49,3.38,14280.24,402.56,252.9,0
SHP003889,DHL,FTL,Road,Dallas,Chicago,5/18/2025 4:04,1106.53,5.41,36840.03,453.95,184.42,0
SHP003890,DHL,FTL,Road,Miami,Boston,7/10/2025 0:11,656.31,1.51,32022.84,107.64,109.38,0
SHP003891,FedEx,0,Rail,San Francisco,Dallas,8/25/2025 17:54,627.53,2.63,20841.8,161.59,18.83,0
SHP003892,DHL,0,Air,Atlanta,Dallas,10/18/2025 14:54,716.22,2.09,35019.34,285.71,71.62,0
SHP003893,FedEx,0,Air,New York,Boston,9/24/2025 9:44,2671.51,1.19,7095.47,288.21,267.15,0
SHP003894,DHL,0,Ocean,Tampa,Chicago,4/28/2025 20:39,3974.97,16.52,31887.76,375.9,794.99,0
SHP003895,Old Dominion,FTL,Road,Boston,San Francisco,3/15/2025 7:12,1133.6,2.54,8652.28,275.91,188.93,0
SHP003896,Schneider,0,Rail,Tampa,Atlanta,12/24/2025 22:17,377.19,3.02,8711.58,198.89,11.32,0
SHP003897,XPO Logistics,FTL,Road,Boston,Dallas,8/16/2025 0:25,177.9,0.43,26443.36,305.51,29.65,0
SHP003898,XPO Logistics,0,Ocean,Dallas,Miami,3/13/2025 16:27,5812.69,16.53,5014.64,146.25,1162.54,0
SHP003899,FedEx,LTL,Road,New York,Chicago,3/19/2025 0:52,198.96,5.1,7507,101.56,33.16,0
SHP003900,XPO Logistics,0,Air,San Francisco,New York,7/18/2025 8:49,1221.53,3.88,23969.29,400.78,122.15,0
SHP003901,C.H. Robinson,0,Rail,Dallas,San Francisco,8/20/2025 21:36,623.35,2.47,31464.72,343.25,18.7,0
SHP003902,XPO Logistics,LTL,Road,Miami,Dallas,11/23/2025 2:44,833.12,3.43,5701.25,368.11,138.85,0
SHP003903,J.B. Hunt,0,Ocean,Tampa,Boston,6/21/2025 20:43,2525.02,9.76,34929.65,155.12,505,0
SHP003904,Schneider,0,Air,Miami,San Francisco,3/10/2025 0:35,1775.04,2.96,39997.03,218.21,177.5,0
SHP003905,XPO Logistics,0,Ocean,San Francisco,Atlanta,1/27/2025 3:55,3710.7,20.54,32317.37,365.81,742.14,0
SHP003906,XPO Logistics,0,Rail,San Francisco,Atlanta,7/9/2025 2:58,941.17,3.27,24544.85,438.24,28.24,0
SHP003907,UPS,0,Air,Tampa,Boston,12/1/2025 0:04,2686.2,0.88,17419.84,232.9,268.62,0
SHP003908,FedEx,0,Air,San Francisco,Dallas,2/26/2025 15:22,2939.56,2.87,16586.23,14,293.96,0
SHP003909,FedEx,LTL,Road,Tampa,Dallas,2/4/2025 1:18,700.19,0.8,8369.33,376.51,116.7,0
SHP003910,Schneider,0,Air,Dallas,Tampa,6/28/2025 12:24,1543.37,2,35944.89,144.94,154.34,0
SHP003911,XPO Logistics,LTL,Road,Atlanta,New York,12/2/2025 3:17,336.37,5.65,8121.07,410.49,56.06,0
SHP003912,FedEx,0,Ocean,San Francisco,Dallas,6/13/2025 11:32,1963.95,5.15,1528.17,119.28,392.79,0
SHP003913,C.H. Robinson,0,Rail,Tampa,Atlanta,11/24/2025 0:06,1438.7,2.68,29299.58,126.7,43.16,0
SHP003914,Old Dominion,0,Air,Miami,Chicago,8/18/2025 3:31,1367.29,3.94,10170.06,188.81,136.73,0
SHP003915,Old Dominion,0,Air,Tampa,New York,11/8/2025 1:09,1112.94,0.88,19850.82,189.97,111.29,0
SHP003916,Schneider,FTL,Road,Dallas,San Francisco,8/12/2025 2:06,849.12,4.95,21997.86,17.07,141.52,0
SHP003917,UPS,0,Ocean,Miami,Boston,9/22/2025 13:07,5141.92,3.22,24846.07,342.83,1028.38,0
SHP003918,XPO Logistics,0,Ocean,Miami,Dallas,7/2/2025 18:47,1983.26,20.03,36487.86,406.73,396.65,0
SHP003919,FedEx,0,Rail,Chicago,San Francisco,2/3/2025 15:55,688.17,5.11,36635.2,161.01,20.65,0
SHP003920,XPO Logistics,0,Air,Tampa,Dallas,10/2/2025 6:23,2514.08,0.53,644.04,380.1,251.41,0
SHP003921,Schneider,0,Air,Atlanta,Miami,10/4/2025 2:37,2355.91,3.26,37236.06,59.84,235.59,0
SHP003922,Schneider,0,Ocean,Atlanta,Dallas,12/28/2025 4:34,2239.89,21.88,7500.83,341.43,447.98,0
SHP003923,DHL,0,Rail,Atlanta,New York,5/7/2025 18:41,1048.74,1.58,11767.91,260.67,31.46,0
SHP003924,UPS,0,Air,Chicago,San Francisco,7/24/2025 21:09,2601.35,2.98,25064.38,248.52,260.13,0
SHP003925,Schneider,0,Ocean,Boston,Chicago,10/14/2025 1:04,2740.13,4.62,16658.5,15.23,548.03,0
SHP003926,XPO Logistics,0,Air,Miami,Dallas,10/8/2025 15:38,869.85,2.01,17034.9,23.1,86.99,0
SHP003927,Old Dominion,LTL,Road,Tampa,Chicago,6/24/2025 6:10,727.42,3.41,919.33,471.64,121.24,0
SHP003928,XPO Logistics,0,Rail,Boston,Miami,7/16/2025 13:37,359.01,6.98,512.23,441.26,10.77,0
SHP003929,FedEx,0,Air,Atlanta,Tampa,11/23/2025 11:51,353.24,3.15,14786.79,369.37,35.32,0
SHP003930,C.H. Robinson,0,Rail,Atlanta,New York,9/23/2025 11:19,842.79,1.5,30816.51,36.56,25.28,0
SHP003931,Old Dominion,LTL,Road,Tampa,Boston,4/8/2025 0:34,1110.44,0.54,4871.35,361.79,185.07,0
SHP003932,DHL,0,Rail,Tampa,Miami,8/22/2025 7:35,829.19,2.52,30484.09,392.36,24.88,0
SHP003933,UPS,0,Ocean,Boston,Dallas,8/22/2025 23:48,7420.21,10.28,20496.94,182.2,1484.04,0
SHP003934,C.H. Robinson,FTL,Road,Chicago,Dallas,9/4/2025 20:32,345.64,4.57,13916.25,214.65,0,518.46
SHP003935,Old Dominion,0,Rail,Tampa,Boston,11/5/2025 1:00,845.88,5.99,36752.93,333.71,25.38,0
SHP003936,J.B. Hunt,LTL,Road,New York,Tampa,5/23/2025 4:12,592.32,4.73,6463.57,31.24,98.72,0
SHP003937,Old Dominion,0,Air,Boston,New York,12/14/2025 1:22,558.29,0.63,18544.24,413.1,55.83,0
SHP003938,C.H. Robinson,0,Ocean,Boston,Tampa,11/13/2025 22:57,2848.12,10.45,36424.35,418.61,569.62,0
SHP003939,C.H. Robinson,FTL,Road,New York,San Francisco,11/9/2025 13:22,814.81,1.78,5123.14,9.01,135.8,0
SHP003940,C.H. Robinson,0,Ocean,Boston,Dallas,6/1/2025 1:38,1302.58,8.44,22295.71,32.94,260.52,0
SHP003941,Schneider,0,Rail,Dallas,Chicago,5/17/2025 0:01,417.96,2.27,25463.29,308.28,12.54,0
SHP003942,C.H. Robinson,0,Rail,Chicago,Boston,5/25/2025 4:43,1081.23,2.75,15159.23,49.25,32.44,0
SHP003943,DHL,0,Air,Dallas,Boston,8/23/2025 19:12,911.44,3.64,39197.82,324.18,91.14,0
SHP003944,FedEx,0,Rail,New York,Atlanta,2/8/2025 8:15,1666.92,5.5,1811.26,498.38,50.01,0
SHP003945,XPO Logistics,0,Ocean,Tampa,Dallas,12/21/2025 9:30,1242.14,17.02,10487.03,196.6,248.43,0
SHP003946,UPS,0,Ocean,Tampa,Boston,2/28/2025 10:31,5344.51,11.6,10396.57,167.89,1068.9,0
SHP003947,DHL,FTL,Road,Tampa,Miami,1/23/2025 2:25,442.78,5.77,32045.21,229.82,73.8,0
SHP003948,C.H. Robinson,0,Ocean,Tampa,New York,9/16/2025 1:08,1998.66,19.84,6708.71,106.02,399.73,0
SHP003949,Schneider,0,Air,Dallas,Miami,5/14/2025 14:58,1288.24,3.58,5705.57,61.99,128.82,0
SHP003950,XPO Logistics,0,Ocean,Dallas,New York,6/13/2025 9:32,4204.81,8.08,22964.75,226.37,840.96,0
SHP003951,J.B. Hunt,0,Air,Boston,Tampa,11/4/2025 5:06,1474.39,0.89,6071.46,410.72,147.44,0
SHP003952,XPO Logistics,0,Ocean,Boston,San Francisco,2/16/2025 8:24,7144.12,7.16,4981.69,27.65,1428.82,0
SHP003953,XPO Logistics,0,Ocean,Miami,Boston,5/26/2025 21:53,5062.23,17.74,15225.99,340.16,1012.45,0
SHP003954,DHL,0,Rail,Tampa,Chicago,2/16/2025 15:44,1340.73,7.55,3062.51,96.95,40.22,0
SHP003955,J.B. Hunt,0,Ocean,Miami,Chicago,3/16/2025 16:09,1013.94,21.1,31807.19,287.75,202.79,0
SHP003956,Old Dominion,0,Ocean,Atlanta,Chicago,10/31/2025 5:46,1127.48,8.01,12259.93,280.81,225.5,0
SHP003957,DHL,0,Rail,San Francisco,Tampa,1/21/2025 1:44,612.87,1.51,29365.11,150.24,18.39,0
SHP003958,UPS,FTL,Road,Tampa,New York,7/13/2025 0:20,570.23,0.98,32200.66,283.2,95.04,0
SHP003959,XPO Logistics,FTL,Road,San Francisco,New York,9/11/2025 3:25,1086.82,3.1,37686.31,446.04,181.14,0
SHP003960,XPO Logistics,LTL,Road,Dallas,Chicago,12/2/2025 6:24,712.93,5.62,3332.42,183.46,118.82,0
SHP003961,XPO Logistics,LTL,Road,Tampa,New York,10/29/2025 1:33,102.3,3.64,7260.95,386.99,17.05,0
SHP003962,DHL,FTL,Road,New York,Miami,6/8/2025 17:02,222.29,2.8,7486.1,331.4,0,333.44
SHP003963,DHL,0,Rail,Atlanta,Miami,5/23/2025 2:21,452.71,7.33,9610.07,146.41,13.58,0
SHP003964,C.H. Robinson,LTL,Road,Tampa,Dallas,11/21/2025 14:26,1028.54,2.89,386.36,247.8,171.42,0
SHP003965,UPS,LTL,Road,Miami,Dallas,11/26/2025 0:32,147.22,5.92,5942.9,129.01,0,220.83
SHP003966,UPS,0,Rail,Chicago,Miami,11/22/2025 13:33,1101.95,1.54,32095.71,462.74,33.06,0
SHP003967,Old Dominion,0,Air,San Francisco,Boston,8/23/2025 22:16,2661,1.7,13367.84,18.51,266.1,0
SHP003968,XPO Logistics,FTL,Road,Dallas,Tampa,2/15/2025 1:22,799.11,3.33,18644.18,453.91,133.19,0
SHP003969,XPO Logistics,0,Rail,Tampa,Boston,11/10/2025 13:31,468.61,1.07,3396,112.46,14.06,0
SHP003970,UPS,0,Ocean,San Francisco,New York,2/18/2025 17:37,749.64,13.06,12906.57,91.06,149.93,0
SHP003971,Old Dominion,0,Air,Chicago,Miami,8/5/2025 19:14,2325.23,1.22,27660.4,175.28,232.52,0
SHP003972,C.H. Robinson,0,Ocean,Atlanta,Miami,1/15/2025 23:06,4338.71,22.55,1975.39,250.63,867.74,0
SHP003973,Old Dominion,0,Ocean,Miami,Dallas,12/20/2025 3:32,6908.17,14.94,11436.39,199.44,1381.63,0
SHP003974,XPO Logistics,0,Ocean,Miami,Boston,3/6/2025 21:33,5601.99,21.6,2122.12,36.7,1120.4,0
SHP003975,Schneider,0,Ocean,Dallas,San Francisco,10/6/2025 16:57,2937.89,7.12,10964.77,111.41,587.58,0
SHP003976,C.H. Robinson,LTL,Road,Miami,Boston,3/24/2025 14:59,275.2,1,9349.45,72.95,45.87,0
SHP003977,Old Dominion,0,Rail,Chicago,New York,8/6/2025 13:27,527.05,2.72,37354.09,378.1,15.81,0
SHP003978,DHL,LTL,Road,Boston,Atlanta,7/22/2025 10:10,958.15,0.85,8387.65,204.69,159.69,0
SHP003979,UPS,FTL,Road,San Francisco,Atlanta,6/12/2025 18:34,352.25,3.56,32976.22,389.55,58.71,0
SHP003980,Old Dominion,0,Rail,Atlanta,Chicago,11/15/2025 15:30,1624,7.5,9905.82,212.51,48.72,0
SHP003981,J.B. Hunt,0,Rail,Miami,Chicago,11/5/2025 15:24,223.41,7.16,6605.6,430.88,6.7,0
SHP003982,UPS,LTL,Road,Atlanta,Miami,6/12/2025 0:59,428.8,2.37,535.45,164.11,71.47,0
SHP003983,C.H. Robinson,0,Air,New York,Boston,8/14/2025 3:57,2698.58,0.59,16549.94,16.67,269.86,0
SHP003984,UPS,0,Air,Boston,San Francisco,10/26/2025 6:36,1301.49,1.1,10462.63,438.92,130.15,0
SHP003985,UPS,0,Rail,Atlanta,Boston,7/22/2025 11:51,897.68,2.92,23778.87,71.91,26.93,0
SHP003986,C.H. Robinson,0,Ocean,New York,Miami,2/28/2025 9:33,2445.44,14.02,9882.16,339.88,489.09,0
SHP003987,J.B. Hunt,LTL,Road,Atlanta,Boston,11/5/2025 5:16,615.21,4.69,9490.21,58.79,0,922.82
SHP003988,Old Dominion,0,Rail,Boston,San Francisco,9/9/2025 11:40,735.46,3.24,6471.73,405.34,22.06,0
SHP003989,UPS,LTL,Road,Tampa,Boston,4/11/2025 0:07,923.86,3.04,5447.04,30.71,0,1385.79
SHP003990,C.H. Robinson,0,Rail,Atlanta,Miami,1/7/2025 2:41,1088.81,6.54,23166.19,133.39,32.66,0
SHP003991,Schneider,FTL,Road,San Francisco,New York,1/12/2025 12:42,817.68,2.33,22022.49,244.3,136.28,0
SHP003992,XPO Logistics,0,Rail,Chicago,New York,4/27/2025 6:26,809.88,6.03,35413.11,3.6,24.3,0
SHP003993,XPO Logistics,LTL,Road,Miami,New York,1/7/2025 15:40,1123.66,3.19,7052.21,427.96,187.28,0
SHP003994,C.H. Robinson,LTL,Road,San Francisco,Boston,7/17/2025 20:45,587.17,5.05,1899.56,80.42,0,880.75
SHP003995,XPO Logistics,0,Rail,San Francisco,Miami,10/21/2025 14:23,1251.95,7.09,35750.83,322.23,37.56,0
SHP003996,UPS,0,Ocean,San Francisco,Tampa,12/24/2025 10:31,4441.17,9.29,39210.02,160.53,888.23,0
SHP003997,C.H. Robinson,0,Air,San Francisco,Dallas,12/6/2025 19:23,2309.3,2.36,24536.24,197.35,230.93,0
SHP003998,Old Dominion,0,Ocean,San Francisco,Tampa,7/14/2025 17:57,7736.17,14.58,37542.61,4.79,1547.23,0
SHP003999,XPO Logistics,0,Rail,Atlanta,Miami,6/5/2025 8:23,1116.27,6.02,29930.67,452.58,33.49,0
SHP004000,C.H. Robinson,0,Air,Atlanta,Miami,2/3/2025 8:24,311.88,0.5,19154.41,15.62,31.19,0
SHP004001,J.B. Hunt,0,Ocean,Atlanta,Boston,9/21/2025 6:42,7808.99,6.89,19170.26,31.51,1561.8,0
SHP004002,Schneider,0,Rail,San Francisco,Atlanta,4/28/2025 21:59,1035.28,3.66,2264.07,168.23,31.06,0
SHP004003,C.H. Robinson,0,Ocean,Chicago,Boston,8/2/2025 15:13,3435.77,23.78,8711.49,272.85,687.15,0
SHP004004,FedEx,0,Ocean,San Francisco,Atlanta,6/10/2025 7:09,7904.87,19.42,39738.02,484.18,1580.97,0
SHP004005,J.B. Hunt,0,Ocean,Boston,Chicago,9/26/2025 15:00,4171.55,17.32,4862.5,221.13,834.31,0
SHP004006,XPO Logistics,0,Rail,Chicago,Boston,11/30/2025 13:49,1494.43,4.54,28256.61,373.13,44.83,0
SHP004007,Schneider,0,Air,San Francisco,New York,8/9/2025 19:44,984.37,3.56,18662.99,105.88,98.44,0
SHP004008,FedEx,FTL,Road,Tampa,Boston,6/6/2025 10:51,1045.23,2.65,30137.34,274.47,174.21,0
SHP004009,C.H. Robinson,0,Air,Tampa,Atlanta,3/31/2025 17:17,1331.05,3.33,23586.56,195.89,133.1,0
SHP004010,XPO Logistics,0,Ocean,Chicago,Miami,1/5/2025 1:29,1321.98,21.7,1901.05,431.73,264.4,0
SHP004011,FedEx,0,Air,Chicago,Boston,11/5/2025 6:36,1271.9,2.74,36926.89,76.7,127.19,0
SHP004012,Schneider,0,Ocean,Boston,New York,9/8/2025 4:54,4752.13,18.82,30424.56,263.29,950.43,0
SHP004013,XPO Logistics,0,Air,Atlanta,Miami,11/18/2025 21:00,1986.8,3.15,33720.59,381.14,198.68,0
SHP004014,FedEx,LTL,Road,Miami,New York,6/29/2025 3:22,457.11,5.98,4429.85,13.21,76.19,0
SHP004015,DHL,0,Rail,Tampa,Dallas,6/25/2025 0:42,780.19,1.89,5296.98,141.49,23.41,0
SHP004016,Old Dominion,FTL,Road,Dallas,Chicago,2/3/2025 4:58,111.38,4.21,3422.56,102.44,18.56,0
SHP004017,Schneider,0,Air,Dallas,Boston,4/25/2025 15:39,550.83,0.72,11076.19,286.38,55.08,0
SHP004018,XPO Logistics,0,Rail,New York,Boston,2/21/2025 3:09,1743.5,7.13,35099.39,88.86,52.3,0
SHP004019,DHL,0,Air,Tampa,Dallas,3/27/2025 12:22,1015.25,0.77,31249.5,35.84,101.53,0
SHP004020,C.H. Robinson,0,Ocean,San Francisco,New York,10/10/2025 13:53,4675.22,7.45,10116.1,495.37,935.04,0
SHP004021,Schneider,0,Rail,Atlanta,Tampa,12/21/2025 1:33,1410.85,6.86,23093.32,435.64,42.33,0
SHP004022,Schneider,0,Ocean,Dallas,Atlanta,4/9/2025 17:45,5341.18,22.82,11612.87,298.06,1068.24,0
SHP004023,C.H. Robinson,0,Air,San Francisco,Chicago,2/11/2025 8:40,2163.35,1.88,35248.47,489.92,216.34,0
SHP004024,J.B. Hunt,LTL,Road,Dallas,Chicago,9/2/2025 21:57,617.83,2.5,4798.59,426.52,0,926.75
SHP004025,Old Dominion,0,Air,Atlanta,Chicago,12/17/2025 7:44,2042.76,0.66,21915.71,9.63,204.28,0
SHP004026,XPO Logistics,FTL,Road,Chicago,San Francisco,2/25/2025 13:29,945.32,2.14,19144.3,399.54,0,1417.98
SHP004027,DHL,0,Rail,Boston,Chicago,7/17/2025 3:53,274.32,2.11,16219.43,115.73,8.23,0
SHP004028,UPS,FTL,Road,Boston,Chicago,3/27/2025 13:16,438.59,5.99,33103.87,442.07,73.1,0
SHP004029,UPS,0,Rail,Miami,Tampa,9/21/2025 8:33,1699.29,3.39,12234.54,117.8,50.98,0
SHP004030,FedEx,0,Ocean,Miami,New York,1/8/2025 18:39,6725.88,16.95,9828.79,189.12,1345.18,0
SHP004031,FedEx,0,Ocean,Dallas,Tampa,11/5/2025 13:15,4300.34,13.62,35604.75,190.9,860.07,0
SHP004032,FedEx,0,Rail,Atlanta,Tampa,8/12/2025 23:31,1653.64,4.09,29981.72,465.2,49.61,0
SHP004033,DHL,0,Air,Atlanta,Tampa,12/31/2025 10:46,2750.45,0.7,8625.32,238.98,275.05,0
SHP004034,UPS,0,Rail,Miami,Dallas,4/27/2025 21:51,890.49,5.49,37816.01,57.09,26.71,0
SHP004035,FedEx,0,Rail,Dallas,Chicago,4/28/2025 16:58,922.97,2.35,35817.25,482.33,27.69,0
SHP004036,DHL,0,Air,Atlanta,Boston,2/16/2025 21:18,1592.49,0.86,31519.14,348.87,159.25,0
SHP004037,FedEx,LTL,Road,Atlanta,San Francisco,7/25/2025 9:23,457.87,5.35,9761.94,279.37,76.31,0
SHP004038,J.B. Hunt,0,Rail,Chicago,Boston,5/2/2025 3:15,1105.16,3.08,23587.99,220.38,33.15,0
SHP004039,Old Dominion,0,Rail,Boston,Chicago,7/9/2025 14:24,683.51,1.47,10481.96,99.73,20.51,0
SHP004040,FedEx,0,Rail,New York,Tampa,6/19/2025 9:37,1067.27,5.21,24538.58,194.7,32.02,0
SHP004041,XPO Logistics,0,Air,San Francisco,New York,2/13/2025 16:54,1437.32,3.42,19311.2,493.9,143.73,0
SHP004042,UPS,0,Air,Dallas,San Francisco,11/11/2025 11:14,1486.97,2.77,2489.34,327.02,148.7,0
SHP004043,FedEx,LTL,Road,Boston,Dallas,11/25/2025 3:20,1029.14,5.67,9973.61,141.81,0,1543.71
SHP004044,Old Dominion,0,Ocean,Chicago,Miami,10/27/2025 3:43,4815.28,11.92,22770.79,79.57,963.06,0
SHP004045,Old Dominion,0,Rail,Miami,Boston,6/23/2025 2:58,1569.84,7.37,18261.64,140.93,47.1,0
SHP004046,UPS,0,Rail,Chicago,Atlanta,2/27/2025 13:09,425.33,5.79,12833.16,454.86,12.76,0
SHP004047,XPO Logistics,FTL,Road,Dallas,Boston,3/22/2025 3:37,821.66,3.96,22596.38,23.84,136.94,0
SHP004048,Old Dominion,0,Ocean,New York,Boston,6/14/2025 14:13,7489.42,15.81,39765.45,269.14,1497.88,0
SHP004049,Old Dominion,0,Ocean,Boston,Tampa,1/14/2025 11:08,5825.83,3.24,25453.58,382.56,1165.17,0
SHP004050,UPS,0,Ocean,Tampa,San Francisco,11/26/2025 9:22,6338.86,18.94,9438.16,487.72,1267.77,0
SHP004051,FedEx,0,Air,Dallas,Tampa,5/11/2025 8:20,2986.99,0.76,37489.63,145.44,298.7,0
SHP004052,XPO Logistics,LTL,Road,Tampa,Chicago,7/13/2025 23:51,842.68,2.19,9682.38,51.65,140.45,0
SHP004053,FedEx,0,Ocean,Tampa,Chicago,6/8/2025 20:22,4233.1,11.42,13377.93,323.12,846.62,0
SHP004054,C.H. Robinson,0,Rail,Atlanta,San Francisco,7/24/2025 14:48,409.69,6.02,39233.39,402.47,12.29,0
SHP004055,Old Dominion,LTL,Road,Tampa,Dallas,4/16/2025 8:26,1039.02,2.32,3350.13,259.01,0,1558.53
SHP004056,DHL,0,Air,San Francisco,Miami,2/5/2025 17:45,423.46,3.81,6179.51,451.6,42.35,0
SHP004057,UPS,0,Rail,Miami,San Francisco,9/16/2025 3:02,333.73,6.76,6502.52,20.03,10.01,0
SHP004058,Schneider,0,Rail,Chicago,San Francisco,3/30/2025 2:03,1351.18,2.96,28722.6,277.99,40.54,0
SHP004059,DHL,LTL,Road,Dallas,Chicago,2/21/2025 17:19,175.13,5.61,4605.29,367.49,29.19,0
SHP004060,DHL,0,Rail,Tampa,New York,5/1/2025 17:42,1001.63,5.23,12459.56,100.98,30.05,0
SHP004061,XPO Logistics,0,Air,Dallas,New York,1/17/2025 17:47,1764.94,2.04,15909.47,336.61,176.49,0
SHP004062,FedEx,FTL,Road,New York,Miami,7/30/2025 7:26,844.08,0.51,13880.41,206.47,140.68,0
SHP004063,C.H. Robinson,0,Rail,New York,Miami,12/26/2025 15:15,355.03,2.65,2539.85,498.12,10.65,0
SHP004064,FedEx,FTL,Road,San Francisco,Miami,9/4/2025 5:02,897.04,0.75,1299.85,359.92,149.51,0
SHP004065,FedEx,FTL,Road,Chicago,Tampa,2/21/2025 1:30,555.07,4.77,36977.3,300.05,92.51,0
SHP004066,Schneider,0,Ocean,New York,San Francisco,5/4/2025 8:35,1903.31,19.21,38254.56,290.54,380.66,0
SHP004067,UPS,FTL,Road,New York,Chicago,1/4/2025 16:23,834.3,2.19,15570.34,367.59,139.05,0
SHP004068,Schneider,LTL,Road,San Francisco,Boston,7/5/2025 8:59,1116.94,3.87,7930,86.65,186.16,0
SHP004069,Schneider,0,Ocean,Boston,New York,11/12/2025 12:22,2089.69,13.7,7473.89,317.86,417.94,0
SHP004070,Old Dominion,0,Ocean,New York,Atlanta,4/6/2025 14:27,2687.4,19.41,32420.36,232.43,537.48,0
SHP004071,C.H. Robinson,LTL,Road,Boston,Dallas,3/1/2025 22:48,257.93,3.97,9928.95,311.67,42.99,0
SHP004072,UPS,0,Rail,Miami,New York,10/27/2025 11:25,257.24,1.12,13154.3,98.7,7.72,0
SHP004073,XPO Logistics,0,Rail,Miami,Boston,7/15/2025 14:34,1500.88,6.91,10715.44,163.5,45.03,0
SHP004074,Old Dominion,FTL,Road,Atlanta,Dallas,2/20/2025 6:34,321.68,5.47,20354.65,328.41,53.61,0
SHP004075,J.B. Hunt,0,Air,Tampa,Chicago,3/13/2025 6:43,1421.8,2.71,15741.29,170.5,142.18,0
SHP004076,C.H. Robinson,0,Ocean,New York,Dallas,6/2/2025 12:56,5258.6,15,12094.35,75.52,1051.72,0
SHP004077,FedEx,0,Rail,Boston,Dallas,4/15/2025 23:13,789.72,3.91,25333.03,457.35,23.69,0
SHP004078,UPS,0,Air,New York,Tampa,8/23/2025 13:49,397.7,1.35,8151.78,251.64,39.77,0
SHP004079,DHL,0,Air,Chicago,Miami,12/10/2025 3:23,1460.19,3.05,10075.43,297.65,146.02,0
SHP004080,C.H. Robinson,0,Air,Dallas,Tampa,11/4/2025 12:34,2686.41,3.69,38371.99,386.86,268.64,0
SHP004081,J.B. Hunt,0,Rail,Miami,Chicago,9/3/2025 0:53,1649.58,2.64,8304.45,4.24,49.49,0
SHP004082,Old Dominion,0,Ocean,Atlanta,Dallas,10/3/2025 18:24,5801.33,22.62,7883.95,318.83,1160.27,0
SHP004083,J.B. Hunt,LTL,Road,Miami,San Francisco,4/29/2025 0:01,908.43,5.58,6521.57,485.18,151.41,0
SHP004084,C.H. Robinson,0,Rail,Boston,Atlanta,11/5/2025 20:14,751.48,3.45,21948.99,192.37,22.54,0
SHP004085,DHL,0,Rail,New York,Boston,6/26/2025 18:11,202.28,6.12,30192.82,373.74,6.07,0
SHP004086,UPS,LTL,Road,Boston,Tampa,11/3/2025 7:17,446.77,3.25,3695.74,9,74.46,0
SHP004087,UPS,FTL,Road,Tampa,San Francisco,12/18/2025 4:37,696.82,0.96,3661.63,377.99,116.14,0
SHP004088,XPO Logistics,FTL,Road,Chicago,New York,5/24/2025 15:07,60.93,5.76,20852.59,491.53,10.15,0
SHP004089,Old Dominion,LTL,Road,New York,San Francisco,7/25/2025 20:03,116.7,3.61,3590.87,421.9,19.45,0
SHP004090,J.B. Hunt,0,Air,Boston,San Francisco,11/10/2025 23:50,1275.3,1.41,34373.35,187.95,127.53,0
SHP004091,FedEx,0,Ocean,San Francisco,Atlanta,11/11/2025 14:39,626.25,10.59,26353.63,127.93,125.25,0
SHP004092,UPS,0,Air,Chicago,Boston,3/11/2025 3:31,1466.37,0.7,23729.67,378.39,146.64,0
SHP004093,UPS,FTL,Road,Miami,Boston,8/2/2025 11:33,525.31,2.67,3987.16,101.77,87.55,0
SHP004094,Schneider,LTL,Road,Miami,Tampa,11/20/2025 21:54,227.88,3.02,5363.17,474.52,37.98,0
SHP004095,UPS,0,Ocean,Dallas,Tampa,7/28/2025 6:53,1049.24,15.2,21296.69,258.6,209.85,0
SHP004096,DHL,0,Rail,Boston,Chicago,6/30/2025 14:52,1597.05,2.44,2110.54,336.46,47.91,0
SHP004097,C.H. Robinson,0,Ocean,New York,San Francisco,11/2/2025 9:38,3088.68,2.39,10429.27,155.35,617.74,0
SHP004098,XPO Logistics,0,Rail,Boston,San Francisco,9/17/2025 2:05,1186.94,2.21,16815.65,241.76,35.61,0
SHP004099,FedEx,FTL,Road,Chicago,Miami,4/17/2025 20:52,578.12,5.85,2297.42,475.53,0,867.18
SHP004100,DHL,0,Ocean,New York,San Francisco,9/10/2025 11:12,4864.53,19.51,17500.51,227.47,972.91,0
SHP004101,UPS,FTL,Road,Dallas,Boston,4/10/2025 13:58,1061.23,5.4,9928.21,100.42,176.87,0
SHP004102,J.B. Hunt,0,Rail,New York,San Francisco,11/11/2025 16:21,993.98,7.3,13233.03,326.36,29.82,0
SHP004103,DHL,LTL,Road,San Francisco,Miami,1/29/2025 7:30,864.37,4.73,5704.66,201.83,144.06,0
SHP004104,XPO Logistics,0,Air,San Francisco,Chicago,9/22/2025 10:32,2910.94,2.64,29278.33,173.15,291.09,0
SHP004105,UPS,0,Air,Miami,Boston,5/1/2025 21:38,2108.86,1.4,10181.33,357.65,210.89,0
SHP004106,DHL,0,Rail,Boston,Miami,5/23/2025 23:13,1034.23,5.78,11142.82,299.76,31.03,0
SHP004107,J.B. Hunt,0,Rail,Atlanta,Boston,6/25/2025 3:28,910.29,5.18,11989.75,358.01,27.31,0
SHP004108,J.B. Hunt,LTL,Road,Atlanta,San Francisco,2/4/2025 20:47,976.82,1.74,3111.11,330.92,162.8,0
SHP004109,XPO Logistics,0,Ocean,Miami,New York,2/24/2025 22:11,5716.89,17.49,27466.59,197.01,1143.38,0
SHP004110,XPO Logistics,0,Ocean,Tampa,New York,12/23/2025 17:25,3461.4,7.61,6694.93,346.6,692.28,0
SHP004111,J.B. Hunt,0,Air,Atlanta,Chicago,2/20/2025 6:46,551.61,3.78,33154.11,428.9,55.16,0
SHP004112,FedEx,0,Air,Dallas,Tampa,6/10/2025 12:13,2748.01,1.93,33944.68,79.87,274.8,0
SHP004113,Schneider,0,Rail,Tampa,Boston,8/29/2025 19:25,234.63,6.49,3454.47,494.27,7.04,0
SHP004114,DHL,FTL,Road,San Francisco,Chicago,10/24/2025 17:29,826.02,4.58,10209.25,337.26,137.67,0
SHP004115,DHL,0,Air,Tampa,Atlanta,11/9/2025 19:55,416.69,3.43,7200.15,348.98,41.67,0
SHP004116,UPS,FTL,Road,Boston,Atlanta,4/7/2025 10:41,308.15,0.64,19519,85.47,51.36,0
SHP004117,XPO Logistics,0,Ocean,Miami,San Francisco,2/2/2025 2:56,5970.83,7.23,14027.67,284.15,1194.17,0
SHP004118,Old Dominion,0,Rail,Boston,New York,8/8/2025 14:01,655.95,3.65,32717.06,90.43,19.68,0
SHP004119,J.B. Hunt,0,Rail,New York,San Francisco,12/3/2025 7:45,331.52,3.3,17262.88,271.79,9.95,0
SHP004120,J.B. Hunt,LTL,Road,San Francisco,New York,11/27/2025 5:47,478.29,4.79,537.3,216.45,79.72,0
SHP004121,XPO Logistics,LTL,Road,Tampa,San Francisco,5/6/2025 5:46,489.59,3.97,9667.82,255.68,81.6,0
SHP004122,UPS,0,Ocean,Atlanta,Chicago,1/8/2025 3:57,7901.58,8.65,1719.29,83.67,1580.32,0
SHP004123,J.B. Hunt,0,Air,San Francisco,Chicago,3/28/2025 9:48,1366.84,1.61,4333.64,216.9,136.68,0
SHP004124,Schneider,0,Rail,Tampa,Chicago,12/21/2025 8:15,740.99,1.86,12196.63,443.33,22.23,0
SHP004125,C.H. Robinson,FTL,Road,Boston,Dallas,2/16/2025 3:42,397.36,4.36,24675.86,214.16,66.23,0
SHP004126,J.B. Hunt,FTL,Road,Miami,Chicago,10/22/2025 9:06,324.88,2.37,23888.23,176.03,0,487.32
SHP004127,UPS,0,Ocean,Atlanta,New York,11/14/2025 17:39,2111.72,4.56,35250.79,220.72,422.34,0
SHP004128,DHL,0,Rail,Boston,Tampa,6/13/2025 9:53,1200.33,4.43,34966.38,273.92,36.01,0
SHP004129,FedEx,0,Air,Atlanta,Tampa,12/17/2025 20:39,1598.11,3.74,28927.74,56.66,159.81,0
SHP004130,UPS,0,Rail,Miami,Boston,2/8/2025 21:57,484.33,6.51,33516.13,273.05,14.53,0
SHP004131,DHL,LTL,Road,Atlanta,Dallas,5/17/2025 5:47,687.62,3.88,4475.29,340.42,114.6,0
SHP004132,C.H. Robinson,LTL,Road,Dallas,San Francisco,7/15/2025 13:37,174.75,5.78,7539.03,315.96,29.12,0
SHP004133,C.H. Robinson,0,Rail,Chicago,Atlanta,6/27/2025 7:14,706.12,2.13,16669.05,331.13,21.18,0
SHP004134,FedEx,FTL,Road,New York,Boston,10/5/2025 6:38,778.77,2.45,24724.81,407.06,0,1168.15
SHP004135,DHL,0,Rail,San Francisco,New York,5/24/2025 20:40,242.06,4.15,30462.93,273.53,7.26,0
SHP004136,XPO Logistics,0,Air,Tampa,San Francisco,8/6/2025 21:11,2058.99,2.31,39679.04,28.26,205.9,0
SHP004137,XPO Logistics,0,Air,Miami,New York,4/14/2025 9:43,1625.82,0.82,6811.53,192.14,162.58,0
SHP004138,C.H. Robinson,0,Rail,San Francisco,New York,8/30/2025 11:06,448.86,7.75,37898.2,168.72,13.47,0
SHP004139,Schneider,0,Ocean,San Francisco,Miami,1/20/2025 16:27,5298.11,13.74,32715.69,314.1,1059.62,0
SHP004140,DHL,0,Air,Chicago,Dallas,5/8/2025 23:35,300.68,3.17,30000.5,255.35,30.07,0
SHP004141,Old Dominion,0,Ocean,Chicago,Atlanta,6/18/2025 10:01,7271.89,21.99,21194.51,304.39,1454.38,0
SHP004142,Schneider,0,Air,Dallas,Chicago,1/12/2025 18:55,2990.61,1.55,13322.38,92.2,299.06,0
SHP004143,FedEx,0,Rail,Atlanta,San Francisco,5/20/2025 15:53,1633.39,6.21,4672.89,490.9,49,0
SHP004144,Schneider,0,Rail,Miami,Boston,11/6/2025 13:18,1369.54,6.95,2401.96,252.98,41.09,0
SHP004145,Schneider,0,Rail,Atlanta,San Francisco,2/19/2025 15:25,1317.76,4.8,26832.57,409.12,39.53,0
SHP004146,FedEx,FTL,Road,Boston,Tampa,9/25/2025 6:00,480.49,5.13,6935.19,136.17,80.08,0
SHP004147,XPO Logistics,0,Air,San Francisco,New York,10/9/2025 16:29,417.03,1.78,15506.43,402.83,41.7,0
SHP004148,C.H. Robinson,0,Air,San Francisco,Miami,11/9/2025 20:25,2063.45,2.03,26258.5,27.34,206.34,0
SHP004149,J.B. Hunt,0,Ocean,Miami,Dallas,10/29/2025 17:39,1852.04,15.79,25833.99,387.29,370.41,0
SHP004150,FedEx,0,Ocean,Tampa,San Francisco,12/25/2025 3:29,3522.5,17.9,27517.22,481.73,704.5,0
SHP004151,UPS,0,Ocean,Tampa,New York,5/14/2025 19:28,2113.48,14.14,24269.7,499.33,422.7,0
SHP004152,C.H. Robinson,LTL,Road,Dallas,Boston,8/18/2025 3:21,281.36,3.26,3559.93,263.42,46.89,0
SHP004153,FedEx,0,Ocean,Atlanta,Dallas,8/10/2025 23:20,2240.96,3.05,23116.34,168.59,448.19,0
SHP004154,UPS,0,Air,New York,Atlanta,9/16/2025 13:01,791.24,1.63,2446.57,475.27,79.12,0
SHP004155,DHL,0,Ocean,Boston,Atlanta,5/30/2025 8:36,4858.61,19.92,17213.17,451.75,971.72,0
SHP004156,C.H. Robinson,0,Rail,San Francisco,Miami,4/17/2025 11:39,973.31,5.02,19925.86,366.91,29.2,0
SHP004157,Schneider,0,Air,Tampa,Dallas,6/15/2025 0:41,1829.97,1.45,6248.81,303.46,183,0
SHP004158,XPO Logistics,0,Ocean,Miami,Boston,12/29/2025 18:50,4168.85,4.11,16126.89,257.87,833.77,0
SHP004159,J.B. Hunt,0,Ocean,Atlanta,Chicago,1/24/2025 4:52,6701.7,3.67,14265.57,411.51,1340.34,0
SHP004160,DHL,0,Rail,Miami,Tampa,8/30/2025 22:34,1237.48,3.03,33890.74,247.15,37.12,0
SHP004161,DHL,0,Air,Boston,Tampa,6/3/2025 1:54,1645.55,3.92,37911.1,179.91,164.56,0
SHP004162,Schneider,0,Air,Tampa,Boston,12/16/2025 7:34,679.56,1.64,1704.09,11.36,67.96,0
SHP004163,J.B. Hunt,0,Ocean,Miami,Atlanta,3/30/2025 12:55,3466.42,22.7,34918.61,256.21,693.28,0
SHP004164,C.H. Robinson,FTL,Road,Dallas,Atlanta,10/21/2025 7:48,700.01,0.28,9012.3,13.36,116.67,0
SHP004165,UPS,FTL,Road,Dallas,Chicago,4/24/2025 0:46,917.72,1.09,34827.36,322.02,152.95,0
SHP004166,UPS,LTL,Road,Chicago,San Francisco,7/13/2025 19:21,313.83,1.16,6332.1,450.52,52.3,0
SHP004167,Schneider,0,Rail,Tampa,Boston,5/31/2025 20:58,1349.38,3.44,23701.65,156.07,40.48,0
SHP004168,Old Dominion,0,Rail,Boston,Dallas,6/29/2025 16:24,1798.64,6.24,24768.07,212.21,53.96,0
SHP004169,C.H. Robinson,LTL,Road,Miami,Chicago,1/27/2025 6:47,760.88,2.21,434.32,198.15,126.81,0
SHP004170,J.B. Hunt,0,Rail,San Francisco,Chicago,12/15/2025 9:13,1688.77,5.38,3816.25,442.61,50.66,0
SHP004171,UPS,0,Ocean,Miami,Atlanta,5/6/2025 7:06,2516.56,7.36,12235.09,289.02,503.31,0
SHP004172,C.H. Robinson,0,Rail,Dallas,New York,7/9/2025 14:43,1071.5,4.44,28842.71,158.95,32.14,0
SHP004173,J.B. Hunt,FTL,Road,Tampa,San Francisco,3/5/2025 14:19,949.37,1.26,31413.52,332.24,158.23,0
SHP004174,C.H. Robinson,0,Air,Boston,Dallas,8/8/2025 5:43,2144.66,2.19,26846.56,40.82,214.47,0
SHP004175,Schneider,0,Rail,Miami,New York,7/20/2025 14:34,1562.48,1.39,6375.29,288.82,46.87,0
SHP004176,J.B. Hunt,FTL,Road,Boston,Chicago,7/11/2025 19:17,900.32,0.69,36870.21,486.83,150.05,0
SHP004177,DHL,0,Rail,San Francisco,Boston,9/15/2025 22:21,1169.52,4.37,29785.1,164.85,35.09,0
SHP004178,FedEx,0,Air,Dallas,San Francisco,8/24/2025 8:56,1631.81,3.71,38248.39,463.61,163.18,0
SHP004179,Old Dominion,0,Rail,Boston,Dallas,8/27/2025 13:35,619.92,2.63,12257.75,221.21,18.6,0
SHP004180,Old Dominion,0,Air,Tampa,Dallas,3/18/2025 0:55,1148.25,1.81,25015.16,381.5,114.83,0
SHP004181,Old Dominion,0,Ocean,Boston,Chicago,2/11/2025 9:38,6016.69,19.92,1771.28,24.82,1203.34,0
SHP004182,Old Dominion,0,Air,Dallas,Chicago,2/15/2025 2:20,2431.33,2.37,23336.56,27.24,243.13,0
SHP004183,FedEx,0,Rail,Dallas,Tampa,11/15/2025 18:03,608.5,5.47,34437.68,458.57,18.25,0
SHP004184,DHL,FTL,Road,Tampa,Boston,7/23/2025 11:46,625.48,3.39,33405.46,269.27,104.25,0
SHP004185,Schneider,0,Rail,San Francisco,Miami,5/15/2025 10:15,1026.97,7.34,31702.34,454.63,30.81,0
SHP004186,XPO Logistics,0,Ocean,Atlanta,New York,6/25/2025 5:58,2136.85,13.54,33777.65,56.46,427.37,0
SHP004187,FedEx,0,Rail,Miami,Dallas,1/17/2025 20:43,1471.46,2.28,32420.69,306.39,44.14,0
SHP004188,UPS,FTL,Road,Boston,Tampa,10/20/2025 23:05,272.22,2.97,27435.25,317.29,45.37,0
SHP004189,C.H. Robinson,LTL,Road,San Francisco,Atlanta,12/7/2025 11:52,541.33,5.42,5264.74,253.43,90.22,0
SHP004190,UPS,LTL,Road,Miami,Boston,2/11/2025 2:35,121.59,5.55,1894.6,264.64,20.27,0
SHP004191,C.H. Robinson,0,Air,Dallas,Miami,8/18/2025 8:25,2469.63,1.25,21331.24,121.1,246.96,0
SHP004192,C.H. Robinson,FTL,Road,San Francisco,Dallas,2/17/2025 16:41,923.65,3.49,34311.05,447.38,153.94,0
SHP004193,C.H. Robinson,0,Ocean,Tampa,Dallas,8/25/2025 23:37,5365.5,17.96,22194.19,192.83,1073.1,0
SHP004194,FedEx,0,Ocean,Miami,San Francisco,3/17/2025 22:39,5360.88,21.98,16958.88,157.89,1072.18,0
SHP004195,Schneider,0,Air,Chicago,Dallas,7/26/2025 10:38,1348.78,2.02,3405.66,249.72,134.88,0
SHP004196,FedEx,LTL,Road,San Francisco,Miami,4/30/2025 22:14,618.46,3.63,3723.78,306.94,0,927.69
SHP004197,FedEx,0,Rail,Chicago,San Francisco,8/5/2025 9:54,1605.15,7.69,23552.68,22.25,48.15,0
SHP004198,C.H. Robinson,0,Air,San Francisco,Boston,9/4/2025 21:15,2916.94,2.97,13770.56,74.43,291.69,0
SHP004199,UPS,0,Rail,Chicago,Tampa,5/10/2025 1:22,429.47,2.17,2300.11,451.17,12.88,0
SHP004200,J.B. Hunt,0,Rail,New York,Atlanta,7/18/2025 12:02,1065.23,5.9,33210.29,395.98,31.96,0
SHP004201,UPS,0,Ocean,San Francisco,Dallas,5/5/2025 6:35,7119.54,23.28,17843.29,475.22,1423.91,0
SHP004202,J.B. Hunt,0,Air,Boston,Atlanta,9/14/2025 10:10,2252.88,0.75,27430.43,343.67,225.29,0
SHP004203,XPO Logistics,0,Ocean,San Francisco,Boston,6/4/2025 4:00,7293.95,10.2,23604,7.08,1458.79,0
SHP004204,DHL,0,Air,San Francisco,Chicago,2/22/2025 0:59,1196.6,0.72,21113.98,408.91,119.66,0
SHP004205,C.H. Robinson,0,Rail,Boston,Atlanta,4/26/2025 11:05,530.31,4.69,8558.34,61.22,15.91,0
SHP004206,UPS,0,Ocean,San Francisco,Boston,9/12/2025 15:19,4332.48,3.74,23700.51,16.64,866.5,0
SHP004207,XPO Logistics,0,Rail,New York,Chicago,7/7/2025 2:32,370.74,4.85,23860.59,15.46,11.12,0
SHP004208,Schneider,LTL,Road,Atlanta,San Francisco,5/17/2025 13:49,709.38,5.07,7264.81,66.46,118.23,0
SHP004209,DHL,FTL,Road,Dallas,Atlanta,10/3/2025 11:40,731.35,4.12,1970.63,427.82,121.89,0
SHP004210,J.B. Hunt,FTL,Road,Atlanta,Chicago,11/14/2025 1:51,1092.21,5.14,33072.94,372.74,182.03,0
SHP004211,Old Dominion,LTL,Road,Miami,Chicago,9/23/2025 3:24,778.45,4.15,8092.99,331.59,129.74,0
SHP004212,UPS,0,Air,Chicago,New York,10/3/2025 6:54,1184.86,1.82,35933.77,9.54,118.49,0
SHP004213,FedEx,0,Rail,San Francisco,Atlanta,10/20/2025 2:35,1318.11,7.68,28396.01,496.96,39.54,0
SHP004214,DHL,LTL,Road,New York,Boston,7/17/2025 6:16,840.68,0.45,8296.05,143.03,140.11,0
SHP004215,Schneider,0,Rail,San Francisco,New York,2/22/2025 22:38,913.69,3.18,11107.89,216.27,27.41,0
SHP004216,UPS,0,Ocean,Dallas,Boston,1/27/2025 18:47,3340.64,15.93,32619.47,149.25,668.13,0
SHP004217,XPO Logistics,0,Rail,New York,Atlanta,6/10/2025 4:30,541.95,5.67,26977.64,450.66,16.26,0
SHP004218,UPS,0,Air,New York,Tampa,6/1/2025 23:25,343.05,3.49,21079.59,311.03,34.3,0
SHP004219,Schneider,0,Rail,Dallas,Tampa,6/20/2025 20:22,346.19,4.03,9478.45,127.86,10.39,0
SHP004220,XPO Logistics,0,Rail,Tampa,New York,6/14/2025 7:02,1006.55,6.69,29879.35,295.91,30.2,0
SHP004221,UPS,FTL,Road,San Francisco,Tampa,9/30/2025 2:42,670.33,2.71,38922.04,280.54,111.72,0
SHP004222,Old Dominion,FTL,Road,Atlanta,San Francisco,12/6/2025 10:20,342.06,1.57,24648.44,261.89,57.01,0
SHP004223,J.B. Hunt,0,Ocean,Miami,New York,6/6/2025 10:56,557.73,20.26,28312.83,331.25,111.55,0
SHP004224,Schneider,LTL,Road,New York,Chicago,11/11/2025 19:17,129.1,2.33,9363.52,431.43,21.52,0
SHP004225,UPS,0,Rail,Tampa,San Francisco,6/7/2025 21:05,656.87,2.1,18238.97,178.56,19.71,0
SHP004226,UPS,FTL,Road,New York,Miami,11/25/2025 12:44,834.56,5.81,14838.56,32.05,139.09,0
SHP004227,C.H. Robinson,LTL,Road,Chicago,New York,3/10/2025 23:07,1082.26,0.47,9534.74,332.63,180.38,0
SHP004228,UPS,0,Rail,Miami,Boston,9/15/2025 4:09,1706.7,2.4,2107.64,244.62,51.2,0
SHP004229,C.H. Robinson,0,Ocean,Atlanta,Miami,7/25/2025 5:41,3879.68,9.29,38327.43,411.47,775.94,0
SHP004230,J.B. Hunt,0,Ocean,Chicago,Tampa,9/28/2025 6:40,5461.87,5.58,29505.77,363.78,1092.37,0
SHP004231,XPO Logistics,0,Ocean,New York,Miami,1/2/2025 0:22,3688.01,22.35,7095.63,134.4,737.6,0
SHP004232,Old Dominion,0,Rail,Atlanta,Dallas,3/8/2025 4:35,301.16,6.57,25059.5,158.16,9.03,0
SHP004233,J.B. Hunt,LTL,Road,Chicago,New York,11/27/2025 21:29,238.39,0.48,1792.44,227.19,0,357.58
SHP004234,XPO Logistics,0,Air,Boston,Atlanta,3/7/2025 8:51,967.38,1.41,35085.27,258.05,96.74,0
SHP004235,J.B. Hunt,0,Ocean,New York,Chicago,11/9/2025 11:05,5969.39,2.79,14923.95,240.11,1193.88,0
SHP004236,FedEx,0,Air,Chicago,Miami,1/23/2025 10:43,803.33,0.92,34877,469.78,80.33,0
SHP004237,FedEx,0,Rail,Miami,Tampa,7/14/2025 1:18,326.09,3.44,38352.28,42.5,9.78,0
SHP004238,Schneider,0,Rail,Chicago,Dallas,1/7/2025 13:50,1229.83,7.81,39139.83,236.14,36.89,0
SHP004239,Schneider,0,Air,Boston,Chicago,8/19/2025 12:44,739.42,1.21,35639.26,455.93,73.94,0
SHP004240,Schneider,LTL,Road,San Francisco,Boston,9/15/2025 23:37,749.06,4.66,7438.32,331.25,0,1123.59
SHP004241,UPS,0,Ocean,Miami,Atlanta,5/13/2025 6:02,6704.58,17.08,21593.09,119.24,1340.92,0
SHP004242,DHL,0,Ocean,Atlanta,Miami,7/1/2025 13:51,6079.16,12.42,12144.27,401.17,1215.83,0
SHP004243,C.H. Robinson,0,Rail,Boston,San Francisco,9/18/2025 16:28,1314.74,7.56,7034.94,324.95,39.44,0
SHP004244,XPO Logistics,0,Air,Miami,Atlanta,11/11/2025 19:53,959.45,3.66,4430.23,328.42,95.95,0
SHP004245,DHL,LTL,Road,Miami,Atlanta,8/2/2025 20:08,959.75,2.29,9548.26,425.51,159.96,0
SHP004246,FedEx,LTL,Road,New York,Boston,4/10/2025 17:24,388.81,0.29,3072.07,141.37,64.8,0
SHP004247,Old Dominion,0,Air,Boston,Miami,10/29/2025 8:42,2702.9,3.88,3282.38,236.18,270.29,0
SHP004248,J.B. Hunt,LTL,Road,Dallas,Atlanta,6/18/2025 3:48,680.58,0.78,3868.35,159.22,0,1020.87
SHP004249,J.B. Hunt,0,Air,Dallas,Atlanta,3/28/2025 22:36,1747.35,2.81,28287.66,69.24,174.74,0
SHP004250,Old Dominion,0,Air,New York,Atlanta,12/31/2025 3:16,2494.96,2.87,35618.46,225.22,249.5,0
SHP004251,Schneider,FTL,Road,Dallas,Chicago,10/15/2025 7:37,1077.97,5.23,17817.17,191.19,179.66,0
SHP004252,XPO Logistics,FTL,Road,Boston,New York,10/16/2025 10:46,1122.73,4.36,37165.69,398.69,187.12,0
SHP004253,C.H. Robinson,0,Rail,Miami,Dallas,1/5/2025 17:16,1174.88,1.81,12013.49,484.45,35.25,0
SHP004254,DHL,0,Ocean,Atlanta,Dallas,12/19/2025 21:09,2895.67,4.05,28448.36,367.27,579.13,0
SHP004255,DHL,0,Air,Chicago,Boston,3/23/2025 16:57,1070.74,1.54,19021.27,11.87,107.07,0
SHP004256,Schneider,LTL,Road,Dallas,New York,4/18/2025 1:27,957.72,2.07,8559.57,401.51,159.62,0
SHP004257,C.H. Robinson,0,Ocean,San Francisco,Miami,8/5/2025 15:58,5460.52,9.15,20894.5,222.97,1092.1,0
SHP004258,XPO Logistics,0,Ocean,Tampa,Atlanta,7/24/2025 8:20,3041.61,20.66,19598.53,416.53,608.32,0
SHP004259,Old Dominion,0,Ocean,San Francisco,Miami,5/24/2025 18:20,1289.14,5.1,39104.15,294.3,257.83,0
SHP004260,XPO Logistics,0,Air,Chicago,Tampa,4/29/2025 11:40,1676.38,2.33,9003.12,359.63,167.64,0
SHP004261,DHL,FTL,Road,Atlanta,Chicago,12/30/2025 10:38,147.5,3.55,23045.37,457.18,24.58,0
SHP004262,UPS,0,Ocean,San Francisco,Atlanta,12/29/2025 14:17,4446.37,5.02,23123.75,46.57,889.27,0
SHP004263,Schneider,FTL,Road,Miami,Atlanta,3/22/2025 13:28,284.36,0.43,20775.1,43.18,47.39,0
SHP004264,C.H. Robinson,LTL,Road,Boston,Dallas,4/25/2025 8:39,589.8,5.61,7239.65,39.63,98.3,0
SHP004265,J.B. Hunt,0,Air,Atlanta,Tampa,7/3/2025 20:27,905.37,2.86,35840.72,17.43,90.54,0
SHP004266,FedEx,FTL,Road,Boston,San Francisco,5/2/2025 23:00,984.32,3.48,22070.61,478.95,164.05,0
SHP004267,UPS,0,Rail,Atlanta,Miami,9/16/2025 5:03,1396.23,6.95,14482.82,277.63,41.89,0
SHP004268,Schneider,0,Ocean,Dallas,Boston,1/20/2025 2:48,5115.54,9.07,23024.8,119.09,1023.11,0
SHP004269,J.B. Hunt,0,Ocean,Chicago,New York,5/24/2025 4:08,1575.32,10.23,29701.94,458.18,315.06,0
SHP004270,Old Dominion,0,Rail,San Francisco,Boston,12/6/2025 19:10,932.34,5.5,4569.97,452.33,27.97,0
SHP004271,J.B. Hunt,0,Ocean,Miami,San Francisco,1/25/2025 18:40,4764.53,19.17,31880.43,128.98,952.91,0
SHP004272,J.B. Hunt,0,Ocean,Tampa,New York,11/21/2025 16:02,4468.81,23.13,4040.56,341.84,893.76,0
SHP004273,XPO Logistics,LTL,Road,Dallas,Chicago,2/6/2025 10:55,1156.6,1.98,8635.26,466.9,192.77,0
SHP004274,Old Dominion,0,Ocean,Dallas,Chicago,9/27/2025 12:25,6103.15,7.09,13693.03,18.87,1220.63,0
SHP004275,DHL,FTL,Road,Atlanta,Chicago,1/9/2025 11:15,1006.17,5.14,25492.06,176.91,167.69,0
SHP004276,J.B. Hunt,0,Ocean,Tampa,Atlanta,8/12/2025 15:54,1076.08,18.57,29197.78,456.39,215.22,0
SHP004277,Schneider,0,Ocean,Chicago,San Francisco,3/11/2025 1:40,5978.99,20.23,29965.21,315.71,1195.8,0
SHP004278,UPS,0,Rail,Miami,Atlanta,6/3/2025 19:36,883.15,7.31,26213.26,199.78,26.49,0
SHP004279,Schneider,LTL,Road,Atlanta,Dallas,11/17/2025 21:09,145.99,1.92,5505.71,138.54,24.33,0
SHP004280,XPO Logistics,LTL,Road,New York,Dallas,11/29/2025 21:13,304.42,3.28,1822.73,400.4,50.74,0
SHP004281,DHL,FTL,Road,Boston,Chicago,10/9/2025 4:05,607.02,3.55,6321.64,162.96,101.17,0
SHP004282,Schneider,0,Ocean,Chicago,San Francisco,5/14/2025 6:38,3575.67,19.78,30921.3,112.27,715.13,0
SHP004283,C.H. Robinson,0,Ocean,Boston,Atlanta,9/20/2025 8:18,5121.34,7.36,39535.76,476.11,1024.27,0
SHP004284,UPS,FTL,Road,Tampa,Boston,6/25/2025 2:42,697.75,4.27,32156.5,360.78,116.29,0
SHP004285,J.B. Hunt,FTL,Road,Boston,Chicago,3/20/2025 18:43,854.8,5.76,24060.02,318.52,142.47,0
SHP004286,DHL,0,Air,New York,Boston,6/7/2025 19:49,2593.03,2.84,29450.84,117.85,259.3,0
SHP004287,J.B. Hunt,0,Air,Dallas,Miami,2/21/2025 13:58,1302.42,1.02,20477.73,228.41,130.24,0
SHP004288,Old Dominion,0,Rail,Dallas,Atlanta,11/26/2025 10:42,1795.46,5.28,31564.57,167.67,53.86,0
SHP004289,Schneider,0,Air,Boston,Dallas,8/11/2025 11:24,2545.17,2.65,28031.2,147.92,254.52,0
SHP004290,XPO Logistics,FTL,Road,Tampa,Dallas,11/10/2025 8:41,680.93,3.9,23769.24,457.68,113.49,0
SHP004291,Old Dominion,0,Air,Dallas,Boston,8/10/2025 17:30,2725.34,3.9,26863.41,485.99,272.53,0
SHP004292,J.B. Hunt,FTL,Road,Miami,Boston,3/14/2025 23:00,1007.35,1.81,17383.71,119.96,167.89,0
SHP004293,Schneider,FTL,Road,Miami,Atlanta,2/27/2025 11:13,54.83,1.33,660.39,360.2,9.14,0
SHP004294,UPS,0,Ocean,Boston,Tampa,1/27/2025 21:03,3691.51,8.88,30587.98,416.41,738.3,0
SHP004295,J.B. Hunt,FTL,Road,San Francisco,Dallas,4/28/2025 9:39,1171.59,3.94,18730.39,153.33,195.26,0
SHP004296,Old Dominion,0,Rail,New York,Boston,12/4/2025 8:44,555.71,2.49,16662.98,495.9,16.67,0
SHP004297,Schneider,0,Rail,Chicago,Dallas,7/7/2025 14:32,201.37,2.38,7941.52,358.84,6.04,0
SHP004298,Old Dominion,0,Ocean,San Francisco,Tampa,4/25/2025 10:17,3143.64,12.06,6370.65,203.09,628.73,0
SHP004299,Schneider,0,Air,New York,San Francisco,10/1/2025 10:56,578.64,2.37,4368.57,395.46,57.86,0
SHP004300,XPO Logistics,0,Ocean,Dallas,Atlanta,12/7/2025 10:09,4749.51,17.93,17031.4,191.36,949.9,0
SHP004301,Schneider,0,Rail,Atlanta,Chicago,6/28/2025 17:01,357.13,4.67,20822.84,234.58,10.71,0
SHP004302,UPS,0,Ocean,San Francisco,Boston,9/7/2025 11:59,6053.89,20.32,30156.19,72.79,1210.78,0
SHP004303,J.B. Hunt,0,Ocean,Miami,Tampa,3/21/2025 16:49,5165.45,3.77,27937.58,191.54,1033.09,0
SHP004304,Old Dominion,LTL,Road,Miami,New York,12/2/2025 20:19,202.37,5.21,6197.98,178.01,33.73,0
SHP004305,UPS,FTL,Road,Tampa,San Francisco,7/25/2025 18:28,85.34,3.34,36967.42,298.59,0,128.01
SHP004306,XPO Logistics,0,Air,Boston,Atlanta,10/30/2025 15:46,2923.46,0.98,22948.05,399.26,292.35,0
SHP004307,Schneider,0,Air,New York,Atlanta,6/28/2025 22:20,1718.96,0.82,23524,306.26,171.9,0
SHP004308,Old Dominion,LTL,Road,Boston,Chicago,7/26/2025 1:07,888.02,4.63,7742.11,332.06,148,0
SHP004309,FedEx,LTL,Road,Miami,Tampa,8/24/2025 11:39,298.18,2.57,7794.88,476.76,0,447.27
SHP004310,J.B. Hunt,LTL,Road,Boston,Atlanta,7/16/2025 14:36,140.79,3.33,3228.34,113.47,0,211.19
SHP004311,UPS,FTL,Road,Miami,Atlanta,9/28/2025 10:20,631.68,3.74,886,390.32,105.28,0
SHP004312,XPO Logistics,0,Ocean,Chicago,Tampa,7/6/2025 18:51,6649.12,23.24,7635.43,297.68,1329.82,0
SHP004313,XPO Logistics,0,Ocean,Boston,Dallas,12/13/2025 7:22,3699.69,9.37,22842.52,391.41,739.94,0
SHP004314,Schneider,0,Ocean,Boston,New York,7/8/2025 21:50,672.9,23.33,32490.32,375.83,134.58,0
SHP004315,DHL,0,Ocean,Tampa,San Francisco,1/30/2025 14:08,6202.91,10.56,30189.01,194,1240.58,0
SHP004316,Schneider,0,Rail,San Francisco,Boston,2/13/2025 6:14,1637.93,2.24,12047.72,276.12,49.14,0
SHP004317,J.B. Hunt,LTL,Road,Tampa,New York,1/25/2025 19:29,417.09,2.69,5000.36,428.32,69.52,0
SHP004318,C.H. Robinson,0,Rail,Boston,Atlanta,6/8/2025 19:14,1037.11,3.54,10285.58,204.93,31.11,0
SHP004319,C.H. Robinson,0,Ocean,Dallas,Chicago,9/3/2025 22:49,4368.02,18.41,5281.43,111.58,873.6,0
SHP004320,XPO Logistics,0,Ocean,New York,Miami,5/18/2025 16:01,3347.41,9.93,15974.05,396.97,669.48,0
SHP004321,Schneider,LTL,Road,Boston,Atlanta,7/6/2025 20:27,422.78,3.14,6295.48,116.86,70.46,0
SHP004322,Schneider,0,Rail,Miami,Boston,1/13/2025 16:11,1349.91,4.83,18147.86,405.08,40.5,0
SHP004323,UPS,0,Rail,Miami,New York,8/30/2025 18:16,589.59,7.18,22661.43,304.98,17.69,0
SHP004324,DHL,0,Rail,Miami,Dallas,10/26/2025 3:05,1600.09,6.72,24261.7,376.84,48,0
SHP004325,DHL,0,Rail,Dallas,Boston,3/27/2025 2:16,893.31,4.83,2951.77,45.84,26.8,0
SHP004326,UPS,0,Air,Chicago,Boston,7/13/2025 2:59,2539.45,0.71,7191.27,398.12,253.94,0
SHP004327,J.B. Hunt,0,Ocean,Chicago,Boston,6/20/2025 19:55,508.59,8.21,23569.53,298.13,101.72,0
SHP004328,J.B. Hunt,0,Ocean,Atlanta,Dallas,5/16/2025 20:40,6328.65,13.13,20621.37,362.93,1265.73,0
SHP004329,Schneider,0,Ocean,Atlanta,Miami,4/20/2025 5:23,4239.68,15.39,35962.08,201.32,847.94,0
SHP004330,Schneider,0,Air,San Francisco,Tampa,2/26/2025 16:06,1339.84,0.51,24730.34,15.86,133.98,0
SHP004331,DHL,LTL,Road,Miami,Dallas,1/10/2025 21:21,629.77,4.87,5566.72,135.55,0,944.65
SHP004332,J.B. Hunt,LTL,Road,New York,Miami,8/16/2025 23:27,954.09,1.8,7370.36,305.52,159.02,0
SHP004333,FedEx,FTL,Road,Boston,Tampa,12/10/2025 4:10,245.5,5.45,8425.43,494.8,40.92,0
SHP004334,UPS,FTL,Road,Dallas,New York,5/17/2025 1:57,58.41,1.77,8394.48,7.98,9.73,0
SHP004335,FedEx,LTL,Road,Boston,New York,7/19/2025 0:12,892.22,4.24,7954.66,129.09,148.7,0
SHP004336,FedEx,0,Ocean,Miami,Chicago,8/28/2025 15:02,3832.51,16.5,17870.86,348.97,766.5,0
SHP004337,Old Dominion,0,Ocean,Boston,Dallas,2/25/2025 17:15,5254.8,4.52,31351.2,360.62,1050.96,0
SHP004338,Old Dominion,0,Ocean,Chicago,Miami,11/6/2025 11:00,5418.76,5.41,11085.86,197.2,1083.75,0
SHP004339,DHL,0,Ocean,Boston,Atlanta,2/3/2025 20:26,2599.47,7.01,32311.63,319.48,519.89,0
SHP004340,FedEx,FTL,Road,Chicago,Tampa,9/26/2025 16:25,700.29,1.55,36764.02,96.4,116.71,0
SHP004341,FedEx,0,Air,New York,Atlanta,7/19/2025 18:14,2446.37,3.88,29220.16,496.44,244.64,0
SHP004342,C.H. Robinson,0,Rail,Chicago,San Francisco,6/2/2025 20:21,1241.68,2.52,8550.87,162.96,37.25,0
SHP004343,UPS,0,Air,Miami,Dallas,6/2/2025 3:37,319.25,2.89,11112.38,407.78,31.93,0
SHP004344,FedEx,0,Ocean,Tampa,Dallas,12/17/2025 7:38,3193.79,12.56,38644.71,121.84,638.76,0
SHP004345,Old Dominion,0,Ocean,San Francisco,Boston,10/19/2025 1:36,5909.41,18.61,9229.43,251,1181.88,0
SHP004346,Old Dominion,LTL,Road,San Francisco,New York,12/5/2025 3:45,452.73,4.69,6281.46,238.52,75.45,0
SHP004347,XPO Logistics,LTL,Road,New York,Miami,10/14/2025 18:06,946.27,1.6,7573.18,432.82,157.71,0
SHP004348,Old Dominion,0,Ocean,Chicago,Atlanta,7/20/2025 14:00,7089.66,19.24,16616.56,490.92,1417.93,0
SHP004349,XPO Logistics,0,Air,Chicago,Tampa,6/20/2025 7:04,1324.9,2.74,6862.43,490.24,132.49,0
SHP004350,FedEx,0,Ocean,Chicago,Boston,6/24/2025 5:25,5779.89,18.57,3098.18,381.95,1155.98,0
SHP004351,FedEx,0,Rail,Chicago,Tampa,8/5/2025 18:47,1439.56,5.7,12030.43,245.36,43.19,0
SHP004352,DHL,0,Ocean,Atlanta,Boston,5/22/2025 16:00,1328.26,12.37,10131.04,175.2,265.65,0
SHP004353,J.B. Hunt,0,Rail,Dallas,Boston,7/8/2025 17:14,460.16,2.61,3524.46,460.03,13.8,0
SHP004354,XPO Logistics,0,Rail,New York,Tampa,7/29/2025 11:28,1048.66,3.78,21633.65,314.52,31.46,0
SHP004355,J.B. Hunt,0,Air,New York,San Francisco,6/9/2025 10:58,2789.07,1.13,12174.32,487.92,278.91,0
SHP004356,UPS,0,Ocean,Dallas,Boston,12/20/2025 22:22,3283.95,2.5,6331.92,14.14,656.79,0
SHP004357,XPO Logistics,LTL,Road,New York,Dallas,2/15/2025 4:58,1188.41,1.85,9246.9,497.95,0,1782.62
SHP004358,Old Dominion,0,Rail,New York,Atlanta,6/19/2025 11:32,1159.75,1.23,3722.87,241.31,34.79,0
SHP004359,Old Dominion,LTL,Road,Atlanta,Boston,11/5/2025 14:06,517.1,3.74,4472.65,467.1,86.18,0
SHP004360,XPO Logistics,0,Ocean,New York,Boston,9/6/2025 22:01,4510.55,17.26,35911.17,74.29,902.11,0
SHP004361,UPS,FTL,Road,Miami,San Francisco,1/30/2025 18:19,314.19,0.87,6015.72,256.78,52.37,0
SHP004362,UPS,0,Rail,San Francisco,Miami,7/15/2025 0:21,713.89,3.96,39308.35,79.2,21.42,0
SHP004363,Schneider,0,Ocean,San Francisco,Atlanta,4/29/2025 20:40,4556.09,4.18,13080.6,264.24,911.22,0
SHP004364,UPS,0,Rail,Dallas,San Francisco,7/17/2025 17:16,1714.61,3.74,3063.81,194.69,51.44,0
SHP004365,FedEx,0,Ocean,Miami,Dallas,8/26/2025 21:27,1593.06,7.06,24914.58,34.64,318.61,0
SHP004366,Old Dominion,FTL,Road,San Francisco,New York,12/2/2025 22:59,584.43,3.75,17163.41,10.54,97.4,0
SHP004367,XPO Logistics,0,Rail,New York,Miami,8/30/2025 7:02,1776.83,3.57,31253.8,163.5,53.3,0
SHP004368,Old Dominion,0,Rail,Chicago,Dallas,10/25/2025 13:47,960.03,3.72,14030.3,11.9,28.8,0
SHP004369,FedEx,0,Air,Boston,Chicago,6/24/2025 3:49,1272.06,3.61,27770.54,73.57,127.21,0
SHP004370,Old Dominion,0,Air,San Francisco,Atlanta,1/23/2025 18:19,1896.12,3.62,28151.34,75.19,189.61,0
SHP004371,FedEx,0,Rail,New York,Atlanta,2/17/2025 11:24,1588.53,3.11,18436.01,263.55,47.66,0
SHP004372,Schneider,0,Air,San Francisco,New York,9/5/2025 1:29,2596.37,3.76,37221.29,4.97,259.64,0
SHP004373,FedEx,0,Air,Boston,Dallas,3/2/2025 3:06,2789.1,0.69,10998.06,257.98,278.91,0
SHP004374,J.B. Hunt,0,Ocean,Boston,Dallas,6/7/2025 14:23,4099.44,15.3,19438.13,467.25,819.89,0
SHP004375,Old Dominion,0,Air,Miami,Chicago,8/25/2025 4:32,949.48,1.46,36869.15,39.29,94.95,0
SHP004376,J.B. Hunt,0,Rail,Chicago,San Francisco,12/16/2025 18:13,1175.3,5.77,20468.9,347.42,35.26,0
SHP004377,FedEx,0,Air,San Francisco,Miami,1/13/2025 6:37,766.44,3.48,6031.01,201.01,76.64,0
SHP004378,FedEx,0,Air,Miami,San Francisco,6/28/2025 23:26,503.2,2.41,26954.96,470.67,50.32,0
SHP004379,DHL,0,Ocean,Miami,Atlanta,10/30/2025 23:38,6045.02,13.9,37338.37,239.74,1209,0
SHP004380,C.H. Robinson,0,Ocean,New York,Chicago,9/23/2025 4:59,4709.04,15.11,16694.2,419.4,941.81,0
SHP004381,Old Dominion,0,Ocean,Tampa,Atlanta,8/15/2025 14:56,1888.82,14.21,29028.21,452.08,377.76,0
SHP004382,C.H. Robinson,0,Ocean,Atlanta,Dallas,1/21/2025 20:13,7129.39,13.19,25904.88,197.72,1425.88,0
SHP004383,DHL,0,Rail,Miami,New York,9/12/2025 14:37,949.08,7.34,37262.81,447.81,28.47,0
SHP004384,XPO Logistics,0,Ocean,New York,Miami,2/13/2025 1:28,1537.78,20.7,37960.37,181.26,307.56,0
SHP004385,DHL,0,Air,New York,Chicago,10/11/2025 19:26,1700.34,3.23,22702.09,496.75,170.03,0
SHP004386,DHL,0,Rail,Tampa,San Francisco,10/4/2025 20:58,929.14,6,31807.35,247.56,27.87,0
SHP004387,XPO Logistics,0,Air,Dallas,New York,4/29/2025 6:43,2613.86,2.41,16760.21,54.8,261.39,0
SHP004388,C.H. Robinson,LTL,Road,Dallas,Atlanta,4/28/2025 8:17,502.43,4.47,9224.67,126.59,83.74,0
SHP004389,XPO Logistics,FTL,Road,Tampa,Boston,7/13/2025 18:16,458.52,1.14,27783.55,480.13,76.42,0
SHP004390,C.H. Robinson,FTL,Road,Atlanta,Miami,6/24/2025 14:34,787.1,3.8,22362.85,45.14,0,1180.65
SHP004391,Schneider,0,Air,Chicago,Atlanta,6/6/2025 2:08,2269.66,2.61,26628.33,449.51,226.97,0
SHP004392,C.H. Robinson,0,Rail,Boston,Atlanta,1/25/2025 1:50,1454.34,6.47,37123.76,494.98,43.63,0
SHP004393,Old Dominion,0,Air,San Francisco,Atlanta,10/12/2025 10:18,1869.46,0.88,18635.63,394.01,186.95,0
SHP004394,FedEx,0,Air,Dallas,Tampa,3/1/2025 18:40,374.86,0.7,3152.73,365.79,37.49,0
SHP004395,DHL,0,Air,Chicago,Dallas,6/29/2025 9:57,1653.15,1.79,4671.87,366.39,165.32,0
SHP004396,Schneider,FTL,Road,Dallas,San Francisco,6/4/2025 4:23,419.17,1.78,26266.61,279.95,69.86,0
SHP004397,FedEx,FTL,Road,Miami,San Francisco,8/17/2025 17:25,466.77,3.94,11213.25,397.62,77.8,0
SHP004398,UPS,0,Rail,Tampa,Chicago,10/30/2025 4:10,566.91,2.11,31406.36,354.24,17.01,0
SHP004399,Schneider,0,Rail,New York,San Francisco,1/18/2025 2:39,492.22,1.81,33616.76,388.52,14.77,0
SHP004400,DHL,0,Ocean,Miami,New York,10/31/2025 18:42,2954.43,16.48,5404.33,254.02,590.89,0
SHP004401,UPS,0,Ocean,Boston,New York,9/23/2025 15:12,640.48,10.62,3456.29,238.1,128.1,0
SHP004402,C.H. Robinson,0,Air,Chicago,Boston,6/8/2025 18:23,1438.54,2.06,2290.59,181.45,143.85,0
SHP004403,J.B. Hunt,0,Rail,New York,San Francisco,12/8/2025 18:25,1410.37,3.58,28749.29,185.37,42.31,0
SHP004404,DHL,0,Air,New York,San Francisco,1/5/2025 7:12,1442.75,2.47,38051.94,55.32,144.28,0
SHP004405,Old Dominion,FTL,Road,Tampa,New York,12/26/2025 1:11,87.85,3.75,37989.34,494.87,14.64,0
SHP004406,DHL,0,Air,Atlanta,Miami,2/10/2025 4:01,1607.24,2.14,25976.07,278.26,160.72,0
SHP004407,Schneider,0,Rail,Tampa,New York,9/8/2025 11:19,1214.54,7.12,29979.09,248.94,36.44,0
SHP004408,DHL,0,Air,New York,San Francisco,5/22/2025 16:31,1547.03,2.74,18500.4,229.43,154.7,0
SHP004409,FedEx,LTL,Road,San Francisco,Dallas,8/27/2025 10:41,68.75,1.25,4961.86,411.5,11.46,0
SHP004410,J.B. Hunt,FTL,Road,Chicago,San Francisco,10/20/2025 14:16,370.54,3.26,14126,53.3,61.76,0
SHP004411,Schneider,0,Rail,Tampa,Chicago,7/23/2025 1:30,1733.28,6.98,3600.45,360.17,52,0
SHP004412,Old Dominion,0,Air,Dallas,New York,1/7/2025 18:23,1238.47,3.98,12444.74,120.13,123.85,0
SHP004413,FedEx,0,Rail,Dallas,Miami,10/12/2025 6:25,1108.62,6.85,8104.5,354.99,33.26,0
SHP004414,Old Dominion,0,Ocean,Tampa,Boston,2/15/2025 8:21,960.55,22.22,3702.46,457.2,192.11,0
SHP004415,J.B. Hunt,0,Rail,Dallas,New York,7/25/2025 15:04,985.29,4.14,38945.63,495.2,29.56,0
SHP004416,UPS,0,Air,New York,Atlanta,11/21/2025 14:00,2055.48,0.94,20493.72,265.05,205.55,0
SHP004417,Old Dominion,0,Air,Tampa,Miami,2/24/2025 18:27,1689.01,2.49,1239.63,355.9,168.9,0
SHP004418,UPS,0,Ocean,Chicago,Tampa,11/13/2025 4:22,5842.96,4.54,23024.46,284.61,1168.59,0
SHP004419,Schneider,0,Rail,Tampa,New York,10/15/2025 4:35,1291.92,1.6,25246.88,141.1,38.76,0
SHP004420,Old Dominion,0,Rail,Dallas,New York,12/27/2025 4:36,1011.2,6.41,28373.01,60.33,30.34,0
SHP004421,UPS,FTL,Road,Dallas,Boston,6/24/2025 16:10,729.86,5.82,6692.39,426.6,121.64,0
SHP004422,XPO Logistics,0,Air,Atlanta,Chicago,3/5/2025 2:27,2196.88,3.21,11637.35,144.66,219.69,0
SHP004423,Old Dominion,0,Ocean,New York,Dallas,11/4/2025 5:01,7295.15,9.92,2989.11,300.7,1459.03,0
SHP004424,J.B. Hunt,0,Air,Boston,Chicago,12/23/2025 3:50,637.01,3.29,25848.98,437.49,63.7,0
SHP004425,C.H. Robinson,0,Rail,San Francisco,Atlanta,8/28/2025 7:37,1455.74,1.78,15552.29,387.51,43.67,0
SHP004426,XPO Logistics,0,Rail,Miami,New York,6/27/2025 19:05,867.75,7.81,29561.75,8.73,26.03,0
SHP004427,XPO Logistics,LTL,Road,San Francisco,Miami,8/29/2025 23:28,1061.98,0.83,1534.16,367.51,177,0
SHP004428,XPO Logistics,0,Ocean,Boston,Dallas,3/29/2025 8:19,6987.26,13.8,11917.46,176.31,1397.45,0
SHP004429,Old Dominion,0,Air,Dallas,Miami,6/25/2025 9:39,1225.8,1.64,10094.93,304.82,122.58,0
SHP004430,UPS,0,Ocean,Chicago,Atlanta,7/12/2025 11:30,7253.04,8.76,7874.42,419.45,1450.61,0
SHP004431,FedEx,0,Air,Miami,Boston,12/31/2025 9:14,2302.81,3.76,7038.03,72.98,230.28,0
SHP004432,FedEx,0,Rail,Tampa,Boston,4/26/2025 8:59,1066.29,5.3,19466.85,299.88,31.99,0
SHP004433,C.H. Robinson,0,Air,Chicago,Dallas,8/30/2025 18:55,787.03,2.18,26494.66,216.92,78.7,0
SHP004434,Schneider,LTL,Road,Tampa,Atlanta,11/4/2025 2:26,831.36,2.84,3435.96,152.5,138.56,0
SHP004435,DHL,0,Ocean,Dallas,San Francisco,8/1/2025 4:18,3581.77,2.51,26906.74,422.71,716.35,0
SHP004436,Schneider,0,Ocean,Miami,Atlanta,12/22/2025 4:08,3159.7,3.01,39477.64,132.59,631.94,0
SHP004437,XPO Logistics,0,Air,Chicago,Tampa,4/24/2025 13:50,641.88,1.79,29673,147.66,64.19,0
SHP004438,Schneider,LTL,Road,San Francisco,Boston,1/31/2025 3:43,710.91,2.64,1309.98,165.81,118.48,0
SHP004439,Old Dominion,0,Rail,Boston,New York,2/25/2025 22:07,1359.79,5.28,5231.25,82.5,40.79,0
SHP004440,Old Dominion,0,Rail,Chicago,San Francisco,6/9/2025 2:16,1225.17,6.69,14304.24,298.06,36.76,0
SHP004441,UPS,0,Air,Miami,San Francisco,1/7/2025 0:40,760.74,1.59,1300.67,384.37,76.07,0
SHP004442,J.B. Hunt,0,Air,Chicago,Atlanta,4/25/2025 6:21,1382.73,3.36,28480.73,414.54,138.27,0
SHP004443,XPO Logistics,0,Ocean,San Francisco,New York,3/22/2025 18:34,2642.44,6.07,38890.27,358.95,528.49,0
SHP004444,Old Dominion,0,Air,Miami,Atlanta,8/1/2025 22:30,2551.91,0.55,14501.23,371.67,255.19,0
SHP004445,DHL,FTL,Road,Dallas,Boston,3/28/2025 5:27,139.68,3.51,17448.37,9.79,23.28,0
SHP004446,FedEx,0,Air,Boston,Atlanta,5/1/2025 12:20,937.13,1.5,4918.47,316.14,93.71,0
SHP004447,FedEx,LTL,Road,Chicago,Atlanta,10/22/2025 1:45,328.76,1.85,8997.65,234.09,54.79,0
SHP004448,J.B. Hunt,0,Ocean,San Francisco,Boston,8/21/2025 13:04,3440.96,17.93,36429.74,13.49,688.19,0
SHP004449,Schneider,0,Air,Chicago,San Francisco,9/15/2025 15:15,1510.24,2.64,13083.24,386.43,151.02,0
SHP004450,J.B. Hunt,0,Air,San Francisco,Miami,1/27/2025 22:58,2922.99,3.8,11006.31,113.94,292.3,0
SHP004451,DHL,0,Rail,Dallas,Tampa,7/25/2025 19:31,1731.98,4.21,8727.76,353.79,51.96,0
SHP004452,XPO Logistics,FTL,Road,Boston,Chicago,5/18/2025 18:14,377.08,1.79,35230.34,82.08,62.85,0
SHP004453,FedEx,0,Air,Dallas,Miami,10/22/2025 12:37,473.86,1.44,24474.34,62.42,47.39,0
SHP004454,DHL,0,Air,Atlanta,Boston,4/19/2025 23:49,1573.31,2.7,34025.11,115.7,157.33,0
SHP004455,XPO Logistics,0,Air,Chicago,Atlanta,8/29/2025 17:44,2506.84,1.32,27232.28,215.91,250.68,0
SHP004456,XPO Logistics,0,Air,Boston,New York,5/8/2025 16:06,609.64,3,9101.62,89.14,60.96,0
SHP004457,XPO Logistics,0,Rail,Tampa,San Francisco,4/30/2025 8:21,773.32,5.57,9742.86,92.65,23.2,0
SHP004458,UPS,0,Rail,Tampa,Chicago,4/28/2025 13:19,215.93,4.3,17431.5,117.7,6.48,0
SHP004459,Schneider,0,Rail,Chicago,Dallas,9/1/2025 8:01,285.84,4,31634.1,357.93,8.58,0
SHP004460,Schneider,0,Rail,Boston,New York,1/29/2025 7:14,1577.27,1.07,38673.56,171.36,47.32,0
SHP004461,UPS,FTL,Road,New York,San Francisco,5/8/2025 4:20,1188.96,1.7,19125.69,177.61,0,1783.44
SHP004462,Old Dominion,FTL,Road,New York,Dallas,6/16/2025 17:54,459.12,5.09,29983.55,496.08,76.52,0
SHP004463,J.B. Hunt,FTL,Road,Tampa,Dallas,11/28/2025 21:43,755.54,2.91,4057.92,498.28,0,1133.31
SHP004464,DHL,0,Air,Miami,Chicago,2/6/2025 2:37,1789.13,2.95,16566.32,274.31,178.91,0
SHP004465,XPO Logistics,0,Air,Atlanta,Boston,2/14/2025 4:20,2844.96,1.08,12048.72,76.88,284.5,0
SHP004466,Schneider,FTL,Road,New York,Atlanta,5/8/2025 23:56,961.05,0.61,3724.45,149.95,0,1441.57
SHP004467,UPS,FTL,Road,Dallas,Miami,11/9/2025 8:59,641.32,2.59,2270.24,478.79,106.89,0
SHP004468,Schneider,0,Ocean,New York,Dallas,12/21/2025 15:54,7646.52,8.15,29395.26,289.71,1529.3,0
SHP004469,XPO Logistics,0,Air,Boston,Tampa,7/20/2025 13:51,941.19,1.42,19900.55,210.2,94.12,0
SHP004470,C.H. Robinson,0,Rail,Chicago,Dallas,7/29/2025 7:01,665.97,6.65,19517.79,327.77,19.98,0
SHP004471,Schneider,FTL,Road,Chicago,Boston,12/10/2025 21:55,267.66,3.32,13060.05,263.68,44.61,0
SHP004472,FedEx,0,Ocean,Dallas,Chicago,3/9/2025 0:55,6356.19,18.92,14491.72,347.44,1271.24,0
SHP004473,DHL,0,Ocean,Miami,Tampa,6/10/2025 1:18,7559.67,15.76,6362.2,340.17,1511.93,0
SHP004474,Old Dominion,FTL,Road,Miami,San Francisco,12/8/2025 20:26,170.64,5.26,20908.09,193.19,28.44,0
SHP004475,C.H. Robinson,0,Ocean,New York,Dallas,4/8/2025 21:13,927.55,10.38,36176.66,11.47,185.51,0
SHP004476,UPS,LTL,Road,Tampa,New York,5/26/2025 13:46,595.85,5.6,4039.18,214.66,0,893.78
SHP004477,UPS,LTL,Road,Chicago,San Francisco,9/26/2025 16:35,715.34,2.91,1810.73,10.26,119.22,0
SHP004478,C.H. Robinson,0,Rail,Tampa,Dallas,7/20/2025 21:07,1175.7,7.45,4701.38,106.27,35.27,0
SHP004479,Schneider,0,Rail,New York,San Francisco,9/18/2025 15:45,792.37,6.66,11135.78,441.15,23.77,0
SHP004480,C.H. Robinson,FTL,Road,Miami,San Francisco,6/29/2025 20:02,113.2,5.66,22649.51,329.73,0,169.8
SHP004481,DHL,0,Air,Miami,Boston,10/13/2025 17:48,1292.76,3.24,7079.37,25.41,129.28,0
SHP004482,Old Dominion,0,Ocean,Boston,New York,9/26/2025 1:00,3466.38,20.78,30319.61,259.06,693.28,0
SHP004483,UPS,0,Rail,Boston,New York,1/1/2025 23:40,1115.42,1.91,33706.92,393.69,33.46,0
SHP004484,XPO Logistics,0,Air,Boston,New York,11/20/2025 6:29,2072.47,2.13,38596.14,439.64,207.25,0
SHP004485,XPO Logistics,0,Air,Miami,Chicago,1/10/2025 14:33,2039.96,1.8,24911.88,288.15,204,0
SHP004486,Schneider,LTL,Road,Tampa,Boston,8/16/2025 16:48,503.38,2.01,4159.06,287.38,83.9,0
SHP004487,UPS,FTL,Road,Atlanta,Chicago,4/15/2025 13:29,542.36,1.77,30558.05,266.2,90.39,0
SHP004488,C.H. Robinson,0,Air,Miami,Dallas,5/15/2025 18:02,482.72,1.79,35454.08,377.86,48.27,0
SHP004489,Schneider,0,Ocean,Miami,Dallas,7/10/2025 2:55,2924.35,22.64,3525.81,480.66,584.87,0
SHP004490,C.H. Robinson,0,Ocean,New York,Tampa,8/6/2025 9:22,2342.79,2.2,17635.42,180.13,468.56,0
SHP004491,UPS,FTL,Road,Atlanta,Boston,6/5/2025 7:59,669.95,4.83,33776.02,201.21,111.66,0
SHP004492,DHL,FTL,Road,Dallas,Atlanta,1/9/2025 23:02,544.32,1.1,2378.13,320.97,90.72,0
SHP004493,Old Dominion,0,Air,Atlanta,Dallas,6/19/2025 6:15,473.98,3.07,21794.06,100.09,47.4,0
SHP004494,XPO Logistics,0,Ocean,Boston,Miami,5/4/2025 0:43,4546.42,6.03,17830.12,399.98,909.28,0
SHP004495,DHL,FTL,Road,Boston,Atlanta,2/25/2025 18:50,581.21,1.11,29091.23,94.2,96.87,0
SHP004496,DHL,0,Ocean,New York,Dallas,5/25/2025 17:30,6039.12,12.55,18422.8,425.87,1207.82,0
SHP004497,J.B. Hunt,LTL,Road,Chicago,Dallas,3/12/2025 11:52,864.89,0.44,3067.32,435.59,144.15,0
SHP004498,J.B. Hunt,0,Air,Atlanta,Tampa,12/3/2025 1:21,349.48,2.41,29249.11,311.31,34.95,0
SHP004499,XPO Logistics,LTL,Road,Dallas,Atlanta,7/25/2025 20:29,924.61,4.42,6966.5,410.95,154.1,0
SHP004500,XPO Logistics,0,Ocean,Chicago,Dallas,7/13/2025 3:25,5342.68,10.85,19140.41,358.65,1068.54,0
SHP004501,FedEx,LTL,Road,San Francisco,New York,12/10/2025 1:01,1057.75,1.82,3519.46,465.44,176.29,0
SHP004502,XPO Logistics,FTL,Road,Dallas,Chicago,6/7/2025 19:59,715.29,1.28,26715.96,495.39,0,1072.93
SHP004503,C.H. Robinson,FTL,Road,San Francisco,Tampa,10/18/2025 18:41,996.97,4.54,8717.84,438.19,166.16,0
SHP004504,Old Dominion,0,Air,San Francisco,Dallas,7/18/2025 4:32,1719.63,3.61,13528.2,31.96,171.96,0
SHP004505,C.H. Robinson,0,Rail,Atlanta,Tampa,9/25/2025 19:51,961.56,2.89,28751.56,478.6,28.85,0
SHP004506,Schneider,0,Rail,Chicago,Dallas,3/21/2025 14:49,1305.56,7.21,18394.45,386.05,39.17,0
SHP004507,FedEx,0,Ocean,Tampa,New York,3/26/2025 4:15,6822.83,17.64,20557.2,313.31,1364.57,0
SHP004508,Old Dominion,0,Rail,Dallas,Chicago,1/20/2025 11:24,1320.81,2.77,32478.38,475.21,39.62,0
SHP004509,Schneider,0,Ocean,New York,Chicago,7/4/2025 2:42,3989.29,17.42,29612.52,331.46,797.86,0
SHP004510,FedEx,FTL,Road,New York,Atlanta,3/26/2025 16:56,679.18,5.32,18232.61,31.49,113.2,0
SHP004511,UPS,0,Air,New York,San Francisco,7/26/2025 13:02,2580.3,2.86,34045.72,70.14,258.03,0
SHP004512,J.B. Hunt,0,Rail,Dallas,Atlanta,3/7/2025 15:33,249.2,7.54,6335.27,405.02,7.48,0
SHP004513,C.H. Robinson,0,Air,Boston,Atlanta,11/11/2025 1:37,2522.67,2.98,5684.86,334.03,252.27,0
SHP004514,C.H. Robinson,0,Rail,Miami,Tampa,6/17/2025 4:30,1622.54,3.98,16833.92,221.99,48.68,0
SHP004515,DHL,0,Air,San Francisco,Chicago,6/5/2025 4:00,522.13,3.62,34832.72,498.96,52.21,0
SHP004516,C.H. Robinson,0,Rail,San Francisco,Miami,10/12/2025 4:16,1136.29,6.26,8505.54,334.1,34.09,0
SHP004517,UPS,0,Rail,New York,Chicago,8/25/2025 7:29,1239.57,7.31,33316.31,469.29,37.19,0
SHP004518,UPS,0,Air,Atlanta,Tampa,4/26/2025 2:53,2645.85,3.54,3017.07,423.14,264.58,0
SHP004519,J.B. Hunt,LTL,Road,Miami,Atlanta,10/28/2025 3:58,748.6,2.44,706.67,339.16,124.77,0
SHP004520,UPS,LTL,Road,Miami,Tampa,1/13/2025 8:29,427.43,2.94,6865.03,455.98,71.24,0
SHP004521,DHL,LTL,Road,Chicago,Miami,7/13/2025 21:43,999.25,2.84,3969.66,120.65,166.54,0
SHP004522,XPO Logistics,0,Air,Boston,Dallas,10/14/2025 17:42,1305.55,0.89,38858.67,287.38,130.56,0
SHP004523,J.B. Hunt,0,Air,New York,Tampa,4/23/2025 8:05,645.08,1.73,22108.05,266.91,64.51,0
SHP004524,J.B. Hunt,LTL,Road,New York,Atlanta,10/15/2025 20:06,90.83,5.72,2862.45,9.08,0,136.25
SHP004525,UPS,FTL,Road,New York,Miami,3/22/2025 10:40,137.91,3.59,5942.53,21.82,22.98,0
SHP004526,Schneider,0,Ocean,Tampa,Dallas,6/9/2025 14:02,3347.2,15.7,4917.67,157.35,669.44,0
SHP004527,C.H. Robinson,0,Ocean,Tampa,Atlanta,5/21/2025 1:51,3633.21,5.51,20489.92,43.52,726.64,0
SHP004528,XPO Logistics,0,Ocean,New York,Dallas,12/5/2025 16:29,848.89,13.44,10291.93,48.59,169.78,0
SHP004529,Schneider,LTL,Road,Dallas,Tampa,7/1/2025 12:17,537.5,5.51,7283.3,407.99,89.58,0
SHP004530,Old Dominion,0,Ocean,Chicago,Boston,3/20/2025 14:20,7039.35,23.4,30648.24,304.6,1407.87,0
SHP004531,XPO Logistics,0,Air,Tampa,San Francisco,5/18/2025 0:14,1286.65,1.14,27623.07,497.48,128.67,0
SHP004532,Old Dominion,0,Ocean,San Francisco,Chicago,11/13/2025 20:37,4005.19,17.92,20056.15,216.53,801.04,0
SHP004533,J.B. Hunt,LTL,Road,Dallas,Atlanta,4/28/2025 12:47,521.85,3.15,3763.92,374.64,0,782.78
SHP004534,DHL,LTL,Road,Miami,Chicago,7/17/2025 0:14,1055.41,5.33,2392.83,448.06,0,1583.12
SHP004535,FedEx,0,Ocean,Boston,Chicago,4/30/2025 2:44,3061.63,8.8,29206.86,153.04,612.33,0
SHP004536,FedEx,0,Air,Boston,Dallas,5/4/2025 2:43,443.01,1.81,28997.89,164.15,44.3,0
SHP004537,Schneider,LTL,Road,Miami,Atlanta,7/28/2025 3:10,773.99,4.05,7377.3,448.67,129,0
SHP004538,FedEx,0,Rail,Miami,Tampa,7/18/2025 9:01,892.1,2.17,13097.57,216.65,26.76,0
SHP004539,J.B. Hunt,0,Air,Boston,Chicago,9/24/2025 12:29,2227.51,0.55,12973.52,390.14,222.75,0
SHP004540,Old Dominion,0,Ocean,San Francisco,Atlanta,5/10/2025 16:04,5531.43,18.1,32566.53,391.83,1106.29,0
SHP004541,Old Dominion,LTL,Road,Miami,Boston,1/28/2025 14:51,834.51,2.78,9838.44,284.97,0,1251.76
SHP004542,Schneider,LTL,Road,Boston,Dallas,4/24/2025 20:30,283.18,1.93,6981.59,462.45,47.2,0
SHP004543,UPS,0,Air,Dallas,Boston,4/14/2025 1:28,782.54,0.79,35320.48,457.72,78.25,0
SHP004544,J.B. Hunt,LTL,Road,Boston,Tampa,8/5/2025 1:02,367.84,2.42,6652.85,165.64,61.31,0
SHP004545,C.H. Robinson,LTL,Road,New York,Dallas,2/14/2025 11:21,1058.73,0.87,524.12,105.03,176.46,0
SHP004546,J.B. Hunt,0,Ocean,San Francisco,New York,4/29/2025 7:42,2645.66,4.48,3094.77,378.05,529.13,0
SHP004547,UPS,0,Ocean,Atlanta,Chicago,3/24/2025 7:36,1732.07,22.11,15035.99,335.63,346.41,0
SHP004548,Schneider,0,Ocean,Tampa,Boston,4/19/2025 23:14,2190.52,7.29,23201.01,280.76,438.1,0
SHP004549,DHL,0,Rail,Tampa,Boston,1/29/2025 9:39,1429.97,6.3,26992.17,225.12,42.9,0
SHP004550,UPS,0,Ocean,Miami,Chicago,4/20/2025 23:24,7179.8,15.7,39612.84,409.87,1435.96,0
SHP004551,J.B. Hunt,0,Ocean,Boston,New York,2/23/2025 14:13,832.32,9.05,23089.09,361.01,166.46,0
SHP004552,DHL,0,Ocean,Chicago,Dallas,9/17/2025 15:45,4627.52,19.29,11664.9,92.77,925.5,0
SHP004553,Schneider,0,Rail,Atlanta,Boston,9/27/2025 12:54,286.27,5.01,27699.68,163.75,8.59,0
SHP004554,C.H. Robinson,0,Rail,Chicago,Boston,9/3/2025 21:51,1181.73,1.37,4422.09,351.18,35.45,0
SHP004555,XPO Logistics,0,Ocean,New York,Dallas,12/26/2025 2:59,3260.52,16.77,33352.98,426.46,652.1,0
SHP004556,C.H. Robinson,0,Air,Dallas,Boston,3/5/2025 15:58,764.85,2.2,29490.11,387.22,76.48,0
SHP004557,UPS,0,Ocean,Tampa,San Francisco,1/4/2025 11:23,6385.07,7.02,8105.13,295.42,1277.01,0
SHP004558,DHL,0,Ocean,Dallas,Boston,6/13/2025 14:38,6058.14,9.02,4635.85,358.66,1211.63,0
SHP004559,XPO Logistics,LTL,Road,Miami,New York,7/21/2025 22:51,394.65,1.21,1605.08,158.14,65.77,0
SHP004560,Old Dominion,0,Air,San Francisco,Dallas,6/4/2025 12:13,1900.23,1.75,1316.14,49.36,190.02,0
SHP004561,Old Dominion,LTL,Road,San Francisco,Miami,11/27/2025 10:23,384.08,4.04,1120.37,280.77,64.01,0
SHP004562,UPS,LTL,Road,Dallas,Chicago,9/1/2025 22:53,187.87,1.47,1846.06,34.55,31.31,0
SHP004563,Schneider,0,Ocean,Miami,Atlanta,10/26/2025 4:23,5534.97,12.19,33326.61,50.35,1106.99,0
SHP004564,DHL,0,Rail,Tampa,Dallas,1/13/2025 19:59,431.57,3.15,30751.71,153.57,12.95,0
SHP004565,UPS,0,Ocean,Tampa,New York,1/25/2025 21:05,3563.14,8.64,3668.86,469.78,712.63,0
SHP004566,XPO Logistics,LTL,Road,Atlanta,Dallas,2/6/2025 18:29,680.82,4.78,6634.82,257.61,0,1021.23
SHP004567,UPS,0,Air,San Francisco,Boston,11/16/2025 20:32,542.13,2.75,6637.13,207.78,54.21,0
SHP004568,DHL,0,Rail,New York,Boston,4/29/2025 0:03,1206.58,6.48,27559.28,336.1,36.2,0
SHP004569,FedEx,0,Rail,San Francisco,Miami,7/12/2025 18:39,438.47,3.42,2195.03,360.02,13.15,0
SHP004570,XPO Logistics,0,Ocean,Boston,New York,4/11/2025 21:59,7644.39,7.81,3964.02,238.31,1528.88,0
SHP004571,Old Dominion,LTL,Road,San Francisco,Miami,3/5/2025 15:43,1035.2,3.42,610.75,487.16,172.53,0
SHP004572,C.H. Robinson,0,Rail,Miami,Boston,7/5/2025 10:46,1525.84,1.92,36911.01,225.89,45.78,0
SHP004573,DHL,LTL,Road,Chicago,Tampa,9/29/2025 17:08,477.68,2.9,8370.53,330.08,79.61,0
SHP004574,Old Dominion,FTL,Road,Dallas,Boston,7/23/2025 9:07,118.14,5.76,6337.47,373.04,0,177.21
SHP004575,XPO Logistics,0,Ocean,New York,Miami,11/19/2025 20:45,5271.02,6.13,7243.92,435.29,1054.2,0
SHP004576,C.H. Robinson,LTL,Road,Dallas,San Francisco,3/1/2025 22:40,532.65,4.01,5115.1,363.95,88.77,0
SHP004577,UPS,0,Rail,Miami,San Francisco,4/7/2025 10:58,966.79,3.01,14853.64,429.68,29,0
SHP004578,XPO Logistics,0,Ocean,Boston,Dallas,5/21/2025 0:53,4010.26,6.7,37416.91,398.5,802.05,0
SHP004579,XPO Logistics,0,Rail,Dallas,Boston,10/23/2025 21:04,289.07,7.99,27949.6,80.97,8.67,0
SHP004580,C.H. Robinson,0,Rail,Atlanta,New York,10/1/2025 4:56,579.47,5.85,31300.56,120.28,17.38,0
SHP004581,Old Dominion,0,Ocean,New York,Chicago,7/14/2025 19:15,2427.27,8.76,24121.73,86.74,485.45,0
SHP004582,DHL,0,Air,Atlanta,Boston,3/26/2025 5:20,581.46,2.88,31274.37,250.96,58.15,0
SHP004583,J.B. Hunt,0,Ocean,San Francisco,Chicago,6/4/2025 21:33,3228.75,11.5,15842.11,480.03,645.75,0
SHP004584,C.H. Robinson,0,Rail,Miami,Boston,12/27/2025 23:34,1428.94,2.46,15675.47,272.46,42.87,0
SHP004585,C.H. Robinson,LTL,Road,New York,Dallas,4/24/2025 7:02,754.93,2.94,8129.75,384.04,125.82,0
SHP004586,Schneider,0,Air,Tampa,Atlanta,12/29/2025 16:01,1663.93,3.49,30168.04,389.51,166.39,0
SHP004587,Schneider,0,Ocean,Boston,Tampa,6/20/2025 10:44,7673.01,7.86,11072.1,444.59,1534.6,0
SHP004588,DHL,FTL,Road,Chicago,Boston,9/3/2025 19:03,938.06,5.58,2993.64,314.25,156.34,0
SHP004589,J.B. Hunt,0,Air,New York,Miami,3/19/2025 0:45,690.5,2.26,6652,64.91,69.05,0
SHP004590,DHL,0,Ocean,Dallas,San Francisco,3/28/2025 3:26,591.26,15.87,14681.39,53.49,118.25,0
SHP004591,XPO Logistics,0,Ocean,Miami,Atlanta,1/12/2025 6:09,2921.28,5.72,37696.95,160.68,584.26,0
SHP004592,Schneider,0,Air,San Francisco,Tampa,10/2/2025 0:11,1201.67,3.44,26086.35,355.38,120.17,0
SHP004593,XPO Logistics,0,Air,Boston,Dallas,4/27/2025 23:29,2017.2,3.81,8676.53,494.53,201.72,0
SHP004594,Schneider,0,Air,Boston,Miami,10/24/2025 10:48,2543.58,2.56,26663.68,324.76,254.36,0
SHP004595,UPS,LTL,Road,San Francisco,Miami,12/16/2025 2:04,117.16,1.5,9620.49,267.65,19.53,0
SHP004596,C.H. Robinson,0,Ocean,Dallas,San Francisco,8/22/2025 0:13,3337.65,18.76,21218.5,7.57,667.53,0
SHP004597,C.H. Robinson,0,Rail,Atlanta,Dallas,12/1/2025 14:55,1377.98,6.13,7023.37,478.37,41.34,0
SHP004598,DHL,LTL,Road,Chicago,Dallas,5/30/2025 23:54,307.49,2.88,1280.15,302.04,51.25,0
SHP004599,Schneider,0,Rail,Dallas,Tampa,1/8/2025 17:02,800.72,3.47,33165.59,5.77,24.02,0
SHP004600,DHL,0,Ocean,Dallas,Tampa,9/18/2025 22:09,6484.6,14.57,39450.89,295.13,1296.92,0
SHP004601,DHL,0,Air,Chicago,Atlanta,8/27/2025 7:58,449.52,0.68,35384.54,420.77,44.95,0
SHP004602,DHL,LTL,Road,Boston,Atlanta,9/26/2025 6:05,447.77,3.8,4972.47,483.61,74.63,0
SHP004603,J.B. Hunt,0,Ocean,Dallas,Miami,8/7/2025 11:48,7624.71,23.64,34724.73,454.87,1524.94,0
SHP004604,FedEx,0,Air,Chicago,New York,1/2/2025 15:08,886.65,3.41,28499.86,481.43,88.67,0
SHP004605,UPS,FTL,Road,Tampa,Atlanta,10/6/2025 15:16,706.95,0.74,24097.26,343.6,117.83,0
SHP004606,XPO Logistics,0,Ocean,Chicago,San Francisco,11/10/2025 22:27,2152.41,10.67,24140.88,187.68,430.48,0
SHP004607,Schneider,0,Ocean,Atlanta,Tampa,3/22/2025 19:46,3312.11,4.93,37659.5,375.5,662.42,0
SHP004608,FedEx,0,Air,Atlanta,Tampa,12/17/2025 22:01,303.36,3.18,29721.9,5.86,30.34,0
SHP004609,J.B. Hunt,0,Air,New York,Tampa,9/20/2025 3:39,1297.93,2.62,18383.65,389.22,129.79,0
SHP004610,FedEx,0,Air,Chicago,New York,8/8/2025 5:13,1448.74,1.04,39068.42,121.78,144.87,0
SHP004611,Schneider,LTL,Road,Miami,Tampa,3/10/2025 4:15,875.35,1.07,3390.77,221.57,145.89,0
SHP004612,DHL,LTL,Road,Dallas,Tampa,4/8/2025 21:17,271.07,2.84,1698.05,279.94,45.18,0
SHP004613,UPS,0,Air,Dallas,San Francisco,6/19/2025 6:36,2092.03,0.72,34909.72,93.39,209.2,0
SHP004614,UPS,0,Ocean,Chicago,Boston,10/14/2025 0:55,2190.22,16.55,19015.67,250.2,438.04,0
SHP004615,C.H. Robinson,0,Ocean,Miami,New York,3/5/2025 13:53,1461.16,19.73,24873.64,68.56,292.23,0
SHP004616,XPO Logistics,0,Ocean,Boston,Atlanta,12/13/2025 9:00,3305,19.83,22950.02,55.22,661,0
SHP004617,J.B. Hunt,0,Rail,Tampa,Dallas,7/11/2025 8:58,796.44,2.7,20939.89,421.84,23.89,0
SHP004618,FedEx,LTL,Road,Miami,Tampa,5/16/2025 18:29,551.71,2.74,9067.71,288.52,91.95,0
SHP004619,Schneider,FTL,Road,San Francisco,Boston,10/10/2025 0:06,701.12,1.76,24505.05,288.38,116.85,0
SHP004620,FedEx,FTL,Road,Miami,Chicago,7/31/2025 22:10,506.38,5.95,35334.69,375.04,0,759.57
SHP004621,Schneider,0,Rail,San Francisco,Tampa,3/2/2025 11:00,1059.75,4.23,7803.45,153.56,31.79,0
SHP004622,DHL,FTL,Road,Miami,Tampa,4/10/2025 3:21,940.05,2.86,35349.65,74.81,156.67,0
SHP004623,DHL,0,Air,Atlanta,New York,12/24/2025 7:44,1672.54,2.76,20915.51,444.72,167.25,0
SHP004624,Old Dominion,0,Rail,Tampa,Dallas,9/15/2025 17:12,1783.3,1.81,5633.22,66.03,53.5,0
SHP004625,FedEx,0,Ocean,San Francisco,New York,6/29/2025 8:47,5608.83,10.2,29465.93,203.33,1121.77,0
SHP004626,XPO Logistics,0,Air,Boston,Dallas,3/31/2025 10:47,1994.54,3.19,22154.53,270.21,199.45,0
SHP004627,Schneider,0,Air,Tampa,Boston,2/24/2025 2:07,538.23,1.94,22058.2,231.53,53.82,0
SHP004628,DHL,0,Rail,Atlanta,Chicago,9/17/2025 21:27,1641.25,7.35,32965.74,188.27,49.24,0
SHP004629,DHL,0,Ocean,Boston,Atlanta,10/6/2025 17:34,5879.74,10.7,9687.45,172.11,1175.95,0
SHP004630,FedEx,0,Ocean,Tampa,Chicago,2/12/2025 14:17,1032.23,9.3,18699.32,477.78,206.45,0
SHP004631,FedEx,0,Rail,Tampa,Dallas,7/3/2025 17:57,701.46,7.32,9539.9,96.29,21.04,0
SHP004632,J.B. Hunt,0,Ocean,New York,Boston,10/6/2025 13:04,4392.47,16.8,2251.12,111.31,878.49,0
SHP004633,Schneider,0,Rail,Chicago,Atlanta,4/23/2025 11:44,929.09,3.32,28648.53,256.07,27.87,0
SHP004634,Schneider,0,Air,Atlanta,San Francisco,4/3/2025 1:20,732.97,3.63,12069.77,365.83,73.3,0
SHP004635,UPS,0,Ocean,Boston,Chicago,8/16/2025 15:38,6349.37,23.19,20191.04,308.3,1269.87,0
SHP004636,J.B. Hunt,LTL,Road,Boston,San Francisco,4/25/2025 0:45,435.11,4.15,4714.33,219.39,72.52,0
SHP004637,J.B. Hunt,0,Air,Boston,Dallas,3/15/2025 14:55,2609.76,0.68,35337.52,426.18,260.98,0
SHP004638,Schneider,0,Air,New York,Tampa,7/19/2025 0:35,1667.19,2.22,14791.39,497.09,166.72,0
SHP004639,DHL,0,Ocean,Tampa,Boston,2/25/2025 11:42,1333.77,14.98,27426.42,467.23,266.75,0
SHP004640,C.H. Robinson,0,Rail,New York,Boston,4/16/2025 6:24,1448.33,5.51,5114.09,187.49,43.45,0
SHP004641,DHL,LTL,Road,Dallas,Chicago,12/15/2025 23:04,209.67,5.32,7533.77,379.01,34.95,0
SHP004642,UPS,0,Rail,Tampa,Miami,9/11/2025 8:24,1243.61,4.55,6423.86,165.52,37.31,0
SHP004643,UPS,LTL,Road,Boston,San Francisco,11/1/2025 4:29,207.45,4.42,1728.25,351.35,34.57,0
SHP004644,Old Dominion,0,Air,Miami,Tampa,4/23/2025 6:33,2169.09,2.11,5841.53,158.09,216.91,0
SHP004645,C.H. Robinson,0,Air,Chicago,Atlanta,7/7/2025 23:41,1164.25,2.95,4992.85,414.71,116.43,0
SHP004646,FedEx,FTL,Road,Dallas,Atlanta,12/23/2025 7:03,925.16,1.32,28906.99,334.59,154.19,0
SHP004647,J.B. Hunt,FTL,Road,Dallas,San Francisco,11/12/2025 18:39,910.34,1.34,6724.82,119.01,151.72,0
SHP004648,J.B. Hunt,0,Air,Atlanta,Dallas,12/17/2025 20:42,1287.85,3.28,29648,462.8,128.78,0
SHP004649,DHL,0,Air,San Francisco,Tampa,1/23/2025 14:25,458.3,0.54,28115.98,140.36,45.83,0
SHP004650,XPO Logistics,0,Ocean,Chicago,San Francisco,11/24/2025 10:18,3005.59,14.03,4545.32,321.7,601.12,0
SHP004651,C.H. Robinson,0,Air,Boston,Miami,7/1/2025 18:06,1177.9,2.71,33443.27,86.38,117.79,0
SHP004652,Schneider,FTL,Road,Dallas,Chicago,9/21/2025 6:58,1120.5,3.3,36955.65,104.66,186.75,0
SHP004653,XPO Logistics,FTL,Road,Miami,Chicago,6/10/2025 14:32,745.25,2.57,31081.78,303.35,124.21,0
SHP004654,C.H. Robinson,0,Ocean,Atlanta,Dallas,12/7/2025 17:04,4208.87,22.09,15396.12,110.77,841.77,0
SHP004655,FedEx,0,Ocean,San Francisco,Boston,4/22/2025 9:43,5060.76,15.73,17844.24,243.82,1012.15,0
SHP004656,UPS,0,Ocean,Dallas,Tampa,8/15/2025 20:42,7696.65,18.12,4868.77,106.85,1539.33,0
SHP004657,XPO Logistics,0,Ocean,Boston,Dallas,2/18/2025 21:40,7816.82,17.98,36644.28,152.63,1563.36,0
SHP004658,XPO Logistics,0,Air,Tampa,Miami,11/17/2025 0:31,2303.04,3,12140.25,275.86,230.3,0
SHP004659,Schneider,0,Ocean,Chicago,New York,4/8/2025 6:45,5205.61,12.58,33173.56,416.6,1041.12,0
SHP004660,Schneider,0,Air,Tampa,Chicago,4/7/2025 13:37,2596.62,3.31,19779.3,191.34,259.66,0
SHP004661,XPO Logistics,0,Rail,Atlanta,Miami,1/23/2025 23:11,1530.2,4.43,10231.67,254.16,45.91,0
SHP004662,Schneider,LTL,Road,Miami,Chicago,8/23/2025 7:20,213.13,4.23,3458.82,131.07,0,319.69
SHP004663,DHL,FTL,Road,Boston,New York,12/20/2025 1:12,1149.99,4.72,31589.25,312.24,191.66,0
SHP004664,J.B. Hunt,0,Rail,Dallas,Chicago,9/4/2025 15:04,1542.68,6.31,24151.56,480.6,46.28,0
SHP004665,Schneider,0,Ocean,Atlanta,Tampa,10/27/2025 7:45,1936.96,22.75,16356.81,264.67,387.39,0
SHP004666,DHL,0,Air,Atlanta,Chicago,12/22/2025 14:02,631.4,2.39,24642.67,498.85,63.14,0
SHP004667,J.B. Hunt,LTL,Road,Miami,Tampa,2/7/2025 6:26,1171.47,5.81,3581.62,495.64,195.25,0
SHP004668,C.H. Robinson,0,Air,Atlanta,San Francisco,5/21/2025 15:51,1529.79,3.48,9044.64,253.41,152.98,0
SHP004669,DHL,LTL,Road,New York,Atlanta,12/6/2025 19:05,1160.91,5.7,6884.79,399.11,193.49,0
SHP004670,Old Dominion,0,Ocean,Tampa,Boston,8/3/2025 10:01,1823.2,17.88,24913.01,46.68,364.64,0
SHP004671,XPO Logistics,0,Ocean,New York,Chicago,3/28/2025 4:58,1348.69,4.39,29112.1,71.72,269.74,0
SHP004672,XPO Logistics,FTL,Road,Miami,Chicago,10/13/2025 22:22,587.89,2.3,22244.91,353.53,97.98,0
SHP004673,FedEx,FTL,Road,Atlanta,Chicago,6/24/2025 18:21,837.43,3.21,18841.23,199.51,139.57,0
SHP004674,FedEx,0,Rail,Miami,New York,12/28/2025 10:27,1579.06,3.32,10744.95,371.91,47.37,0
SHP004675,J.B. Hunt,0,Ocean,Boston,Dallas,10/3/2025 19:51,3198.23,20.63,13451.6,351.27,639.65,0
SHP004676,XPO Logistics,0,Rail,Dallas,Miami,3/12/2025 15:26,272.17,3.7,14057.59,408.52,8.17,0
SHP004677,XPO Logistics,FTL,Road,Miami,Tampa,4/2/2025 22:47,1162.11,2.9,33081.03,350.15,0,1743.16
SHP004678,FedEx,0,Ocean,Miami,Atlanta,12/5/2025 4:27,7755.39,19.84,3560.38,356.93,1551.08,0
SHP004679,Schneider,0,Rail,Chicago,New York,2/1/2025 18:28,1056.8,1.12,10426.86,460.96,31.7,0
SHP004680,FedEx,0,Air,Tampa,San Francisco,2/23/2025 14:49,2800.37,3.3,39280.29,403.47,280.04,0
SHP004681,UPS,0,Ocean,Boston,Tampa,2/4/2025 10:43,576.53,8.33,1709.66,47.96,115.31,0
SHP004682,XPO Logistics,0,Rail,Tampa,New York,4/17/2025 18:54,550.15,4.52,33977.51,431.12,16.5,0
SHP004683,Old Dominion,0,Air,San Francisco,Atlanta,1/17/2025 14:27,1963.75,3.75,20252.46,444.63,196.38,0
SHP004684,XPO Logistics,0,Rail,New York,San Francisco,4/4/2025 23:04,926.5,2.94,36698.31,194.58,27.79,0
SHP004685,DHL,0,Rail,Dallas,Atlanta,11/22/2025 2:47,1005.45,3.3,26682.09,497.52,30.16,0
SHP004686,FedEx,0,Ocean,Chicago,Tampa,1/2/2025 10:14,691.35,21.8,655.08,182.75,138.27,0
SHP004687,FedEx,0,Ocean,New York,Chicago,3/30/2025 13:02,1764.55,18.66,2499.13,277.19,352.91,0
SHP004688,Old Dominion,0,Rail,Chicago,Atlanta,4/30/2025 20:29,671.88,1.94,30986.82,109.49,20.16,0
SHP004689,Schneider,0,Air,Chicago,San Francisco,1/28/2025 10:18,903.92,1.46,23677.29,330.17,90.39,0
SHP004690,DHL,0,Ocean,Boston,Miami,3/27/2025 17:59,632.02,7.32,17523.35,166.66,126.4,0
SHP004691,FedEx,FTL,Road,Dallas,New York,12/5/2025 16:53,1066.8,4.78,25222.66,169.68,0,1600.2
SHP004692,C.H. Robinson,LTL,Road,Miami,San Francisco,5/30/2025 8:26,855.77,5.1,6009.08,392.45,142.63,0
SHP004693,FedEx,0,Air,Atlanta,New York,5/19/2025 15:26,2322.58,2.5,12831.24,373.15,232.26,0
SHP004694,DHL,0,Ocean,Tampa,Miami,8/7/2025 8:28,2050.97,19.15,32279.59,411.25,410.19,0
SHP004695,Old Dominion,0,Air,Atlanta,New York,7/5/2025 14:13,1576.87,1.17,4439.08,371.94,157.69,0
SHP004696,J.B. Hunt,0,Ocean,San Francisco,Dallas,9/11/2025 17:57,7146.96,16.32,6194.32,467.51,1429.39,0
SHP004697,Schneider,FTL,Road,Tampa,Boston,11/7/2025 8:26,1187.47,2.74,23995.6,388.84,197.91,0
SHP004698,DHL,0,Ocean,Boston,Dallas,1/28/2025 13:05,6022.92,23.29,5037.88,290.78,1204.58,0
SHP004699,FedEx,0,Ocean,Chicago,Atlanta,6/6/2025 4:25,5689.49,21.58,35027.33,489.02,1137.9,0
SHP004700,C.H. Robinson,0,Rail,Chicago,San Francisco,12/18/2025 23:04,1019.33,6.82,17377.63,211.73,30.58,0
SHP004701,XPO Logistics,0,Air,New York,San Francisco,1/14/2025 0:21,984.04,3.36,39439.7,128.91,98.4,0
SHP004702,Schneider,0,Ocean,New York,Miami,9/22/2025 13:02,920.99,19.94,24999.09,479.89,184.2,0
SHP004703,XPO Logistics,0,Ocean,Miami,San Francisco,9/21/2025 0:50,2391.79,3.56,19951.47,43.65,478.36,0
SHP004704,UPS,FTL,Road,Miami,Chicago,10/23/2025 11:40,351.06,0.97,9353.22,53.97,58.51,0
SHP004705,UPS,0,Rail,Boston,San Francisco,9/26/2025 6:57,1726.25,2.95,18033.95,449.41,51.79,0
SHP004706,XPO Logistics,0,Rail,San Francisco,New York,10/13/2025 21:23,1283.71,5.33,28369.75,414.58,38.51,0
SHP004707,UPS,0,Air,San Francisco,Tampa,7/24/2025 0:05,2669.71,2.75,35655.29,268.16,266.97,0
SHP004708,UPS,0,Air,Tampa,Atlanta,8/14/2025 0:59,1048.69,3.58,21888.18,453.16,104.87,0
SHP004709,C.H. Robinson,0,Ocean,Tampa,Miami,9/21/2025 23:43,801.26,10.75,37938.3,125.58,160.25,0
SHP004710,Old Dominion,0,Ocean,New York,Dallas,3/29/2025 1:30,7561.52,22.99,35344.62,282.27,1512.3,0
SHP004711,C.H. Robinson,LTL,Road,Boston,Miami,5/26/2025 7:14,793.98,5.25,7792.59,315.42,132.33,0
SHP004712,DHL,0,Air,Boston,San Francisco,7/14/2025 14:44,2952.1,2.9,39031.54,29.64,295.21,0
SHP004713,UPS,0,Air,Miami,Tampa,12/9/2025 1:20,675.19,2.08,15702.74,391.58,67.52,0
SHP004714,Schneider,LTL,Road,Tampa,New York,1/27/2025 3:31,234.71,5.86,3253.4,215.03,39.12,0
SHP004715,Old Dominion,LTL,Road,Tampa,Dallas,6/28/2025 21:18,365.96,3.58,727.49,75.69,0,548.94
SHP004716,FedEx,0,Rail,Dallas,Miami,12/16/2025 19:11,1393.28,2.31,9802.82,396.7,41.8,0
SHP004717,Old Dominion,LTL,Road,Chicago,Atlanta,8/29/2025 11:57,157.3,2.77,377.17,174.06,26.22,0
SHP004718,Schneider,0,Air,Boston,Atlanta,12/21/2025 20:42,2187.25,0.82,35589.22,454.84,218.73,0
SHP004719,J.B. Hunt,0,Rail,Miami,Chicago,11/1/2025 23:28,367.98,7.94,12252.42,42.97,11.04,0
SHP004720,J.B. Hunt,0,Air,Chicago,Dallas,3/19/2025 12:42,313.68,1.93,25377.49,166.76,31.37,0
SHP004721,UPS,0,Rail,Tampa,Dallas,2/12/2025 12:18,1538.75,6.02,14331.38,367.42,46.16,0
SHP004722,Schneider,0,Air,Dallas,San Francisco,5/30/2025 1:50,2839.32,0.83,12591.11,232.2,283.93,0
SHP004723,Old Dominion,LTL,Road,Dallas,San Francisco,11/10/2025 7:55,622.69,3.37,3111.18,333.96,103.78,0
SHP004724,Old Dominion,0,Ocean,Miami,Atlanta,10/21/2025 21:38,5338.13,14.71,4993.59,239.01,1067.63,0
SHP004725,FedEx,0,Ocean,New York,Miami,12/13/2025 12:49,3171.7,12.8,36913.72,240.79,634.34,0
SHP004726,FedEx,0,Air,Atlanta,Dallas,2/15/2025 14:19,337.75,2.04,32915.6,390.25,33.77,0
SHP004727,UPS,0,Air,San Francisco,Atlanta,7/20/2025 16:32,1686.15,1.37,18871,282.29,168.62,0
SHP004728,FedEx,0,Air,San Francisco,Atlanta,11/10/2025 1:32,2999.65,2.75,27923.46,246.24,299.97,0
SHP004729,FedEx,0,Rail,Atlanta,San Francisco,7/25/2025 5:18,767.18,6.69,20049.83,497.35,23.02,0
SHP004730,C.H. Robinson,0,Air,Boston,Chicago,5/16/2025 10:01,1534.23,0.74,27461.84,24.27,153.42,0
SHP004731,DHL,0,Rail,Chicago,Dallas,7/11/2025 7:20,600.8,3.48,29709.6,247.62,18.02,0
SHP004732,FedEx,0,Ocean,New York,Tampa,3/1/2025 2:44,714.84,15.57,16751.73,461,142.97,0
SHP004733,C.H. Robinson,0,Air,New York,Atlanta,5/9/2025 13:43,1648.82,2.98,9145.31,380.73,164.88,0
SHP004734,Schneider,0,Air,Dallas,Boston,3/26/2025 2:15,2246.58,3.66,1835.95,224.3,224.66,0
SHP004735,Old Dominion,0,Ocean,New York,Atlanta,12/7/2025 6:03,5593.67,4.09,16718.86,471.13,1118.73,0
SHP004736,FedEx,0,Rail,San Francisco,Miami,9/30/2025 0:56,897.5,7.9,2745.14,359.2,26.93,0
SHP004737,Schneider,0,Rail,Chicago,Miami,8/3/2025 8:09,1129.63,4.5,38848.47,65.7,33.89,0
SHP004738,DHL,0,Ocean,Chicago,Tampa,6/21/2025 10:18,7219.99,17.21,10730.34,450.93,1444,0
SHP004739,J.B. Hunt,0,Ocean,New York,Miami,11/9/2025 4:04,3719.71,19.91,15859.04,425.61,743.94,0
SHP004740,J.B. Hunt,0,Ocean,San Francisco,Atlanta,10/4/2025 8:28,5274.72,5.1,26161.69,96.48,1054.94,0
SHP004741,Old Dominion,0,Ocean,Tampa,Dallas,3/31/2025 18:15,3589.42,5.75,1369.64,106.73,717.88,0
SHP004742,C.H. Robinson,FTL,Road,San Francisco,Miami,4/3/2025 2:16,666.83,3.02,20309.14,124.6,111.14,0
SHP004743,DHL,FTL,Road,Chicago,San Francisco,1/25/2025 8:22,837.94,4.3,14639.73,440.7,139.66,0
SHP004744,Old Dominion,0,Rail,Miami,Dallas,8/8/2025 19:58,1230.44,5.99,11454.93,1.31,36.91,0
SHP004745,J.B. Hunt,0,Ocean,Boston,Chicago,5/31/2025 8:21,6990.32,20.09,5366.08,187.68,1398.06,0
SHP004746,UPS,0,Ocean,San Francisco,Tampa,5/1/2025 8:00,5460.04,16.35,34483.84,70.99,1092.01,0
SHP004747,C.H. Robinson,0,Rail,Dallas,San Francisco,1/2/2025 22:21,887.9,1.68,15889.01,8.54,26.64,0
SHP004748,XPO Logistics,0,Rail,Boston,Chicago,12/6/2025 2:44,1637.24,4.69,34067.19,30.89,49.12,0
SHP004749,UPS,0,Air,Miami,New York,9/22/2025 19:01,914.14,1.41,15774.31,401.63,91.41,0
SHP004750,J.B. Hunt,0,Rail,San Francisco,Boston,9/28/2025 9:50,818.49,2.43,3067.12,40.67,24.55,0
SHP004751,UPS,0,Ocean,Dallas,San Francisco,12/9/2025 11:26,6200.35,11.79,29184.15,341.46,1240.07,0
SHP004752,XPO Logistics,FTL,Road,Miami,San Francisco,3/11/2025 22:08,205.67,1.07,30336.01,360.91,34.28,0
SHP004753,FedEx,FTL,Road,Tampa,Miami,11/11/2025 8:33,484.74,0.7,977.87,144.79,80.79,0
SHP004754,DHL,0,Air,Dallas,Tampa,7/13/2025 1:08,324.9,1.31,17070.28,61.59,32.49,0
SHP004755,Old Dominion,0,Ocean,San Francisco,New York,5/8/2025 1:13,1282.08,21.72,23626.07,467.29,256.42,0
SHP004756,DHL,0,Rail,Boston,Tampa,10/2/2025 13:40,753.32,5.74,8585.32,309.55,22.6,0
SHP004757,UPS,0,Air,San Francisco,Dallas,6/30/2025 13:12,649.88,0.51,37295.51,277.89,64.99,0
SHP004758,DHL,LTL,Road,New York,Chicago,1/8/2025 15:34,1115.98,2.17,3378.69,200.93,186,0
SHP004759,J.B. Hunt,0,Ocean,Tampa,San Francisco,8/2/2025 2:20,5795.31,14.45,37051.52,13.7,1159.06,0
SHP004760,Schneider,0,Air,Atlanta,San Francisco,7/25/2025 12:14,2212.13,1.66,7619.23,255.69,221.21,0
SHP004761,FedEx,0,Ocean,Atlanta,Miami,6/1/2025 2:33,4287.98,5.01,8474.89,204.67,857.6,0
SHP004762,C.H. Robinson,0,Rail,Chicago,Dallas,3/13/2025 2:10,854.1,3.22,6367.53,3.18,25.62,0
SHP004763,J.B. Hunt,0,Ocean,Tampa,Dallas,11/11/2025 8:24,7776.76,22.76,19604.19,497.53,1555.35,0
SHP004764,FedEx,0,Rail,Chicago,Miami,9/30/2025 9:28,1277.85,1.48,5149.87,458.14,38.34,0
SHP004765,XPO Logistics,0,Air,Chicago,Tampa,5/5/2025 2:42,2001.14,3.45,35981.65,224.52,200.11,0
SHP004766,DHL,0,Rail,Boston,Tampa,3/27/2025 6:47,277.64,2.32,3129.59,95.18,8.33,0
SHP004767,Old Dominion,LTL,Road,Miami,Dallas,5/31/2025 4:50,522.11,0.93,1792.32,223.47,87.02,0
SHP004768,Schneider,0,Ocean,Miami,New York,8/7/2025 17:44,3051.28,12.29,17452.3,322.59,610.26,0
SHP004769,C.H. Robinson,0,Rail,Boston,New York,9/28/2025 14:47,1699.5,1.76,4420.78,426.55,50.98,0
SHP004770,XPO Logistics,LTL,Road,Chicago,Tampa,9/5/2025 14:35,632.36,4.66,2271.91,414.6,105.39,0
SHP004771,XPO Logistics,0,Air,Boston,Tampa,1/4/2025 13:11,2794.39,2.72,4682.22,447.75,279.44,0
SHP004772,Schneider,0,Rail,San Francisco,Miami,11/21/2025 11:52,1467.98,6.26,1950.76,399.68,44.04,0
SHP004773,DHL,0,Ocean,Dallas,Chicago,8/6/2025 5:12,1534.63,6.89,23296.83,133.23,306.93,0
SHP004774,Schneider,0,Ocean,Boston,Atlanta,1/19/2025 1:16,5460.11,15.38,4771.91,328.35,1092.02,0
SHP004775,Old Dominion,0,Rail,Atlanta,San Francisco,7/2/2025 22:37,1678.33,2.13,24083.95,171.59,50.35,0
SHP004776,DHL,0,Rail,Tampa,Chicago,8/25/2025 7:47,935.38,3.01,14488.16,15.43,28.06,0
SHP004777,DHL,0,Rail,Atlanta,Boston,8/18/2025 0:19,1770.48,5.37,20277.87,192.47,53.11,0
SHP004778,Schneider,0,Air,Tampa,Boston,3/20/2025 10:21,1756.31,1.83,14716.36,232.51,175.63,0
SHP004779,XPO Logistics,0,Air,Miami,San Francisco,11/6/2025 23:50,1045.15,1.13,22485.93,421.54,104.52,0
SHP004780,UPS,0,Ocean,Boston,Atlanta,1/20/2025 9:06,1646.21,2.72,10249.06,489.88,329.24,0
SHP004781,C.H. Robinson,0,Ocean,Boston,San Francisco,10/3/2025 2:23,6715.69,15.11,37205.33,223.19,1343.14,0
SHP004782,C.H. Robinson,0,Air,Miami,Boston,11/27/2025 14:14,2954.86,1.54,9992.08,319.39,295.49,0
SHP004783,J.B. Hunt,0,Air,Miami,San Francisco,1/6/2025 9:17,1321.02,2.69,12547.32,309.34,132.1,0
SHP004784,DHL,0,Ocean,Boston,Atlanta,4/27/2025 6:11,2568.1,3.12,36529.37,441.72,513.62,0
SHP004785,Old Dominion,LTL,Road,San Francisco,Atlanta,6/30/2025 17:29,1166.42,4.37,6874.8,279.94,194.4,0
SHP004786,J.B. Hunt,LTL,Road,Miami,New York,11/11/2025 8:20,194.83,1.34,3001.28,445.19,32.47,0
SHP004787,FedEx,0,Rail,Miami,Chicago,1/17/2025 15:26,476.75,7.46,21150.04,358.07,14.3,0
SHP004788,FedEx,0,Air,Dallas,Tampa,2/13/2025 4:45,597.66,1.44,38361.49,133.81,59.77,0
SHP004789,UPS,0,Rail,Dallas,Atlanta,9/19/2025 0:44,674.43,2.38,5598.41,117.4,20.23,0
SHP004790,XPO Logistics,0,Rail,Boston,Tampa,7/12/2025 4:34,1227.72,4.19,22373.36,62.06,36.83,0
SHP004791,Schneider,0,Rail,Atlanta,Dallas,10/9/2025 19:03,1483.39,6.49,1352.8,192.37,44.5,0
SHP004792,J.B. Hunt,LTL,Road,Tampa,New York,4/22/2025 6:29,129.09,4.8,7412.11,451.09,21.52,0
SHP004793,Old Dominion,0,Rail,Atlanta,Dallas,8/23/2025 0:08,578.25,4.19,7787.27,186.25,17.35,0
SHP004794,C.H. Robinson,0,Ocean,Chicago,Atlanta,8/24/2025 2:20,4416.82,3.17,28737.38,272.1,883.36,0
SHP004795,J.B. Hunt,0,Air,Miami,Atlanta,11/14/2025 11:29,2538.19,1.45,36181.18,499.35,253.82,0
SHP004796,Schneider,0,Air,Boston,Chicago,10/18/2025 10:39,2782.11,3.22,32588.57,287.3,278.21,0
SHP004797,C.H. Robinson,0,Air,Tampa,Dallas,6/15/2025 20:15,813.42,2.87,28653.74,492.71,81.34,0
SHP004798,Schneider,0,Rail,New York,San Francisco,2/28/2025 9:32,1066.08,2.9,27505.06,489.71,31.98,0
SHP004799,DHL,0,Air,New York,Atlanta,4/25/2025 19:22,778.48,1.64,21904.3,85.94,77.85,0
SHP004800,FedEx,0,Air,Chicago,Miami,12/6/2025 11:09,360,1.68,34682.15,22.69,36,0
SHP004801,Schneider,0,Ocean,Chicago,Boston,2/8/2025 12:41,3716.97,18.77,38150.71,492.75,743.39,0
SHP004802,J.B. Hunt,LTL,Road,Chicago,Tampa,7/11/2025 15:18,535.26,5.71,498.88,373.21,89.21,0
SHP004803,DHL,0,Air,Chicago,Tampa,4/15/2025 1:50,2035.41,1.37,20539.08,65.65,203.54,0
SHP004804,XPO Logistics,0,Ocean,Miami,Boston,11/15/2025 8:29,7036.98,9.87,25228.76,80.23,1407.4,0
SHP004805,XPO Logistics,LTL,Road,San Francisco,Tampa,7/5/2025 21:54,287.09,5.95,7567.9,481.02,0,430.63
SHP004806,J.B. Hunt,0,Rail,New York,Boston,3/28/2025 23:18,673.36,2.15,20371.2,247.84,20.2,0
SHP004807,FedEx,LTL,Road,Dallas,Boston,5/29/2025 20:53,251.19,4.47,3713.51,94,41.87,0
SHP004808,FedEx,0,Air,New York,Chicago,2/15/2025 17:57,1196.36,2.47,29195.6,241.46,119.64,0
SHP004809,FedEx,0,Air,Chicago,Dallas,9/2/2025 18:20,1719.11,0.99,36630.29,464.43,171.91,0
SHP004810,XPO Logistics,FTL,Road,Boston,San Francisco,2/15/2025 4:51,835.94,0.35,21714.43,314.98,139.32,0
SHP004811,UPS,0,Rail,Atlanta,Chicago,7/28/2025 0:05,1791.45,7.97,34375.64,32.85,53.74,0
SHP004812,Schneider,LTL,Road,San Francisco,Miami,4/30/2025 8:51,1146.27,3.77,8038.73,204.19,191.04,0
SHP004813,C.H. Robinson,0,Ocean,New York,Chicago,4/20/2025 19:49,2897.52,12.19,6301.54,179.18,579.5,0
SHP004814,DHL,0,Rail,Boston,Dallas,10/7/2025 13:05,1572.19,1.27,6459.68,63.43,47.17,0
SHP004815,UPS,0,Ocean,Dallas,Chicago,3/7/2025 3:49,3523.07,23.93,7347.64,73.6,704.61,0
SHP004816,XPO Logistics,0,Rail,Tampa,Boston,3/26/2025 19:05,1664.09,7.17,1773.49,376.1,49.92,0
SHP004817,DHL,LTL,Road,Tampa,New York,6/6/2025 17:02,803.79,4.66,5020.85,495.7,133.97,0
SHP004818,UPS,LTL,Road,Miami,Atlanta,7/4/2025 5:12,100.42,1.6,4055.98,225.44,16.74,0
SHP004819,XPO Logistics,LTL,Road,Chicago,Tampa,4/9/2025 10:25,1109.57,3.47,594.34,204.52,184.93,0
SHP004820,FedEx,FTL,Road,Chicago,New York,11/17/2025 12:31,528.96,5.8,24168.29,318.19,88.16,0
SHP004821,XPO Logistics,0,Air,New York,San Francisco,2/13/2025 0:54,2225.78,3.2,25584.52,119.36,222.58,0
SHP004822,XPO Logistics,LTL,Road,Boston,Chicago,1/16/2025 3:15,1055.15,4.46,7457.42,498.28,0,1582.73
SHP004823,J.B. Hunt,0,Rail,Tampa,Boston,5/8/2025 8:51,1484.04,6.8,38080.52,76.42,44.52,0
SHP004824,Old Dominion,0,Air,Miami,Tampa,9/10/2025 2:16,1643.86,2.53,13506.39,419.86,164.39,0
SHP004825,DHL,0,Ocean,Atlanta,Tampa,9/11/2025 14:22,6218.15,17.86,39887.4,130.43,1243.63,0
SHP004826,C.H. Robinson,0,Air,Boston,New York,4/26/2025 2:52,2285.73,2.43,12863.07,81.13,228.57,0
SHP004827,Old Dominion,0,Rail,New York,San Francisco,1/14/2025 6:42,1633.41,5.17,33084.89,273.13,49,0
SHP004828,FedEx,LTL,Road,Tampa,Dallas,12/20/2025 14:54,302.97,2.19,3908.16,486.49,50.5,0
SHP004829,C.H. Robinson,0,Rail,Miami,Boston,4/16/2025 1:27,209.01,7.9,39228.23,498.08,6.27,0
SHP004830,J.B. Hunt,0,Ocean,Tampa,New York,6/26/2025 19:38,4074.41,23.2,16126.17,14.12,814.88,0
SHP004831,DHL,0,Ocean,Miami,Dallas,12/18/2025 19:15,2182.6,22.8,1043.71,273.45,436.52,0
SHP004832,Old Dominion,0,Rail,Dallas,Miami,8/25/2025 1:01,320.96,3,3979.67,429.9,9.63,0
SHP004833,FedEx,FTL,Road,Tampa,Boston,9/11/2025 2:17,729.73,5.44,27689.95,485.54,0,1094.6
SHP004834,XPO Logistics,0,Ocean,Dallas,New York,4/4/2025 6:19,4324.08,16.05,23264.2,242.65,864.82,0
SHP004835,XPO Logistics,FTL,Road,Atlanta,San Francisco,5/31/2025 9:56,1022.85,3.96,32151.83,393.4,170.47,0
SHP004836,FedEx,0,Rail,Dallas,San Francisco,6/21/2025 19:46,505.67,5.55,8386.1,292.08,15.17,0
SHP004837,DHL,0,Ocean,Chicago,New York,9/26/2025 10:58,5580.76,23.94,1706.41,46.53,1116.15,0
SHP004838,UPS,0,Air,Atlanta,Miami,5/21/2025 11:20,507.97,1.89,32952.74,422.18,50.8,0
SHP004839,J.B. Hunt,0,Rail,New York,Atlanta,8/4/2025 0:13,1379.17,7.28,13252.97,44.99,41.38,0
SHP004840,XPO Logistics,0,Rail,Dallas,San Francisco,9/11/2025 17:35,293.04,6.96,29352.23,349.61,8.79,0
SHP004841,DHL,0,Ocean,Dallas,San Francisco,10/16/2025 20:12,3047.57,10.36,38345.48,32.84,609.51,0
SHP004842,C.H. Robinson,0,Rail,Tampa,New York,5/13/2025 22:15,1437.97,3.17,2042.66,371.54,43.14,0
SHP004843,C.H. Robinson,0,Air,Boston,Chicago,9/23/2025 9:26,1193.46,3.03,28452.35,267.86,119.35,0
SHP004844,UPS,0,Air,Miami,Atlanta,9/3/2025 22:17,2398.91,2.53,11822.16,367.32,239.89,0
SHP004845,C.H. Robinson,0,Ocean,Dallas,San Francisco,2/15/2025 4:02,4918.55,2.28,36114.95,273.28,983.71,0
SHP004846,DHL,0,Rail,New York,San Francisco,6/20/2025 11:56,1589.8,7.18,18076.18,254.32,47.69,0
SHP004847,Schneider,0,Ocean,Boston,Dallas,1/20/2025 3:16,3618.16,11.89,35858.31,394.28,723.63,0
SHP004848,J.B. Hunt,0,Air,Tampa,Atlanta,2/22/2025 3:47,641.62,2.64,39838.31,298.18,64.16,0
SHP004849,UPS,0,Air,New York,Dallas,8/13/2025 5:34,2421.85,3.19,14337.54,186.55,242.19,0
SHP004850,C.H. Robinson,0,Air,Dallas,Miami,7/14/2025 2:04,2255.01,2.25,23037.54,356.74,225.5,0
SHP004851,FedEx,0,Ocean,New York,Tampa,6/7/2025 12:58,6331.81,7.97,6298.35,146.61,1266.36,0
SHP004852,DHL,0,Rail,Miami,Tampa,2/15/2025 16:38,1012.06,3.39,22950.33,27.68,30.36,0
SHP004853,J.B. Hunt,0,Ocean,Tampa,Boston,6/20/2025 10:21,4323.13,10.1,21619.34,211.84,864.63,0
SHP004854,XPO Logistics,0,Ocean,Atlanta,Chicago,3/31/2025 23:25,2631.69,21.89,7798.22,341,526.34,0
SHP004855,UPS,0,Ocean,San Francisco,Boston,4/29/2025 15:28,7434.84,13.85,35118.14,63.3,1486.97,0
SHP004856,Schneider,0,Air,Tampa,Chicago,5/29/2025 21:17,1633.23,2.1,820.69,222.19,163.32,0
SHP004857,C.H. Robinson,0,Air,Atlanta,Boston,10/18/2025 11:43,1296.38,2.84,37564.03,43.81,129.64,0
SHP004858,UPS,0,Ocean,Tampa,New York,4/29/2025 0:54,2956.07,11.77,18479.82,387.63,591.21,0
SHP004859,C.H. Robinson,FTL,Road,Chicago,New York,3/18/2025 7:33,559.91,0.41,28549.11,442.53,93.32,0
SHP004860,Old Dominion,0,Ocean,San Francisco,Miami,3/6/2025 22:06,4354.29,14.78,6935.99,111.1,870.86,0
SHP004861,Schneider,0,Rail,Miami,Boston,9/29/2025 7:34,576.27,4.02,37161.74,261.37,17.29,0
SHP004862,FedEx,FTL,Road,Boston,Tampa,10/27/2025 6:16,270.91,1.78,15668.59,312.01,45.15,0
SHP004863,J.B. Hunt,FTL,Road,Atlanta,Tampa,2/5/2025 6:26,556.04,2.51,22806.78,121.68,92.67,0
SHP004864,XPO Logistics,LTL,Road,San Francisco,Boston,5/9/2025 17:17,140.74,0.39,2624.9,46.7,23.46,0
SHP004865,DHL,0,Ocean,Boston,Tampa,1/8/2025 22:26,3022.55,19,28793.63,305.85,604.51,0
SHP004866,UPS,0,Ocean,Atlanta,Miami,12/5/2025 18:21,6893.75,8.21,35459.62,200.22,1378.75,0
SHP004867,C.H. Robinson,0,Air,Chicago,Atlanta,7/1/2025 8:18,1382.41,1.92,4374.73,487.77,138.24,0
SHP004868,Old Dominion,0,Ocean,Atlanta,Chicago,3/12/2025 2:47,1538.8,9.5,13112.36,38.27,307.76,0
SHP004869,FedEx,0,Air,Miami,New York,9/1/2025 10:10,711.1,0.66,12049.98,433.46,71.11,0
SHP004870,XPO Logistics,LTL,Road,Miami,Atlanta,2/4/2025 20:28,440.36,0.96,6510.08,498.3,73.39,0
SHP004871,J.B. Hunt,0,Air,San Francisco,Dallas,10/24/2025 21:50,927.27,1.48,38887.96,90.21,92.73,0
SHP004872,C.H. Robinson,0,Air,Chicago,New York,6/10/2025 21:07,1680.28,1.34,37327.9,490.78,168.03,0
SHP004873,Old Dominion,0,Rail,Dallas,Boston,3/25/2025 13:17,1503.52,3.2,16437.76,121.91,45.11,0
SHP004874,DHL,LTL,Road,Tampa,New York,8/27/2025 17:06,1074.37,5.51,4275.88,328.61,179.06,0
SHP004875,XPO Logistics,0,Air,Atlanta,Dallas,7/27/2025 2:47,746.99,2.02,25444.21,193.32,74.7,0
SHP004876,XPO Logistics,FTL,Road,San Francisco,Atlanta,12/24/2025 9:11,461.24,0.26,32269.59,444.78,76.87,0
SHP004877,XPO Logistics,0,Air,Atlanta,Boston,3/18/2025 17:12,2917.55,3.02,22177.3,135.37,291.76,0
SHP004878,Schneider,0,Ocean,Chicago,Miami,10/1/2025 15:45,7994.75,14.97,27405.59,341.52,1598.95,0
SHP004879,XPO Logistics,0,Ocean,Boston,San Francisco,10/12/2025 3:42,6839.39,2.21,9199.75,333.1,1367.88,0
SHP004880,Old Dominion,LTL,Road,Miami,Chicago,11/23/2025 14:45,1079.42,4.19,4222.89,181.42,179.9,0
SHP004881,Old Dominion,LTL,Road,Atlanta,San Francisco,2/3/2025 16:55,898.64,4.51,6129.52,146.44,149.77,0
SHP004882,UPS,FTL,Road,New York,Miami,9/7/2025 23:36,1113.93,3.42,31724.45,107.94,185.66,0
SHP004883,C.H. Robinson,FTL,Road,New York,Tampa,7/25/2025 8:16,445.65,5.28,2479.23,256.65,74.27,0
SHP004884,J.B. Hunt,LTL,Road,Dallas,Tampa,8/23/2025 11:51,603.96,4.57,2926.65,110.31,100.66,0
SHP004885,Schneider,0,Rail,San Francisco,Boston,9/8/2025 6:46,1681.81,5,4635.24,97.33,50.45,0
SHP004886,Old Dominion,0,Rail,Dallas,San Francisco,12/9/2025 15:18,1798.12,2.37,24613.78,210.64,53.94,0
SHP004887,UPS,0,Ocean,Tampa,New York,8/29/2025 17:35,7141.99,18.61,24079.58,6.36,1428.4,0
SHP004888,UPS,0,Rail,Atlanta,New York,3/30/2025 10:59,1607.67,4.11,37297.32,248.27,48.23,0
SHP004889,FedEx,0,Rail,New York,Boston,11/29/2025 23:49,1310.76,1.49,29933.49,169.66,39.32,0
SHP004890,FedEx,0,Rail,Chicago,San Francisco,9/5/2025 18:37,762.17,1.83,6300.86,93.69,22.87,0
SHP004891,C.H. Robinson,0,Ocean,Miami,Dallas,1/10/2025 4:34,2961.55,21.62,15046.28,362.46,592.31,0
SHP004892,Schneider,0,Air,Dallas,Atlanta,4/21/2025 18:41,523.42,2.57,19534.7,489,52.34,0
SHP004893,DHL,0,Ocean,New York,San Francisco,6/7/2025 12:48,6846.56,12.01,31118.14,97.33,1369.31,0
SHP004894,FedEx,LTL,Road,Tampa,Chicago,8/30/2025 0:53,696.69,0.68,3578.68,113.71,116.12,0
SHP004895,FedEx,0,Ocean,Tampa,Boston,5/6/2025 15:33,5891.82,12.78,30167.28,258.13,1178.36,0
SHP004896,FedEx,0,Ocean,Miami,Boston,10/24/2025 7:10,1148.63,18.18,33412.56,451.86,229.73,0
SHP004897,J.B. Hunt,0,Ocean,Tampa,Atlanta,9/21/2025 7:17,4789.94,18.58,30205.75,78.72,957.99,0
SHP004898,C.H. Robinson,0,Rail,Miami,Dallas,6/5/2025 17:28,462.75,1.5,13136.59,237.28,13.88,0
SHP004899,J.B. Hunt,0,Rail,Miami,Chicago,1/31/2025 15:51,1796.64,4.02,29186.58,347.01,53.9,0
SHP004900,C.H. Robinson,0,Air,Atlanta,Dallas,6/12/2025 14:08,852.1,0.7,22067.27,350.45,85.21,0
SHP004901,DHL,0,Ocean,Miami,Chicago,12/13/2025 8:05,7986.89,9.89,35906.4,191.58,1597.38,0
SHP004902,FedEx,FTL,Road,San Francisco,Dallas,6/29/2025 0:54,842.82,3.69,2592.66,40.12,140.47,0
SHP004903,DHL,0,Rail,San Francisco,Chicago,3/9/2025 4:03,233.22,3.6,29959.14,87.2,7,0
SHP004904,XPO Logistics,0,Ocean,Chicago,San Francisco,11/10/2025 7:03,5043.9,8.35,31981.21,399.4,1008.78,0
SHP004905,Schneider,0,Rail,Miami,Atlanta,5/11/2025 11:10,1440.66,4.67,11740.39,404.91,43.22,0
SHP004906,FedEx,0,Ocean,Dallas,New York,1/6/2025 19:58,1895.75,8.37,7765.93,337.43,379.15,0
SHP004907,XPO Logistics,0,Ocean,San Francisco,Boston,1/21/2025 23:24,5646.77,16.36,16916.26,50.99,1129.35,0
SHP004908,DHL,0,Air,New York,San Francisco,9/21/2025 10:09,2760.16,2.28,16575.4,294.82,276.02,0
SHP004909,DHL,0,Air,Boston,Dallas,9/3/2025 11:07,820.53,0.96,16518.25,114.38,82.05,0
SHP004910,FedEx,0,Air,Dallas,San Francisco,11/21/2025 18:37,959.58,3.62,21464.99,242.25,95.96,0
SHP004911,XPO Logistics,FTL,Road,Dallas,San Francisco,7/28/2025 19:59,842.9,5.72,4931.84,416.93,140.48,0
SHP004912,J.B. Hunt,0,Rail,Chicago,San Francisco,8/11/2025 7:13,1134.43,2.02,12237.4,241.7,34.03,0
SHP004913,DHL,0,Rail,Chicago,Atlanta,7/1/2025 22:25,1305.88,2.7,21627.71,342.65,39.18,0
SHP004914,DHL,0,Rail,Boston,New York,4/23/2025 15:43,917.99,7.04,34843.63,235.87,27.54,0
SHP004915,FedEx,0,Rail,Atlanta,Boston,10/24/2025 6:06,1756.68,1.53,632.81,190.95,52.7,0
SHP004916,FedEx,0,Rail,Dallas,Miami,8/30/2025 23:44,1161.76,5.4,19319.61,63.32,34.85,0
SHP004917,Old Dominion,FTL,Road,Chicago,Miami,1/18/2025 6:47,246.07,5.15,34782.49,337.28,41.01,0
SHP004918,XPO Logistics,FTL,Road,Dallas,New York,4/11/2025 21:07,813.85,3.69,8515.57,214.7,135.64,0
SHP004919,Schneider,0,Air,Atlanta,Dallas,11/21/2025 2:08,2178.92,2.38,1233.92,476.82,217.89,0
SHP004920,UPS,0,Ocean,Tampa,Dallas,8/26/2025 7:28,6836.12,7.73,24850.13,461.7,1367.22,0
SHP004921,C.H. Robinson,0,Air,New York,San Francisco,8/4/2025 18:42,559.23,2.26,18521.6,205.69,55.92,0
SHP004922,DHL,FTL,Road,San Francisco,Chicago,7/2/2025 9:19,1010.93,2.44,3014.7,33.85,168.49,0
SHP004923,DHL,FTL,Road,Boston,Atlanta,4/24/2025 14:39,99.16,2.6,28877.05,102.66,16.53,0
SHP004924,DHL,0,Ocean,San Francisco,Tampa,6/15/2025 6:45,5348.51,17.12,10580.48,300.68,1069.7,0
SHP004925,Schneider,0,Ocean,Dallas,Miami,11/5/2025 13:33,5636.51,12.27,13800.31,309.96,1127.3,0
SHP004926,XPO Logistics,0,Rail,San Francisco,Miami,3/9/2025 16:35,1764.56,3.99,15973.54,232.67,52.94,0
SHP004927,XPO Logistics,LTL,Road,Boston,San Francisco,8/28/2025 21:43,137.65,3.43,3387.67,61.59,22.94,0
SHP004928,DHL,0,Rail,New York,Miami,7/10/2025 0:15,946.01,1.02,16370.52,53.76,28.38,0
SHP004929,FedEx,FTL,Road,Miami,Chicago,2/11/2025 21:43,77.94,4.99,36691.83,104.63,12.99,0
SHP004930,C.H. Robinson,0,Rail,Atlanta,Tampa,7/22/2025 13:27,1062.88,2.95,19996.31,218.88,31.89,0
SHP004931,UPS,FTL,Road,Boston,New York,9/11/2025 13:30,359.41,4.28,5496.39,27.48,59.9,0
SHP004932,Schneider,0,Air,Miami,New York,3/14/2025 17:37,2372.72,2.83,20191.78,234.43,237.27,0
SHP004933,Old Dominion,LTL,Road,Dallas,Atlanta,6/8/2025 4:54,622.02,2.76,4019.99,250.35,103.67,0
SHP004934,C.H. Robinson,0,Ocean,Chicago,New York,2/22/2025 10:22,4463.86,17.22,28592.68,189.44,892.77,0
SHP004935,C.H. Robinson,0,Rail,Boston,Chicago,4/16/2025 18:43,861.66,3.62,21693.16,227.22,25.85,0
SHP004936,FedEx,0,Rail,San Francisco,Atlanta,6/22/2025 19:18,1623.35,5.87,35996.93,354.86,48.7,0
SHP004937,C.H. Robinson,0,Rail,Atlanta,Chicago,5/27/2025 13:23,1753.59,5.45,38560.23,79.93,52.61,0
SHP004938,Old Dominion,0,Air,Dallas,Tampa,8/29/2025 1:32,441.69,2.53,39347.98,209.39,44.17,0
SHP004939,UPS,0,Rail,Tampa,New York,3/18/2025 23:54,539.27,4.65,26127.55,158.27,16.18,0
SHP004940,DHL,LTL,Road,Boston,New York,7/12/2025 7:43,871.98,5.86,8985.09,146.5,145.33,0
SHP004941,DHL,0,Air,Miami,Atlanta,8/25/2025 6:46,1182.15,1.8,16084.83,51.06,118.22,0
SHP004942,XPO Logistics,0,Rail,Dallas,Chicago,9/16/2025 14:17,1419.14,3.56,35252.89,463.54,42.57,0
SHP004943,FedEx,FTL,Road,Miami,Tampa,10/25/2025 3:02,78.1,5.93,28545.9,260.68,13.02,0
SHP004944,XPO Logistics,0,Air,Miami,Dallas,1/12/2025 23:28,1351.72,2.31,13322.68,311.72,135.17,0
SHP004945,XPO Logistics,0,Rail,Miami,Chicago,6/5/2025 14:49,348.77,5.35,11376.12,9.8,10.46,0
SHP004946,UPS,0,Ocean,Atlanta,San Francisco,7/5/2025 20:17,4645.29,14.73,17349.48,37.07,929.06,0
SHP004947,FedEx,0,Ocean,Miami,Boston,1/30/2025 19:42,7200.07,15.45,5070.68,255.95,1440.01,0
SHP004948,Schneider,0,Rail,Boston,Tampa,8/1/2025 9:58,995.61,1.42,24470.96,404.35,29.87,0
SHP004949,C.H. Robinson,LTL,Road,San Francisco,Chicago,5/7/2025 22:17,911.36,1.42,8643.58,171.93,151.89,0
SHP004950,XPO Logistics,0,Ocean,San Francisco,Chicago,9/10/2025 6:44,7598.81,3.58,19705.24,298.97,1519.76,0
SHP004951,FedEx,0,Ocean,Tampa,Miami,12/31/2025 10:08,2357.38,18.97,25262.38,10.04,471.48,0
SHP004952,XPO Logistics,0,Air,Miami,Dallas,6/26/2025 2:35,1942.6,2.22,8243.15,497.88,194.26,0
SHP004953,XPO Logistics,0,Ocean,San Francisco,Miami,8/19/2025 14:05,7228.72,8.44,21872.3,158.93,1445.74,0
SHP004954,C.H. Robinson,0,Ocean,San Francisco,New York,5/16/2025 11:02,6316.22,22.47,14673.73,402.99,1263.24,0
SHP004955,Schneider,0,Air,Dallas,Atlanta,1/21/2025 12:10,1645.7,1.89,37567.66,255.69,164.57,0
SHP004956,C.H. Robinson,LTL,Road,Dallas,Tampa,10/20/2025 20:37,587.52,4.12,2723.16,163.07,97.92,0
SHP004957,J.B. Hunt,0,Air,Miami,Boston,11/8/2025 20:10,2816.52,2.87,33152.17,136.28,281.65,0
SHP004958,C.H. Robinson,0,Rail,San Francisco,Boston,4/29/2025 11:16,1070.06,7.8,13088.8,81.08,32.1,0
SHP004959,Schneider,0,Air,Chicago,Tampa,4/6/2025 3:43,1679.39,1.86,6803.3,444.39,167.94,0
SHP004960,UPS,0,Ocean,Tampa,Boston,5/1/2025 16:28,7930.43,14.51,31099.73,429.66,1586.09,0
SHP004961,C.H. Robinson,LTL,Road,Dallas,Chicago,8/3/2025 19:18,856.13,0.5,1702.7,36.42,142.69,0
SHP004962,Old Dominion,0,Ocean,Tampa,Dallas,10/28/2025 1:13,574.1,8.73,15998.06,121.27,114.82,0
SHP004963,UPS,0,Ocean,San Francisco,Dallas,5/22/2025 14:27,984.53,13.66,11296.11,398.22,196.91,0
SHP004964,XPO Logistics,FTL,Road,New York,Chicago,6/23/2025 1:48,59.26,5.09,38212.77,358.35,0,88.89
SHP004965,UPS,0,Ocean,Atlanta,Chicago,10/10/2025 13:45,6002.33,22.54,8758.32,497.29,1200.47,0
SHP004966,XPO Logistics,LTL,Road,San Francisco,Tampa,11/5/2025 7:13,939.5,4.43,3706.74,273.34,156.58,0
SHP004967,C.H. Robinson,0,Air,Chicago,Boston,10/6/2025 13:45,2065.58,2.67,28346.89,42.11,206.56,0
SHP004968,Schneider,LTL,Road,Dallas,Atlanta,1/1/2025 0:10,459,2.75,2717.2,87.14,76.5,0
SHP004969,FedEx,0,Ocean,Dallas,Boston,9/23/2025 0:06,1541.96,10.06,19990.95,32.43,308.39,0
SHP004970,UPS,LTL,Road,San Francisco,Boston,8/27/2025 3:34,1138.43,4.65,7348.89,87.26,189.74,0
SHP004971,J.B. Hunt,0,Air,Tampa,San Francisco,12/1/2025 2:38,1930.26,2.35,39307.52,374.09,193.03,0
SHP004972,Schneider,LTL,Road,Miami,Atlanta,7/11/2025 1:56,712.13,5.14,1677.68,8.59,118.69,0
SHP004973,XPO Logistics,0,Air,New York,Atlanta,2/18/2025 21:52,2163.63,0.84,5059.63,372.6,216.36,0
SHP004974,Old Dominion,0,Ocean,Boston,Tampa,9/14/2025 13:50,2529.01,15.83,36737.57,158.92,505.8,0
SHP004975,XPO Logistics,FTL,Road,Tampa,Atlanta,6/9/2025 19:09,299.72,0.86,5653.26,32.05,0,449.58
SHP004976,C.H. Robinson,0,Rail,Atlanta,Tampa,9/9/2025 22:06,340.23,4.02,13174.17,353.57,10.21,0
SHP004977,Schneider,LTL,Road,Dallas,New York,2/8/2025 6:17,1050.78,4.76,5376.78,52.12,175.13,0
SHP004978,FedEx,0,Rail,Chicago,Tampa,10/16/2025 8:02,1335.63,3.54,3883.19,421.39,40.07,0
SHP004979,Old Dominion,0,Rail,Boston,Miami,12/13/2025 2:59,741.15,2.53,34922.36,451.16,22.23,0
SHP004980,DHL,0,Ocean,Atlanta,San Francisco,10/12/2025 11:24,3042.28,9.81,23395.33,366.99,608.46,0
SHP004981,UPS,0,Ocean,San Francisco,Atlanta,1/4/2025 12:25,973.62,15.05,38136.39,131.78,194.72,0
SHP004982,XPO Logistics,LTL,Road,Miami,Boston,3/9/2025 23:02,1095.15,5.71,2801.16,377.35,182.53,0
SHP004983,DHL,FTL,Road,Atlanta,Tampa,9/9/2025 21:05,324.59,4.49,31998.09,124.36,54.1,0
SHP004984,UPS,LTL,Road,Miami,Tampa,2/2/2025 17:05,873.25,4.92,3682,84.68,145.54,0
SHP004985,XPO Logistics,0,Rail,Dallas,Boston,12/14/2025 19:54,347.14,5.03,39134.88,411.65,10.41,0
SHP004986,Old Dominion,0,Rail,Tampa,Chicago,6/16/2025 11:37,897.34,4.76,11541.35,82.37,26.92,0
SHP004987,J.B. Hunt,0,Rail,Tampa,San Francisco,3/19/2025 7:07,971.33,4.24,21116.23,476.45,29.14,0
SHP004988,UPS,0,Air,Miami,San Francisco,12/3/2025 22:32,1930.52,2.62,5556.98,498.25,193.05,0
SHP004989,Schneider,FTL,Road,New York,Atlanta,10/8/2025 1:18,938.77,5.29,16864.87,251.56,156.46,0
SHP004990,C.H. Robinson,FTL,Road,Chicago,Tampa,1/26/2025 6:50,650.4,1.37,27734.82,451.59,0,975.6
SHP004991,FedEx,LTL,Road,Miami,Boston,2/22/2025 22:56,238.26,0.75,7421.46,137.33,39.71,0
SHP004992,UPS,0,Air,San Francisco,Miami,7/28/2025 1:56,1984.43,2.94,13215.48,407.76,198.44,0
SHP004993,XPO Logistics,0,Ocean,New York,Dallas,1/20/2025 17:53,4624.92,21.12,30650.1,434.42,924.98,0
SHP004994,Schneider,0,Air,Miami,San Francisco,6/16/2025 8:17,354.44,1.35,4055.31,221.6,35.44,0
SHP004995,C.H. Robinson,FTL,Road,Tampa,Atlanta,6/20/2025 16:02,1073.45,2.94,34063.67,164.26,178.91,0
SHP004996,XPO Logistics,0,Rail,Boston,Chicago,6/24/2025 12:27,743.31,7.27,17319.78,395.09,22.3,0
SHP004997,J.B. Hunt,0,Air,Tampa,San Francisco,5/13/2025 4:38,938.94,3.82,23195.84,379.9,93.89,0
SHP004998,Schneider,FTL,Road,Chicago,Miami,1/9/2025 9:39,152.94,3.08,36091.02,438.64,25.49,0
SHP004999,XPO Logistics,0,Ocean,Boston,Dallas,4/2/2025 10:54,851.1,8.68,18011.14,86.96,170.22,0
SHP005000,Schneider,0,Air,Boston,Dallas,7/19/2025 19:05,2271,1.15,14192.27,331.98,227.1,0
SHP005001,DHL,0,Rail,Tampa,New York,7/20/2025 9:31,971.34,6.17,38467.71,59.16,29.14,0
SHP005002,C.H. Robinson,0,Ocean,New York,San Francisco,5/31/2025 21:45,5821.76,7.07,16871.83,17.4,1164.35,0
SHP005003,Old Dominion,0,Air,Tampa,Chicago,12/18/2025 12:08,666.95,1.62,14008.44,449.89,66.7,0
SHP005004,C.H. Robinson,0,Ocean,New York,Tampa,7/19/2025 12:08,6063.6,23.39,24163.32,121.62,1212.72,0
SHP005005,DHL,0,Ocean,Tampa,Boston,4/8/2025 9:38,2957.41,9.04,13396.53,336.81,591.48,0
SHP005006,C.H. Robinson,0,Air,Miami,San Francisco,11/1/2025 20:50,1733.18,1.85,6389.05,12.05,173.32,0
SHP005007,DHL,0,Ocean,Tampa,New York,7/22/2025 11:24,2141.26,4.36,31525.08,57.14,428.25,0
SHP005008,DHL,0,Ocean,Boston,Miami,12/17/2025 9:02,5931.71,10.48,3398.45,406.55,1186.34,0
SHP005009,J.B. Hunt,FTL,Road,Boston,New York,3/17/2025 10:09,716.58,1.61,35839.91,23.58,119.43,0
SHP005010,C.H. Robinson,0,Rail,Dallas,Chicago,3/19/2025 10:52,522.91,6.26,28520.43,145.35,15.69,0
SHP005011,C.H. Robinson,LTL,Road,Atlanta,Miami,11/14/2025 9:38,121.33,5.18,3239.92,98.66,20.22,0
SHP005012,DHL,FTL,Road,Chicago,Tampa,1/29/2025 10:49,643.47,5.48,2220.09,383.14,107.25,0
SHP005013,UPS,FTL,Road,Dallas,Chicago,2/14/2025 6:46,708.34,2.7,29891.18,482.95,0,1062.51
SHP005014,XPO Logistics,0,Air,Atlanta,Dallas,1/9/2025 10:39,918.86,1,36558.83,334.81,91.89,0
SHP005015,UPS,0,Air,Chicago,New York,3/18/2025 4:46,1482.56,2.51,29951.75,386.74,148.26,0
SHP005016,UPS,LTL,Road,Chicago,Atlanta,5/13/2025 23:14,1107.88,2.7,3040.1,320.19,184.65,0
SHP005017,Old Dominion,0,Air,New York,Dallas,1/16/2025 17:59,1422.47,2.58,17089.44,77.34,142.25,0
SHP005018,Old Dominion,0,Rail,San Francisco,Miami,4/11/2025 21:53,951.08,5.84,32071.71,247.17,28.53,0
SHP005019,DHL,0,Ocean,Chicago,Miami,6/5/2025 1:48,1739.28,11.12,31558.61,207.02,347.86,0
SHP005020,UPS,LTL,Road,Miami,San Francisco,2/17/2025 6:31,851.01,3.17,2526.05,398.28,0,1276.51
SHP005021,J.B. Hunt,LTL,Road,Tampa,Boston,7/16/2025 4:55,146.85,3.27,2207.58,34.47,24.47,0
SHP005022,C.H. Robinson,0,Rail,Miami,Chicago,8/26/2025 16:49,1004.69,4.5,28422.59,372.63,30.14,0
SHP005023,J.B. Hunt,0,Rail,Atlanta,Chicago,9/16/2025 15:28,1364.47,3.87,25451.75,288.9,40.93,0
SHP005024,DHL,0,Air,Chicago,San Francisco,4/20/2025 22:19,1438.22,2.59,37916.29,97.25,143.82,0
SHP005025,J.B. Hunt,0,Rail,Boston,Miami,11/17/2025 4:20,1649.24,1.37,12681.37,144.78,49.48,0
SHP005026,Schneider,0,Air,Chicago,New York,11/24/2025 10:12,1991.19,0.96,35352.73,414.45,199.12,0
SHP005027,Schneider,LTL,Road,Boston,San Francisco,4/6/2025 17:01,799.88,2.89,9339.62,415.54,133.31,0
SHP005028,DHL,LTL,Road,San Francisco,Chicago,10/11/2025 23:33,624.21,4.29,5734.26,294.38,104.04,0
SHP005029,Old Dominion,0,Ocean,Chicago,Tampa,5/15/2025 14:25,2982.32,12.17,3585.8,179.32,596.46,0
SHP005030,DHL,0,Ocean,Miami,Dallas,12/29/2025 1:34,5718.71,22.97,38541.03,278.31,1143.74,0
SHP005031,Old Dominion,0,Ocean,San Francisco,Chicago,12/28/2025 22:52,5049.67,6.09,27964.67,36.26,1009.93,0
SHP005032,XPO Logistics,LTL,Road,Tampa,Miami,4/17/2025 2:43,377.39,4.09,3206.55,25.87,62.9,0
SHP005033,DHL,0,Ocean,Atlanta,San Francisco,4/8/2025 3:23,6739.03,8.83,2992.66,38.32,1347.81,0
SHP005034,Old Dominion,0,Ocean,Chicago,Tampa,12/3/2025 20:02,2388.19,5.92,31084.85,161.52,477.64,0
SHP005035,UPS,0,Air,New York,Dallas,5/15/2025 7:00,2472.68,1.11,19968.73,344.33,247.27,0
SHP005036,C.H. Robinson,FTL,Road,New York,Dallas,7/2/2025 4:37,799.79,3.71,37030.45,115.03,133.3,0
SHP005037,XPO Logistics,0,Air,Atlanta,Miami,8/25/2025 9:17,1633.04,3.59,3576.8,28.89,163.3,0
SHP005038,UPS,0,Rail,New York,Atlanta,11/10/2025 15:06,573.28,5.43,10765.25,95.93,17.2,0
SHP005039,Old Dominion,0,Air,Dallas,New York,5/5/2025 8:50,1538.77,2.65,10318.03,151.04,153.88,0
SHP005040,UPS,0,Rail,Miami,Boston,11/12/2025 14:01,1181.69,7.62,27152.3,391.67,35.45,0
SHP005041,Old Dominion,LTL,Road,Dallas,Boston,4/26/2025 9:19,471.83,1.82,4624.54,403.76,78.64,0
SHP005042,UPS,0,Air,Atlanta,Boston,10/10/2025 22:26,1532.01,3.46,39556.49,36.94,153.2,0
SHP005043,DHL,FTL,Road,Miami,Tampa,3/8/2025 3:23,102.22,1.11,15682.6,66.39,17.04,0
SHP005044,XPO Logistics,0,Ocean,San Francisco,New York,8/22/2025 13:58,7029.98,2.51,12973.81,93.16,1406,0
SHP005045,XPO Logistics,0,Rail,Boston,Chicago,10/26/2025 1:58,1690.46,5.69,36525.2,486.19,50.71,0
SHP005046,Schneider,0,Rail,New York,Chicago,3/27/2025 5:14,995.36,2.64,8152.29,112.24,29.86,0
SHP005047,XPO Logistics,0,Air,Tampa,San Francisco,1/8/2025 9:28,2213.2,0.64,2528.76,304.46,221.32,0
SHP005048,Old Dominion,FTL,Road,Dallas,Boston,8/26/2025 9:29,788.37,4.08,15189.28,403.17,131.4,0
SHP005049,C.H. Robinson,0,Ocean,San Francisco,Tampa,8/24/2025 0:14,4502.18,4.32,31985.42,476.58,900.44,0
SHP005050,FedEx,0,Ocean,Miami,Boston,6/30/2025 12:00,950.27,10.61,19756.88,74.09,190.05,0
SHP005051,DHL,0,Ocean,Miami,Atlanta,3/13/2025 5:54,7007.82,8.25,31428.84,335.83,1401.56,0
SHP005052,DHL,LTL,Road,Chicago,Tampa,4/19/2025 16:26,737.75,1.35,2323.93,24.63,122.96,0
SHP005053,J.B. Hunt,0,Ocean,San Francisco,Boston,8/14/2025 4:27,2305.34,9.6,33409.24,183.83,461.07,0
SHP005054,Schneider,0,Rail,Dallas,New York,1/6/2025 9:46,1407.39,4.08,31502.3,488.16,42.22,0
SHP005055,C.H. Robinson,0,Ocean,Chicago,Miami,1/19/2025 12:25,2298.81,20.97,25062.05,408.83,459.76,0
SHP005056,J.B. Hunt,FTL,Road,Atlanta,New York,4/14/2025 8:41,799.32,2.69,9508.96,35.95,0,1198.98
SHP005057,UPS,0,Rail,Atlanta,San Francisco,5/22/2025 18:56,1056.83,7.93,29652.65,164.35,31.7,0
SHP005058,FedEx,FTL,Road,Miami,Chicago,5/14/2025 5:07,1001.29,4.67,11624.61,8.14,0,1501.93
SHP005059,Old Dominion,0,Ocean,Dallas,San Francisco,10/13/2025 21:05,1386.22,21.3,33544.24,148.31,277.24,0
SHP005060,UPS,FTL,Road,Dallas,Boston,11/17/2025 16:06,377.97,4.81,37540.63,389.79,63,0
SHP005061,Schneider,0,Ocean,Atlanta,San Francisco,6/29/2025 11:47,5041.84,7.34,21267.04,117.52,1008.37,0
SHP005062,XPO Logistics,0,Air,Chicago,Tampa,11/15/2025 7:31,2481.63,1.85,33431.04,191.42,248.16,0
SHP005063,Old Dominion,LTL,Road,Miami,New York,7/21/2025 10:36,997.77,2.17,4485.31,308.13,166.29,0
SHP005064,Old Dominion,0,Rail,Boston,Dallas,8/25/2025 13:33,312.46,7.64,23157.43,254.4,9.37,0
SHP005065,C.H. Robinson,0,Ocean,Boston,Chicago,10/18/2025 6:23,6795.45,21.05,21129.29,463.7,1359.09,0
SHP005066,Schneider,LTL,Road,San Francisco,Tampa,11/1/2025 2:37,124.45,0.9,6028.36,177.68,20.74,0
SHP005067,J.B. Hunt,0,Rail,Tampa,Atlanta,12/1/2025 17:51,942.76,3.3,16486.65,411.5,28.28,0
SHP005068,XPO Logistics,0,Rail,Miami,Boston,9/9/2025 4:12,1149.56,7.98,31581.73,137.56,34.49,0
SHP005069,UPS,FTL,Road,Miami,Tampa,1/15/2025 1:06,354,2.18,33808.75,14.62,59,0
SHP005070,DHL,LTL,Road,New York,Dallas,1/1/2025 9:18,314.71,5.45,6452.98,114.2,52.45,0
SHP005071,UPS,0,Rail,Miami,Chicago,9/13/2025 19:10,550.63,7.04,35803.42,128.81,16.52,0
SHP005072,C.H. Robinson,0,Air,Tampa,New York,1/2/2025 23:33,1435.38,3.42,30954.79,407.14,143.54,0
SHP005073,UPS,FTL,Road,San Francisco,Boston,11/7/2025 0:19,646.16,5.49,13375.09,79.18,107.69,0
SHP005074,FedEx,0,Air,Boston,New York,9/29/2025 21:59,2213.58,2.39,34256.14,41.5,221.36,0
SHP005075,XPO Logistics,0,Ocean,Boston,San Francisco,10/21/2025 12:29,6827.69,8.45,26366.8,21.02,1365.54,0
SHP005076,C.H. Robinson,0,Ocean,Boston,New York,1/19/2025 18:43,5071.86,17.78,15065.63,108.49,1014.37,0
SHP005077,XPO Logistics,LTL,Road,Chicago,Boston,4/3/2025 13:19,668.28,5.04,3336.94,126.98,0,1002.42
SHP005078,Old Dominion,0,Rail,Tampa,Dallas,9/18/2025 12:36,646.3,7.64,14691.44,2.8,19.39,0
SHP005079,Schneider,0,Rail,San Francisco,Chicago,11/14/2025 15:06,1450.69,5.89,5578.45,492.47,43.52,0
SHP005080,Old Dominion,0,Air,Boston,San Francisco,4/11/2025 5:49,1941.77,2.25,15597.66,449.44,194.18,0
SHP005081,J.B. Hunt,0,Ocean,Tampa,New York,3/1/2025 21:21,2329.73,8.29,5335.23,379.8,465.95,0
SHP005082,C.H. Robinson,FTL,Road,Boston,New York,4/4/2025 23:53,734.88,3.75,9129.58,325.93,122.48,0
SHP005083,C.H. Robinson,FTL,Road,Atlanta,Dallas,12/19/2025 17:55,930.28,2.31,32153.21,175.05,155.05,0
SHP005084,C.H. Robinson,LTL,Road,Atlanta,Miami,4/13/2025 11:32,921.86,0.44,5578.97,484.79,153.64,0
SHP005085,XPO Logistics,0,Ocean,San Francisco,Boston,4/19/2025 22:58,7859.33,8.2,17935.26,32.43,1571.87,0
SHP005086,C.H. Robinson,0,Ocean,San Francisco,Chicago,9/12/2025 1:10,7050.06,14.51,15711.48,57.27,1410.01,0
SHP005087,C.H. Robinson,0,Rail,Chicago,San Francisco,7/22/2025 15:42,1714.83,4.71,11675.65,175.76,51.44,0
SHP005088,Old Dominion,0,Air,Miami,Boston,5/16/2025 23:21,1030.88,2.61,37233.56,428.49,103.09,0
SHP005089,J.B. Hunt,0,Ocean,Miami,San Francisco,5/13/2025 18:40,3952.86,20.18,17212.67,126.9,790.57,0
SHP005090,XPO Logistics,0,Ocean,New York,Dallas,7/1/2025 20:51,7875.61,8.69,13287.11,494.86,1575.12,0
SHP005091,DHL,0,Air,Boston,Chicago,6/13/2025 20:02,661.6,3.16,37464.6,256.39,66.16,0
SHP005092,Old Dominion,0,Air,Tampa,Boston,7/6/2025 7:28,306.81,1.81,4906.98,208.68,30.68,0
SHP005093,C.H. Robinson,0,Rail,Tampa,Atlanta,5/20/2025 21:53,1464.04,4.07,17561.04,278.84,43.92,0
SHP005094,FedEx,0,Air,Dallas,Miami,11/16/2025 8:21,1870.56,3.5,12680.04,411.01,187.06,0
SHP005095,FedEx,0,Rail,Boston,Miami,6/28/2025 8:35,1105.49,3.1,12157.48,181.21,33.16,0
SHP005096,XPO Logistics,0,Ocean,Tampa,Dallas,4/28/2025 17:13,5170.2,7.08,36853.18,287.88,1034.04,0
SHP005097,UPS,0,Air,Miami,San Francisco,4/7/2025 5:46,2784.04,0.66,14033.15,12.38,278.4,0
SHP005098,FedEx,0,Rail,Miami,San Francisco,7/14/2025 9:47,635.6,7.03,1946.08,218.64,19.07,0
SHP005099,FedEx,0,Air,Tampa,San Francisco,4/24/2025 14:13,617.43,1.96,33634.64,311.91,61.74,0
SHP005100,C.H. Robinson,0,Air,New York,Dallas,1/1/2025 23:56,2289.24,1.72,37803.71,354.92,228.92,0
SHP005101,FedEx,0,Rail,Chicago,Boston,12/28/2025 8:53,874.88,3.99,36788.03,288.63,26.25,0
SHP005102,XPO Logistics,0,Air,New York,Tampa,3/14/2025 13:23,2207.22,1.96,9335.86,362.06,220.72,0
SHP005103,C.H. Robinson,0,Ocean,Miami,New York,4/14/2025 9:59,5058.68,13.03,25148.83,104.93,1011.74,0
SHP005104,C.H. Robinson,0,Ocean,San Francisco,Miami,8/7/2025 8:44,6454.54,22.86,35698.57,161.4,1290.91,0
SHP005105,Old Dominion,0,Ocean,Tampa,Chicago,4/22/2025 4:57,3545.04,19.78,24007.13,274.41,709.01,0
SHP005106,DHL,0,Rail,Boston,Chicago,2/27/2025 10:38,1682.63,4.75,20840.08,21.97,50.48,0
SHP005107,Old Dominion,FTL,Road,New York,Tampa,1/11/2025 5:40,129.83,0.29,36573.15,204.78,21.64,0
SHP005108,Schneider,0,Ocean,Tampa,San Francisco,10/1/2025 3:43,4014.21,20.6,24565.23,305.14,802.84,0
SHP005109,Old Dominion,FTL,Road,San Francisco,Atlanta,8/25/2025 15:36,391.01,5.04,7050.28,27.52,65.17,0
SHP005110,J.B. Hunt,0,Rail,Dallas,New York,1/12/2025 13:05,506.57,2.87,11651.29,335.59,15.2,0
SHP005111,J.B. Hunt,0,Air,Dallas,Chicago,8/17/2025 20:23,888.13,2.87,4099.72,74.45,88.81,0
SHP005112,Schneider,0,Ocean,Dallas,Boston,6/24/2025 0:51,4316.16,22.28,34452.92,484.41,863.23,0
SHP005113,C.H. Robinson,0,Rail,Miami,Tampa,4/6/2025 14:01,1240.77,5.73,25188.41,311.79,37.22,0
SHP005114,UPS,0,Ocean,Atlanta,Dallas,8/29/2025 1:30,1603.4,13.96,15749.68,221.83,320.68,0
SHP005115,XPO Logistics,LTL,Road,Chicago,New York,7/24/2025 3:55,652.14,0.99,3690.95,32.66,108.69,0
SHP005116,J.B. Hunt,LTL,Road,Dallas,San Francisco,7/6/2025 19:41,1176.62,0.93,2696.47,445.76,196.1,0
SHP005117,Schneider,LTL,Road,Dallas,San Francisco,9/14/2025 14:00,605.12,1.03,3934.67,58.82,100.85,0
SHP005118,UPS,FTL,Road,New York,Boston,7/27/2025 20:23,280.25,0.55,17809.99,403.51,0,420.38
SHP005119,J.B. Hunt,FTL,Road,San Francisco,Tampa,8/21/2025 16:13,723.86,3.74,8423.07,172.6,120.64,0
SHP005120,J.B. Hunt,0,Ocean,San Francisco,Atlanta,4/11/2025 0:14,6839.32,3.93,34388.26,242.36,1367.86,0
SHP005121,J.B. Hunt,0,Air,Boston,New York,8/10/2025 10:42,2560.3,1.61,13884.3,376.05,256.03,0
SHP005122,FedEx,FTL,Road,San Francisco,Atlanta,4/5/2025 16:03,952.75,1.57,38928.42,43.16,0,1429.12
SHP005123,XPO Logistics,0,Rail,New York,Boston,8/20/2025 17:55,309.6,5.17,29048.26,480.48,9.29,0
SHP005124,Schneider,0,Ocean,San Francisco,New York,2/12/2025 13:31,3537.09,2.56,24314.41,145.56,707.42,0
SHP005125,Schneider,0,Air,San Francisco,Chicago,1/22/2025 17:35,1468.96,2.21,3048.25,243.5,146.9,0
SHP005126,Old Dominion,0,Rail,Tampa,Chicago,4/6/2025 20:02,882.11,5.99,26003.8,93.42,26.46,0
SHP005127,FedEx,0,Air,Miami,Tampa,6/25/2025 4:27,856.58,1.38,7568.54,328.95,85.66,0
SHP005128,DHL,FTL,Road,Chicago,New York,11/29/2025 1:57,1193.59,4,24463.92,205.55,198.93,0
SHP005129,DHL,0,Ocean,Miami,New York,4/23/2025 0:38,2844.35,22.04,38775.57,248.89,568.87,0
SHP005130,FedEx,0,Rail,Atlanta,Boston,7/24/2025 11:16,664.32,6.39,5732.04,383.03,19.93,0
SHP005131,UPS,0,Rail,Tampa,San Francisco,11/2/2025 20:37,1510.32,1.87,39086.03,492.77,45.31,0
SHP005132,Old Dominion,0,Air,San Francisco,Boston,1/31/2025 5:43,2829.14,2.24,10219.93,291.42,282.91,0
SHP005133,Schneider,0,Rail,Chicago,Tampa,3/2/2025 4:55,871.89,2.44,17235.22,332.28,26.16,0
SHP005134,J.B. Hunt,0,Rail,New York,Atlanta,6/17/2025 0:01,313.46,3.33,1202.9,375,9.4,0
SHP005135,FedEx,0,Rail,Dallas,Tampa,12/7/2025 17:08,1225.11,1.44,38607.13,12.29,36.75,0
SHP005136,UPS,0,Ocean,Chicago,Boston,1/29/2025 9:33,4924.7,19.08,31621.9,18.11,984.94,0
SHP005137,XPO Logistics,LTL,Road,Tampa,Dallas,5/28/2025 22:28,1092.38,5.53,5679.7,241.56,182.06,0
SHP005138,XPO Logistics,0,Air,Boston,Miami,9/6/2025 19:28,421.14,2.47,16670.47,386.63,42.11,0
SHP005139,Schneider,0,Rail,San Francisco,Boston,6/18/2025 20:43,846.21,5.79,4505.62,67.34,25.39,0
SHP005140,Old Dominion,0,Rail,New York,Dallas,2/13/2025 17:10,423.54,1.32,21882.49,397.19,12.71,0
SHP005141,J.B. Hunt,0,Rail,Dallas,Boston,9/21/2025 4:27,1176.66,5.02,27384.65,170.48,35.3,0
SHP005142,DHL,0,Rail,Atlanta,Boston,2/20/2025 16:21,779.13,3.2,28628.3,81.66,23.37,0
SHP005143,UPS,0,Air,Atlanta,Miami,8/28/2025 21:26,335.17,2.59,37724.06,305.09,33.52,0
SHP005144,UPS,0,Air,Atlanta,San Francisco,1/22/2025 7:03,2413.89,2.85,20148.75,359.48,241.39,0
SHP005145,Old Dominion,0,Ocean,Atlanta,Boston,6/5/2025 8:47,6680.78,6.94,13777.15,112.64,1336.16,0
SHP005146,J.B. Hunt,0,Ocean,New York,Miami,6/23/2025 0:52,3891.3,21.47,14135.68,187.86,778.26,0
SHP005147,DHL,0,Air,New York,Miami,6/16/2025 23:01,2622.99,2.3,21650.24,430.54,262.3,0
SHP005148,XPO Logistics,0,Air,San Francisco,Dallas,12/31/2025 9:02,1624.42,2.89,3882.96,90.14,162.44,0
SHP005149,Schneider,0,Air,Tampa,San Francisco,7/31/2025 19:59,1391.82,2.23,38646.48,485.36,139.18,0
SHP005150,Schneider,0,Air,Atlanta,San Francisco,12/24/2025 6:23,2598.23,1.6,38579.12,344.98,259.82,0
SHP005151,Old Dominion,LTL,Road,Chicago,Miami,8/13/2025 10:19,501.88,4.28,312.75,73.93,0,752.82
SHP005152,DHL,0,Ocean,Boston,Dallas,5/20/2025 11:36,6722.64,16.2,14885.69,250.83,1344.53,0
SHP005153,Old Dominion,0,Air,San Francisco,Miami,3/2/2025 4:13,2743.88,2.71,16226.9,61.04,274.39,0
SHP005154,Old Dominion,0,Rail,San Francisco,Miami,10/28/2025 7:30,669.99,7.85,17775.84,236.45,20.1,0
SHP005155,J.B. Hunt,LTL,Road,Boston,Tampa,6/19/2025 11:38,623.39,5.33,6098.69,347.14,103.9,0
SHP005156,UPS,0,Air,Miami,Dallas,5/16/2025 23:54,1351.42,0.6,37273.43,474.61,135.14,0
SHP005157,Schneider,0,Ocean,Miami,New York,4/12/2025 21:36,7618.65,22.76,32702.06,342.61,1523.73,0
SHP005158,XPO Logistics,0,Ocean,Boston,Tampa,3/20/2025 10:23,6833.82,15.21,5807.6,196.22,1366.76,0
SHP005159,J.B. Hunt,0,Air,Tampa,Chicago,8/19/2025 13:28,2922.5,1.73,34779.2,47.51,292.25,0
SHP005160,Old Dominion,FTL,Road,San Francisco,Tampa,3/20/2025 15:09,434.31,2.27,2538.3,60.43,72.39,0
SHP005161,Schneider,0,Ocean,Atlanta,New York,2/2/2025 9:52,1948.74,20.43,3004.38,150.05,389.75,0
SHP005162,Schneider,LTL,Road,San Francisco,Tampa,11/23/2025 1:03,61.7,4.25,6259.99,322.85,10.28,0
SHP005163,J.B. Hunt,0,Air,Atlanta,Chicago,10/12/2025 7:50,1310.83,1.23,28952.65,405.75,131.08,0
SHP005164,C.H. Robinson,0,Air,Atlanta,San Francisco,6/22/2025 11:59,674.22,2.2,10324.27,84.89,67.42,0
SHP005165,XPO Logistics,0,Rail,New York,San Francisco,10/13/2025 21:13,1374.92,4.77,9039.32,155.69,41.25,0
SHP005166,FedEx,0,Air,Boston,Atlanta,8/1/2025 13:32,2909.96,3.47,35257.9,230.55,291,0
SHP005167,C.H. Robinson,0,Air,Tampa,Dallas,10/25/2025 2:01,1984.28,1.82,3569.62,201.13,198.43,0
SHP005168,Old Dominion,FTL,Road,Dallas,Tampa,7/9/2025 10:43,733.08,1.9,33994.05,76.4,122.18,0
SHP005169,Old Dominion,0,Air,Chicago,Tampa,11/17/2025 22:37,1291.25,0.94,16490.87,20.79,129.12,0
SHP005170,FedEx,0,Rail,Dallas,San Francisco,10/12/2025 12:56,636.08,3.81,19387.53,272.3,19.08,0
SHP005171,Schneider,0,Rail,New York,Miami,12/15/2025 13:02,639.99,4.66,20605.68,158.77,19.2,0
SHP005172,UPS,LTL,Road,Tampa,Dallas,10/10/2025 6:38,1004.73,3.39,3422.86,473.72,167.46,0
SHP005173,J.B. Hunt,LTL,Road,Atlanta,Boston,1/23/2025 5:25,1021.88,5.9,6968.5,189.73,170.31,0
SHP005174,C.H. Robinson,LTL,Road,Dallas,Miami,5/2/2025 22:13,372.99,4.06,9811.04,313.73,62.16,0
SHP005175,FedEx,0,Rail,Boston,San Francisco,1/22/2025 5:58,1610.58,3.3,16574.67,453.23,48.32,0
SHP005176,XPO Logistics,0,Rail,Boston,San Francisco,3/28/2025 20:04,1410.99,7.87,31103.19,224.81,42.33,0
SHP005177,C.H. Robinson,0,Air,San Francisco,Dallas,9/24/2025 3:48,1733.88,3.65,22290.05,128.44,173.39,0
SHP005178,J.B. Hunt,0,Ocean,Miami,Dallas,5/8/2025 23:56,3767.15,13.36,4320.43,372.14,753.43,0
SHP005179,UPS,0,Rail,Tampa,Atlanta,4/30/2025 9:32,374.97,3.83,32282.59,234.32,11.25,0
SHP005180,Old Dominion,0,Rail,San Francisco,New York,7/27/2025 13:18,1547.22,3.39,38326.63,105.52,46.42,0
SHP005181,FedEx,0,Air,Chicago,Miami,7/31/2025 9:17,403.31,3.55,30212.01,116.76,40.33,0
SHP005182,DHL,0,Air,Boston,Atlanta,10/14/2025 6:49,2958.8,2.26,38067.08,253.01,295.88,0
SHP005183,Schneider,0,Ocean,Miami,Dallas,5/3/2025 14:38,4039.06,11.88,13727.57,267.32,807.81,0
SHP005184,DHL,FTL,Road,Boston,Miami,5/20/2025 19:36,570.44,0.46,10787.19,107.35,95.07,0
SHP005185,J.B. Hunt,0,Air,Miami,San Francisco,8/17/2025 21:05,2642.08,2.6,30665.48,478.46,264.21,0
SHP005186,Schneider,0,Air,Miami,Boston,11/9/2025 6:50,2038.91,3.94,12814.68,93.95,203.89,0
SHP005187,C.H. Robinson,0,Rail,New York,Boston,6/17/2025 10:51,845.3,4.3,35866.78,280.41,25.36,0
SHP005188,J.B. Hunt,0,Ocean,San Francisco,Miami,3/15/2025 6:39,2691.36,18.34,20480.36,81.9,538.27,0
SHP005189,C.H. Robinson,LTL,Road,Miami,Boston,1/6/2025 17:36,713.34,5.49,8449.83,293.82,118.89,0
SHP005190,UPS,0,Air,Miami,Dallas,8/3/2025 21:51,1318.12,0.8,19051.13,376.29,131.81,0
SHP005191,DHL,LTL,Road,Chicago,Atlanta,3/16/2025 7:42,464.31,1.6,9324.09,410.96,77.39,0
SHP005192,FedEx,0,Air,Miami,San Francisco,9/9/2025 4:11,2023.34,0.98,6223.9,52.51,202.33,0
SHP005193,J.B. Hunt,0,Rail,Boston,New York,4/28/2025 15:45,1186.07,1.81,33783.77,496.49,35.58,0
SHP005194,Schneider,FTL,Road,New York,Chicago,9/9/2025 9:45,471.3,2.86,28610.85,468.64,78.55,0
SHP005195,C.H. Robinson,0,Ocean,Dallas,Tampa,5/16/2025 10:20,7205.7,3.27,7178.34,377.54,1441.14,0
SHP005196,Schneider,0,Air,Boston,Atlanta,7/24/2025 20:52,2160.01,0.97,20331.55,390.63,216,0
SHP005197,Schneider,0,Ocean,Miami,San Francisco,12/13/2025 0:03,2140.86,21.17,2592.39,391.32,428.17,0
SHP005198,Old Dominion,0,Air,New York,Boston,3/9/2025 12:40,1962.71,1.6,28976.84,391.4,196.27,0
SHP005199,XPO Logistics,0,Ocean,San Francisco,Miami,5/11/2025 19:16,7504.24,10.09,27597.66,301.71,1500.85,0
SHP005200,C.H. Robinson,0,Ocean,Dallas,New York,8/28/2025 1:23,4439.05,21.59,625.11,141.77,887.81,0
SHP005201,FedEx,FTL,Road,Miami,Chicago,5/9/2025 8:11,669.02,1.28,36360.73,324.15,0,1003.53
SHP005202,J.B. Hunt,FTL,Road,Chicago,Tampa,9/19/2025 13:28,599.57,4.93,18310,279.77,99.93,0
SHP005203,XPO Logistics,0,Ocean,New York,Boston,7/8/2025 4:03,520.63,10.05,5982.22,345.15,104.13,0
SHP005204,Schneider,0,Air,New York,Miami,10/22/2025 2:36,1593.37,1.56,18979.38,105.61,159.34,0
SHP005205,Schneider,FTL,Road,Miami,Chicago,5/1/2025 7:20,1113.85,0.56,34683.97,256.17,185.64,0
SHP005206,Old Dominion,LTL,Road,San Francisco,New York,4/6/2025 22:36,761.79,1.99,9671.97,141.64,126.96,0
SHP005207,Old Dominion,0,Ocean,Miami,Atlanta,4/15/2025 5:54,4916.58,23.86,35303.23,268.63,983.32,0
SHP005208,FedEx,FTL,Road,Chicago,New York,2/19/2025 0:25,1188.93,4.28,8743.67,203.39,198.16,0
SHP005209,J.B. Hunt,FTL,Road,Tampa,New York,3/6/2025 19:05,434.67,2.23,30538.03,292.55,72.45,0
SHP005210,C.H. Robinson,0,Air,Boston,Miami,12/2/2025 9:37,402.85,3.57,12223.45,498.54,40.29,0
SHP005211,DHL,0,Air,Tampa,Dallas,3/9/2025 15:01,2876.31,3.79,32539.54,111.09,287.63,0
SHP005212,Schneider,0,Air,Miami,Tampa,2/27/2025 9:13,1738.11,1.29,10757.18,305.86,173.81,0
SHP005213,Old Dominion,0,Rail,Tampa,Dallas,1/4/2025 20:30,265.33,7.79,36787.59,191,7.96,0
SHP005214,FedEx,0,Air,New York,Chicago,1/21/2025 13:04,1691.64,2.13,35346.89,344.61,169.16,0
SHP005215,Old Dominion,0,Rail,Chicago,Tampa,7/25/2025 17:37,644.98,4.13,17444.16,479.71,19.35,0
SHP005216,J.B. Hunt,0,Air,Atlanta,Boston,4/13/2025 14:07,773.34,0.81,35284.44,448.45,77.33,0
SHP005217,XPO Logistics,0,Ocean,Dallas,Boston,3/21/2025 1:18,7038.04,13.24,26559.9,282.12,1407.61,0
SHP005218,C.H. Robinson,LTL,Road,Boston,Chicago,2/14/2025 5:26,129.86,3.68,284.1,163.17,21.64,0
SHP005219,XPO Logistics,0,Ocean,Atlanta,Dallas,1/23/2025 5:14,7492.19,8.69,37623.15,125.82,1498.44,0
SHP005220,FedEx,0,Ocean,New York,San Francisco,7/2/2025 10:32,2859.22,15.82,30584.27,251.19,571.84,0
SHP005221,Schneider,0,Ocean,Chicago,Dallas,8/21/2025 10:21,7115.87,2.89,36926.7,98.96,1423.17,0
SHP005222,XPO Logistics,0,Rail,Miami,Dallas,3/13/2025 1:43,1614.78,3.81,33393.9,336.16,48.44,0
SHP005223,Schneider,0,Ocean,Boston,Atlanta,1/30/2025 4:29,1819.56,22.2,10197.94,122.83,363.91,0
SHP005224,Old Dominion,LTL,Road,Tampa,Dallas,12/17/2025 13:35,986.31,0.86,2337.05,252.34,164.38,0
SHP005225,UPS,FTL,Road,Tampa,Dallas,2/8/2025 2:11,1005.05,1.1,22132.9,355.91,167.51,0
SHP005226,Schneider,FTL,Road,Boston,Miami,4/14/2025 5:15,1039.68,5.63,31493.28,326.76,173.28,0
SHP005227,Schneider,0,Rail,Dallas,Boston,12/23/2025 7:01,893.79,1.78,28534.62,496.38,26.81,0
SHP005228,UPS,0,Air,San Francisco,Miami,10/26/2025 22:20,2289.25,0.56,20102.27,307.71,228.93,0
SHP005229,J.B. Hunt,0,Ocean,Atlanta,Dallas,1/29/2025 14:37,5672.56,17.83,22545.28,112.46,1134.51,0
SHP005230,XPO Logistics,0,Rail,Chicago,Boston,2/25/2025 22:33,1707.52,5.88,9855.18,161.84,51.23,0
SHP005231,Schneider,LTL,Road,San Francisco,New York,5/16/2025 13:47,1110.22,5.35,4140.69,20.12,185.04,0
SHP005232,FedEx,0,Air,New York,Atlanta,1/13/2025 4:46,430.94,1.49,25350.33,292.51,43.09,0
SHP005233,J.B. Hunt,0,Air,New York,Boston,12/1/2025 2:20,2011.34,3.01,1251.77,53.44,201.13,0
SHP005234,Schneider,FTL,Road,New York,Tampa,4/8/2025 9:25,463.41,1.14,3475.14,320.84,77.23,0
SHP005235,Schneider,0,Rail,Dallas,San Francisco,4/14/2025 7:00,1504.54,6.27,32773.07,333.26,45.14,0
SHP005236,FedEx,0,Ocean,Atlanta,Miami,6/4/2025 6:29,6015.09,7.98,39723.82,92.4,1203.02,0
SHP005237,Old Dominion,FTL,Road,New York,San Francisco,5/15/2025 7:28,296.67,1.91,39025.63,494.16,49.45,0
SHP005238,UPS,LTL,Road,New York,Boston,5/19/2025 14:03,964.13,3.87,5272.62,485.34,160.69,0
SHP005239,XPO Logistics,0,Rail,Atlanta,Miami,12/25/2025 19:10,1313,7.61,13003.76,167.55,39.39,0
SHP005240,Schneider,0,Rail,Boston,Tampa,8/18/2025 20:53,1567.56,2.05,37864.15,254.23,47.03,0
SHP005241,Schneider,0,Ocean,New York,San Francisco,7/13/2025 19:28,7448.1,9.41,28780.38,241.95,1489.62,0
SHP005242,XPO Logistics,FTL,Road,New York,San Francisco,5/2/2025 22:49,770.82,3.15,38701.07,346.36,128.47,0
SHP005243,C.H. Robinson,LTL,Road,Tampa,Miami,7/5/2025 18:05,339.02,5.48,3046.19,186.43,56.5,0
SHP005244,XPO Logistics,0,Rail,Dallas,Miami,11/30/2025 2:31,363.4,7.3,11801.42,130.2,10.9,0
SHP005245,J.B. Hunt,0,Ocean,San Francisco,Miami,9/13/2025 0:33,7401.97,19.72,6072.62,384.89,1480.39,0
SHP005246,J.B. Hunt,0,Air,Tampa,San Francisco,6/29/2025 22:45,2765.19,0.77,33095.99,274.16,276.52,0
SHP005247,Schneider,0,Air,Chicago,Miami,6/21/2025 18:12,2106.83,2.22,28063.22,18.01,210.68,0
SHP005248,Schneider,0,Ocean,Tampa,Miami,9/12/2025 12:55,6220.3,2.73,18484.34,76.33,1244.06,0
SHP005249,Schneider,FTL,Road,Miami,New York,8/29/2025 17:56,997.11,2.05,18436.7,214.95,166.19,0
SHP005250,DHL,0,Ocean,Chicago,Miami,4/4/2025 14:07,6293.76,12.59,31663.85,37.68,1258.75,0
SHP005251,C.H. Robinson,0,Ocean,Tampa,Boston,3/7/2025 20:42,1936.95,14.13,37909.99,38.3,387.39,0
SHP005252,FedEx,LTL,Road,Miami,San Francisco,1/11/2025 23:07,99.55,1.15,6465.36,200.1,16.59,0
SHP005253,UPS,0,Rail,Miami,Boston,1/2/2025 18:41,1520.88,1.5,8258.36,150.71,45.63,0
SHP005254,Old Dominion,0,Air,Tampa,Boston,10/12/2025 2:41,1992.17,2.9,5406.03,471.96,199.22,0
SHP005255,FedEx,LTL,Road,Dallas,New York,7/27/2025 21:10,442.2,4.35,5313.45,112.16,73.7,0
SHP005256,FedEx,0,Air,Boston,Dallas,9/9/2025 15:50,2584.82,3.36,16144.84,294.72,258.48,0
SHP005257,UPS,FTL,Road,Boston,New York,9/17/2025 4:56,346.5,4.22,12706.56,422.2,57.75,0
SHP005258,C.H. Robinson,FTL,Road,Miami,Atlanta,11/4/2025 12:19,299.99,0.34,11106.07,96.34,50,0
SHP005259,UPS,FTL,Road,Boston,New York,11/1/2025 11:24,634.53,1.42,30646,121.44,105.75,0
SHP005260,Schneider,0,Rail,Chicago,Tampa,7/1/2025 3:13,1331.15,5.05,39456.87,499.95,39.93,0
SHP005261,Old Dominion,0,Ocean,Dallas,Boston,10/19/2025 23:42,7021.45,18.72,15765.03,376.89,1404.29,0
SHP005262,Schneider,0,Air,Chicago,Dallas,1/23/2025 1:31,2883.02,0.58,21747.63,109.78,288.3,0
SHP005263,Old Dominion,FTL,Road,Boston,Atlanta,9/26/2025 13:40,691.56,2.93,23242.86,275.93,115.26,0
SHP005264,UPS,0,Rail,Atlanta,San Francisco,3/3/2025 17:08,1736.17,4.87,33926.17,160.59,52.09,0
SHP005265,Old Dominion,0,Ocean,Boston,Chicago,9/18/2025 14:18,3785.76,12.35,11509.76,190.52,757.15,0
SHP005266,Schneider,0,Ocean,Dallas,Chicago,11/11/2025 19:42,4988.85,14.76,25639.2,176.56,997.77,0
SHP005267,Old Dominion,0,Air,Dallas,Atlanta,5/1/2025 11:24,1152.75,2.64,5748.04,127.26,115.28,0
SHP005268,FedEx,LTL,Road,Atlanta,New York,2/11/2025 19:12,98.45,0.67,2547.33,10.75,16.41,0
SHP005269,DHL,0,Ocean,San Francisco,Dallas,11/24/2025 18:07,2340.58,16.41,2913.73,218.93,468.12,0
SHP005270,C.H. Robinson,0,Ocean,Boston,Tampa,10/23/2025 2:36,7348.32,19.41,12564.78,462.48,1469.66,0
SHP005271,XPO Logistics,0,Rail,Dallas,Chicago,5/3/2025 21:02,727.43,1.51,39765.21,435.14,21.82,0
SHP005272,DHL,LTL,Road,Boston,San Francisco,6/14/2025 20:25,585.82,4.08,6761.6,98.05,97.64,0
SHP005273,Schneider,0,Ocean,Atlanta,New York,5/1/2025 10:53,2000.36,12.33,36507.14,5.99,400.07,0
SHP005274,J.B. Hunt,0,Rail,Miami,Atlanta,3/29/2025 1:08,1452.01,1.4,19389.77,319.3,43.56,0
SHP005275,DHL,0,Ocean,San Francisco,Dallas,9/16/2025 3:07,5650.69,3.29,17034.84,292.33,1130.14,0
SHP005276,J.B. Hunt,0,Rail,Miami,San Francisco,12/7/2025 18:12,305.67,1.95,26714.14,261.3,9.17,0
SHP005277,DHL,0,Air,New York,San Francisco,4/29/2025 18:10,736.94,2.37,36551.35,8.78,73.69,0
SHP005278,C.H. Robinson,0,Rail,Dallas,Tampa,8/14/2025 20:29,1228.21,1.52,754.75,76.18,36.85,0
SHP005279,J.B. Hunt,0,Air,Tampa,Boston,5/6/2025 18:41,1441.85,3.31,11630.53,313.21,144.19,0
SHP005280,Schneider,0,Ocean,Atlanta,Boston,11/26/2025 20:03,3583.67,7.16,20812.76,398.93,716.73,0
SHP005281,Old Dominion,0,Air,Boston,Atlanta,12/5/2025 15:46,2547.73,3.46,13873.03,396.93,254.77,0
SHP005282,XPO Logistics,FTL,Road,San Francisco,New York,3/6/2025 21:19,294.01,4.5,37961.18,7.86,0,441.01
SHP005283,UPS,0,Air,Atlanta,New York,6/29/2025 7:32,1488.98,2.77,28220.14,88.87,148.9,0
SHP005284,Old Dominion,FTL,Road,Boston,Chicago,10/28/2025 4:57,1168.01,3.79,6991.45,11.24,0,1752.01
SHP005285,XPO Logistics,0,Rail,Tampa,Atlanta,5/20/2025 16:02,1453.22,1.56,6071.51,287.84,43.6,0
SHP005286,DHL,0,Ocean,Atlanta,Dallas,11/26/2025 11:26,5026.29,17.11,16043.8,387.18,1005.26,0
SHP005287,C.H. Robinson,0,Air,Dallas,New York,10/23/2025 3:26,2930.77,1.45,28269.63,464.31,293.08,0
SHP005288,Schneider,0,Ocean,Tampa,Boston,9/24/2025 17:20,5647.15,16.98,9339.02,268.03,1129.43,0
SHP005289,J.B. Hunt,FTL,Road,San Francisco,New York,10/24/2025 20:58,696.9,4.28,39874.45,17.79,116.15,0
SHP005290,DHL,0,Air,New York,Tampa,2/4/2025 0:19,476.13,0.77,29847.68,69.04,47.61,0
SHP005291,J.B. Hunt,0,Ocean,Boston,Chicago,11/15/2025 6:22,5168.39,9.14,18564.14,108.62,1033.68,0
SHP005292,UPS,0,Rail,New York,Tampa,2/24/2025 16:51,1585.77,5.1,37810.25,287.72,47.57,0
SHP005293,XPO Logistics,0,Ocean,New York,Chicago,3/21/2025 20:37,1429.31,5.76,39568.42,363.06,285.86,0
SHP005294,UPS,0,Air,Boston,Chicago,4/18/2025 16:19,433.05,2.96,16780.84,154.3,43.31,0
SHP005295,Schneider,LTL,Road,Atlanta,Miami,4/7/2025 9:29,227.17,5.08,778.84,145.63,37.86,0
SHP005296,DHL,0,Ocean,Tampa,Miami,2/17/2025 13:18,2797.87,5.54,20573.3,6.84,559.57,0
SHP005297,C.H. Robinson,0,Ocean,Chicago,Dallas,6/21/2025 10:18,2757.32,22.54,12765.92,180.87,551.46,0
SHP005298,J.B. Hunt,0,Rail,Tampa,Chicago,3/5/2025 7:21,957.06,4.93,32443.99,95.97,28.71,0
SHP005299,J.B. Hunt,0,Ocean,Chicago,New York,12/6/2025 7:36,7038.1,18.67,29044.69,44.32,1407.62,0
SHP005300,J.B. Hunt,FTL,Road,New York,Boston,12/8/2025 9:14,74.89,3.67,34593.79,292.64,12.48,0
SHP005301,J.B. Hunt,0,Ocean,Miami,Tampa,11/16/2025 10:53,2099.26,3.99,28134.06,361.16,419.85,0
SHP005302,FedEx,0,Ocean,Tampa,Miami,12/5/2025 1:26,1793.99,2.62,16627.2,291.78,358.8,0
SHP005303,Schneider,0,Rail,New York,Tampa,8/15/2025 18:49,1329.6,6.67,24616.23,56.33,39.89,0
SHP005304,UPS,FTL,Road,Dallas,Chicago,5/13/2025 20:48,834.97,5.91,36270.59,435.96,0,1252.45
SHP005305,UPS,0,Rail,Tampa,Chicago,3/26/2025 9:40,683.47,6.26,34118.59,339.48,20.5,0
SHP005306,FedEx,0,Ocean,Atlanta,Dallas,2/4/2025 12:32,2379.21,22.98,18307.37,65.77,475.84,0
SHP005307,Schneider,0,Air,Miami,Chicago,12/7/2025 2:33,596.4,2.77,17789.53,48.15,59.64,0
SHP005308,C.H. Robinson,0,Air,New York,Chicago,4/22/2025 21:12,2298.98,3.3,29153.92,101.93,229.9,0
SHP005309,Schneider,0,Ocean,Atlanta,Miami,1/7/2025 4:33,5673.32,2.24,12551.93,200.01,1134.66,0
SHP005310,Old Dominion,FTL,Road,Miami,Atlanta,6/13/2025 17:07,1010.53,2.49,945.14,176.82,168.42,0
SHP005311,DHL,FTL,Road,Boston,San Francisco,1/31/2025 22:21,623.76,5.71,37670.85,91.26,0,935.64
SHP005312,UPS,0,Air,Chicago,New York,2/13/2025 18:55,799.9,1.07,31662.42,4,79.99,0
SHP005313,UPS,FTL,Road,Chicago,Atlanta,11/8/2025 8:32,196.25,3.34,10278.7,47.09,32.71,0
SHP005314,Schneider,0,Air,New York,Dallas,1/4/2025 2:13,1271.67,1.46,20688.62,489.64,127.17,0
SHP005315,DHL,0,Ocean,Dallas,Atlanta,3/3/2025 9:54,1432.28,10.2,37313.41,438.56,286.46,0
SHP005316,DHL,0,Ocean,Atlanta,New York,1/3/2025 3:53,3457.03,17.38,3970.35,356.56,691.41,0
SHP005317,J.B. Hunt,LTL,Road,Boston,Chicago,3/19/2025 1:39,1168.79,3.34,5060.13,94.47,194.8,0
SHP005318,C.H. Robinson,0,Air,Miami,San Francisco,9/15/2025 16:33,2011.23,2.57,26251.36,14.02,201.12,0
SHP005319,DHL,0,Ocean,Atlanta,San Francisco,6/2/2025 17:04,4615.43,15.09,8697.44,104.96,923.09,0
SHP005320,C.H. Robinson,0,Ocean,Chicago,Boston,11/4/2025 3:15,2571.64,17.66,24447.51,423.04,514.33,0
SHP005321,J.B. Hunt,0,Ocean,Atlanta,San Francisco,2/22/2025 13:19,2717.44,22.07,29876.39,198.11,543.49,0
SHP005322,FedEx,FTL,Road,Dallas,Boston,2/28/2025 17:41,159.55,1.73,38292.34,155.87,0,239.33
SHP005323,Schneider,LTL,Road,Dallas,Tampa,3/12/2025 6:06,429.39,1.34,8097.48,138.55,71.56,0
SHP005324,J.B. Hunt,0,Ocean,Chicago,New York,5/29/2025 5:34,2976.94,11.12,17632.27,206.26,595.39,0
SHP005325,C.H. Robinson,LTL,Road,Chicago,Miami,5/9/2025 12:11,629.31,4.93,8219.96,399.36,104.88,0
SHP005326,DHL,0,Ocean,New York,Miami,5/5/2025 5:00,1258.44,19.59,5249.95,63.24,251.69,0
SHP005327,C.H. Robinson,0,Air,Dallas,Boston,5/10/2025 5:15,2859.23,3.37,22320.21,437.61,285.92,0
SHP005328,FedEx,0,Ocean,Tampa,Boston,8/18/2025 15:24,7920.23,15.43,24709.49,377.46,1584.05,0
SHP005329,Old Dominion,0,Air,Chicago,Atlanta,4/12/2025 20:40,926.78,1.08,30503.44,173.11,92.68,0
SHP005330,Old Dominion,0,Ocean,Miami,Dallas,6/4/2025 1:34,1513.03,8.93,14666.16,482.65,302.61,0
SHP005331,Schneider,0,Ocean,Chicago,Tampa,1/21/2025 14:41,5734.7,13.68,38770.49,451.67,1146.94,0
SHP005332,XPO Logistics,0,Rail,San Francisco,Boston,12/19/2025 1:01,1019.2,7.34,16470.03,115.98,30.58,0
SHP005333,Old Dominion,0,Rail,Tampa,Boston,7/9/2025 2:01,572.29,5.64,20292.28,329.82,17.17,0
SHP005334,J.B. Hunt,0,Rail,San Francisco,Boston,8/25/2025 4:22,1297.72,1.16,2634.56,266.81,38.93,0
SHP005335,XPO Logistics,0,Rail,Miami,Chicago,5/29/2025 2:27,505.66,5.43,22311.34,293.29,15.17,0
SHP005336,XPO Logistics,0,Rail,Boston,Miami,8/11/2025 23:48,683.93,5.48,33264.96,499.04,20.52,0
SHP005337,DHL,0,Air,Chicago,New York,10/12/2025 21:06,2563.8,2.45,8140.47,341.04,256.38,0
SHP005338,DHL,0,Rail,Miami,Atlanta,4/9/2025 21:40,1700.25,2.48,10611.83,75.36,51.01,0
SHP005339,FedEx,0,Ocean,Miami,San Francisco,1/11/2025 15:56,6025.41,10.94,2976.48,437.6,1205.08,0
SHP005340,Old Dominion,0,Air,Chicago,Miami,4/29/2025 11:57,1805.71,1.66,14087.33,145.84,180.57,0
SHP005341,XPO Logistics,0,Rail,New York,Atlanta,11/11/2025 19:23,928.77,3.36,22143.88,386.99,27.86,0
SHP005342,XPO Logistics,LTL,Road,Miami,Atlanta,4/6/2025 21:05,825.63,1.94,5358.1,420.22,137.6,0
SHP005343,FedEx,0,Air,Dallas,Chicago,12/29/2025 14:46,484.16,0.77,22468.72,319.92,48.42,0
SHP005344,Old Dominion,0,Air,Tampa,Boston,8/29/2025 20:00,870.82,3.11,26027.4,461.72,87.08,0
SHP005345,J.B. Hunt,0,Ocean,Atlanta,Tampa,10/13/2025 17:58,1767.16,18.53,3803.9,283.08,353.43,0
SHP005346,C.H. Robinson,0,Air,Miami,New York,6/27/2025 14:24,1790.12,1.86,33860.56,3.18,179.01,0
SHP005347,FedEx,0,Ocean,Chicago,Boston,2/6/2025 7:34,4401.35,6.78,29868.2,22.49,880.27,0
SHP005348,J.B. Hunt,0,Air,Atlanta,Tampa,11/9/2025 8:35,2545.2,3.43,33398.21,77.13,254.52,0
SHP005349,Schneider,0,Air,San Francisco,Miami,3/29/2025 5:57,2002.1,0.55,33994.52,361.76,200.21,0
SHP005350,FedEx,0,Air,Atlanta,Tampa,4/11/2025 6:45,1734.12,3.06,4225.8,264.8,173.41,0
SHP005351,C.H. Robinson,0,Air,New York,Dallas,5/31/2025 3:37,1086.45,3.9,34356.16,366.9,108.65,0
SHP005352,C.H. Robinson,0,Rail,Atlanta,Tampa,12/27/2025 3:01,1694,3.43,36084.76,163.29,50.82,0
SHP005353,C.H. Robinson,0,Ocean,San Francisco,Chicago,2/24/2025 21:14,5995.98,18.2,1224.82,181.17,1199.2,0
SHP005354,FedEx,0,Rail,Miami,Boston,7/2/2025 23:38,231.09,7.98,5326.77,271.86,6.93,0
SHP005355,Old Dominion,0,Air,Tampa,Dallas,2/3/2025 15:15,2434.5,1.2,19659.58,304.11,243.45,0
SHP005356,Old Dominion,0,Rail,Chicago,New York,5/14/2025 4:26,456.33,6.45,12323.79,106.3,13.69,0
SHP005357,XPO Logistics,0,Ocean,Tampa,Miami,4/12/2025 21:11,4687.17,11.03,36851.29,440.15,937.43,0
SHP005358,XPO Logistics,LTL,Road,New York,San Francisco,9/27/2025 19:41,605.85,2.32,3356.35,134.51,0,908.78
SHP005359,Schneider,0,Air,San Francisco,Miami,8/15/2025 23:43,1770.28,3.32,12774.89,95.86,177.03,0
SHP005360,Schneider,0,Rail,New York,Tampa,3/24/2025 14:47,960.77,1.48,28200.52,259.66,28.82,0
SHP005361,UPS,0,Ocean,Dallas,Boston,9/12/2025 6:04,4222.81,8.61,36234.6,46.15,844.56,0
SHP005362,C.H. Robinson,0,Air,Dallas,New York,2/23/2025 0:34,2648.52,1.82,35284.63,364.65,264.85,0
SHP005363,Schneider,0,Rail,Dallas,Tampa,8/10/2025 23:49,366.67,6.82,27445.98,17.12,11,0
SHP005364,FedEx,0,Air,Tampa,New York,5/1/2025 17:06,661,2.72,26672.72,373.58,66.1,0
SHP005365,UPS,0,Rail,Miami,Chicago,10/8/2025 11:45,1352.39,5.62,30766.44,287.97,40.57,0
SHP005366,J.B. Hunt,LTL,Road,Chicago,Tampa,6/5/2025 2:45,349.91,5.5,329.41,183.91,58.32,0
SHP005367,C.H. Robinson,LTL,Road,Boston,Tampa,5/15/2025 13:04,888.2,2.71,394.62,33.92,0,1332.3
SHP005368,UPS,0,Ocean,Boston,Atlanta,11/20/2025 6:11,5364.78,23.23,22298.61,253.87,1072.96,0
SHP005369,DHL,0,Air,Boston,Miami,1/6/2025 6:42,1159.48,1.4,1328.91,137.2,115.95,0
SHP005370,XPO Logistics,FTL,Road,Dallas,Miami,9/11/2025 8:13,566.48,1.39,3950.25,359.15,94.41,0
SHP005371,Schneider,0,Air,San Francisco,New York,2/23/2025 1:26,2715.47,3.78,24910.95,27.33,271.55,0
SHP005372,J.B. Hunt,LTL,Road,Tampa,Dallas,1/1/2025 2:00,901.99,0.88,6747.02,389.9,150.33,0
SHP005373,J.B. Hunt,LTL,Road,New York,Chicago,6/20/2025 23:29,884.74,5.72,7420.74,346.91,147.46,0
SHP005374,DHL,0,Rail,Tampa,Miami,8/30/2025 4:43,618.79,7.47,7591.98,452.54,18.56,0
SHP005375,UPS,0,Rail,Atlanta,Dallas,12/21/2025 14:08,700.26,1.91,33153.98,2.25,21.01,0
SHP005376,Old Dominion,0,Ocean,Miami,Boston,2/9/2025 22:33,6740.66,7.77,35446.49,346.05,1348.13,0
SHP005377,Schneider,0,Ocean,Boston,Dallas,9/1/2025 23:28,5496.37,10.04,2846.42,415.21,1099.27,0
SHP005378,UPS,LTL,Road,Boston,Dallas,3/7/2025 6:38,246.54,2.39,6063.49,241.64,41.09,0
SHP005379,J.B. Hunt,0,Rail,Boston,Atlanta,11/22/2025 5:02,517.86,1.98,5368.23,431.64,15.54,0
SHP005380,J.B. Hunt,0,Ocean,Dallas,Tampa,5/21/2025 11:07,736.7,23.49,8341.88,56.05,147.34,0
SHP005381,UPS,0,Air,Atlanta,Miami,9/14/2025 13:59,1857.82,0.78,24296.9,425.46,185.78,0
SHP005382,FedEx,0,Ocean,Dallas,Chicago,2/28/2025 17:35,859.24,19.6,16081.86,80.59,171.85,0
SHP005383,FedEx,0,Ocean,Miami,Boston,6/9/2025 23:43,1820.72,22.21,4868.93,433.52,364.14,0
SHP005384,Schneider,0,Rail,New York,Dallas,9/6/2025 10:32,1070.79,1.27,18846.81,408.91,32.12,0
SHP005385,XPO Logistics,0,Rail,New York,Boston,10/4/2025 20:20,1361.92,4.42,34471.97,61.06,40.86,0
SHP005386,J.B. Hunt,0,Ocean,Chicago,Tampa,7/5/2025 8:52,7324.56,20.62,28476.93,409.13,1464.91,0
SHP005387,Schneider,0,Rail,Dallas,Atlanta,4/4/2025 14:05,1070.1,5.73,22643.62,178.36,32.1,0
SHP005388,C.H. Robinson,0,Air,Tampa,San Francisco,4/27/2025 16:20,1835.92,1.4,17891.03,141.11,183.59,0
SHP005389,UPS,0,Ocean,Tampa,Chicago,1/28/2025 23:29,1421.66,9.08,34153.5,191.16,284.33,0
SHP005390,DHL,0,Air,Dallas,San Francisco,10/14/2025 21:17,2319.61,1.11,17264.56,58.31,231.96,0
SHP005391,Schneider,FTL,Road,Atlanta,Miami,6/22/2025 7:43,209.41,3.8,24495.53,107.47,34.9,0
SHP005392,C.H. Robinson,0,Air,San Francisco,Boston,1/19/2025 14:48,1580.94,3.52,7380.96,10.59,158.09,0
SHP005393,DHL,0,Ocean,Boston,Atlanta,9/15/2025 16:34,5389.96,3.18,39207.64,305.2,1077.99,0
SHP005394,Old Dominion,0,Rail,New York,Boston,1/17/2025 23:02,952.63,4.01,23136.29,46.22,28.58,0
SHP005395,Old Dominion,0,Rail,Tampa,Dallas,1/12/2025 19:19,1688.03,5.38,7767.15,281.73,50.64,0
SHP005396,Old Dominion,LTL,Road,Chicago,Dallas,12/19/2025 14:23,203.24,0.35,6360.59,324.59,33.87,0
SHP005397,C.H. Robinson,FTL,Road,New York,Tampa,6/9/2025 17:27,721.25,1.31,24335.48,29.2,120.21,0
SHP005398,DHL,0,Ocean,New York,Atlanta,8/3/2025 8:17,5069.29,14.19,26382.57,447.84,1013.86,0
SHP005399,Old Dominion,0,Ocean,Chicago,Boston,5/30/2025 9:52,6877.69,23.57,39061.52,386.39,1375.54,0
SHP005400,Old Dominion,FTL,Road,Miami,Dallas,1/9/2025 3:32,1149.88,5.24,29239.51,38.62,0,1724.82
SHP005401,Old Dominion,0,Ocean,Tampa,Chicago,5/5/2025 5:20,867.87,20.43,19841.41,407.49,173.57,0
SHP005402,DHL,FTL,Road,San Francisco,New York,1/15/2025 14:15,409.86,2.54,28157.38,457.75,68.31,0
SHP005403,Old Dominion,0,Air,Miami,Atlanta,8/5/2025 16:36,536.96,3.52,31824,158.45,53.7,0
SHP005404,FedEx,0,Air,Tampa,Boston,4/20/2025 20:49,1259.08,0.66,1121.75,239.03,125.91,0
SHP005405,DHL,0,Air,Dallas,Atlanta,2/21/2025 14:28,557.96,1.18,33947.3,285.94,55.8,0
SHP005406,Old Dominion,0,Air,Miami,Boston,10/21/2025 5:18,2010.81,1.16,33232.14,434.12,201.08,0
SHP005407,UPS,FTL,Road,New York,Tampa,12/15/2025 6:03,651.83,5.5,33870.73,365.93,108.64,0
SHP005408,J.B. Hunt,0,Ocean,San Francisco,New York,3/11/2025 7:05,6005.57,4.32,11198.02,34.36,1201.11,0
SHP005409,UPS,0,Air,Miami,Boston,7/10/2025 3:32,323.44,1.05,35279.24,120.7,32.34,0
SHP005410,Old Dominion,0,Rail,Boston,Chicago,11/1/2025 2:57,1752.25,5.18,9871.71,249.07,52.57,0
SHP005411,DHL,LTL,Road,Dallas,Chicago,8/24/2025 8:12,301.96,5.91,8495.56,14.09,50.33,0
SHP005412,FedEx,0,Air,Miami,Boston,12/16/2025 15:18,2859,3.02,3754.06,335.65,285.9,0
SHP005413,DHL,0,Air,Dallas,San Francisco,3/12/2025 10:05,2046.7,1.27,30458.64,44.45,204.67,0
SHP005414,UPS,0,Rail,New York,Tampa,6/22/2025 8:06,983.11,1.07,38765.13,376.03,29.49,0
SHP005415,C.H. Robinson,LTL,Road,Chicago,Tampa,9/8/2025 3:15,232.68,2.21,1731.54,383.54,38.78,0
SHP005416,DHL,0,Rail,Tampa,Boston,1/17/2025 11:55,294.23,6.88,37716.76,338.64,8.83,0
SHP005417,C.H. Robinson,0,Rail,New York,Miami,6/8/2025 8:10,540.74,3.52,19350.98,302.71,16.22,0
SHP005418,J.B. Hunt,0,Ocean,Dallas,Miami,7/7/2025 6:35,5514.97,14.19,14376.9,445.57,1102.99,0
SHP005419,C.H. Robinson,0,Rail,Atlanta,Boston,8/6/2025 3:07,330.23,4.26,31134.81,31.38,9.91,0
SHP005420,J.B. Hunt,FTL,Road,San Francisco,Chicago,7/31/2025 22:05,861.14,4.96,26602.84,7.46,143.52,0
SHP005421,DHL,0,Air,Atlanta,New York,8/13/2025 10:34,786.37,1.7,9730.76,481.36,78.64,0
SHP005422,FedEx,0,Ocean,Chicago,Miami,11/25/2025 19:23,5386.95,8.53,37223.05,370.56,1077.39,0
SHP005423,Schneider,FTL,Road,San Francisco,Tampa,4/9/2025 4:12,377.3,2.43,8377.44,485.57,0,565.95
SHP005424,XPO Logistics,0,Air,Dallas,Boston,6/28/2025 16:03,1696.7,3.64,14186.74,430.56,169.67,0
SHP005425,FedEx,0,Air,Chicago,Atlanta,9/23/2025 0:21,445.49,3.94,36525.36,182.24,44.55,0
SHP005426,UPS,0,Ocean,Atlanta,Tampa,9/12/2025 22:42,6310.42,18.55,36099.56,154.32,1262.08,0
SHP005427,DHL,0,Ocean,Dallas,Chicago,5/13/2025 9:58,3991.4,21.03,31253.89,197.34,798.28,0
SHP005428,Old Dominion,0,Air,Chicago,Dallas,12/27/2025 22:30,2583.46,0.66,31390.83,104.18,258.35,0
SHP005429,C.H. Robinson,0,Ocean,Boston,Chicago,5/27/2025 8:36,2645.91,12.85,18264.51,260.76,529.18,0
SHP005430,FedEx,0,Air,Dallas,Tampa,6/6/2025 13:18,1770.89,1.66,7421.49,384.47,177.09,0
SHP005431,J.B. Hunt,FTL,Road,Tampa,San Francisco,9/19/2025 4:24,509.97,3.16,25965.52,454.91,85,0
SHP005432,Schneider,0,Ocean,Chicago,Miami,12/10/2025 14:23,5806.65,3,33623.13,494.69,1161.33,0
SHP005433,Schneider,0,Rail,Boston,Dallas,10/31/2025 7:50,955.98,7.79,22119.49,230.35,28.68,0
SHP005434,UPS,0,Air,Miami,Tampa,10/26/2025 3:08,1194.79,2.8,9577.91,53.36,119.48,0
SHP005435,Schneider,FTL,Road,Tampa,San Francisco,7/4/2025 8:51,81.32,1.93,16132.95,276.49,0,121.98
SHP005436,XPO Logistics,0,Rail,Miami,Tampa,2/17/2025 13:03,668.4,7.89,12023.93,221.05,20.05,0
SHP005437,DHL,0,Rail,San Francisco,Dallas,1/16/2025 14:36,365.24,2.82,2409.12,280.19,10.96,0
SHP005438,Old Dominion,0,Ocean,Chicago,Dallas,12/9/2025 3:45,6132.99,6.31,15032.48,9.29,1226.6,0
SHP005439,FedEx,0,Air,Dallas,Tampa,12/18/2025 12:49,2566.71,3.23,2998.53,183.07,256.67,0
SHP005440,XPO Logistics,0,Rail,Chicago,Dallas,1/31/2025 20:52,1728.46,3.74,21285.24,178.27,51.85,0
SHP005441,J.B. Hunt,0,Air,Dallas,Miami,11/21/2025 19:32,1909.55,3.92,39901.35,387.58,190.96,0
SHP005442,DHL,0,Air,Chicago,San Francisco,10/13/2025 18:22,1391.64,2.23,14590.89,492.8,139.16,0
SHP005443,J.B. Hunt,0,Rail,Miami,Tampa,9/13/2025 18:58,1332.42,4.14,978.55,260.72,39.97,0
SHP005444,Schneider,0,Ocean,San Francisco,Chicago,6/6/2025 19:44,7879.46,13.51,7705.85,12.02,1575.89,0
SHP005445,Old Dominion,0,Air,Boston,Atlanta,9/17/2025 3:11,1257.7,3.71,39863.89,472.74,125.77,0
SHP005446,DHL,0,Rail,New York,San Francisco,12/30/2025 9:43,1367.07,4.91,23832.1,269.96,41.01,0
SHP005447,DHL,0,Ocean,New York,Atlanta,4/28/2025 4:54,5802.87,11.22,26933.56,61.68,1160.57,0
SHP005448,C.H. Robinson,0,Air,Tampa,Chicago,4/20/2025 19:13,1017.38,3.43,36198.08,269.97,101.74,0
SHP005449,J.B. Hunt,0,Rail,Boston,Dallas,2/22/2025 14:26,250.62,7.49,28231.54,207.6,7.52,0
SHP005450,Schneider,FTL,Road,Tampa,Dallas,7/19/2025 10:42,738.14,2.72,18880.9,443.52,123.02,0
SHP005451,FedEx,LTL,Road,Chicago,Atlanta,9/16/2025 2:07,235.25,0.85,176.88,157.69,39.21,0
SHP005452,DHL,0,Air,Tampa,Chicago,12/29/2025 4:34,698.02,1.27,943.94,114.37,69.8,0
SHP005453,DHL,FTL,Road,San Francisco,Miami,10/28/2025 11:10,432.62,0.43,24512.21,284.83,72.1,0
SHP005454,XPO Logistics,0,Ocean,Miami,Dallas,9/4/2025 8:11,1227.77,15.09,39946.83,472.29,245.55,0
SHP005455,XPO Logistics,0,Rail,Atlanta,Miami,5/16/2025 6:58,204.27,6.57,14467.41,32.76,6.13,0
SHP005456,XPO Logistics,0,Ocean,Dallas,Miami,3/10/2025 22:28,2719.87,9.08,21168.15,330.88,543.97,0
SHP005457,FedEx,0,Ocean,Chicago,Tampa,6/26/2025 3:02,6117.92,7.41,13209.94,154.88,1223.58,0
SHP005458,DHL,0,Rail,Miami,Tampa,9/8/2025 14:48,780.38,8,31228.76,487.52,23.41,0
SHP005459,C.H. Robinson,FTL,Road,Dallas,Miami,12/23/2025 16:24,847.08,2.59,15894.9,244.8,141.18,0
SHP005460,Schneider,0,Air,Dallas,Boston,9/12/2025 2:23,1425.55,3.4,18867.58,148.51,142.56,0
SHP005461,FedEx,0,Ocean,Dallas,Tampa,1/14/2025 11:11,6311.45,20.8,17106.94,334.24,1262.29,0
SHP005462,Schneider,0,Rail,New York,Atlanta,8/21/2025 7:01,294.09,4.71,2276.75,15.57,8.82,0
SHP005463,DHL,FTL,Road,Dallas,Boston,8/19/2025 7:06,754.86,1.99,29830.22,448.15,125.81,0
SHP005464,Schneider,0,Ocean,Dallas,Chicago,2/13/2025 23:19,1545.43,17.94,20823.54,56.95,309.09,0
SHP005465,FedEx,LTL,Road,Boston,Atlanta,7/11/2025 19:40,799.33,3.75,5229.07,463.31,133.22,0
SHP005466,FedEx,0,Rail,Miami,San Francisco,1/10/2025 0:38,1033.73,7.93,20614.54,58.81,31.01,0
SHP005467,Old Dominion,0,Ocean,Chicago,New York,1/15/2025 17:41,4028.53,6.01,24086.77,346.87,805.71,0
SHP005468,XPO Logistics,LTL,Road,New York,Atlanta,5/23/2025 11:11,588.7,0.81,4766.12,41.65,98.12,0
SHP005469,XPO Logistics,0,Air,Miami,Boston,1/20/2025 4:15,2141.74,3.27,38514.02,75.25,214.17,0
SHP005470,FedEx,FTL,Road,Boston,Chicago,7/4/2025 14:50,662.28,3.51,36937.82,314.01,0,993.42
SHP005471,FedEx,0,Rail,Chicago,New York,1/8/2025 17:33,432.82,4.05,26363.12,350.44,12.98,0
SHP005472,Schneider,0,Ocean,Tampa,Atlanta,5/25/2025 2:29,6973.05,5.97,38085.91,30.51,1394.61,0
SHP005473,C.H. Robinson,LTL,Road,San Francisco,Tampa,1/13/2025 1:28,1181.33,5.18,6653.69,367.76,196.89,0
SHP005474,Schneider,0,Ocean,Atlanta,San Francisco,12/25/2025 15:20,1045.19,2.91,4519.75,44.59,209.04,0
SHP005475,UPS,0,Air,Tampa,Atlanta,6/23/2025 18:48,1777.93,1.25,34478.12,223.43,177.79,0
SHP005476,Old Dominion,0,Air,Atlanta,Tampa,6/1/2025 19:53,2177.88,2.79,13134.2,122.34,217.79,0
SHP005477,C.H. Robinson,0,Rail,Dallas,San Francisco,7/31/2025 19:18,747.93,6.58,23657.94,127.52,22.44,0
SHP005478,UPS,0,Rail,Boston,New York,9/14/2025 13:21,1508.55,1.38,28117.74,220.11,45.26,0
SHP005479,J.B. Hunt,FTL,Road,Chicago,Tampa,4/26/2025 20:35,890.98,5.58,30126.35,221.54,148.5,0
SHP005480,C.H. Robinson,0,Air,Tampa,Miami,12/19/2025 8:58,707.63,3.32,18697.87,38.58,70.76,0
SHP005481,XPO Logistics,0,Rail,New York,San Francisco,7/17/2025 8:42,1350.49,3.04,2431.09,451.47,40.51,0
SHP005482,C.H. Robinson,0,Air,Dallas,Boston,10/21/2025 9:06,1604.37,1.48,28797.27,443.07,160.44,0
SHP005483,C.H. Robinson,0,Ocean,Boston,Chicago,1/18/2025 14:35,502.3,17.13,30796.96,105.75,100.46,0
SHP005484,UPS,0,Air,Atlanta,Dallas,5/19/2025 19:04,1621.98,0.81,29996.62,423.88,162.2,0
SHP005485,Old Dominion,FTL,Road,Miami,Dallas,8/8/2025 9:05,174.41,4.94,30977.02,174.11,29.07,0
SHP005486,Old Dominion,0,Rail,Boston,San Francisco,11/9/2025 10:13,1304.46,1,37306.01,275.64,39.13,0
SHP005487,XPO Logistics,0,Ocean,Tampa,New York,3/23/2025 8:36,5152.54,16.62,22674.08,428.53,1030.51,0
SHP005488,J.B. Hunt,FTL,Road,San Francisco,Chicago,11/2/2025 16:09,751.16,5.47,23502.1,86.39,125.19,0
SHP005489,FedEx,0,Rail,Boston,San Francisco,1/8/2025 8:28,1661.7,5.77,28119.94,492.76,49.85,0
SHP005490,C.H. Robinson,0,Air,Tampa,San Francisco,11/18/2025 18:12,503.03,2,9944.27,315.58,50.3,0
SHP005491,C.H. Robinson,0,Air,New York,Boston,9/18/2025 14:23,2478.39,3.88,18456.55,393.32,247.84,0
SHP005492,FedEx,0,Rail,Miami,Atlanta,10/29/2025 4:48,1667.28,5.78,10087.94,304.32,50.02,0
SHP005493,Old Dominion,0,Rail,Chicago,San Francisco,4/17/2025 10:49,1751.92,7.91,25873.21,443.61,52.56,0
SHP005494,XPO Logistics,LTL,Road,Atlanta,Dallas,4/5/2025 2:09,280.4,1.66,9535.94,68.48,46.73,0
SHP005495,UPS,LTL,Road,Atlanta,Dallas,10/22/2025 11:50,269.77,2.67,5957.41,302.3,44.96,0
SHP005496,Schneider,0,Air,Dallas,New York,12/28/2025 9:11,1088.34,3.72,36646.45,196.64,108.83,0
SHP005497,FedEx,0,Ocean,Miami,Tampa,1/4/2025 18:34,3757.19,17.45,26688.34,191.77,751.44,0
SHP005498,FedEx,0,Air,Boston,Miami,10/3/2025 6:26,1418.46,1.72,9797.71,229.61,141.85,0
SHP005499,XPO Logistics,0,Rail,Tampa,Chicago,5/18/2025 2:52,1298.29,6.19,31265.51,187.99,38.95,0
SHP005500,Schneider,0,Ocean,Atlanta,Miami,4/7/2025 4:37,6234.77,2.14,19343.47,397.16,1246.95,0
SHP005501,Old Dominion,0,Ocean,San Francisco,Atlanta,12/14/2025 19:54,5225.34,12.43,25963.36,453.57,1045.07,0
SHP005502,FedEx,0,Ocean,Tampa,Miami,9/13/2025 1:27,4747.86,19.6,39239.34,353.08,949.57,0
SHP005503,Old Dominion,FTL,Road,San Francisco,Dallas,5/23/2025 7:15,709.32,0.47,15291.88,283.16,0,1063.98
SHP005504,J.B. Hunt,LTL,Road,San Francisco,Miami,12/5/2025 15:19,966.79,2.77,9606.57,136.63,161.13,0
SHP005505,C.H. Robinson,0,Rail,Miami,San Francisco,8/13/2025 2:42,1391.31,3.93,19696.55,401.45,41.74,0
SHP005506,Schneider,0,Rail,Boston,Dallas,4/6/2025 2:58,673.94,1.68,21050.1,264.87,20.22,0
SHP005507,Schneider,0,Ocean,Boston,Miami,6/4/2025 0:47,6478.76,23.3,2684.38,296.25,1295.75,0
SHP005508,UPS,0,Air,Atlanta,Boston,9/14/2025 13:27,2139.45,3.95,37732.31,356.51,213.94,0
SHP005509,J.B. Hunt,0,Rail,San Francisco,Boston,10/4/2025 23:31,1034.86,2.13,15674.97,292.98,31.05,0
SHP005510,J.B. Hunt,FTL,Road,Chicago,San Francisco,4/30/2025 20:04,883.98,3.9,28707.85,215.15,147.33,0
SHP005511,DHL,FTL,Road,Chicago,San Francisco,5/13/2025 21:36,886.77,1.08,6922.16,82.25,147.79,0
SHP005512,DHL,LTL,Road,Chicago,New York,10/23/2025 18:53,1074.49,0.69,8044.86,117.55,179.08,0
SHP005513,DHL,FTL,Road,Tampa,New York,3/4/2025 6:55,588.69,5.52,23644.52,105.85,98.12,0
SHP005514,Old Dominion,FTL,Road,San Francisco,Atlanta,6/29/2025 13:29,376.7,5.54,17372.19,293.91,62.78,0
SHP005515,C.H. Robinson,FTL,Road,San Francisco,Tampa,8/26/2025 20:44,578.92,2.43,9319.53,343.41,96.49,0
SHP005516,XPO Logistics,0,Ocean,Tampa,Dallas,6/11/2025 13:35,5886.82,8.05,31665.93,427.41,1177.36,0
SHP005517,C.H. Robinson,LTL,Road,Miami,Atlanta,6/8/2025 11:28,1108.78,1.18,3143.65,430.32,184.8,0
SHP005518,Old Dominion,0,Ocean,Boston,Miami,7/24/2025 11:52,1989.05,2.08,34897.68,163.9,397.81,0
SHP005519,FedEx,0,Ocean,Miami,Dallas,5/9/2025 15:25,3608.73,11.82,34006.85,169.61,721.75,0
SHP005520,Schneider,0,Air,Chicago,Tampa,9/14/2025 21:47,2709.16,2.66,21327.83,163.48,270.92,0
SHP005521,DHL,0,Rail,Miami,Chicago,6/18/2025 10:59,589.94,5.37,18152.32,455.35,17.7,0
SHP005522,Old Dominion,FTL,Road,Atlanta,Tampa,11/16/2025 17:33,615.38,3.19,16960.57,394.84,102.56,0
SHP005523,J.B. Hunt,0,Rail,Boston,New York,8/28/2025 11:19,879.74,2.89,34550.22,298.82,26.39,0
SHP005524,Schneider,0,Rail,Chicago,Tampa,8/9/2025 2:43,1146.42,5.28,28894.17,157.22,34.39,0
SHP005525,C.H. Robinson,FTL,Road,Chicago,Atlanta,8/28/2025 21:14,88.92,4.91,5591.75,361.19,14.82,0
SHP005526,J.B. Hunt,0,Air,Tampa,New York,7/14/2025 15:08,522.25,1.81,2989.53,261.58,52.23,0
SHP005527,DHL,0,Ocean,Miami,New York,10/27/2025 1:15,5398.52,5.77,15179.29,465.19,1079.7,0
SHP005528,XPO Logistics,FTL,Road,Dallas,Tampa,10/6/2025 22:12,558.75,4.86,37123.8,487.2,0,838.12
SHP005529,J.B. Hunt,0,Rail,Tampa,New York,2/25/2025 3:51,1637.32,3.22,38521.63,406.39,49.12,0
SHP005530,Old Dominion,FTL,Road,Atlanta,Chicago,6/15/2025 10:33,1012.75,0.34,38192.44,389.27,168.79,0
SHP005531,DHL,0,Air,Atlanta,New York,12/23/2025 9:22,2373.51,0.79,9686.46,481.17,237.35,0
SHP005532,C.H. Robinson,0,Ocean,New York,Dallas,2/8/2025 8:12,4255.08,10.75,33677.66,44.58,851.02,0
SHP005533,XPO Logistics,0,Ocean,San Francisco,Chicago,8/21/2025 22:33,3627.07,10.27,14319.13,154.54,725.41,0
SHP005534,Old Dominion,0,Air,New York,San Francisco,10/20/2025 17:12,867.2,1.11,25796.04,459.78,86.72,0
SHP005535,XPO Logistics,LTL,Road,Atlanta,Chicago,8/6/2025 19:27,635.18,1.96,1717.73,415.24,105.86,0
SHP005536,J.B. Hunt,0,Rail,Atlanta,Miami,10/3/2025 13:42,1754.39,3.44,11992.54,301.14,52.63,0
SHP005537,UPS,FTL,Road,Chicago,Dallas,7/18/2025 1:44,941.63,2.87,25387.89,358.56,156.94,0
SHP005538,Old Dominion,FTL,Road,Chicago,Dallas,11/5/2025 9:40,1154.68,1.2,39896.61,196.69,192.45,0
SHP005539,J.B. Hunt,0,Ocean,Chicago,Atlanta,4/11/2025 12:51,5924,14.59,19723.41,349.34,1184.8,0
SHP005540,Old Dominion,0,Rail,Miami,San Francisco,7/5/2025 3:31,833.21,1.88,19811.29,261.44,25,0
SHP005541,FedEx,0,Rail,Miami,Dallas,10/17/2025 23:53,523.04,7.55,9485.29,205.2,15.69,0
SHP005542,FedEx,LTL,Road,Chicago,Miami,9/11/2025 2:38,228.17,3.33,3180.23,245.15,38.03,0
SHP005543,Old Dominion,0,Air,Chicago,Boston,1/5/2025 6:34,906.47,0.69,31279.45,320.9,90.65,0
SHP005544,UPS,0,Rail,New York,Chicago,3/5/2025 11:40,745.18,1.33,34690.21,85.73,22.36,0
SHP005545,J.B. Hunt,FTL,Road,Atlanta,Miami,3/29/2025 9:52,1120.35,3,13945.28,371.14,186.72,0
SHP005546,Schneider,0,Ocean,Chicago,New York,1/19/2025 3:25,7076.3,10.16,16590.08,217.15,1415.26,0
SHP005547,XPO Logistics,0,Ocean,Miami,New York,11/20/2025 7:38,7417.42,17.24,10282.02,93.31,1483.48,0
SHP005548,DHL,0,Air,Tampa,Atlanta,3/21/2025 9:12,921.99,1.42,9592.25,329.59,92.2,0
SHP005549,UPS,0,Ocean,Chicago,Dallas,5/4/2025 21:34,1369.5,10.52,25189.62,146.14,273.9,0
SHP005550,Schneider,0,Air,Tampa,Chicago,1/28/2025 20:31,476.24,0.79,5475.69,418.09,47.62,0
SHP005551,DHL,0,Air,San Francisco,Tampa,12/11/2025 8:57,2076.23,0.73,15947.22,140.01,207.62,0
SHP005552,J.B. Hunt,LTL,Road,San Francisco,Atlanta,6/27/2025 1:31,714.75,3.26,4889.07,157.94,119.12,0
SHP005553,XPO Logistics,0,Air,Tampa,Boston,11/4/2025 6:47,672.06,3.1,35254.34,472.13,67.21,0
SHP005554,Old Dominion,0,Rail,Tampa,Boston,10/27/2025 20:56,293.79,6.18,29196.89,473.61,8.81,0
SHP005555,FedEx,LTL,Road,San Francisco,Chicago,4/14/2025 2:01,340.85,4.52,688.07,315.99,0,511.28
SHP005556,XPO Logistics,0,Ocean,Boston,Tampa,12/9/2025 17:11,3131.36,18.92,34600.52,183.05,626.27,0
SHP005557,XPO Logistics,0,Air,Dallas,New York,9/8/2025 15:40,1719.08,0.91,16967.83,181.04,171.91,0
SHP005558,C.H. Robinson,0,Ocean,Miami,Chicago,6/25/2025 8:28,1873.43,21.68,6349.47,318.23,374.69,0
SHP005559,J.B. Hunt,FTL,Road,Chicago,San Francisco,4/26/2025 10:20,1073.66,5.49,31832.97,88.89,178.94,0
SHP005560,UPS,FTL,Road,Boston,Tampa,7/19/2025 13:27,990.05,1.84,36934.72,354.83,0,1485.07
SHP005561,DHL,0,Air,Dallas,Atlanta,4/22/2025 18:47,2420.22,0.8,23519.22,410.75,242.02,0
SHP005562,DHL,0,Air,Chicago,San Francisco,12/29/2025 1:53,2626.29,0.6,37596.79,22.63,262.63,0
SHP005563,XPO Logistics,FTL,Road,Tampa,Miami,5/11/2025 7:40,756.7,4.24,4740.14,24.96,0,1135.05
SHP005564,Schneider,FTL,Road,Chicago,San Francisco,10/4/2025 19:41,952.65,2.46,4730.94,381.57,158.78,0
SHP005565,XPO Logistics,0,Rail,San Francisco,Boston,8/17/2025 15:12,1558.66,5.11,6868.85,8.6,46.76,0
SHP005566,UPS,LTL,Road,Tampa,Chicago,2/27/2025 22:38,855.92,3.41,6560.35,406.78,142.65,0
SHP005567,Schneider,0,Rail,Boston,Chicago,11/3/2025 7:36,894.76,1.87,37629.34,273.09,26.84,0
SHP005568,DHL,0,Air,Boston,Atlanta,2/14/2025 9:51,1961.29,3.77,37297.55,286.48,196.13,0
SHP005569,C.H. Robinson,LTL,Road,Miami,Atlanta,4/1/2025 1:53,392.25,5.98,6856.05,204.81,0,588.38
SHP005570,J.B. Hunt,0,Air,New York,Tampa,1/2/2025 22:17,1811.56,1.96,35588.05,241.77,181.16,0
SHP005571,J.B. Hunt,0,Rail,Miami,Chicago,4/21/2025 12:17,1517.65,6.88,33061.13,361.37,45.53,0
SHP005572,C.H. Robinson,0,Air,Dallas,Boston,3/24/2025 23:49,2608.17,1.86,5029.2,421.38,260.82,0
SHP005573,FedEx,FTL,Road,Chicago,New York,12/29/2025 0:40,622.89,0.98,5054.84,80.46,103.81,0
SHP005574,XPO Logistics,0,Ocean,Chicago,New York,8/15/2025 12:45,6132.3,17.64,8550.84,423.61,1226.46,0
SHP005575,Old Dominion,0,Air,Chicago,San Francisco,9/18/2025 1:54,1059.5,3.28,19807.83,366.04,105.95,0
SHP005576,XPO Logistics,0,Air,Boston,Tampa,1/29/2025 19:58,1329.75,1.71,33733.7,18.62,132.97,0
SHP005577,FedEx,0,Rail,Atlanta,New York,1/21/2025 0:02,1759.58,5.54,17583.09,314.4,52.79,0
SHP005578,C.H. Robinson,FTL,Road,Dallas,Miami,6/25/2025 16:46,191.15,3.21,39411.27,118.4,31.86,0
SHP005579,C.H. Robinson,0,Ocean,Boston,Chicago,5/26/2025 12:23,5917.09,11.57,26272.1,103.24,1183.42,0
SHP005580,XPO Logistics,FTL,Road,Chicago,Atlanta,8/25/2025 20:01,591.03,5.89,8213.84,318.59,98.5,0
SHP005581,XPO Logistics,0,Air,San Francisco,Boston,8/4/2025 20:13,1854.11,2.48,24797.37,251.62,185.41,0
SHP005582,C.H. Robinson,0,Rail,San Francisco,Boston,7/13/2025 11:41,227.09,7.3,33165.66,87.91,6.81,0
SHP005583,XPO Logistics,0,Air,New York,Dallas,6/1/2025 23:26,1415.84,3.2,39212.46,475.62,141.58,0
SHP005584,Schneider,0,Air,New York,San Francisco,6/10/2025 15:13,2728.27,1.05,36621.77,439.34,272.83,0
SHP005585,C.H. Robinson,FTL,Road,New York,Boston,9/13/2025 12:36,483.49,2.52,18666.4,328.43,80.58,0
SHP005586,C.H. Robinson,0,Air,Atlanta,San Francisco,7/29/2025 10:50,1004.26,0.58,6078.57,220.62,100.43,0
SHP005587,C.H. Robinson,LTL,Road,Dallas,Miami,6/11/2025 4:11,374.3,4.65,1200.9,458.82,62.38,0
SHP005588,DHL,0,Air,San Francisco,Miami,3/13/2025 2:00,2717.38,3.68,29714.59,54.39,271.74,0
SHP005589,Schneider,0,Rail,Chicago,Dallas,2/17/2025 23:16,901.02,1.92,39514.12,167.19,27.03,0
SHP005590,XPO Logistics,0,Air,Boston,San Francisco,11/21/2025 11:53,1880.39,3.23,36864.34,378.02,188.04,0
SHP005591,FedEx,0,Ocean,Chicago,New York,9/6/2025 12:26,5558.78,12.25,24413.31,47.99,1111.76,0
SHP005592,XPO Logistics,0,Air,New York,Dallas,3/15/2025 13:19,2686.59,2.4,2085.33,460.03,268.66,0
SHP005593,DHL,LTL,Road,Boston,Tampa,4/23/2025 15:09,612.7,5.24,8590.35,408.06,102.12,0
SHP005594,DHL,0,Rail,New York,Tampa,11/14/2025 6:23,298.24,2.73,35084.14,449.6,8.95,0
SHP005595,Schneider,0,Air,Dallas,Atlanta,3/20/2025 5:38,1536.79,2.04,7418.06,484.24,153.68,0
SHP005596,FedEx,LTL,Road,San Francisco,Atlanta,3/10/2025 17:16,295.11,1.35,6658.18,122.18,49.19,0
SHP005597,Schneider,0,Ocean,Miami,Atlanta,11/27/2025 21:37,7540.79,2.24,727.25,252.93,1508.16,0
SHP005598,XPO Logistics,0,Rail,Tampa,Atlanta,8/28/2025 17:59,980.9,2.14,20033.52,206.42,29.43,0
SHP005599,FedEx,0,Air,Boston,Dallas,8/23/2025 21:39,2703.89,0.53,39062.66,312.57,270.39,0
SHP005600,J.B. Hunt,FTL,Road,Chicago,Dallas,8/9/2025 12:24,224.62,0.52,21755.17,118.21,37.44,0
SHP005601,J.B. Hunt,0,Rail,Miami,Atlanta,1/3/2025 21:36,681.86,2.72,26181.81,277.21,20.46,0
SHP005602,Schneider,0,Rail,Miami,San Francisco,3/23/2025 21:47,324.76,4.69,31752,41.52,9.74,0
SHP005603,Old Dominion,FTL,Road,Atlanta,San Francisco,11/21/2025 13:10,1073.2,3.58,38049.67,74.92,0,1609.8
SHP005604,DHL,0,Rail,Miami,Dallas,10/17/2025 4:13,1789.7,5.51,22916.02,258.12,53.69,0
SHP005605,J.B. Hunt,0,Air,Boston,Atlanta,3/23/2025 15:15,363.87,3.79,25937.78,46.72,36.39,0
SHP005606,J.B. Hunt,0,Ocean,Chicago,San Francisco,1/29/2025 23:43,657.14,3.12,24571.13,307.39,131.43,0
SHP005607,J.B. Hunt,0,Ocean,Chicago,New York,12/11/2025 21:15,4247.5,8.75,21503.84,258.63,849.5,0
SHP005608,Schneider,0,Air,Miami,Dallas,7/23/2025 3:02,352.42,1.49,2600.82,450.18,35.24,0
SHP005609,DHL,FTL,Road,Miami,Tampa,7/13/2025 16:25,884.01,5.98,12435.76,439.36,147.34,0
SHP005610,J.B. Hunt,0,Ocean,Boston,San Francisco,3/28/2025 8:16,5022.91,11.97,9291.64,369.46,1004.58,0
SHP005611,Schneider,LTL,Road,Atlanta,Tampa,8/7/2025 19:45,1089.76,1.6,1877.59,348.41,181.63,0
SHP005612,FedEx,0,Ocean,New York,Chicago,12/8/2025 9:17,7827.3,18.5,11740.94,210.56,1565.46,0
SHP005613,FedEx,0,Rail,Dallas,Boston,2/21/2025 17:15,814.91,6.96,30969.15,294.9,24.45,0
SHP005614,DHL,FTL,Road,Dallas,Chicago,10/27/2025 2:51,366.2,5.64,26305.95,485.27,61.03,0
SHP005615,FedEx,0,Rail,Boston,Dallas,11/5/2025 7:40,1128.19,6.75,32617.66,169.33,33.85,0
SHP005616,Schneider,LTL,Road,Chicago,Boston,7/17/2025 6:06,1158.62,0.38,7721.8,482.81,0,1737.93
SHP005617,UPS,0,Rail,Tampa,New York,11/18/2025 4:15,742.25,5.54,22707.82,380.99,22.27,0
SHP005618,C.H. Robinson,0,Air,Chicago,New York,2/7/2025 6:15,2638.68,2.61,32728.23,156.83,263.87,0
SHP005619,DHL,0,Rail,New York,Dallas,1/3/2025 18:35,565.74,4.01,27270.6,94.44,16.97,0
SHP005620,C.H. Robinson,LTL,Road,Boston,Tampa,3/4/2025 17:38,832.41,2.52,7986.42,19.38,0,1248.62
SHP005621,Schneider,0,Ocean,Chicago,Tampa,2/27/2025 5:39,5509.87,16.3,37666.95,356.97,1101.97,0
SHP005622,C.H. Robinson,LTL,Road,New York,Miami,9/6/2025 20:20,965.75,5.45,6799.26,145.79,160.96,0
SHP005623,UPS,LTL,Road,Tampa,Miami,10/25/2025 20:48,1050.24,4.55,4330.71,355.55,0,1575.36
SHP005624,DHL,0,Ocean,Miami,Boston,6/25/2025 6:52,7007.67,23.46,38117.88,163.34,1401.53,0
SHP005625,Old Dominion,0,Air,San Francisco,Atlanta,5/3/2025 8:13,1438.57,0.88,10278,441.33,143.86,0
SHP005626,UPS,FTL,Road,New York,Dallas,9/10/2025 9:27,464.98,3.82,26805.64,391.13,77.5,0
SHP005627,Old Dominion,FTL,Road,Tampa,Miami,8/20/2025 0:08,260.22,2,18209.29,183.06,43.37,0
SHP005628,XPO Logistics,0,Rail,Chicago,Tampa,5/11/2025 1:02,1772.65,6.84,19447.63,439.76,53.18,0
SHP005629,XPO Logistics,LTL,Road,San Francisco,Miami,11/25/2025 3:11,449.8,4.77,2353.2,386.39,74.97,0
SHP005630,FedEx,0,Rail,New York,San Francisco,12/8/2025 21:00,930.33,1.75,11293.87,201.74,27.91,0
SHP005631,XPO Logistics,0,Air,Dallas,New York,5/16/2025 22:04,2323.09,0.76,26552.11,358.29,232.31,0
SHP005632,DHL,0,Rail,Atlanta,New York,12/31/2025 14:24,1246.27,6.32,7537.66,293.96,37.39,0
SHP005633,XPO Logistics,0,Air,Chicago,Miami,1/22/2025 5:05,2841.09,2.64,24647.79,368.48,284.11,0
SHP005634,XPO Logistics,LTL,Road,Miami,Dallas,5/29/2025 5:33,433.18,4.28,9174.9,6.44,72.2,0
SHP005635,UPS,0,Rail,Miami,Dallas,12/14/2025 0:06,1592.18,2.53,18508.97,426.32,47.77,0
SHP005636,C.H. Robinson,0,Ocean,Boston,San Francisco,2/26/2025 3:51,6679.34,21.62,37646.46,224.13,1335.87,0
SHP005637,DHL,0,Ocean,Miami,Atlanta,3/11/2025 19:00,5422.73,10.59,14353.31,216.37,1084.55,0
SHP005638,J.B. Hunt,0,Air,New York,Dallas,4/7/2025 16:25,2306.31,2.26,32655.36,372.86,230.63,0
SHP005639,DHL,0,Rail,Miami,Dallas,4/30/2025 0:10,232.77,5.41,17744.56,228.86,6.98,0
SHP005640,FedEx,FTL,Road,New York,San Francisco,6/23/2025 6:41,991.13,3.4,35482.06,356.69,165.19,0
SHP005641,J.B. Hunt,0,Air,Tampa,Dallas,4/12/2025 2:38,1792.67,3.14,2014.79,14.51,179.27,0
SHP005642,J.B. Hunt,LTL,Road,Atlanta,Tampa,6/13/2025 0:33,145.85,2.77,2469.18,492.15,24.31,0
SHP005643,Old Dominion,0,Air,Chicago,Atlanta,5/30/2025 13:59,1764.18,2.82,11513.4,161.58,176.42,0
SHP005644,C.H. Robinson,0,Ocean,Tampa,Chicago,9/12/2025 16:16,3015.96,17.37,19211.4,259.32,603.19,0
SHP005645,XPO Logistics,0,Ocean,Boston,Tampa,1/4/2025 17:41,4940.02,18.91,4069.61,388.66,988,0
SHP005646,XPO Logistics,FTL,Road,Miami,Chicago,1/21/2025 10:59,697.72,4.1,13438.29,205.28,116.29,0
SHP005647,DHL,0,Air,Atlanta,Miami,1/4/2025 2:31,924.15,3.93,20131.62,498.04,92.42,0
SHP005648,XPO Logistics,0,Ocean,Chicago,San Francisco,11/25/2025 19:28,4173.39,6.83,20544.37,20.76,834.68,0
SHP005649,XPO Logistics,0,Rail,Chicago,Atlanta,1/14/2025 3:54,1647.63,6.73,29169.91,305.3,49.43,0
SHP005650,DHL,0,Rail,Tampa,Dallas,2/25/2025 2:48,1127.73,7.98,11480.9,390.06,33.83,0
SHP005651,FedEx,LTL,Road,San Francisco,Tampa,4/11/2025 12:34,718.62,5.86,8303.86,499.26,119.77,0
SHP005652,UPS,LTL,Road,Atlanta,Tampa,1/22/2025 12:20,726.57,1.43,5111.32,355.84,0,1089.86
SHP005653,Old Dominion,FTL,Road,San Francisco,Boston,2/9/2025 23:05,940.51,0.25,20448.57,118.38,156.75,0
SHP005654,C.H. Robinson,FTL,Road,San Francisco,Atlanta,8/14/2025 18:27,1056.15,1.13,26825.02,133.77,176.03,0
SHP005655,FedEx,0,Rail,New York,Chicago,5/11/2025 1:28,770.47,7.58,9997.7,48.41,23.11,0
SHP005656,UPS,0,Air,San Francisco,Atlanta,12/17/2025 2:15,487.07,2.27,25847.6,164.32,48.71,0
SHP005657,C.H. Robinson,LTL,Road,New York,Boston,5/21/2025 10:44,843.8,0.6,8594.75,408.47,140.63,0
SHP005658,UPS,0,Ocean,Miami,Dallas,8/13/2025 13:57,7891.22,22.6,14569.79,200.24,1578.24,0
SHP005659,FedEx,0,Air,Chicago,Dallas,10/17/2025 12:47,2314.11,0.97,12903.58,60.15,231.41,0
SHP005660,J.B. Hunt,FTL,Road,Tampa,Atlanta,2/18/2025 14:27,573.12,3.42,8840.84,14.29,0,859.68
SHP005661,DHL,0,Air,New York,San Francisco,8/27/2025 1:08,2242.26,0.57,38949.4,111.58,224.23,0
SHP005662,J.B. Hunt,0,Rail,Tampa,Dallas,12/27/2025 11:14,1262.24,4.04,2857.12,236.62,37.87,0
SHP005663,Schneider,0,Ocean,Chicago,San Francisco,8/24/2025 21:08,4375.7,20.8,29427.79,40.57,875.14,0
SHP005664,DHL,0,Rail,Chicago,Tampa,11/13/2025 11:40,534.66,3.18,5098.1,228.99,16.04,0
SHP005665,Old Dominion,0,Air,Boston,Miami,5/1/2025 11:45,2957.63,2.3,29804.35,341.79,295.76,0
SHP005666,XPO Logistics,0,Rail,Boston,New York,11/14/2025 19:56,1559.86,2.51,30276.14,440.8,46.8,0
SHP005667,FedEx,0,Rail,Atlanta,Miami,8/30/2025 21:40,474.42,3.43,38819.02,390.61,14.23,0
SHP005668,C.H. Robinson,0,Rail,San Francisco,Tampa,11/10/2025 7:36,652.15,4.95,16470.88,245.49,19.56,0
SHP005669,C.H. Robinson,0,Ocean,Dallas,Miami,11/7/2025 16:19,3163.75,8.15,27153.14,389.49,632.75,0
SHP005670,XPO Logistics,0,Air,San Francisco,Chicago,3/11/2025 21:29,2659.68,1.04,33002.79,128.15,265.97,0
SHP005671,DHL,0,Rail,Atlanta,Miami,7/21/2025 21:22,883.74,7.31,18452.89,99.33,26.51,0
SHP005672,Old Dominion,0,Rail,New York,Atlanta,10/11/2025 13:42,455.79,4.31,30625.56,498.61,13.67,0
SHP005673,Schneider,0,Ocean,Chicago,Boston,3/21/2025 15:15,6405.56,21.29,30039.38,447.82,1281.11,0
SHP005674,DHL,0,Rail,Dallas,Boston,6/9/2025 0:24,322.07,7.51,16158.04,460.89,9.66,0
SHP005675,J.B. Hunt,LTL,Road,Miami,Dallas,5/19/2025 1:07,137.09,4.36,7396.53,498.46,0,205.63
SHP005676,J.B. Hunt,0,Rail,New York,Dallas,7/23/2025 22:12,1430.17,3.68,22511.32,183.91,42.91,0
SHP005677,DHL,0,Air,Chicago,Boston,8/1/2025 6:25,829.25,1.37,9269.42,274.86,82.93,0
SHP005678,FedEx,0,Ocean,Chicago,New York,4/10/2025 11:29,7296.2,22.08,2663.17,40.87,1459.24,0
SHP005679,UPS,0,Air,San Francisco,Chicago,7/6/2025 11:51,961.82,1.39,4248.12,194.84,96.18,0
SHP005680,UPS,0,Air,Dallas,Chicago,5/29/2025 4:05,1886.86,2.52,21965.47,170,188.69,0
SHP005681,Schneider,FTL,Road,Atlanta,Chicago,5/16/2025 9:36,862.42,5,14177.83,43.68,143.74,0
SHP005682,J.B. Hunt,0,Ocean,San Francisco,New York,2/11/2025 20:35,2722.48,5.02,18960.67,78.81,544.5,0
SHP005683,Schneider,0,Rail,San Francisco,Dallas,5/2/2025 16:07,940.55,2.55,29679.88,14.76,28.22,0
SHP005684,Old Dominion,LTL,Road,New York,Tampa,7/28/2025 8:48,687.96,1.22,159.77,434.73,114.66,0
SHP005685,Old Dominion,0,Rail,San Francisco,Miami,7/18/2025 9:11,1274.44,1.69,26730.86,306.21,38.23,0
SHP005686,Old Dominion,0,Rail,San Francisco,Dallas,4/15/2025 10:13,957.37,3.93,35539.26,123.33,28.72,0
SHP005687,Old Dominion,0,Air,New York,Dallas,5/3/2025 0:03,1375.44,1.65,30962.44,458.32,137.54,0
SHP005688,XPO Logistics,0,Air,New York,Dallas,7/8/2025 20:04,2594.41,3.29,39478.2,348.88,259.44,0
SHP005689,XPO Logistics,0,Air,Boston,San Francisco,4/1/2025 21:57,2327.85,3.94,776.14,317.39,232.78,0
SHP005690,XPO Logistics,FTL,Road,Boston,Miami,3/29/2025 8:20,899.82,5.53,35411.85,421.14,149.97,0
SHP005691,Old Dominion,LTL,Road,New York,Chicago,6/3/2025 7:47,1137.66,3.34,218.16,6.52,189.61,0
SHP005692,UPS,0,Ocean,Chicago,Dallas,4/16/2025 23:03,4584.79,11.58,18324.18,200.8,916.96,0
SHP005693,C.H. Robinson,0,Air,Miami,Tampa,8/6/2025 13:47,2777.86,1.76,34320.96,451.53,277.79,0
SHP005694,Old Dominion,LTL,Road,Miami,Boston,11/17/2025 13:15,624.43,2.82,7646.05,354.28,104.07,0
SHP005695,Old Dominion,0,Air,New York,Boston,3/17/2025 2:33,1187.04,0.86,10961.67,66.38,118.7,0
SHP005696,Schneider,FTL,Road,Atlanta,Tampa,5/17/2025 14:05,388.94,1.76,25689.6,477.29,64.82,0
SHP005697,UPS,LTL,Road,New York,Chicago,3/13/2025 23:12,838.61,5.58,7873.7,364.21,139.77,0
SHP005698,Old Dominion,0,Ocean,Tampa,New York,5/11/2025 1:11,3605.46,9.15,33927.96,452.79,721.09,0
SHP005699,DHL,0,Rail,Miami,Boston,9/19/2025 7:40,923.01,1.06,31804.98,143.25,27.69,0
SHP005700,J.B. Hunt,LTL,Road,Tampa,Atlanta,2/10/2025 8:47,61.37,4.88,5246.53,342.92,10.23,0
SHP005701,C.H. Robinson,0,Rail,Atlanta,Tampa,8/25/2025 19:25,1663.5,4.79,20376.17,146.04,49.91,0
SHP005702,UPS,0,Ocean,San Francisco,New York,1/17/2025 1:41,2788.95,19.52,18236.66,82.6,557.79,0
SHP005703,C.H. Robinson,0,Air,New York,Dallas,5/19/2025 4:16,555.23,2.16,18865.72,327.08,55.52,0
SHP005704,C.H. Robinson,FTL,Road,Dallas,Boston,5/7/2025 22:54,591.73,1.07,20558.21,453.49,98.62,0
SHP005705,J.B. Hunt,FTL,Road,Atlanta,New York,6/14/2025 23:38,233.36,4.22,23957.44,374.54,38.89,0
SHP005706,XPO Logistics,0,Ocean,Atlanta,Miami,8/29/2025 22:27,1629.5,22.72,25028.17,423.69,325.9,0
SHP005707,Schneider,0,Ocean,Chicago,Atlanta,4/28/2025 0:21,2349.55,18.27,31350.71,199.32,469.91,0
SHP005708,XPO Logistics,0,Ocean,Boston,San Francisco,8/29/2025 21:52,3379.65,16.47,4189.6,368.08,675.93,0
SHP005709,UPS,0,Ocean,Boston,Dallas,1/9/2025 15:19,821.65,6.19,26733.68,50.06,164.33,0
SHP005710,Schneider,FTL,Road,Dallas,Atlanta,12/11/2025 17:06,1167.62,5.24,25238.94,409.71,194.6,0
SHP005711,C.H. Robinson,FTL,Road,Dallas,Atlanta,5/2/2025 10:51,1070.72,1.74,34051.76,98.2,0,1606.08
SHP005712,C.H. Robinson,LTL,Road,Atlanta,Boston,7/29/2025 19:40,525.34,3.46,7181.83,16.04,87.56,0
SHP005713,Schneider,0,Ocean,Tampa,Boston,11/13/2025 13:13,2678.82,15.39,14616.06,387.74,535.76,0
SHP005714,UPS,0,Air,Boston,Dallas,1/9/2025 15:20,2059.46,1.32,6264.19,314.89,205.95,0
SHP005715,DHL,0,Rail,New York,Tampa,2/15/2025 16:18,920.75,2.18,13391.78,152.22,27.62,0
SHP005716,J.B. Hunt,0,Ocean,Chicago,Miami,3/12/2025 12:19,1310.99,14.03,30664.12,288.16,262.2,0
SHP005717,Schneider,LTL,Road,Chicago,Boston,10/26/2025 9:03,1000.24,0.98,4440.78,305.1,166.71,0
SHP005718,DHL,0,Rail,Atlanta,Dallas,7/11/2025 7:21,1281.6,5.87,29294.13,326.06,38.45,0
SHP005719,Schneider,0,Air,Dallas,San Francisco,8/21/2025 23:37,554.42,2.93,29128.91,496.75,55.44,0
SHP005720,XPO Logistics,FTL,Road,Miami,Atlanta,6/15/2025 14:57,847.37,4.2,20835.12,434.09,141.23,0
SHP005721,DHL,0,Ocean,San Francisco,Atlanta,6/30/2025 23:58,7976.26,19.14,24693.76,40.4,1595.25,0
SHP005722,J.B. Hunt,0,Air,New York,Chicago,3/29/2025 10:52,2262.2,2.98,31134.94,63.15,226.22,0
SHP005723,UPS,0,Ocean,Boston,Miami,10/31/2025 20:03,5402.99,8.51,30530.71,120.95,1080.6,0
SHP005724,Old Dominion,0,Ocean,Atlanta,Boston,3/28/2025 5:54,5629.84,8.49,855.27,317.05,1125.97,0
SHP005725,DHL,0,Rail,San Francisco,Atlanta,12/18/2025 13:20,381.23,5.62,37061.57,484.65,11.44,0
SHP005726,FedEx,0,Rail,Miami,Dallas,5/11/2025 21:55,577.48,6.66,14465.35,450.33,17.32,0
SHP005727,Schneider,0,Rail,Tampa,Boston,4/25/2025 21:33,1459.98,1.52,16581.91,169.32,43.8,0
SHP005728,J.B. Hunt,0,Air,Tampa,San Francisco,1/1/2025 1:35,2419.99,1.94,27541.24,301.62,242,0
SHP005729,Schneider,FTL,Road,New York,Chicago,8/1/2025 18:47,1171.98,5.64,17394.13,362.07,195.33,0
SHP005730,UPS,0,Ocean,Atlanta,New York,12/22/2025 17:21,6720.95,21.78,3191.3,151.74,1344.19,0
SHP005731,DHL,0,Rail,Boston,Dallas,12/28/2025 7:21,712.37,4.04,7185.96,248.61,21.37,0
SHP005732,C.H. Robinson,0,Air,Miami,Tampa,6/9/2025 4:46,2090.68,2.24,26798.83,34.15,209.07,0
SHP005733,DHL,0,Rail,Tampa,Dallas,1/31/2025 16:22,1601.58,7.57,24907.34,440.81,48.05,0
SHP005734,Old Dominion,FTL,Road,Dallas,New York,7/28/2025 2:04,201.16,4.84,5206.35,204.6,33.53,0
SHP005735,C.H. Robinson,0,Ocean,Dallas,San Francisco,3/15/2025 16:11,2928.64,14.88,12409.82,319.02,585.73,0
SHP005736,FedEx,0,Air,Dallas,Miami,4/22/2025 22:32,1291.95,3.51,25538.41,108.43,129.2,0
SHP005737,UPS,0,Air,New York,Miami,11/10/2025 2:30,1207.55,3.47,15765.95,268.36,120.75,0
SHP005738,XPO Logistics,0,Ocean,Tampa,Chicago,4/14/2025 23:51,5367.06,9.65,12112.16,238.15,1073.41,0
SHP005739,C.H. Robinson,FTL,Road,San Francisco,Chicago,11/29/2025 9:15,297.11,1.88,2952.1,152.68,0,445.67
SHP005740,XPO Logistics,0,Ocean,Tampa,Miami,4/3/2025 21:01,2905.28,23.16,23794.29,393.9,581.06,0
SHP005741,UPS,LTL,Road,Boston,San Francisco,3/23/2025 21:58,102.18,0.86,8173.19,312.15,17.03,0
SHP005742,Old Dominion,LTL,Road,Miami,Dallas,7/31/2025 15:29,269.63,2.58,5455.92,421.96,44.94,0
SHP005743,Old Dominion,0,Ocean,Dallas,Boston,8/2/2025 10:48,953.09,15.13,28822.92,488.97,190.62,0
SHP005744,FedEx,0,Ocean,San Francisco,Chicago,6/28/2025 9:21,6553.7,8.08,28528.38,381.88,1310.74,0
SHP005745,J.B. Hunt,0,Rail,San Francisco,Atlanta,2/26/2025 19:21,1367.58,6.74,36197.33,50.12,41.03,0
SHP005746,FedEx,0,Rail,Atlanta,Boston,2/26/2025 3:57,367.62,6.57,10468.71,30.21,11.03,0
SHP005747,Schneider,0,Rail,Miami,San Francisco,4/15/2025 18:20,841.97,6.74,5499.32,336.25,25.26,0
SHP005748,DHL,0,Rail,Dallas,Boston,1/26/2025 17:39,205.79,1.77,14358.59,42.72,6.17,0
SHP005749,Schneider,0,Rail,Dallas,New York,12/1/2025 2:13,1553.44,7.05,30345.04,122,46.6,0
SHP005750,DHL,FTL,Road,Atlanta,Chicago,1/15/2025 14:01,651.73,1.31,11610.5,258.49,108.62,0
SHP005751,C.H. Robinson,0,Ocean,San Francisco,Tampa,8/10/2025 4:51,6012.6,4.08,12219.52,463.38,1202.52,0
SHP005752,J.B. Hunt,FTL,Road,Boston,Chicago,6/13/2025 20:07,543.49,5.65,39660.32,263.8,90.58,0
SHP005753,C.H. Robinson,0,Air,Boston,Dallas,3/22/2025 3:59,1077.72,3.27,6792.77,126.77,107.77,0
SHP005754,Old Dominion,0,Air,Dallas,Miami,5/11/2025 21:08,2419.18,2.02,8460.75,325.91,241.92,0
SHP005755,FedEx,0,Ocean,Dallas,Tampa,3/31/2025 18:18,5995.71,4.75,11440.72,111.42,1199.14,0
SHP005756,DHL,0,Ocean,Atlanta,Boston,9/2/2025 5:22,3348.91,18.8,28691.47,331.6,669.78,0
SHP005757,XPO Logistics,LTL,Road,Dallas,Miami,7/4/2025 16:39,57.23,1.07,2349.48,136.71,9.54,0
SHP005758,DHL,0,Ocean,Boston,Miami,2/27/2025 5:23,1598.2,11.03,3469.63,375.26,319.64,0
SHP005759,J.B. Hunt,0,Air,New York,Atlanta,12/9/2025 22:37,2426.85,2.51,4043.34,445.15,242.69,0
SHP005760,UPS,0,Air,New York,San Francisco,12/14/2025 23:21,2907.22,1.21,28333.27,421.13,290.72,0
SHP005761,J.B. Hunt,0,Air,Atlanta,Boston,7/21/2025 21:18,1757.58,1.63,19403.07,256.62,175.76,0
SHP005762,FedEx,0,Ocean,San Francisco,Boston,6/14/2025 4:15,3504.78,22.46,29883.38,121.41,700.96,0
SHP005763,C.H. Robinson,FTL,Road,New York,Dallas,3/21/2025 23:33,723.39,4.21,6036.18,179.85,0,1085.09
SHP005764,FedEx,0,Ocean,Atlanta,Chicago,5/11/2025 15:56,7291.61,14.48,9071.41,62.27,1458.32,0
SHP005765,J.B. Hunt,FTL,Road,Boston,San Francisco,1/24/2025 3:57,645.96,3.4,13709.37,315.58,107.66,0
SHP005766,XPO Logistics,0,Ocean,Boston,Tampa,11/12/2025 21:48,1015.14,5.19,22077.82,31.85,203.03,0
SHP005767,FedEx,0,Ocean,Boston,New York,11/25/2025 10:57,7106.82,5.13,27119.84,196.21,1421.36,0
SHP005768,UPS,0,Rail,Tampa,New York,12/20/2025 9:42,839.66,6.35,20228.75,363.1,25.19,0
SHP005769,XPO Logistics,0,Ocean,Boston,Atlanta,1/17/2025 20:31,4288.93,15.04,30548.23,304.05,857.79,0
SHP005770,C.H. Robinson,0,Air,Miami,Tampa,12/11/2025 7:06,1962.16,3.26,37988.93,188.98,196.22,0
SHP005771,UPS,LTL,Road,San Francisco,Tampa,10/28/2025 19:08,713.68,0.75,3684.22,206.61,118.95,0
SHP005772,DHL,0,Ocean,San Francisco,Chicago,9/4/2025 10:53,6764.28,13.29,29377.12,10.48,1352.86,0
SHP005773,XPO Logistics,0,Ocean,Atlanta,Chicago,11/28/2025 5:45,3983.7,21.83,9360.4,16.73,796.74,0
SHP005774,UPS,0,Rail,Miami,Dallas,12/18/2025 16:21,893.45,5.93,18451.31,230.53,26.8,0
SHP005775,UPS,0,Air,Tampa,San Francisco,7/20/2025 16:59,2108.47,1.39,30199.65,77.4,210.85,0
SHP005776,Schneider,0,Air,Atlanta,Miami,8/28/2025 3:44,1368.53,2.8,33220.58,395.97,136.85,0
SHP005777,C.H. Robinson,0,Air,Miami,Atlanta,8/2/2025 2:55,2248.55,1.76,5331.02,109.2,224.86,0
SHP005778,XPO Logistics,0,Ocean,San Francisco,Tampa,10/17/2025 7:26,6986.25,20.86,38086.65,38.92,1397.25,0
SHP005779,Schneider,0,Ocean,San Francisco,Dallas,11/24/2025 0:21,4526.07,16.27,28570.97,322.29,905.21,0
SHP005780,UPS,0,Air,New York,Miami,7/31/2025 3:55,2379.03,1.76,7587.59,103.09,237.9,0
SHP005781,DHL,0,Rail,Dallas,Atlanta,6/21/2025 13:12,219.17,3.45,4123.89,161.42,6.58,0
SHP005782,Schneider,0,Rail,San Francisco,Chicago,2/8/2025 16:09,1205.14,7.26,33664.42,127.08,36.15,0
SHP005783,DHL,0,Ocean,Miami,Tampa,10/31/2025 4:05,1505.62,6.25,38853.97,275.19,301.12,0
SHP005784,C.H. Robinson,0,Ocean,Boston,Miami,6/9/2025 17:53,1868.77,20.5,16110.05,449.71,373.75,0
SHP005785,C.H. Robinson,0,Ocean,San Francisco,Atlanta,9/4/2025 18:48,2455.08,10.65,20445.44,446.42,491.02,0
SHP005786,Schneider,0,Rail,New York,Atlanta,8/6/2025 7:03,1590.01,5.02,9260.13,202.28,47.7,0
SHP005787,XPO Logistics,0,Rail,Boston,Atlanta,1/27/2025 8:45,1761.01,5.25,31353.36,225.48,52.83,0
SHP005788,UPS,0,Ocean,Chicago,New York,6/27/2025 18:46,4490.05,11.44,28265.38,425.88,898.01,0
SHP005789,DHL,0,Ocean,San Francisco,New York,5/1/2025 0:07,4305.23,12.58,13941.32,89.37,861.05,0
SHP005790,FedEx,0,Ocean,San Francisco,Dallas,10/28/2025 22:49,7544.36,8.95,32127.31,357.96,1508.87,0
SHP005791,C.H. Robinson,FTL,Road,Miami,New York,11/7/2025 2:36,959.56,5.64,25123.15,449.08,159.93,0
SHP005792,Schneider,0,Rail,Boston,Atlanta,11/30/2025 0:53,468.32,5.39,31004.89,136.55,14.05,0
SHP005793,DHL,0,Air,Dallas,Boston,7/18/2025 0:26,2300.04,3.22,33331.92,157.13,230,0
SHP005794,C.H. Robinson,0,Rail,Dallas,Tampa,7/31/2025 6:22,1290.57,3.13,29692.1,232.02,38.72,0
SHP005795,Schneider,0,Ocean,Dallas,Miami,6/30/2025 15:29,4981.58,11.15,6898.33,89.84,996.32,0
SHP005796,UPS,0,Ocean,San Francisco,New York,11/8/2025 16:19,1081.77,15.6,34021.22,11.4,216.35,0
SHP005797,DHL,FTL,Road,Tampa,Boston,1/19/2025 6:54,126.18,2.88,29639.97,79.7,21.03,0
SHP005798,DHL,0,Ocean,Dallas,Tampa,4/22/2025 4:19,2537.38,7.1,16262.52,113.27,507.48,0
SHP005799,Schneider,0,Ocean,San Francisco,Boston,12/22/2025 12:13,3144.49,18.03,24634.87,41.51,628.9,0
SHP005800,UPS,0,Rail,Dallas,Boston,6/24/2025 13:05,1220.39,4.34,37415.34,145.36,36.61,0
SHP005801,C.H. Robinson,0,Rail,Tampa,Chicago,10/4/2025 0:43,1361.87,6.12,9249.28,451.71,40.86,0
SHP005802,Schneider,0,Air,Miami,New York,12/5/2025 2:35,1626.19,2.88,6261.29,129.64,162.62,0
SHP005803,DHL,0,Rail,New York,Miami,2/22/2025 3:41,1137.77,3.23,20237.87,187.63,34.13,0
SHP005804,C.H. Robinson,FTL,Road,Boston,Miami,4/18/2025 20:25,786.64,3.05,682.09,325.19,131.11,0
SHP005805,J.B. Hunt,0,Ocean,Miami,New York,7/20/2025 20:46,3665.91,9.52,4218.8,110.96,733.18,0
SHP005806,DHL,0,Ocean,Chicago,Atlanta,2/7/2025 20:15,2178.29,22.58,17584.26,21.99,435.66,0
SHP005807,FedEx,0,Ocean,Atlanta,San Francisco,9/21/2025 8:21,1541.13,3.74,23760.34,94.12,308.23,0
SHP005808,DHL,0,Rail,Dallas,Miami,9/9/2025 19:03,997.69,3.59,32253.12,160.92,29.93,0
SHP005809,XPO Logistics,0,Air,Tampa,Boston,4/26/2025 15:23,1537.32,3.02,17617.37,396.81,153.73,0
SHP005810,DHL,0,Air,Dallas,Miami,2/25/2025 21:12,2086.55,1.94,20407.29,483.63,208.66,0
SHP005811,Schneider,0,Air,Atlanta,New York,12/19/2025 14:44,2086.35,3.67,7560.96,242.13,208.63,0
SHP005812,Schneider,0,Ocean,Boston,Miami,2/20/2025 18:40,7314.96,9.1,38722.74,49.44,1462.99,0
SHP005813,Old Dominion,LTL,Road,Tampa,Dallas,8/21/2025 17:03,1088.07,2.81,876.38,439.88,181.34,0
SHP005814,UPS,LTL,Road,Miami,Chicago,11/15/2025 9:50,339.73,0.38,1487.7,329.9,0,509.6
SHP005815,DHL,0,Air,Chicago,Boston,11/3/2025 16:15,2940.09,0.89,18746.95,91.14,294.01,0
SHP005816,C.H. Robinson,LTL,Road,Atlanta,Tampa,8/28/2025 14:31,906.79,0.93,2512.44,99.01,151.13,0
SHP005817,C.H. Robinson,0,Air,New York,Chicago,7/24/2025 23:05,1791.8,3.56,20688.06,30.06,179.18,0
SHP005818,DHL,0,Air,Boston,Dallas,6/27/2025 4:32,1821.15,3.29,5720.17,37.28,182.12,0
SHP005819,J.B. Hunt,0,Rail,Miami,Tampa,10/18/2025 20:20,500.49,6.22,23871.38,270.76,15.01,0
SHP005820,J.B. Hunt,LTL,Road,San Francisco,Atlanta,10/25/2025 9:12,336.9,2.16,9663.97,121.07,56.15,0
SHP005821,XPO Logistics,0,Air,Boston,Dallas,7/29/2025 12:04,2734.44,2.53,5370.21,234.19,273.44,0
SHP005822,FedEx,0,Ocean,Atlanta,Miami,6/24/2025 0:49,7614.12,11.21,34603.77,128.96,1522.82,0
SHP005823,DHL,FTL,Road,Atlanta,Miami,8/16/2025 16:12,706.56,5.1,36867.19,243.43,117.76,0
SHP005824,FedEx,0,Rail,Atlanta,Boston,10/30/2025 6:24,1223.5,1.02,10502.32,140.08,36.7,0
SHP005825,UPS,FTL,Road,New York,Chicago,1/16/2025 13:24,157.52,1.86,13184.32,484.41,26.25,0
SHP005826,Old Dominion,0,Air,Dallas,San Francisco,1/18/2025 22:33,2105.23,1.99,39528.15,77.46,210.52,0
SHP005827,XPO Logistics,FTL,Road,Chicago,Tampa,1/15/2025 7:59,597.46,3.97,2695.44,358.78,99.58,0
SHP005828,C.H. Robinson,LTL,Road,Chicago,Tampa,10/23/2025 19:27,164.85,1.06,1722.94,464.52,27.47,0
SHP005829,XPO Logistics,0,Ocean,Miami,New York,8/15/2025 5:01,5624.27,16.42,22441.99,147.11,1124.85,0
SHP005830,C.H. Robinson,0,Ocean,Dallas,Chicago,5/9/2025 16:14,5156.67,11.02,6243.94,345.11,1031.33,0
SHP005831,UPS,0,Air,Miami,Dallas,1/1/2025 14:40,649.87,1.17,32799.12,330.4,64.99,0
SHP005832,XPO Logistics,FTL,Road,Miami,Atlanta,9/9/2025 9:53,775.64,2.65,16153.08,345.44,129.27,0
SHP005833,C.H. Robinson,0,Ocean,Boston,Dallas,1/18/2025 10:16,6050.04,13.22,38786.14,477.89,1210.01,0
SHP005834,J.B. Hunt,0,Ocean,Dallas,Atlanta,5/5/2025 2:25,3593.22,20.05,21959.08,256.37,718.64,0
SHP005835,XPO Logistics,FTL,Road,San Francisco,Dallas,12/1/2025 17:31,113.21,3.55,36072.83,390.29,18.87,0
SHP005836,UPS,FTL,Road,Miami,San Francisco,3/24/2025 10:13,954.26,1.17,14658.75,117.37,0,1431.39
SHP005837,J.B. Hunt,0,Rail,Chicago,San Francisco,8/3/2025 4:20,705.46,5.06,14908.96,280.79,21.16,0
SHP005838,FedEx,0,Ocean,Tampa,Miami,1/17/2025 18:20,3788.76,8.31,4268.44,446.03,757.75,0
SHP005839,UPS,0,Air,Tampa,Boston,2/16/2025 9:24,330.71,0.51,33158.51,498.41,33.07,0
SHP005840,UPS,0,Air,Boston,Miami,1/7/2025 1:01,2263.18,0.55,9454.26,485.94,226.32,0
SHP005841,Old Dominion,LTL,Road,Boston,New York,6/13/2025 8:25,979.89,3.51,2483.08,8.17,163.31,0
SHP005842,C.H. Robinson,0,Rail,San Francisco,Miami,9/12/2025 9:15,233.38,5.28,1362.36,496.82,7,0
SHP005843,XPO Logistics,0,Rail,Tampa,Atlanta,11/6/2025 8:06,493.41,5.97,6624.86,270.51,14.8,0
SHP005844,XPO Logistics,FTL,Road,Miami,Dallas,4/23/2025 4:06,142.7,4.66,23604.38,44,0,214.05
SHP005845,DHL,FTL,Road,San Francisco,New York,10/5/2025 20:16,1025.87,3.4,36902.9,458.4,170.98,0
SHP005846,FedEx,0,Air,New York,Tampa,2/14/2025 18:41,2785.37,0.77,5277.83,493.87,278.54,0
SHP005847,J.B. Hunt,0,Rail,Atlanta,San Francisco,6/3/2025 23:00,980.16,2.67,30901.75,132.88,29.4,0
SHP005848,Old Dominion,0,Rail,San Francisco,Tampa,4/3/2025 10:36,1363.55,6.86,31478.4,137.75,40.91,0
SHP005849,C.H. Robinson,LTL,Road,Chicago,New York,12/30/2025 14:43,511.86,2.63,4989.04,84.52,85.31,0
SHP005850,C.H. Robinson,0,Ocean,Miami,Boston,8/9/2025 1:40,3893.53,13.24,21502.51,410.13,778.71,0
SHP005851,J.B. Hunt,0,Rail,Atlanta,Boston,2/6/2025 6:49,1027.74,2.62,26693.59,398.86,30.83,0
SHP005852,XPO Logistics,LTL,Road,Boston,San Francisco,8/25/2025 9:18,417.28,3.96,1597.34,171.62,69.55,0
SHP005853,XPO Logistics,LTL,Road,Dallas,San Francisco,12/20/2025 18:42,1095.61,5.49,5816.95,351.47,182.6,0
SHP005854,DHL,0,Ocean,Tampa,Chicago,7/17/2025 12:15,6905.12,23.09,19850.51,281.23,1381.02,0
SHP005855,Schneider,FTL,Road,New York,Dallas,10/14/2025 2:35,527.99,0.66,17200.74,395.52,88,0
SHP005856,C.H. Robinson,LTL,Road,Dallas,Boston,2/9/2025 15:32,975.62,5.38,656.95,264.05,162.6,0
SHP005857,DHL,FTL,Road,Boston,Miami,8/20/2025 15:04,173.54,1.4,36058.55,248.9,28.92,0
SHP005858,DHL,0,Rail,Tampa,Boston,4/27/2025 1:58,1413.67,1.45,16964.65,337.45,42.41,0
SHP005859,Schneider,0,Ocean,Atlanta,Boston,8/13/2025 8:02,1500.55,9.17,3049.64,326.02,300.11,0
SHP005860,FedEx,0,Rail,Dallas,Miami,1/7/2025 6:26,1753.43,6.79,38997.61,422.96,52.6,0
SHP005861,DHL,0,Ocean,Boston,Dallas,9/29/2025 15:07,6913.97,14.7,20970.97,203.72,1382.79,0
SHP005862,Schneider,0,Air,Boston,Atlanta,3/31/2025 12:20,2508.86,1.14,2720.88,474,250.89,0
SHP005863,C.H. Robinson,0,Ocean,New York,Chicago,7/27/2025 9:36,528.34,23.49,29289.71,164.92,105.67,0
SHP005864,J.B. Hunt,0,Ocean,San Francisco,Miami,7/6/2025 3:44,5733.65,19.99,10191.8,385.68,1146.73,0
SHP005865,Old Dominion,0,Air,Dallas,San Francisco,7/2/2025 5:22,2471.8,1.37,2156.09,102.86,247.18,0
SHP005866,Schneider,0,Air,San Francisco,Miami,9/23/2025 17:09,841.75,0.73,29177.29,190.61,84.18,0
SHP005867,UPS,0,Rail,Miami,Atlanta,11/6/2025 18:03,1615.02,2.77,18402.67,319.87,48.45,0
SHP005868,C.H. Robinson,0,Air,New York,Boston,2/22/2025 3:20,2669.16,2.34,15254.22,433.64,266.92,0
SHP005869,Schneider,0,Ocean,Dallas,Boston,4/29/2025 17:55,2826.85,3.75,18079.16,392.76,565.37,0
SHP005870,Schneider,FTL,Road,Boston,Dallas,8/4/2025 15:02,85.4,3.62,23981.33,464.34,14.23,0
SHP005871,UPS,FTL,Road,Tampa,Atlanta,9/16/2025 23:13,379.43,1.85,17899.1,179.1,63.24,0
SHP005872,DHL,0,Rail,San Francisco,Dallas,6/15/2025 22:03,1378.15,5.49,30477.38,410.2,41.34,0
SHP005873,J.B. Hunt,0,Ocean,Atlanta,San Francisco,8/8/2025 1:15,7422.36,11.48,39395.55,108.61,1484.47,0
SHP005874,XPO Logistics,0,Air,Miami,New York,12/19/2025 7:54,2228.79,2.37,32767.57,238.91,222.88,0
SHP005875,J.B. Hunt,0,Rail,Dallas,Chicago,11/16/2025 11:08,1454.3,7.51,29425.62,388.27,43.63,0
SHP005876,Schneider,0,Air,Boston,Tampa,6/23/2025 2:20,481.37,1.22,38985,346.9,48.14,0
SHP005877,FedEx,0,Ocean,Chicago,San Francisco,4/9/2025 17:34,4710.87,10.07,2253.37,185.2,942.17,0
SHP005878,DHL,0,Rail,Chicago,Dallas,12/13/2025 23:55,998.26,2.48,7338.9,254.7,29.95,0
SHP005879,C.H. Robinson,0,Ocean,New York,San Francisco,2/26/2025 21:33,4894.28,7.28,23701.88,450.27,978.86,0
SHP005880,Old Dominion,0,Rail,Miami,San Francisco,8/25/2025 23:16,957.08,7,37127.22,47.1,28.71,0
SHP005881,XPO Logistics,0,Ocean,Chicago,New York,11/20/2025 15:01,1218.59,12.47,23730.05,213.52,243.72,0
SHP005882,DHL,0,Air,San Francisco,Dallas,10/14/2025 14:48,1181.42,2.74,582.22,484.07,118.14,0
SHP005883,DHL,0,Ocean,New York,Atlanta,4/7/2025 3:50,2240.59,22.18,4806.08,119.81,448.12,0
SHP005884,XPO Logistics,0,Rail,San Francisco,Tampa,12/31/2025 5:59,575.8,7.97,681.72,320.18,17.27,0
SHP005885,XPO Logistics,0,Rail,Tampa,Boston,7/20/2025 5:22,1591.5,5.71,14827.99,479.2,47.74,0
SHP005886,Schneider,0,Air,New York,Atlanta,7/4/2025 8:21,2712.51,2.02,23146.48,483.79,271.25,0
SHP005887,Schneider,0,Air,New York,Boston,10/4/2025 19:10,2952.91,2.07,33970.33,151.69,295.29,0
SHP005888,XPO Logistics,0,Rail,New York,Dallas,1/2/2025 1:56,794.9,2.15,8762.79,328.78,23.85,0
SHP005889,DHL,0,Air,Miami,New York,1/15/2025 6:57,1679.11,1.31,16414.93,187.22,167.91,0
SHP005890,J.B. Hunt,0,Rail,Miami,Dallas,4/8/2025 10:42,1779.78,6.97,15824.67,457.04,53.39,0
SHP005891,Old Dominion,FTL,Road,Boston,San Francisco,10/7/2025 12:23,444.03,4.09,38682.67,195.75,74,0
SHP005892,Schneider,FTL,Road,Miami,Atlanta,4/10/2025 4:49,831.87,1.95,11019.34,287.5,0,1247.81
SHP005893,J.B. Hunt,FTL,Road,Chicago,Boston,10/2/2025 10:24,1176.15,2.86,37536.66,457.27,196.03,0
SHP005894,DHL,0,Rail,San Francisco,Dallas,7/17/2025 1:43,606.02,3.81,25910.45,259.5,18.18,0
SHP005895,Old Dominion,0,Rail,Tampa,Atlanta,3/29/2025 11:34,353.53,7.96,30229.83,219.41,10.61,0
SHP005896,C.H. Robinson,0,Rail,San Francisco,Dallas,8/28/2025 21:13,1189.07,1.61,20064.42,465.49,35.67,0
SHP005897,J.B. Hunt,0,Rail,New York,San Francisco,4/14/2025 7:01,1634.56,3.36,21489.03,348.99,49.04,0
SHP005898,C.H. Robinson,0,Ocean,Tampa,New York,8/29/2025 5:47,3050.07,3.43,20464.95,301.22,610.01,0
SHP005899,C.H. Robinson,0,Rail,Tampa,Chicago,4/17/2025 22:56,209.35,1.67,8687.98,174.68,6.28,0
SHP005900,J.B. Hunt,0,Air,Tampa,Atlanta,5/26/2025 21:31,1760.84,1.53,11409.26,434.81,176.08,0
SHP005901,XPO Logistics,LTL,Road,Miami,Boston,5/11/2025 20:45,216.81,3.1,9535.32,312.88,36.13,0
SHP005902,C.H. Robinson,LTL,Road,New York,Tampa,12/20/2025 3:24,874.79,2.73,346.33,323.42,145.8,0
SHP005903,J.B. Hunt,0,Rail,Miami,Dallas,4/2/2025 4:33,1211.08,1.77,18755.31,457.75,36.33,0
SHP005904,FedEx,0,Air,Atlanta,Chicago,2/7/2025 9:48,853.73,2.11,18713.58,405.57,85.37,0
SHP005905,Schneider,0,Air,Boston,San Francisco,7/13/2025 4:10,2526.35,3.16,14935.44,36.95,252.63,0
SHP005906,C.H. Robinson,LTL,Road,Tampa,Atlanta,8/7/2025 2:02,451.91,4.16,7072.05,482.54,75.32,0
SHP005907,C.H. Robinson,0,Ocean,Tampa,Miami,12/4/2025 1:11,3902.31,15.91,21798.04,76.16,780.46,0
SHP005908,Schneider,FTL,Road,Miami,San Francisco,2/23/2025 14:16,580.38,3.38,38054.61,183.9,0,870.57
SHP005909,J.B. Hunt,0,Rail,New York,Boston,7/14/2025 4:57,1768.16,4.8,10077.54,96.64,53.04,0
SHP005910,Old Dominion,0,Air,New York,Tampa,8/2/2025 12:40,682.58,2.09,1366.09,223.08,68.26,0
SHP005911,UPS,0,Air,Atlanta,Dallas,4/24/2025 4:58,2968.69,2.85,30511.55,60.38,296.87,0
SHP005912,DHL,0,Ocean,Atlanta,Tampa,4/1/2025 21:17,4048.26,8.3,35816.85,91.46,809.65,0
SHP005913,FedEx,0,Rail,Dallas,Chicago,5/17/2025 23:16,933.97,5.12,20804.62,415.29,28.02,0
SHP005914,FedEx,0,Ocean,New York,Boston,2/4/2025 20:59,2235.9,10.3,31787.33,264.51,447.18,0
SHP005915,DHL,0,Ocean,Chicago,Atlanta,9/22/2025 11:01,3515.88,2.65,30258.72,486.12,703.18,0
SHP005916,C.H. Robinson,0,Rail,Tampa,Dallas,11/24/2025 23:01,1192.46,7,20916.59,116.61,35.77,0
SHP005917,XPO Logistics,0,Ocean,Boston,Tampa,5/10/2025 17:21,608.32,16.37,19977.8,391.27,121.66,0
SHP005918,UPS,0,Rail,Dallas,Boston,3/4/2025 15:48,1311.49,7.92,20657.35,214.16,39.34,0
SHP005919,UPS,0,Air,Boston,San Francisco,6/12/2025 11:16,1074.2,2.17,34978.42,22.18,107.42,0
SHP005920,FedEx,0,Rail,Chicago,Dallas,10/24/2025 5:10,1764.64,7.95,24113.94,166.44,52.94,0
SHP005921,Schneider,0,Rail,New York,Dallas,12/1/2025 5:03,556.88,2.94,2479.16,238.08,16.71,0
SHP005922,FedEx,0,Rail,New York,Boston,8/14/2025 12:35,291.72,6.03,15191.21,100.48,8.75,0
SHP005923,Schneider,LTL,Road,Miami,San Francisco,6/21/2025 1:54,676.58,5.85,6997.04,246.38,112.76,0
SHP005924,J.B. Hunt,FTL,Road,Dallas,Miami,11/4/2025 2:14,943.45,4.49,35723.55,103.13,0,1415.18
SHP005925,FedEx,0,Rail,Tampa,Chicago,12/19/2025 5:23,1574.2,3.11,37669.46,141.25,47.23,0
SHP005926,DHL,0,Rail,Boston,Chicago,11/4/2025 12:52,1682.96,7.75,6246.91,487.28,50.49,0
SHP005927,XPO Logistics,0,Rail,Dallas,Atlanta,5/25/2025 9:03,337.16,2.53,18044.67,496.81,10.11,0
SHP005928,J.B. Hunt,0,Ocean,Miami,Chicago,5/12/2025 6:38,4164.22,14.11,27929.79,484.18,832.84,0
SHP005929,XPO Logistics,0,Rail,Atlanta,Miami,9/26/2025 0:12,1453.36,2.57,12468.14,49.72,43.6,0
SHP005930,XPO Logistics,FTL,Road,San Francisco,Boston,10/12/2025 13:41,791.12,1.29,10667.49,444.17,0,1186.68
SHP005931,FedEx,0,Rail,Tampa,Atlanta,6/13/2025 0:21,722.81,4.97,16203.86,37.94,21.68,0
SHP005932,FedEx,0,Air,Boston,Atlanta,2/24/2025 10:37,1279.73,1.93,35880.19,162.9,127.97,0
SHP005933,Old Dominion,0,Air,New York,Atlanta,3/6/2025 6:29,1323.95,3.24,30478.79,399.34,132.4,0
SHP005934,J.B. Hunt,0,Rail,New York,Tampa,11/11/2025 1:30,1726.03,6.57,16600.52,410.93,51.78,0
SHP005935,UPS,0,Air,San Francisco,Dallas,10/21/2025 22:14,1673.42,1.47,12465.22,112.7,167.34,0
SHP005936,J.B. Hunt,FTL,Road,New York,San Francisco,1/6/2025 0:12,216.74,1.31,2995.53,444.34,36.12,0
SHP005937,J.B. Hunt,0,Air,Miami,San Francisco,12/14/2025 16:44,2813.72,2.55,33699.34,92.6,281.37,0
SHP005938,J.B. Hunt,0,Ocean,Atlanta,Miami,9/7/2025 6:30,7262.55,13.14,3153.02,71.52,1452.51,0
SHP005939,DHL,0,Air,Miami,Dallas,7/13/2025 0:28,1134.24,0.65,12717.09,30.91,113.42,0
SHP005940,Old Dominion,0,Rail,Miami,Dallas,1/30/2025 9:54,577.64,2.86,39777.57,118.54,17.33,0
SHP005941,FedEx,0,Air,New York,Chicago,1/4/2025 17:06,945.8,2.9,34444.62,194.14,94.58,0
SHP005942,DHL,0,Rail,Miami,San Francisco,11/1/2025 6:32,1600.99,3.38,8282.13,165.49,48.03,0
SHP005943,J.B. Hunt,0,Air,Chicago,Boston,10/1/2025 21:37,1945.26,1.79,27079.31,119.23,194.53,0
SHP005944,FedEx,FTL,Road,Dallas,Atlanta,7/6/2025 3:25,856.14,2.25,18506.8,279.31,142.69,0
SHP005945,Old Dominion,0,Rail,Miami,San Francisco,12/29/2025 10:30,1297.96,2.67,33519.85,361.2,38.94,0
SHP005946,J.B. Hunt,0,Air,Chicago,Miami,8/9/2025 13:35,932.06,3.91,26759.48,226.76,93.21,0
SHP005947,Old Dominion,LTL,Road,New York,San Francisco,8/29/2025 16:04,231.16,3.32,1773.04,215.32,0,346.74
SHP005948,XPO Logistics,0,Air,Chicago,Dallas,11/28/2025 17:04,1403.52,3.02,8099.14,411.11,140.35,0
SHP005949,XPO Logistics,0,Air,Dallas,San Francisco,7/17/2025 8:10,1180.56,2.05,31007.47,313.07,118.06,0
SHP005950,Schneider,0,Rail,Tampa,Chicago,11/16/2025 11:15,692.84,3.7,12578.58,297.79,20.79,0
SHP005951,Schneider,0,Rail,Miami,Tampa,9/25/2025 20:34,732.2,6.08,23401.59,73.71,21.97,0
SHP005952,XPO Logistics,0,Rail,Chicago,Atlanta,10/14/2025 14:56,696.43,2.55,15917.37,258.48,20.89,0
SHP005953,Old Dominion,0,Air,Tampa,New York,2/13/2025 8:39,1668.26,3.14,7972.29,473.29,166.83,0
SHP005954,XPO Logistics,0,Air,Boston,Chicago,5/20/2025 23:31,1225.68,1.55,27564.55,402.95,122.57,0
SHP005955,FedEx,0,Ocean,Boston,Tampa,5/22/2025 18:39,3338.54,18.43,35407.57,383.64,667.71,0
SHP005956,Schneider,0,Ocean,Boston,San Francisco,2/4/2025 19:19,756.47,20.2,31092,334.98,151.29,0
SHP005957,C.H. Robinson,0,Ocean,Atlanta,San Francisco,9/3/2025 14:14,6200.17,23.55,17528.96,34.54,1240.03,0
SHP005958,XPO Logistics,LTL,Road,Dallas,Boston,1/11/2025 10:30,580.02,0.52,3048.37,293.85,96.67,0
SHP005959,J.B. Hunt,0,Ocean,New York,Tampa,9/23/2025 23:01,2822.17,17.08,32968.46,210.8,564.43,0
SHP005960,Old Dominion,FTL,Road,Atlanta,Dallas,5/23/2025 6:02,1085.16,0.71,33684.47,414.46,180.86,0
SHP005961,Old Dominion,0,Rail,New York,Miami,9/15/2025 21:50,715.19,3.09,12551.25,405.89,21.46,0
SHP005962,UPS,0,Ocean,New York,Miami,8/6/2025 18:37,6737.4,9.25,23907.32,70.33,1347.48,0
SHP005963,C.H. Robinson,0,Ocean,Atlanta,San Francisco,8/25/2025 5:14,4015.84,23.97,6774.15,473.83,803.17,0
SHP005964,J.B. Hunt,0,Rail,San Francisco,Boston,2/5/2025 3:02,1518.81,7.81,7593.36,107.55,45.56,0
SHP005965,UPS,0,Air,Boston,San Francisco,8/3/2025 14:59,345.54,3.04,25941.74,89.85,34.55,0
SHP005966,UPS,0,Rail,Miami,Chicago,9/2/2025 22:10,1465.83,3.09,5832.32,211.86,43.97,0
SHP005967,Schneider,0,Rail,New York,Chicago,9/9/2025 17:39,345.55,2.84,15167.67,426.08,10.37,0
SHP005968,C.H. Robinson,0,Rail,San Francisco,Atlanta,12/11/2025 18:04,1468.08,4.1,29120.71,284.76,44.04,0
SHP005969,Schneider,FTL,Road,New York,Miami,12/13/2025 17:49,441.97,4.42,27498.22,309.93,73.66,0
SHP005970,J.B. Hunt,0,Air,Dallas,San Francisco,4/27/2025 1:45,1968.48,2.89,15689.55,434.67,196.85,0
SHP005971,Schneider,0,Rail,Boston,Dallas,4/15/2025 3:33,459.69,7.19,14020.13,63.39,13.79,0
SHP005972,UPS,0,Air,Miami,Dallas,1/12/2025 15:52,1920.07,1.82,32712.24,215.96,192.01,0
SHP005973,UPS,0,Ocean,San Francisco,Chicago,10/8/2025 22:59,5514.22,8.78,8773.37,194.64,1102.84,0
SHP005974,J.B. Hunt,0,Air,San Francisco,Tampa,1/3/2025 1:47,1938.38,2.8,23339.16,494.04,193.84,0
SHP005975,C.H. Robinson,FTL,Road,Atlanta,Dallas,5/3/2025 3:03,844.75,5.61,5158.36,31.63,0,1267.12
SHP005976,C.H. Robinson,0,Air,Tampa,San Francisco,11/7/2025 15:10,1139.69,0.98,21271.81,259.97,113.97,0
SHP005977,Schneider,0,Rail,Chicago,Miami,10/15/2025 16:42,1120.08,6.22,38867.52,439.25,33.6,0
SHP005978,J.B. Hunt,0,Air,Chicago,San Francisco,4/16/2025 23:17,619.59,1.68,10605.01,89.23,61.96,0
SHP005979,Old Dominion,0,Ocean,Chicago,Boston,7/11/2025 3:51,4585.44,14.17,9476.17,356.24,917.09,0
SHP005980,Old Dominion,0,Rail,Miami,Dallas,11/20/2025 10:17,1372.66,1.15,16132.43,445.18,41.18,0
SHP005981,XPO Logistics,0,Air,Boston,Miami,10/14/2025 22:42,1704.86,1.72,10520.21,122.43,170.49,0
SHP005982,DHL,0,Ocean,New York,Tampa,12/25/2025 10:12,1248.26,19.98,3922.97,146.86,249.65,0
SHP005983,Old Dominion,0,Air,Tampa,Boston,8/9/2025 22:51,423.32,3.23,2051.71,154.84,42.33,0
SHP005984,C.H. Robinson,0,Ocean,New York,Atlanta,6/15/2025 6:45,4799.73,11.01,11649.71,138.32,959.95,0
SHP005985,FedEx,LTL,Road,Boston,Chicago,12/25/2025 0:16,967.46,5.85,3578.2,20.53,161.24,0
SHP005986,UPS,0,Rail,Atlanta,Dallas,1/31/2025 1:18,258.51,6.31,22318.61,392.01,7.76,0
SHP005987,Old Dominion,0,Rail,New York,San Francisco,12/16/2025 12:54,1316,7.35,35490.06,394.38,39.48,0
SHP005988,UPS,0,Ocean,Atlanta,New York,9/3/2025 0:28,4063.92,8.78,20527.56,251.53,812.78,0
SHP005989,Old Dominion,0,Rail,Boston,San Francisco,12/28/2025 23:44,1176.44,2.3,26396.99,228.84,35.29,0
SHP005990,J.B. Hunt,FTL,Road,Miami,New York,6/16/2025 0:26,763.24,1.63,17658.6,105.89,127.21,0
SHP005991,FedEx,0,Rail,Boston,New York,10/19/2025 23:38,1600.49,4.42,9386.77,21.56,48.01,0
SHP005992,Old Dominion,0,Air,Dallas,Atlanta,10/8/2025 20:06,2124.49,1.25,39588.5,267.32,212.45,0
SHP005993,Old Dominion,0,Ocean,Boston,Dallas,3/11/2025 5:54,2667.33,16.47,11371.19,410.32,533.47,0
SHP005994,XPO Logistics,LTL,Road,Atlanta,Chicago,2/6/2025 12:40,404.47,5.93,6110.68,422.36,67.41,0
SHP005995,C.H. Robinson,FTL,Road,San Francisco,Dallas,9/5/2025 4:21,133.74,2.25,29630.74,327.87,22.29,0
SHP005996,FedEx,FTL,Road,Miami,Boston,9/20/2025 5:41,273.38,2.3,10906.01,307.07,45.56,0
SHP005997,UPS,0,Rail,Miami,San Francisco,1/11/2025 12:44,751.31,3.16,8691.43,205.1,22.54,0
SHP005998,UPS,0,Air,Atlanta,Tampa,12/6/2025 5:25,827.86,3.87,6602.82,456.74,82.79,0
SHP005999,Old Dominion,0,Rail,San Francisco,Tampa,12/26/2025 19:55,885.56,3.65,9637.13,318.24,26.57,0
SHP006000,FedEx,0,Rail,New York,Boston,3/11/2025 4:50,1296.84,4.27,2700.42,459.34,38.91,0
SHP006001,J.B. Hunt,0,Ocean,Miami,Dallas,8/11/2025 12:20,7852.47,11.48,24739.6,225.7,1570.49,0
SHP006002,UPS,FTL,Road,Dallas,Miami,5/23/2025 5:40,420.16,0.69,18514.68,409.37,70.03,0
SHP006003,DHL,0,Ocean,San Francisco,New York,6/21/2025 7:44,627.74,14.81,35290.5,109.56,125.55,0
SHP006004,Schneider,0,Ocean,New York,San Francisco,10/9/2025 21:00,1874.42,18.99,10575.91,96.8,374.88,0
SHP006005,C.H. Robinson,LTL,Road,Tampa,Dallas,4/6/2025 3:14,484.69,2.51,8759.9,309.6,80.78,0
SHP006006,Schneider,0,Ocean,Miami,Chicago,7/2/2025 10:53,3544.71,13.76,38181.63,57.49,708.94,0
SHP006007,Old Dominion,0,Rail,Miami,Tampa,6/11/2025 3:01,532.34,7.74,38314.33,89.41,15.97,0
SHP006008,FedEx,FTL,Road,Atlanta,Dallas,3/22/2025 19:23,216.88,2.67,2463.87,327.8,0,325.32
SHP006009,DHL,0,Ocean,Boston,Miami,5/17/2025 9:05,1081.22,3.28,19664.88,478.94,216.24,0
SHP006010,C.H. Robinson,0,Rail,Atlanta,Miami,10/28/2025 18:53,882.87,3.5,39919.29,266.45,26.49,0
SHP006011,C.H. Robinson,0,Rail,Atlanta,San Francisco,7/23/2025 19:09,800.39,3.7,8200.9,256.6,24.01,0
SHP006012,DHL,0,Rail,Atlanta,Dallas,1/13/2025 1:24,902.17,2.9,6841.33,156.31,27.07,0
SHP006013,Old Dominion,0,Air,Atlanta,Tampa,7/7/2025 2:30,1673.44,0.7,6572.89,473.88,167.34,0
SHP006014,J.B. Hunt,0,Air,New York,Boston,10/27/2025 6:30,1765.71,0.72,27876.97,31.84,176.57,0
SHP006015,XPO Logistics,0,Air,Dallas,Tampa,3/30/2025 14:51,2294.96,3.12,26217.62,366.37,229.5,0
SHP006016,FedEx,0,Air,San Francisco,Boston,6/21/2025 16:41,537.51,3.04,5899.19,170.41,53.75,0
SHP006017,UPS,FTL,Road,Miami,Atlanta,4/12/2025 8:26,1134.16,3.14,38713.34,45.37,0,1701.24
SHP006018,DHL,0,Ocean,San Francisco,Miami,7/12/2025 2:20,4081.67,3.37,25393.31,40.27,816.33,0
SHP006019,J.B. Hunt,0,Ocean,Atlanta,New York,3/19/2025 4:08,1815.26,7.69,30075.38,82.82,363.05,0
SHP006020,FedEx,0,Ocean,Tampa,Miami,12/13/2025 16:06,6849.74,4.9,1892.16,198.13,1369.95,0
SHP006021,J.B. Hunt,FTL,Road,New York,Chicago,8/15/2025 2:39,1176.36,0.88,4517.88,375.83,196.06,0
SHP006022,UPS,FTL,Road,Dallas,San Francisco,6/4/2025 17:42,408.99,4.37,8400.42,230.58,68.17,0
SHP006023,XPO Logistics,0,Rail,Miami,San Francisco,2/26/2025 15:48,624.46,4.16,30879.34,381.24,18.73,0
SHP006024,FedEx,LTL,Road,Tampa,Dallas,10/31/2025 19:55,643.14,5.59,2748.27,120.92,107.19,0
SHP006025,XPO Logistics,0,Air,Tampa,Atlanta,3/3/2025 8:01,1957.28,2.67,2338.33,304.28,195.73,0
SHP006026,UPS,0,Rail,San Francisco,Miami,1/13/2025 10:02,799.1,6.23,32420.17,276.52,23.97,0
SHP006027,C.H. Robinson,FTL,Road,Miami,Atlanta,11/25/2025 16:46,51.96,3.91,30080.81,125.24,8.66,0
SHP006028,C.H. Robinson,LTL,Road,New York,Boston,2/5/2025 3:26,584.34,5.8,3086.44,112.35,97.39,0
SHP006029,DHL,0,Air,Miami,Tampa,3/12/2025 20:04,869.31,2.46,38016.59,304.74,86.93,0
SHP006030,UPS,0,Air,Miami,Dallas,8/5/2025 8:09,1118.97,2.73,25181.27,298.87,111.9,0
SHP006031,DHL,0,Rail,Atlanta,San Francisco,9/26/2025 6:25,455.08,5.44,17491.5,10.28,13.65,0
SHP006032,Schneider,FTL,Road,San Francisco,Atlanta,10/14/2025 8:37,670.73,5.94,14314.71,482.81,111.79,0
SHP006033,XPO Logistics,LTL,Road,Miami,Tampa,3/18/2025 0:15,160.64,4.46,1276.15,137.51,26.77,0
SHP006034,UPS,FTL,Road,Miami,Chicago,12/18/2025 11:31,706.47,3.66,31120.85,308.04,117.75,0
SHP006035,UPS,0,Ocean,Miami,Chicago,9/9/2025 16:40,4952.11,22.07,18360.35,113.41,990.42,0
SHP006036,FedEx,0,Rail,Tampa,Dallas,10/22/2025 19:22,458.86,3.8,28653.73,22.23,13.77,0
SHP006037,C.H. Robinson,0,Air,Dallas,Atlanta,10/19/2025 21:48,648.44,0.87,23617.38,122.19,64.84,0
SHP006038,C.H. Robinson,0,Air,New York,San Francisco,5/19/2025 11:02,748.9,2.57,30571.74,166.75,74.89,0
SHP006039,XPO Logistics,0,Rail,Atlanta,New York,3/8/2025 4:54,1125.13,1.69,37440.05,169.11,33.75,0
SHP006040,J.B. Hunt,FTL,Road,Chicago,Dallas,10/10/2025 15:24,1197.13,5.88,31263.53,11.01,199.52,0
SHP006041,Schneider,LTL,Road,Miami,Tampa,12/9/2025 18:23,675,0.75,8967.11,395.03,112.5,0
SHP006042,FedEx,0,Ocean,San Francisco,Chicago,10/6/2025 12:07,7792.55,15.38,21125.83,259.97,1558.51,0
SHP006043,FedEx,0,Air,Dallas,Atlanta,5/6/2025 9:56,1343.41,2.14,25598.8,466.54,134.34,0
SHP006044,DHL,0,Rail,Atlanta,Chicago,11/21/2025 8:53,1153.41,7,34579.81,259.9,34.6,0
SHP006045,DHL,0,Ocean,Atlanta,San Francisco,10/7/2025 16:07,3106.02,16.07,18112.16,41.64,621.2,0
SHP006046,C.H. Robinson,FTL,Road,Miami,Chicago,4/11/2025 5:23,484.48,5.97,2416.22,348.64,80.75,0
SHP006047,XPO Logistics,0,Rail,Boston,Dallas,12/19/2025 5:08,1545.9,5.54,23005.06,354.07,46.38,0
SHP006048,XPO Logistics,0,Ocean,Dallas,Tampa,3/31/2025 15:21,3720.07,4.01,38513.68,216.72,744.01,0
SHP006049,Schneider,0,Air,New York,Atlanta,4/16/2025 19:47,2096.55,2.36,2659.59,476.42,209.66,0
SHP006050,FedEx,0,Air,Boston,Miami,10/15/2025 23:49,2439.85,1.02,39275.13,368.71,243.99,0
SHP006051,Old Dominion,0,Rail,Chicago,Atlanta,1/10/2025 2:55,955.71,5.28,4716.1,280.65,28.67,0
SHP006052,J.B. Hunt,0,Ocean,New York,Miami,1/14/2025 13:08,1052.46,13.99,22331.48,437.34,210.49,0
SHP006053,J.B. Hunt,0,Air,Tampa,Chicago,7/17/2025 21:48,2257.66,1.37,35592.83,287.05,225.77,0
SHP006054,J.B. Hunt,0,Air,Boston,New York,7/6/2025 21:13,1937.22,1.09,34382.06,465.55,193.72,0
SHP006055,UPS,FTL,Road,Dallas,Atlanta,4/22/2025 5:15,941.24,5.66,12440.85,430.7,0,1411.86
SHP006056,C.H. Robinson,0,Ocean,Miami,Dallas,10/21/2025 20:03,4166.7,5.61,26917.62,342.38,833.34,0
SHP006057,DHL,0,Ocean,Boston,Atlanta,5/12/2025 15:30,2651.93,2.6,8393.97,200.49,530.39,0
SHP006058,XPO Logistics,LTL,Road,New York,Miami,6/1/2025 0:35,242.7,1.37,4005.2,480.93,40.45,0
SHP006059,C.H. Robinson,0,Air,Dallas,Miami,8/28/2025 17:11,2363.46,1.62,38088.36,323.18,236.35,0
SHP006060,XPO Logistics,LTL,Road,Boston,Dallas,11/14/2025 11:41,573.77,2.94,4195.83,117.26,95.63,0
SHP006061,XPO Logistics,0,Rail,San Francisco,New York,3/10/2025 10:13,818.61,4.7,21357.08,381.11,24.56,0
SHP006062,Old Dominion,0,Rail,Chicago,Dallas,3/7/2025 11:56,774.08,6.02,23334.63,480.96,23.22,0
SHP006063,J.B. Hunt,0,Ocean,Boston,Miami,4/3/2025 14:29,3389.64,21.83,32915.38,319.19,677.93,0
SHP006064,UPS,0,Air,Boston,Atlanta,6/23/2025 1:10,2067.19,0.8,38033.87,54.36,206.72,0
SHP006065,J.B. Hunt,0,Air,Chicago,Tampa,2/21/2025 9:33,1820.73,1.66,17479.15,305.48,182.07,0
SHP006066,XPO Logistics,0,Ocean,Tampa,Chicago,12/31/2025 12:12,7316.39,12.07,39515.32,296.81,1463.28,0
SHP006067,FedEx,0,Ocean,Boston,San Francisco,9/16/2025 9:11,1704.15,6.18,28786.39,26.15,340.83,0
SHP006068,XPO Logistics,0,Air,Boston,Chicago,12/19/2025 20:44,1596.92,1.02,17612.14,375.21,159.69,0
SHP006069,C.H. Robinson,0,Air,San Francisco,Dallas,9/1/2025 1:56,1538.79,1.07,10451.05,184.4,153.88,0
SHP006070,FedEx,0,Rail,Chicago,Atlanta,6/24/2025 7:08,311.3,5.09,24497.58,32.01,9.34,0
SHP006071,C.H. Robinson,0,Rail,Atlanta,Chicago,7/28/2025 2:54,843.7,3.9,13685.87,279.31,25.31,0
SHP006072,UPS,0,Ocean,San Francisco,Dallas,8/16/2025 20:28,3094.68,11.16,32002.18,81.89,618.94,0
SHP006073,UPS,0,Ocean,Dallas,Miami,8/1/2025 23:58,5143.36,13.12,12550.33,364.04,1028.67,0
SHP006074,DHL,0,Rail,Atlanta,San Francisco,5/29/2025 20:20,1081.9,4.34,26872.94,401.34,32.46,0
SHP006075,FedEx,LTL,Road,Atlanta,Miami,4/28/2025 20:21,1168.57,3.87,8763.23,1.54,194.76,0
SHP006076,C.H. Robinson,FTL,Road,Boston,New York,10/20/2025 13:08,659.77,1.48,4220.6,266.45,109.96,0
SHP006077,Old Dominion,0,Rail,Miami,Boston,6/30/2025 9:49,1394.92,3.89,26969.24,245.37,41.85,0
SHP006078,DHL,0,Ocean,New York,Miami,9/3/2025 17:40,3778.14,8.39,15612.44,175.55,755.63,0
SHP006079,UPS,0,Rail,Tampa,New York,10/9/2025 22:41,1233.9,1.81,4159.14,330.35,37.02,0
SHP006080,C.H. Robinson,LTL,Road,New York,Miami,9/16/2025 13:42,678.24,2.72,1651.56,206.1,113.04,0
SHP006081,Schneider,FTL,Road,Chicago,Dallas,9/8/2025 10:37,958.19,5.37,28251.77,30.9,0,1437.29
SHP006082,FedEx,FTL,Road,Tampa,Atlanta,8/16/2025 3:40,820.97,1.64,12952.42,98.74,136.83,0
SHP006083,DHL,LTL,Road,San Francisco,Miami,9/21/2025 22:30,942.12,3.98,6176.58,334.32,157.02,0
SHP006084,J.B. Hunt,0,Air,Chicago,Miami,3/31/2025 15:54,939.29,2.06,25513.52,318.66,93.93,0
SHP006085,J.B. Hunt,0,Ocean,Miami,Chicago,12/27/2025 21:08,6438.89,8.32,30928.28,220.65,1287.78,0
SHP006086,Old Dominion,0,Rail,Tampa,Dallas,2/28/2025 14:07,1272.28,4.19,37970.1,90.47,38.17,0
SHP006087,J.B. Hunt,0,Rail,Atlanta,Tampa,4/3/2025 20:13,1280.01,5.04,7322.88,33.94,38.4,0
SHP006088,Schneider,0,Rail,Dallas,Chicago,4/29/2025 13:29,1478.63,2.1,7867.01,489.24,44.36,0
SHP006089,DHL,0,Ocean,Boston,Dallas,8/16/2025 6:16,5879.46,7.51,23842.48,267.52,1175.89,0
SHP006090,XPO Logistics,0,Ocean,Atlanta,San Francisco,9/4/2025 10:03,6833.55,18.05,33352.98,106.54,1366.71,0
SHP006091,J.B. Hunt,LTL,Road,San Francisco,Miami,8/13/2025 19:05,786.25,0.48,829.07,357.05,131.04,0
SHP006092,FedEx,FTL,Road,Boston,Tampa,12/18/2025 20:11,78.08,3.58,33696,190.59,13.01,0
SHP006093,Old Dominion,0,Ocean,New York,Miami,10/23/2025 19:02,836.3,17.7,37222.61,358.87,167.26,0
SHP006094,Old Dominion,0,Air,Miami,Dallas,12/29/2025 13:38,1861.81,1.31,1107.34,347.64,186.18,0
SHP006095,DHL,0,Air,Boston,New York,2/16/2025 14:07,923.77,3.5,18921.38,265.79,92.38,0
SHP006096,XPO Logistics,0,Air,Dallas,Chicago,7/19/2025 13:32,2335.63,3.23,25884.71,469.28,233.56,0
SHP006097,DHL,LTL,Road,Chicago,Dallas,7/18/2025 18:23,1179.64,5.69,8268.16,353.11,196.61,0
SHP006098,C.H. Robinson,0,Air,Atlanta,San Francisco,8/17/2025 23:47,2090.98,0.86,11223.63,3.84,209.1,0
SHP006099,UPS,0,Ocean,Dallas,Chicago,1/6/2025 15:35,1530.57,11.66,6288.19,450.93,306.11,0
SHP006100,Old Dominion,FTL,Road,Chicago,Atlanta,12/1/2025 19:19,976.55,0.66,10332.09,409.72,162.76,0
SHP006101,UPS,0,Ocean,San Francisco,Miami,8/1/2025 23:43,6522.85,22.8,39903.14,488.16,1304.57,0
SHP006102,XPO Logistics,0,Rail,Miami,Tampa,5/14/2025 19:44,856.22,2.75,30457.2,150.34,25.69,0
SHP006103,Old Dominion,0,Ocean,Dallas,Tampa,10/21/2025 12:11,6548,13.75,31860.13,138.66,1309.6,0
SHP006104,FedEx,0,Air,Miami,Atlanta,6/2/2025 8:14,1671.67,2.47,37752.77,134.03,167.17,0
SHP006105,C.H. Robinson,0,Air,New York,Miami,11/6/2025 10:25,2829.06,3.32,29370.32,393.65,282.91,0
SHP006106,C.H. Robinson,0,Rail,Tampa,New York,11/30/2025 12:12,1168.68,2.71,7985.05,433.3,35.06,0
SHP006107,UPS,0,Rail,New York,Boston,1/28/2025 11:43,1360.22,2.49,24796.19,224.33,40.81,0
SHP006108,FedEx,0,Ocean,San Francisco,Tampa,8/17/2025 16:29,1689.91,13.7,11620,49.03,337.98,0
SHP006109,Schneider,0,Air,New York,Tampa,4/15/2025 23:41,1560.79,2.57,2352.8,201.64,156.08,0
SHP006110,XPO Logistics,0,Rail,Boston,Atlanta,11/20/2025 21:40,612.26,1.21,5463.67,70.38,18.37,0
SHP006111,DHL,0,Ocean,Atlanta,New York,9/5/2025 20:56,1871.56,19.67,17859.93,74.4,374.31,0
SHP006112,FedEx,0,Air,Miami,Dallas,8/24/2025 15:44,570.8,1.54,32021.61,182.87,57.08,0
SHP006113,FedEx,0,Air,Atlanta,Chicago,9/22/2025 18:37,731.72,1.91,22434.81,15.76,73.17,0
SHP006114,C.H. Robinson,0,Ocean,New York,Chicago,12/22/2025 18:58,5207.31,10.69,884.17,337.27,1041.46,0
SHP006115,DHL,FTL,Road,San Francisco,Miami,9/2/2025 0:03,869.25,3.87,14006.24,265.27,144.88,0
SHP006116,DHL,0,Rail,Dallas,Boston,12/23/2025 3:13,819.45,5.9,23551.42,41.82,24.58,0
SHP006117,DHL,0,Ocean,Dallas,San Francisco,5/15/2025 13:01,5323.2,17.12,15142.74,438.02,1064.64,0
SHP006118,Schneider,LTL,Road,Miami,Boston,10/2/2025 9:04,1019.47,1.26,9057.02,221,169.91,0
SHP006119,UPS,0,Ocean,Boston,Tampa,12/21/2025 4:47,5928.12,19.91,20451.94,200.15,1185.62,0
SHP006120,UPS,0,Air,Chicago,Miami,11/17/2025 20:23,2771.72,1.31,10650.32,181.45,277.17,0
SHP006121,Schneider,0,Air,Miami,Boston,2/13/2025 15:27,2620.56,3.79,9192.67,432.07,262.06,0
SHP006122,Schneider,0,Air,Chicago,New York,4/23/2025 22:23,997.15,3.9,24097.61,4.54,99.72,0
SHP006123,C.H. Robinson,0,Rail,Atlanta,San Francisco,9/9/2025 21:01,254.61,2.03,7909.14,384.04,7.64,0
SHP006124,DHL,0,Rail,Tampa,Boston,12/8/2025 4:49,556.43,7.78,25626.43,346.57,16.69,0
SHP006125,Old Dominion,0,Rail,Dallas,Boston,5/1/2025 11:09,548.51,7.25,26878.68,432.34,16.46,0
SHP006126,C.H. Robinson,0,Ocean,New York,Dallas,4/10/2025 11:51,7673.61,4.76,4315.2,401.9,1534.72,0
SHP006127,J.B. Hunt,0,Air,Boston,New York,7/30/2025 16:42,2638.54,2.54,14957.02,326.66,263.85,0
SHP006128,Schneider,0,Ocean,San Francisco,Dallas,5/22/2025 21:23,2792.48,7.24,19781.74,108.86,558.5,0
SHP006129,Schneider,FTL,Road,Chicago,Atlanta,1/6/2025 3:35,606.26,5.75,33671.47,470.87,101.04,0
SHP006130,FedEx,LTL,Road,Boston,Chicago,6/8/2025 11:48,977.28,2.29,8148.65,461.53,162.88,0
SHP006131,FedEx,0,Air,New York,Miami,1/7/2025 10:33,2857,2.89,8848.98,20.82,285.7,0
SHP006132,C.H. Robinson,LTL,Road,Miami,Dallas,5/14/2025 8:31,219.28,5.8,4701.65,427.64,36.55,0
SHP006133,XPO Logistics,LTL,Road,Boston,San Francisco,10/8/2025 13:24,584.8,4.05,387.79,125.68,97.47,0
SHP006134,XPO Logistics,0,Ocean,San Francisco,Dallas,6/19/2025 7:59,3772.02,15.87,7275.09,382.51,754.4,0
SHP006135,C.H. Robinson,0,Rail,San Francisco,Boston,8/16/2025 14:17,783.05,6.72,4369.78,340.2,23.49,0
SHP006136,C.H. Robinson,0,Rail,Dallas,San Francisco,10/23/2025 4:09,669.33,6.57,16385.73,333.01,20.08,0
SHP006137,DHL,0,Rail,New York,Atlanta,2/8/2025 11:00,1694.89,1.14,939.11,385.37,50.85,0
SHP006138,Old Dominion,0,Rail,Boston,Chicago,4/16/2025 17:56,1234.23,3.05,20028.67,21.93,37.03,0
SHP006139,UPS,0,Rail,San Francisco,Chicago,1/26/2025 10:10,507.91,3.97,33444.75,240.35,15.24,0
SHP006140,Old Dominion,0,Air,Tampa,Dallas,11/21/2025 0:16,1883.18,3.56,12698.35,350.65,188.32,0
SHP006141,C.H. Robinson,0,Rail,Miami,Tampa,11/16/2025 15:55,1578.67,2.42,14580.89,489.93,47.36,0
SHP006142,Old Dominion,0,Rail,New York,Dallas,7/1/2025 18:31,1773.15,2.56,3124.61,136.19,53.19,0
SHP006143,Schneider,0,Rail,Miami,Dallas,1/9/2025 18:34,836.37,4.09,24942.85,449.85,25.09,0
SHP006144,Schneider,LTL,Road,Boston,Miami,4/29/2025 12:27,429.9,5.14,1070.77,21.9,71.65,0
SHP006145,Old Dominion,0,Rail,Boston,Atlanta,9/28/2025 16:22,1006.47,1.42,16003.35,448.49,30.19,0
SHP006146,XPO Logistics,0,Air,Atlanta,Miami,7/5/2025 14:07,952,2.97,12443.43,23.42,95.2,0
SHP006147,C.H. Robinson,FTL,Road,San Francisco,Chicago,11/4/2025 12:04,690.19,5.05,16674,309.03,115.03,0
SHP006148,Old Dominion,0,Rail,Atlanta,New York,6/23/2025 15:16,1640.04,6.53,8158.12,366.96,49.2,0
SHP006149,DHL,0,Ocean,Boston,Chicago,5/2/2025 14:40,4264.2,18.41,20033.36,64.85,852.84,0
SHP006150,C.H. Robinson,LTL,Road,Dallas,Atlanta,8/22/2025 14:23,705.4,3.08,5251.53,439.57,117.57,0
SHP006151,XPO Logistics,LTL,Road,Boston,Chicago,10/31/2025 21:34,1079.06,2.86,4638.96,258.08,179.84,0
SHP006152,FedEx,0,Rail,Chicago,Boston,11/1/2025 1:40,1031.34,7.65,26151.32,139.45,30.94,0
SHP006153,C.H. Robinson,FTL,Road,Tampa,Dallas,2/28/2025 14:14,661.27,3.86,25770.98,293.04,110.21,0
SHP006154,UPS,0,Air,Atlanta,Chicago,1/17/2025 10:46,779.89,0.62,13844.8,214.33,77.99,0
SHP006155,DHL,0,Rail,San Francisco,Chicago,4/5/2025 9:26,298.89,6.7,14091.06,456.9,8.97,0
SHP006156,XPO Logistics,0,Ocean,New York,Chicago,4/7/2025 19:14,1658.08,3.25,19551.49,95.38,331.62,0
SHP006157,Old Dominion,FTL,Road,Atlanta,New York,4/10/2025 22:23,1128.01,0.31,16798.48,463.45,188,0
SHP006158,DHL,0,Air,Tampa,Atlanta,7/22/2025 5:32,1337.93,0.83,12464.35,249.51,133.79,0
SHP006159,Old Dominion,FTL,Road,Tampa,Atlanta,9/8/2025 20:20,262.92,2.93,33535.56,436.44,43.82,0
SHP006160,FedEx,0,Rail,Boston,New York,8/27/2025 13:15,278.82,2.13,11373.96,297.84,8.36,0
SHP006161,XPO Logistics,0,Ocean,Boston,New York,10/25/2025 20:52,3207.46,20.57,28808.54,51.13,641.49,0
SHP006162,Old Dominion,0,Ocean,Miami,Dallas,1/14/2025 18:31,5184.18,4.49,10573.91,89.76,1036.84,0
SHP006163,J.B. Hunt,0,Air,Atlanta,Tampa,1/29/2025 21:41,767.27,2.66,22762.39,88.84,76.73,0
SHP006164,DHL,0,Air,Atlanta,Miami,1/24/2025 14:45,2973.47,1.98,4334.24,61.16,297.35,0
SHP006165,FedEx,0,Ocean,Chicago,Atlanta,1/14/2025 21:05,4879.2,23.54,23092.07,474.57,975.84,0
SHP006166,C.H. Robinson,0,Ocean,Dallas,Miami,4/4/2025 22:09,3831,11.59,20250.29,349.02,766.2,0
SHP006167,J.B. Hunt,0,Air,Chicago,San Francisco,9/22/2025 5:22,1292.56,3.52,1656.61,220.44,129.26,0
SHP006168,UPS,0,Ocean,Dallas,Tampa,6/20/2025 19:19,4332.44,15.35,11404.84,214.31,866.49,0
SHP006169,Old Dominion,0,Air,Miami,Dallas,3/3/2025 2:29,1608.25,2.9,31055,369.18,160.83,0
SHP006170,Old Dominion,0,Air,Dallas,Atlanta,10/10/2025 23:50,1222.27,4,34022.28,130.75,122.23,0
SHP006171,UPS,0,Rail,San Francisco,Boston,11/23/2025 10:35,512.17,3.2,18367.62,425.55,15.37,0
SHP006172,FedEx,0,Ocean,Tampa,Atlanta,12/10/2025 16:19,6337.72,20.73,11242.31,297.14,1267.54,0
SHP006173,FedEx,0,Ocean,Atlanta,Miami,6/11/2025 6:44,2624.37,4.4,27525.81,72.36,524.87,0
SHP006174,Old Dominion,0,Air,Dallas,Miami,7/20/2025 10:39,2102.78,2.77,32504.81,70.64,210.28,0
SHP006175,FedEx,0,Rail,Miami,San Francisco,4/22/2025 19:23,1453.57,7.99,34116.18,376.15,43.61,0
SHP006176,FedEx,0,Ocean,Tampa,Dallas,2/12/2025 6:54,5466.24,11.28,29354.76,362.36,1093.25,0
SHP006177,DHL,0,Ocean,Miami,Dallas,4/4/2025 2:49,5236.24,19.52,18226.17,61.51,1047.25,0
SHP006178,DHL,FTL,Road,Miami,San Francisco,8/19/2025 0:52,692.93,1.77,15685.11,9.69,115.49,0
SHP006179,DHL,0,Ocean,Atlanta,New York,8/19/2025 18:56,3370.93,19.79,21937.53,5.89,674.19,0
SHP006180,XPO Logistics,FTL,Road,Chicago,Dallas,8/31/2025 3:30,590.32,1.93,19363.25,202.94,0,885.48
SHP006181,XPO Logistics,FTL,Road,Dallas,Atlanta,9/28/2025 11:33,1121.78,0.49,27501.73,425.66,0,1682.67
SHP006182,UPS,FTL,Road,San Francisco,Miami,4/15/2025 13:49,1153.12,1.27,21486.54,22.75,192.19,0
SHP006183,C.H. Robinson,0,Ocean,Boston,New York,4/12/2025 17:25,4243.88,4.76,33596.92,57.82,848.78,0
SHP006184,Schneider,0,Air,Miami,Tampa,7/24/2025 15:30,1685.88,2.32,38880.19,327.84,168.59,0
SHP006185,Schneider,0,Air,Atlanta,Dallas,5/5/2025 23:58,1077.17,1.34,5565.8,378.5,107.72,0
SHP006186,Old Dominion,0,Air,New York,Boston,1/2/2025 10:47,2165.04,2.63,2113.2,381.65,216.5,0
SHP006187,DHL,0,Ocean,Chicago,Dallas,1/7/2025 9:02,5314.16,23.21,23694.48,152.67,1062.83,0
SHP006188,Schneider,0,Air,New York,Tampa,11/18/2025 17:58,1330.11,1.12,29055.11,354.15,133.01,0
SHP006189,J.B. Hunt,0,Air,Boston,New York,4/19/2025 10:31,841.76,1.05,3541.69,456.08,84.18,0
SHP006190,FedEx,0,Air,Boston,Atlanta,3/18/2025 1:33,929.29,1.7,11579.93,207.4,92.93,0
SHP006191,Schneider,0,Rail,San Francisco,Tampa,1/9/2025 9:05,1342.48,7.09,7712.65,343.52,40.27,0
SHP006192,UPS,FTL,Road,San Francisco,Atlanta,7/27/2025 12:00,455.45,5.89,12307.31,4.59,75.91,0
SHP006193,C.H. Robinson,0,Ocean,New York,Tampa,6/25/2025 20:23,4367.3,5.32,2257.53,349.44,873.46,0
SHP006194,J.B. Hunt,0,Ocean,New York,Chicago,11/28/2025 9:01,5991.94,12.14,27236.98,269.58,1198.39,0
SHP006195,J.B. Hunt,0,Ocean,Atlanta,Tampa,1/22/2025 1:55,5223.51,15.13,26800,100.62,1044.7,0
SHP006196,DHL,0,Air,San Francisco,Tampa,11/25/2025 17:37,1025.51,2.04,18122.06,387.43,102.55,0
SHP006197,FedEx,0,Rail,Boston,Tampa,7/27/2025 18:39,787.83,2.14,10432.91,108.15,23.63,0
SHP006198,Schneider,0,Ocean,San Francisco,Atlanta,6/7/2025 19:15,5987.45,12.35,28490.91,208.69,1197.49,0
SHP006199,FedEx,0,Ocean,Atlanta,Miami,12/23/2025 20:52,7173.02,23.64,26958.78,432.04,1434.6,0
SHP006200,J.B. Hunt,0,Rail,Miami,New York,10/15/2025 6:25,1012.69,7.54,33347.67,495.9,30.38,0
SHP006201,Schneider,0,Ocean,Chicago,Boston,3/26/2025 9:23,5173.2,19.14,21943.29,130.3,1034.64,0
SHP006202,J.B. Hunt,FTL,Road,Tampa,Atlanta,5/1/2025 11:04,457.97,5.39,2709.94,296.15,76.33,0
SHP006203,C.H. Robinson,0,Rail,San Francisco,Chicago,11/28/2025 20:55,795.97,3.71,35440.56,427.06,23.88,0
SHP006204,FedEx,0,Ocean,Dallas,Miami,11/8/2025 1:49,4991.32,8,19280.53,204.74,998.26,0
SHP006205,J.B. Hunt,FTL,Road,Atlanta,New York,12/30/2025 17:01,456.66,0.84,21953,151.61,76.11,0
SHP006206,J.B. Hunt,0,Ocean,Boston,Atlanta,3/26/2025 10:06,5456.06,9.02,17530.96,27.13,1091.21,0
SHP006207,Old Dominion,FTL,Road,New York,Miami,10/17/2025 18:32,1191.42,3.17,1457.38,271.07,198.57,0
SHP006208,UPS,0,Rail,New York,San Francisco,1/8/2025 18:32,1592.57,6.41,28185.81,70.59,47.78,0
SHP006209,FedEx,0,Ocean,Miami,San Francisco,10/15/2025 3:14,5433.03,18.86,23110.55,446.48,1086.61,0
SHP006210,DHL,0,Rail,San Francisco,Dallas,11/5/2025 3:43,643.18,2.7,34848,313.07,19.3,0
SHP006211,C.H. Robinson,FTL,Road,Tampa,New York,6/16/2025 8:59,51.66,2.28,34385.31,14.63,8.61,0
SHP006212,DHL,0,Ocean,Chicago,Dallas,8/13/2025 7:07,524.36,8.19,36603,450.84,104.87,0
SHP006213,C.H. Robinson,0,Air,Dallas,San Francisco,2/25/2025 4:28,1700.66,2.44,13614.32,122.62,170.07,0
SHP006214,Old Dominion,0,Ocean,Miami,New York,3/24/2025 18:22,6614.16,4.34,19750.5,317.56,1322.83,0
SHP006215,FedEx,0,Air,Boston,Chicago,7/6/2025 1:35,579.94,2.32,23312.09,371.51,57.99,0
SHP006216,UPS,0,Ocean,New York,San Francisco,4/29/2025 20:14,2261.27,8.45,22996.09,491.58,452.25,0
SHP006217,J.B. Hunt,0,Air,Boston,Tampa,8/6/2025 1:57,887.23,3.95,28716.53,413.21,88.72,0
SHP006218,J.B. Hunt,0,Rail,Miami,Boston,2/12/2025 8:53,343.43,3.1,2780.58,186.4,10.3,0
SHP006219,J.B. Hunt,0,Ocean,New York,San Francisco,6/20/2025 1:54,7859.67,4.32,22713.72,4.03,1571.93,0
SHP006220,J.B. Hunt,0,Air,New York,Dallas,4/5/2025 13:16,2224.24,1.19,5618.59,169.17,222.42,0
SHP006221,J.B. Hunt,0,Air,Chicago,Atlanta,8/1/2025 23:38,2381.82,0.87,9578.64,5.22,238.18,0
SHP006222,UPS,0,Air,San Francisco,Tampa,12/4/2025 21:53,2914.72,2.57,28936.04,326.04,291.47,0
SHP006223,Old Dominion,0,Rail,Boston,San Francisco,1/23/2025 8:38,430.98,5.16,5690.92,201.22,12.93,0
SHP006224,XPO Logistics,0,Ocean,Chicago,Tampa,11/5/2025 6:51,4767.22,14.3,5203.4,18.18,953.44,0
SHP006225,DHL,0,Ocean,Dallas,Atlanta,7/20/2025 10:47,6486.76,17.97,3731.85,64.58,1297.35,0
SHP006226,FedEx,0,Air,Chicago,Boston,9/1/2025 21:26,2709.98,3.19,39848.33,127.74,271,0
SHP006227,C.H. Robinson,0,Ocean,San Francisco,Miami,12/13/2025 3:19,4158.52,7.2,25100.61,58.59,831.7,0
SHP006228,UPS,0,Air,San Francisco,Tampa,3/29/2025 13:44,643.56,0.75,27896.65,247.54,64.36,0
SHP006229,Schneider,0,Rail,Atlanta,New York,5/25/2025 4:20,1188.37,7.16,29742.98,231.4,35.65,0
SHP006230,C.H. Robinson,0,Air,Miami,Tampa,10/13/2025 6:09,2957.76,2.1,4941.8,496.33,295.78,0
SHP006231,Schneider,0,Rail,New York,Chicago,10/1/2025 8:07,236.51,4.85,12709.27,252.27,7.1,0
SHP006232,Schneider,0,Air,New York,Boston,1/5/2025 18:42,1808.52,1.34,22495.92,378.27,180.85,0
SHP006233,DHL,0,Air,Chicago,Boston,11/18/2025 11:49,1019.58,1.84,11095.59,410.46,101.96,0
SHP006234,FedEx,0,Ocean,Atlanta,Tampa,7/8/2025 12:57,5937.37,21.17,7216.97,37.72,1187.47,0
SHP006235,Old Dominion,0,Air,Chicago,Miami,1/7/2025 14:10,622.34,1.06,21556.77,485.49,62.23,0
SHP006236,DHL,LTL,Road,Miami,New York,1/17/2025 22:42,460.82,5.76,526.28,463.51,76.8,0
SHP006237,XPO Logistics,0,Rail,Boston,San Francisco,2/23/2025 23:50,489.84,7.39,2720.98,474.16,14.7,0
SHP006238,XPO Logistics,0,Rail,Miami,Dallas,3/23/2025 14:15,521.28,3.12,19892.22,190.98,15.64,0
SHP006239,C.H. Robinson,0,Rail,Miami,New York,8/18/2025 14:58,1268.04,7.82,24453.85,361.02,38.04,0
SHP006240,UPS,0,Ocean,San Francisco,Dallas,11/11/2025 10:58,1160.04,15.81,18427.07,443.01,232.01,0
SHP006241,Old Dominion,0,Air,Miami,San Francisco,8/17/2025 20:45,1348.17,2.88,9512.07,130.43,134.82,0
SHP006242,XPO Logistics,0,Air,Chicago,Atlanta,5/29/2025 8:38,1315.53,1.56,10528.21,25.78,131.55,0
SHP006243,C.H. Robinson,LTL,Road,Miami,Dallas,9/11/2025 5:55,1012.26,0.62,8890.55,63.61,168.71,0
SHP006244,Schneider,0,Ocean,San Francisco,Miami,11/6/2025 0:58,989.46,14.39,20346.45,246.13,197.89,0
SHP006245,XPO Logistics,0,Rail,Miami,Atlanta,8/5/2025 14:41,1119.21,3.01,26686.5,251.7,33.58,0
SHP006246,XPO Logistics,0,Rail,Tampa,Chicago,2/8/2025 12:07,735.59,6.79,29244.98,197.41,22.07,0
SHP006247,XPO Logistics,FTL,Road,Boston,San Francisco,5/5/2025 9:02,1024.76,5.54,21706.22,108.26,0,1537.14
SHP006248,UPS,0,Rail,Dallas,New York,2/22/2025 20:20,1665.27,2.33,2412.72,164.42,49.96,0
SHP006249,C.H. Robinson,LTL,Road,Miami,Dallas,1/6/2025 5:15,886.01,5.56,6427.26,475.97,147.67,0
SHP006250,Schneider,0,Rail,Tampa,Boston,3/3/2025 19:14,347.79,1.43,24365.58,483.09,10.43,0
SHP006251,XPO Logistics,0,Rail,New York,Tampa,7/1/2025 8:49,1004.35,1.36,9238.14,123.15,30.13,0
SHP006252,UPS,0,Ocean,New York,Dallas,9/6/2025 7:16,3033.93,2.96,36243.26,258.27,606.79,0
SHP006253,C.H. Robinson,0,Air,New York,Tampa,12/11/2025 12:49,2111.51,0.74,2637.56,293.65,211.15,0
SHP006254,C.H. Robinson,FTL,Road,Chicago,New York,6/30/2025 1:18,1070.39,3.29,35173.86,405.68,178.4,0
SHP006255,Old Dominion,LTL,Road,Miami,Atlanta,3/15/2025 9:55,137.23,1.41,6628.45,222.31,0,205.84
SHP006256,DHL,0,Rail,Chicago,Dallas,2/23/2025 20:50,665.12,3.93,18085.39,455.37,19.95,0
SHP006257,C.H. Robinson,0,Ocean,New York,Boston,5/6/2025 10:02,1275.94,8.15,21733.81,349.45,255.19,0
SHP006258,UPS,0,Rail,New York,Tampa,9/29/2025 9:02,1209.02,7.59,31926.55,278.98,36.27,0
SHP006259,FedEx,0,Air,Boston,Miami,11/11/2025 18:31,879.64,2.08,27888.6,419.14,87.96,0
SHP006260,FedEx,0,Ocean,Chicago,Miami,11/11/2025 16:04,7698.02,15.32,21313.32,9.83,1539.6,0
SHP006261,C.H. Robinson,0,Ocean,Atlanta,New York,8/5/2025 16:25,1040.74,5.43,2663.02,201.03,208.15,0
SHP006262,UPS,0,Air,Tampa,Atlanta,4/20/2025 13:35,1209.57,2.73,21658.77,298.39,120.96,0
SHP006263,XPO Logistics,0,Ocean,Chicago,Tampa,5/29/2025 1:28,4039.83,8.11,38136.6,44.12,807.97,0
SHP006264,UPS,0,Ocean,Dallas,Tampa,9/27/2025 21:29,7541.68,8.85,20750.13,55.31,1508.34,0
SHP006265,FedEx,0,Air,Dallas,Atlanta,1/10/2025 6:39,491.51,2,29797.05,135.41,49.15,0
SHP006266,C.H. Robinson,0,Rail,Tampa,New York,6/24/2025 23:42,1099.76,2.95,15850.22,453.32,32.99,0
SHP006267,DHL,0,Rail,Miami,Boston,1/21/2025 15:00,1569.34,4.61,9905.17,97.4,47.08,0
SHP006268,Old Dominion,0,Air,Boston,Chicago,9/20/2025 10:57,2876.04,1.21,32422.65,185.12,287.6,0
SHP006269,UPS,0,Rail,New York,Chicago,3/28/2025 14:14,1777.06,3.58,14384.91,319.09,53.31,0
SHP006270,DHL,0,Air,Chicago,New York,11/2/2025 6:11,2896.1,3.92,28434.64,377.55,289.61,0
SHP006271,UPS,0,Ocean,Chicago,Boston,6/17/2025 8:02,4725.52,18.63,34461.3,243.56,945.1,0
SHP006272,Schneider,0,Air,Dallas,Atlanta,12/17/2025 9:31,1973.63,2.38,22717.59,445.13,197.36,0
SHP006273,C.H. Robinson,0,Air,Dallas,Miami,2/13/2025 16:34,1260.17,1.23,18523.06,104.83,126.02,0
SHP006274,FedEx,0,Air,Atlanta,San Francisco,5/18/2025 14:34,1645.68,3.66,24888.62,427.86,164.57,0
SHP006275,C.H. Robinson,FTL,Road,Chicago,Miami,8/8/2025 6:25,241.12,5.43,24270.59,16.85,40.19,0
SHP006276,Schneider,0,Rail,Boston,Miami,6/29/2025 11:40,1212.99,7.66,3627.1,291.65,36.39,0
SHP006277,FedEx,FTL,Road,Atlanta,San Francisco,9/10/2025 11:02,1102.8,0.31,25421.06,237.98,183.8,0
SHP006278,XPO Logistics,0,Ocean,Boston,Tampa,11/12/2025 18:03,3102.42,15.81,2581.73,376.78,620.48,0
SHP006279,Schneider,FTL,Road,Chicago,Tampa,2/9/2025 7:49,55.15,2.01,20406.37,189.13,9.19,0
SHP006280,C.H. Robinson,FTL,Road,Dallas,New York,7/11/2025 21:26,403.6,5.03,37425.89,436.98,67.27,0
SHP006281,C.H. Robinson,0,Air,Tampa,New York,1/25/2025 2:19,1710.56,3.59,36874.03,205.21,171.06,0
SHP006282,DHL,LTL,Road,Dallas,New York,1/4/2025 13:10,375.96,0.82,4869.06,473.2,62.66,0
SHP006283,C.H. Robinson,0,Ocean,Tampa,Miami,10/18/2025 6:04,4706.81,16.69,4958.91,72.62,941.36,0
SHP006284,XPO Logistics,0,Air,Chicago,Boston,7/17/2025 12:53,1554.08,3.83,14750.99,438.86,155.41,0
SHP006285,DHL,0,Rail,New York,San Francisco,2/18/2025 9:03,392.46,5.32,24224.21,430.08,11.77,0
SHP006286,Old Dominion,0,Rail,New York,Tampa,2/2/2025 15:05,205.31,2.33,9177.66,475.03,6.16,0
SHP006287,UPS,FTL,Road,Atlanta,Dallas,5/9/2025 1:21,226.75,0.46,21611.23,264.75,37.79,0
SHP006288,FedEx,0,Air,Tampa,Atlanta,2/7/2025 19:57,2578.93,3.82,21772.54,465.07,257.89,0
SHP006289,DHL,FTL,Road,Miami,Boston,4/30/2025 20:22,883.93,1.77,37172.62,334.05,147.32,0
SHP006290,Old Dominion,0,Ocean,Dallas,Chicago,11/3/2025 11:05,3605.72,16.97,16351.86,57.98,721.14,0
SHP006291,XPO Logistics,0,Ocean,Dallas,Chicago,4/4/2025 8:07,5892.34,20.13,29287.84,115.33,1178.47,0
SHP006292,UPS,LTL,Road,Chicago,Boston,9/27/2025 12:30,1150.13,0.4,3426.95,130.79,191.69,0
SHP006293,DHL,FTL,Road,Miami,Chicago,1/12/2025 5:18,105.35,2.58,25113.04,441.39,17.56,0
SHP006294,UPS,0,Rail,Atlanta,Dallas,8/14/2025 14:18,1783.5,6.66,19012.88,362.13,53.5,0
SHP006295,Schneider,0,Air,Tampa,Dallas,8/30/2025 2:31,2577.78,2.13,31509.65,241.84,257.78,0
SHP006296,Old Dominion,0,Rail,Chicago,New York,9/11/2025 21:39,818.39,4.68,27196.26,363.71,24.55,0
SHP006297,Old Dominion,0,Air,Chicago,San Francisco,3/4/2025 10:33,1263.19,2.5,36439.9,488.18,126.32,0
SHP006298,UPS,FTL,Road,Dallas,Tampa,2/24/2025 10:55,311.34,1.36,27229.08,207.93,51.89,0
SHP006299,J.B. Hunt,LTL,Road,San Francisco,New York,3/1/2025 5:18,77.86,2.24,8096.44,398.92,12.98,0
SHP006300,XPO Logistics,0,Air,San Francisco,Dallas,8/14/2025 6:04,1635.65,2.15,23390.54,110.48,163.57,0
SHP006301,UPS,0,Ocean,New York,Miami,8/29/2025 22:16,4445.33,2.24,19284.6,168.69,889.07,0
SHP006302,Schneider,FTL,Road,Miami,San Francisco,6/12/2025 20:03,826.1,3.92,15543.02,4.63,137.68,0
SHP006303,UPS,0,Ocean,Tampa,Chicago,5/11/2025 0:57,2392.05,15.93,3358.75,54.71,478.41,0
SHP006304,FedEx,FTL,Road,Miami,Tampa,7/18/2025 3:13,794.09,4.6,13201.21,245.35,132.35,0
SHP006305,UPS,LTL,Road,Chicago,San Francisco,4/24/2025 2:42,1137.57,5.69,3178.9,405.18,189.59,0
SHP006306,C.H. Robinson,0,Ocean,Chicago,Tampa,5/6/2025 10:30,4954.58,23.46,19365.74,387.58,990.92,0
SHP006307,UPS,0,Air,Miami,Chicago,1/7/2025 0:04,2373.97,2.24,31927.39,131.26,237.4,0
SHP006308,FedEx,0,Air,San Francisco,Boston,3/8/2025 12:46,630.08,1.99,37773.41,250.87,63.01,0
SHP006309,C.H. Robinson,0,Ocean,Chicago,Boston,5/29/2025 2:07,5264.44,15.73,5736.63,195.76,1052.89,0
SHP006310,UPS,0,Air,Dallas,Chicago,12/19/2025 5:19,2208.74,3.9,7136.7,205.81,220.87,0
SHP006311,DHL,FTL,Road,Boston,Chicago,12/4/2025 12:27,159.36,1.64,15381.99,270.78,26.56,0
SHP006312,C.H. Robinson,0,Air,Chicago,New York,4/28/2025 1:41,922.53,1.3,31224.28,481.36,92.25,0
SHP006313,J.B. Hunt,0,Air,Chicago,Miami,2/7/2025 2:27,1173.76,2.91,10694.18,464.05,117.38,0
SHP006314,Schneider,0,Ocean,Tampa,Chicago,9/23/2025 19:51,5546.77,19.66,2449.48,299.65,1109.35,0
SHP006315,Schneider,FTL,Road,Chicago,New York,12/19/2025 13:25,656.75,1.93,10865.98,290.43,109.46,0
SHP006316,J.B. Hunt,0,Rail,New York,Boston,9/11/2025 9:27,1330.38,1.23,22912.36,86.06,39.91,0
SHP006317,J.B. Hunt,0,Air,Dallas,Boston,4/30/2025 3:27,678.98,2.68,12779.37,221,67.9,0
SHP006318,J.B. Hunt,0,Air,Tampa,San Francisco,1/18/2025 10:41,1272,2.77,19069.73,481.77,127.2,0
SHP006319,XPO Logistics,LTL,Road,Dallas,San Francisco,12/1/2025 3:59,455.24,4.51,2684.33,254.87,75.87,0
SHP006320,FedEx,0,Air,Miami,Atlanta,5/4/2025 20:06,1791.94,1.65,19135.33,140.36,179.19,0
SHP006321,Schneider,0,Ocean,Tampa,Miami,9/5/2025 17:27,545.01,6.74,28152.53,385.71,109,0
SHP006322,XPO Logistics,0,Ocean,Miami,Tampa,2/27/2025 17:51,2601.52,10.98,1975.94,119.29,520.3,0
SHP006323,J.B. Hunt,FTL,Road,New York,Miami,11/21/2025 8:40,946.1,3.73,8627.94,129.46,157.68,0
SHP006324,J.B. Hunt,0,Ocean,San Francisco,Boston,9/13/2025 7:15,6626.02,6.6,13699.23,332.51,1325.2,0
SHP006325,XPO Logistics,0,Rail,Atlanta,Miami,12/1/2025 19:30,1097.78,4.23,36039.77,110.64,32.93,0
SHP006326,Schneider,0,Ocean,Boston,Tampa,2/18/2025 21:27,6060.65,5.5,24821.49,435.44,1212.13,0
SHP006327,Old Dominion,0,Rail,Atlanta,Boston,5/4/2025 2:42,932.64,6.07,32905.54,68.88,27.98,0
SHP006328,Old Dominion,0,Air,Tampa,Dallas,1/3/2025 18:13,2205.73,3.72,23266.64,93.88,220.57,0
SHP006329,Old Dominion,LTL,Road,New York,Atlanta,7/23/2025 17:36,195.98,1.74,1169.61,257.18,32.66,0
SHP006330,FedEx,0,Air,Tampa,Miami,11/14/2025 11:10,488.2,1.28,17876.46,237.48,48.82,0
SHP006331,DHL,0,Air,Atlanta,Tampa,11/3/2025 11:30,1826.58,2.97,2365.53,41.23,182.66,0
SHP006332,C.H. Robinson,FTL,Road,Boston,Atlanta,7/23/2025 16:03,119.99,2.68,2152.99,373.29,0,179.98
SHP006333,UPS,0,Rail,Chicago,Dallas,2/9/2025 13:40,556.8,7.57,19712.95,223.72,16.7,0
SHP006334,Old Dominion,FTL,Road,San Francisco,Tampa,11/22/2025 12:11,947.62,4.35,24488.71,467.64,157.94,0
SHP006335,UPS,LTL,Road,Miami,San Francisco,2/15/2025 3:09,535.6,4.9,3893.92,419.33,89.27,0
SHP006336,DHL,0,Ocean,Atlanta,San Francisco,3/13/2025 17:09,2446.06,8.36,27275.85,107.14,489.21,0
SHP006337,Old Dominion,0,Rail,Dallas,Tampa,4/5/2025 10:24,566.65,3.14,27317.69,444.8,17,0
SHP006338,XPO Logistics,0,Ocean,Chicago,Dallas,1/2/2025 22:45,5559.26,20.21,21970.64,35.39,1111.85,0
SHP006339,Old Dominion,0,Air,Miami,Tampa,8/6/2025 5:44,571.26,2.44,13448.14,111.06,57.13,0
SHP006340,Old Dominion,FTL,Road,New York,Chicago,3/31/2025 15:41,586.2,4.08,15707.18,401.47,97.7,0
SHP006341,XPO Logistics,0,Rail,Chicago,New York,6/11/2025 20:31,1381.64,6.14,39414.99,148.32,41.45,0
SHP006342,J.B. Hunt,0,Ocean,San Francisco,New York,2/21/2025 21:57,5335.44,20.82,23391.22,394.96,1067.09,0
SHP006343,Old Dominion,0,Rail,Tampa,Atlanta,5/10/2025 5:02,863.12,5.13,2698.82,492.9,25.89,0
SHP006344,Old Dominion,0,Rail,Boston,Chicago,2/27/2025 11:41,1480.03,7.08,27924.62,93.84,44.4,0
SHP006345,DHL,FTL,Road,Chicago,Dallas,12/6/2025 10:36,85.68,5.22,16155.06,132.67,0,128.52
SHP006346,Schneider,0,Air,Dallas,Boston,11/25/2025 0:55,1816.52,1.97,26240.81,242.41,181.65,0
SHP006347,XPO Logistics,0,Air,Boston,Dallas,11/8/2025 22:38,2182.53,3.49,8224.5,165.39,218.25,0
SHP006348,Old Dominion,0,Ocean,San Francisco,Miami,4/4/2025 15:13,3776.12,23.17,14930.68,191.17,755.22,0
SHP006349,UPS,0,Air,Boston,New York,4/24/2025 16:46,2064.38,1.97,38073.34,447.34,206.44,0
SHP006350,XPO Logistics,0,Ocean,New York,Chicago,10/26/2025 4:05,4350.57,16.19,2792.21,348.17,870.11,0
SHP006351,XPO Logistics,0,Air,New York,Tampa,12/4/2025 20:04,2209.44,1.76,9177.47,457.62,220.94,0
SHP006352,XPO Logistics,0,Rail,Tampa,New York,1/16/2025 15:21,882.73,5.58,1816.49,207.62,26.48,0
SHP006353,J.B. Hunt,0,Air,Tampa,Chicago,5/14/2025 12:36,2506.6,1.86,24324.87,105.72,250.66,0
SHP006354,DHL,0,Air,New York,Chicago,4/19/2025 4:52,1424.62,3.75,22874.84,451.06,142.46,0
SHP006355,Old Dominion,0,Rail,Dallas,Boston,3/29/2025 1:35,1643.23,7.61,35867.97,2.64,49.3,0
SHP006356,J.B. Hunt,0,Rail,Atlanta,Miami,8/31/2025 1:49,1694.42,1.96,2077.09,28.64,50.83,0
SHP006357,Schneider,0,Rail,New York,Chicago,9/3/2025 0:33,758.27,5.35,16391.29,13.75,22.75,0
SHP006358,XPO Logistics,0,Ocean,Dallas,San Francisco,11/13/2025 5:07,4073.62,11.73,30395.55,140.53,814.72,0
SHP006359,XPO Logistics,FTL,Road,Chicago,New York,1/28/2025 16:00,300.16,1.72,12497.72,299.98,50.03,0
SHP006360,UPS,0,Ocean,New York,Dallas,2/24/2025 19:14,4036.44,9.41,15285.41,186.09,807.29,0
SHP006361,XPO Logistics,0,Ocean,San Francisco,Chicago,11/3/2025 17:35,7793.05,7.13,32813.43,354.4,1558.61,0
SHP006362,XPO Logistics,LTL,Road,Boston,Atlanta,11/29/2025 14:56,56.41,5.96,7600.93,341.54,9.4,0
SHP006363,J.B. Hunt,LTL,Road,Dallas,Boston,2/1/2025 21:16,516.12,3.44,2644.72,18.71,86.02,0
SHP006364,FedEx,0,Ocean,Chicago,Dallas,7/7/2025 10:19,6770.16,21.72,6917.59,393.74,1354.03,0
SHP006365,XPO Logistics,0,Ocean,Boston,Tampa,1/8/2025 10:58,6058.65,5.92,17162.24,211.96,1211.73,0
SHP006366,XPO Logistics,0,Air,Atlanta,Miami,9/17/2025 16:08,2351.9,3.43,4243.62,281.92,235.19,0
SHP006367,DHL,0,Air,New York,Miami,3/5/2025 16:01,2356.72,3.25,6345.74,263.23,235.67,0
SHP006368,J.B. Hunt,0,Rail,Atlanta,Tampa,3/11/2025 23:58,1572.09,3.23,17292.12,402.37,47.16,0
SHP006369,Old Dominion,0,Ocean,Boston,San Francisco,10/11/2025 5:21,1169.9,20.91,12790.69,1.72,233.98,0
SHP006370,J.B. Hunt,0,Air,Dallas,San Francisco,2/5/2025 11:27,932.23,0.81,4149.2,346.73,93.22,0
SHP006371,C.H. Robinson,FTL,Road,Dallas,New York,8/17/2025 0:24,296.07,5.62,20899.56,230.59,49.34,0
SHP006372,C.H. Robinson,0,Ocean,Boston,Tampa,11/27/2025 21:44,3757.13,17.24,18364.38,65.17,751.43,0
SHP006373,UPS,0,Rail,Dallas,Tampa,2/21/2025 18:50,1608.28,4,3423.18,265.15,48.25,0
SHP006374,XPO Logistics,0,Ocean,New York,Tampa,10/30/2025 10:21,5355.1,8.06,32113.45,335.22,1071.02,0
SHP006375,FedEx,LTL,Road,Boston,New York,4/8/2025 8:43,797.89,2.67,9624.87,137.82,132.98,0
SHP006376,FedEx,0,Rail,Boston,Dallas,11/15/2025 2:29,1124.33,3.16,29919.79,24.85,33.73,0
SHP006377,FedEx,0,Rail,Boston,San Francisco,11/20/2025 20:13,273.43,6.68,17653.59,171.25,8.2,0
SHP006378,FedEx,0,Ocean,New York,Boston,10/3/2025 18:08,5056.45,17.44,8447.45,93.53,1011.29,0
SHP006379,UPS,FTL,Road,Atlanta,San Francisco,9/2/2025 4:51,1151.87,3.64,15909.6,400.92,0,1727.8
SHP006380,J.B. Hunt,0,Ocean,Chicago,Boston,5/19/2025 14:44,4438.69,7.32,8666.04,199.03,887.74,0
SHP006381,Old Dominion,0,Rail,San Francisco,Dallas,10/14/2025 8:59,1575.83,1.43,9131.78,446.68,47.27,0
SHP006382,C.H. Robinson,0,Rail,Chicago,Dallas,6/14/2025 1:49,394.78,5.41,8933.7,303.33,11.84,0
SHP006383,Schneider,0,Air,Chicago,Atlanta,12/5/2025 19:01,1334.38,0.86,23507.77,341.84,133.44,0
SHP006384,UPS,0,Rail,Miami,Boston,8/14/2025 19:40,1288.44,5.46,20258.88,260.22,38.65,0
SHP006385,FedEx,0,Rail,Tampa,Boston,8/19/2025 5:58,1217.02,5.83,26367.63,293.89,36.51,0
SHP006386,XPO Logistics,0,Air,Boston,San Francisco,12/5/2025 19:01,720.77,1.24,10778.85,459.91,72.08,0
SHP006387,C.H. Robinson,0,Air,Atlanta,Tampa,10/3/2025 3:36,2350.37,2.44,10456.25,56.33,235.04,0
SHP006388,Old Dominion,0,Air,San Francisco,Chicago,8/11/2025 10:45,2726.65,3.62,4872.48,398.81,272.67,0
SHP006389,FedEx,FTL,Road,San Francisco,Chicago,1/18/2025 10:16,563.64,2.11,29694.63,307.55,93.94,0
SHP006390,C.H. Robinson,0,Air,New York,Dallas,12/20/2025 21:20,2406.08,0.76,13084.19,160.34,240.61,0
SHP006391,UPS,0,Ocean,San Francisco,Tampa,10/16/2025 5:03,2973.15,13.05,11679.05,222.75,594.63,0
SHP006392,XPO Logistics,0,Ocean,Boston,Miami,6/11/2025 19:47,3258.33,18.18,24338.28,327.16,651.67,0
SHP006393,FedEx,LTL,Road,New York,Chicago,11/18/2025 2:19,292.17,2.12,358.48,55.08,48.7,0
SHP006394,UPS,0,Air,Tampa,San Francisco,11/19/2025 15:01,1015.65,0.73,24303.98,499.07,101.56,0
SHP006395,J.B. Hunt,0,Air,San Francisco,Dallas,7/3/2025 9:33,572.2,3.37,5193.24,335.29,57.22,0
SHP006396,C.H. Robinson,LTL,Road,Tampa,New York,1/20/2025 0:18,789.63,5.44,1272.36,158.41,131.6,0
SHP006397,XPO Logistics,0,Air,Atlanta,Chicago,11/16/2025 14:24,545.11,1.93,36507.93,390.98,54.51,0
SHP006398,FedEx,0,Air,Boston,Chicago,3/29/2025 11:26,2251.83,2.37,35397.69,225.27,225.18,0
SHP006399,DHL,0,Air,Chicago,Boston,5/25/2025 12:27,704.15,3.43,11545.71,27.76,70.42,0
SHP006400,FedEx,0,Air,Boston,Dallas,1/31/2025 2:12,640.3,2.63,24479.74,130.83,64.03,0
SHP006401,UPS,0,Ocean,Atlanta,Miami,2/10/2025 2:32,5953.85,19.02,36859.85,292.88,1190.77,0
SHP006402,Schneider,0,Rail,New York,Boston,7/16/2025 11:11,1447.08,6.27,10683.46,155.8,43.41,0
SHP006403,UPS,LTL,Road,Atlanta,San Francisco,1/12/2025 9:15,600.25,0.36,3079.37,237.47,100.04,0
SHP006404,UPS,0,Air,Tampa,San Francisco,2/6/2025 15:16,591.79,0.94,18797.85,365.75,59.18,0
SHP006405,C.H. Robinson,0,Ocean,San Francisco,Dallas,9/5/2025 23:42,6753.12,14.02,19252.59,192.76,1350.62,0
SHP006406,XPO Logistics,0,Rail,New York,Miami,1/21/2025 22:57,508.72,2.03,31779.91,233.04,15.26,0
SHP006407,Old Dominion,0,Rail,Dallas,Tampa,10/26/2025 14:25,1464.51,5.93,8158.89,255.64,43.94,0
SHP006408,J.B. Hunt,LTL,Road,Atlanta,Chicago,2/21/2025 13:32,560.62,2.69,5494.32,491.06,93.44,0
SHP006409,Schneider,0,Air,San Francisco,Dallas,10/31/2025 13:18,2494.83,3.66,1670.76,71.03,249.48,0
SHP006410,XPO Logistics,0,Rail,San Francisco,Miami,6/7/2025 2:42,335.62,2.84,17954.75,321.38,10.07,0
SHP006411,Old Dominion,0,Rail,New York,Boston,2/15/2025 7:55,1001.33,7.32,37624.31,82.6,30.04,0
SHP006412,Old Dominion,0,Rail,San Francisco,Miami,12/16/2025 21:17,1564.66,4.37,18406.51,392.68,46.94,0
SHP006413,J.B. Hunt,0,Rail,Boston,Atlanta,6/16/2025 18:05,349.02,7.18,26999.1,437.76,10.47,0
SHP006414,J.B. Hunt,0,Air,San Francisco,Tampa,1/3/2025 18:42,2985.09,2.31,4183.86,84.1,298.51,0
SHP006415,C.H. Robinson,0,Ocean,Atlanta,Boston,10/6/2025 8:57,2927.14,4.28,32706,149.14,585.43,0
SHP006416,Old Dominion,0,Rail,Chicago,Miami,5/29/2025 17:47,1761.42,5.92,7350.5,238.55,52.84,0
SHP006417,Old Dominion,FTL,Road,Dallas,San Francisco,11/23/2025 21:51,586.92,3.08,21659.8,16.56,97.82,0
SHP006418,XPO Logistics,0,Ocean,San Francisco,Boston,10/20/2025 15:59,5647.26,12.72,31743.13,407.86,1129.45,0
SHP006419,DHL,0,Ocean,Tampa,Dallas,5/8/2025 8:54,2229.01,3.07,28277.74,488.9,445.8,0
SHP006420,UPS,0,Air,New York,Atlanta,2/21/2025 17:29,1505.98,1.41,6688.54,144.44,150.6,0
SHP006421,J.B. Hunt,0,Ocean,Chicago,Boston,10/3/2025 18:28,2959.4,11.33,26388.58,137.31,591.88,0
SHP006422,C.H. Robinson,0,Ocean,Miami,Boston,8/23/2025 13:27,882.33,10.21,34297.37,249.68,176.47,0
SHP006423,J.B. Hunt,LTL,Road,New York,Atlanta,7/6/2025 5:24,1159.5,3.15,2867.6,97.46,0,1739.25
SHP006424,XPO Logistics,0,Rail,Atlanta,San Francisco,12/3/2025 20:39,1311.24,4.75,24357.96,377.81,39.34,0
SHP006425,Schneider,FTL,Road,Miami,Boston,1/8/2025 16:50,884.79,0.5,32201.59,266.82,147.47,0
SHP006426,Schneider,0,Ocean,Boston,Chicago,10/22/2025 3:01,3437.81,13.83,24691.83,75.6,687.56,0
SHP006427,C.H. Robinson,0,Ocean,Dallas,Boston,10/30/2025 20:42,3630.62,9.38,14341.15,46.58,726.12,0
SHP006428,Old Dominion,0,Ocean,Tampa,Miami,6/5/2025 8:50,1698.83,5.56,15242.38,447.35,339.77,0
SHP006429,Schneider,0,Ocean,Boston,Miami,2/26/2025 8:02,2045.21,11.16,12808.57,393.9,409.04,0
SHP006430,FedEx,0,Ocean,Boston,Tampa,3/11/2025 11:47,875.95,6.32,8820.34,496.49,175.19,0
SHP006431,Schneider,FTL,Road,Atlanta,Chicago,5/25/2025 1:40,706.39,1.05,11251.87,84.74,117.73,0
SHP006432,XPO Logistics,0,Ocean,Atlanta,New York,7/9/2025 12:40,1434.53,19.54,20082.23,315.97,286.91,0
SHP006433,Schneider,0,Ocean,San Francisco,Chicago,10/9/2025 8:22,2984.38,14.18,10673.98,154.71,596.88,0
SHP006434,XPO Logistics,0,Air,Boston,Dallas,12/11/2025 13:13,2061.04,1.03,24880.26,426.27,206.1,0
SHP006435,Schneider,0,Air,San Francisco,New York,1/2/2025 22:57,625.14,3.64,3638.1,175.11,62.51,0
SHP006436,Old Dominion,FTL,Road,Dallas,Boston,8/19/2025 5:30,752.09,3.47,4307.45,399.66,0,1128.13
SHP006437,Old Dominion,0,Rail,Chicago,San Francisco,7/19/2025 18:20,1757.05,2.27,35857.67,278.85,52.71,0
SHP006438,XPO Logistics,FTL,Road,Chicago,Miami,8/7/2025 12:01,1126.32,1.26,31784.85,30.83,187.72,0
SHP006439,DHL,0,Ocean,Miami,Boston,11/9/2025 17:01,7123.97,16.83,15125.06,96.04,1424.79,0
SHP006440,DHL,0,Ocean,Miami,Atlanta,6/6/2025 8:34,6624,15.27,14736.43,222.47,1324.8,0
SHP006441,Old Dominion,0,Air,Dallas,Miami,7/4/2025 1:03,2531.67,1.69,4040.49,455.73,253.17,0
SHP006442,Old Dominion,0,Ocean,New York,San Francisco,7/1/2025 7:30,3405.08,9.66,8573.78,448.81,681.02,0
SHP006443,C.H. Robinson,0,Ocean,San Francisco,New York,5/23/2025 15:06,2131.29,16.01,35290.22,18.42,426.26,0
SHP006444,C.H. Robinson,0,Air,New York,Atlanta,2/27/2025 12:12,2537.74,1.94,26490,186.83,253.77,0
SHP006445,DHL,0,Air,Tampa,Boston,12/18/2025 15:51,2177.89,1.39,1366.26,473.95,217.79,0
SHP006446,UPS,0,Air,Chicago,Dallas,1/19/2025 3:24,344.19,3.38,7180.93,196.72,34.42,0
SHP006447,Old Dominion,0,Air,Miami,San Francisco,9/1/2025 16:03,2520.73,1.22,34695.45,249.38,252.07,0
SHP006448,FedEx,0,Rail,Dallas,Tampa,9/2/2025 21:02,785.85,5.64,13984.89,174.3,23.58,0
SHP006449,FedEx,LTL,Road,Dallas,Boston,6/7/2025 23:37,893.56,2.03,2127.61,404.02,148.93,0
SHP006450,DHL,0,Rail,Dallas,Boston,9/3/2025 9:14,1488.59,4.48,21302.9,348.34,44.66,0
SHP006451,UPS,0,Ocean,Chicago,Boston,5/23/2025 19:18,4319.56,11.17,39798.32,74.67,863.91,0
SHP006452,UPS,LTL,Road,Miami,Atlanta,6/30/2025 19:39,731.64,5.34,6919.07,440.58,121.94,0
SHP006453,UPS,LTL,Road,San Francisco,Dallas,1/21/2025 7:04,436.78,1.81,8535.03,197.66,72.8,0
SHP006454,Schneider,0,Rail,Boston,San Francisco,2/18/2025 8:27,1335.49,2.03,30355.61,274.94,40.06,0
SHP006455,XPO Logistics,0,Air,New York,Tampa,12/1/2025 4:01,1025.25,2.23,28029.27,6.93,102.53,0
SHP006456,C.H. Robinson,0,Rail,Tampa,Dallas,11/5/2025 12:27,1219.95,4.79,9201.3,376.74,36.6,0
SHP006457,XPO Logistics,0,Air,Chicago,New York,10/21/2025 9:52,1119.34,1.47,19113.12,338.4,111.93,0
SHP006458,J.B. Hunt,0,Rail,Boston,Chicago,12/13/2025 23:56,1686.15,1.99,16160.49,34.43,50.58,0
SHP006459,Old Dominion,0,Rail,San Francisco,Dallas,5/5/2025 15:46,1413.68,4.13,28423.7,161.78,42.41,0
SHP006460,Schneider,0,Rail,San Francisco,Miami,10/9/2025 20:49,1550.91,4.74,37772.51,40.33,46.53,0
SHP006461,DHL,LTL,Road,Tampa,Boston,4/2/2025 14:30,641.42,4.66,6061.5,12.57,106.9,0
SHP006462,Schneider,FTL,Road,Dallas,Boston,3/23/2025 11:02,1168.19,1.97,10346.48,243.34,0,1752.29
SHP006463,DHL,0,Air,Dallas,New York,8/6/2025 14:39,1763.83,3.18,16034.31,220.54,176.38,0
SHP006464,Old Dominion,0,Air,San Francisco,Miami,12/26/2025 16:15,1744.39,1.88,36624.65,425.77,174.44,0
SHP006465,XPO Logistics,0,Rail,Miami,San Francisco,8/25/2025 22:31,927.96,1,36086.91,63.04,27.84,0
SHP006466,Old Dominion,0,Air,New York,Boston,3/29/2025 16:27,960.18,1.03,7602.72,401.64,96.02,0
SHP006467,C.H. Robinson,0,Rail,Boston,Dallas,5/12/2025 15:50,1127.2,7.69,9642.41,243.33,33.82,0
SHP006468,C.H. Robinson,LTL,Road,San Francisco,Tampa,12/27/2025 5:38,1174.04,5,7326.86,95.3,195.67,0
SHP006469,Schneider,0,Ocean,Atlanta,New York,5/25/2025 3:47,6270.54,9.65,21456.21,304.97,1254.11,0
SHP006470,DHL,0,Ocean,Dallas,Tampa,12/7/2025 16:03,5070.23,17.98,26637.23,35.12,1014.05,0
SHP006471,UPS,FTL,Road,Tampa,Dallas,1/5/2025 14:51,575.95,4.07,12191.72,157.22,0,863.93
SHP006472,DHL,LTL,Road,San Francisco,New York,5/8/2025 14:03,193.25,2.66,9870.28,143.37,32.21,0
SHP006473,C.H. Robinson,0,Ocean,Atlanta,Dallas,9/28/2025 3:18,4485.78,18.35,1033.14,450.32,897.16,0
SHP006474,XPO Logistics,0,Rail,Atlanta,Chicago,1/16/2025 2:37,818.48,7.08,2038.43,73.69,24.55,0
SHP006475,UPS,0,Air,Dallas,Tampa,12/5/2025 2:01,1170.83,1.71,33987.87,6.59,117.08,0
SHP006476,XPO Logistics,0,Air,San Francisco,Chicago,7/22/2025 14:53,2031,0.96,33017.02,389.51,203.1,0
SHP006477,Old Dominion,LTL,Road,Boston,Tampa,12/24/2025 22:04,624.91,1.47,6399.78,78.97,104.15,0
SHP006478,FedEx,0,Air,Dallas,Tampa,8/19/2025 11:26,813.06,2.69,39653.52,445.64,81.31,0
SHP006479,Old Dominion,0,Ocean,Dallas,Tampa,4/5/2025 3:45,4948.31,13.85,39936.2,274.15,989.66,0
SHP006480,FedEx,0,Rail,Boston,New York,5/1/2025 19:30,872.19,7.37,9750.28,49.67,26.17,0
SHP006481,C.H. Robinson,LTL,Road,New York,Miami,5/29/2025 18:10,779.2,0.8,3825.51,212.37,129.87,0
SHP006482,DHL,0,Rail,New York,Boston,10/10/2025 19:54,1076.06,7.94,9228.78,188.5,32.28,0
SHP006483,XPO Logistics,0,Rail,San Francisco,Tampa,1/1/2025 13:04,411.58,5.25,29243.09,241.56,12.35,0
SHP006484,C.H. Robinson,0,Ocean,Atlanta,Chicago,12/21/2025 18:27,2343.73,15.66,21796.73,86.42,468.75,0
SHP006485,FedEx,LTL,Road,Atlanta,Boston,5/19/2025 7:21,516.53,2.75,9828.78,424.79,0,774.79
SHP006486,FedEx,0,Air,Boston,Tampa,2/2/2025 17:45,2282.8,3.61,29551.63,451.8,228.28,0
SHP006487,UPS,FTL,Road,Atlanta,Tampa,6/11/2025 23:15,112.74,2.87,30002.48,292.06,0,169.11
SHP006488,XPO Logistics,FTL,Road,Miami,Tampa,3/19/2025 15:25,251.44,2.21,13052.09,131.41,41.91,0
SHP006489,FedEx,0,Air,Boston,Dallas,11/7/2025 13:26,1226.47,2.3,34267.33,371.27,122.65,0
SHP006490,Schneider,0,Air,San Francisco,Atlanta,6/20/2025 12:09,2555.17,3.59,16937.94,173.67,255.52,0
SHP006491,J.B. Hunt,0,Ocean,Atlanta,Tampa,5/20/2025 5:11,932.18,22.47,3100.01,370.83,186.44,0
SHP006492,J.B. Hunt,0,Ocean,San Francisco,Boston,1/30/2025 12:37,3335.81,22.87,17074.28,408.49,667.16,0
SHP006493,J.B. Hunt,0,Ocean,New York,Boston,9/9/2025 10:54,2619.91,8.58,24023.02,498.99,523.98,0
SHP006494,UPS,LTL,Road,Boston,Miami,3/1/2025 9:35,645.21,5.63,7894.56,398.14,107.54,0
SHP006495,Old Dominion,0,Ocean,Tampa,Dallas,10/12/2025 0:04,3769.7,10.5,8080.91,482.01,753.94,0
SHP006496,C.H. Robinson,0,Air,Atlanta,Dallas,1/22/2025 17:10,2890.36,3.11,12201.97,123.34,289.04,0
SHP006497,J.B. Hunt,0,Ocean,Miami,Boston,6/16/2025 1:16,7914.58,3.46,33820.79,178.37,1582.92,0
SHP006498,J.B. Hunt,0,Air,New York,Dallas,5/23/2025 23:08,1430.95,3.41,4078.82,177.73,143.09,0
SHP006499,FedEx,0,Rail,Miami,Dallas,11/19/2025 0:33,1723.24,5.89,30320.1,379,51.7,0
SHP006500,Old Dominion,0,Air,Tampa,New York,6/18/2025 3:14,463.54,1.21,19904.9,184.71,46.35,0
SHP006501,Old Dominion,0,Ocean,Chicago,San Francisco,9/19/2025 8:56,3581.84,19.19,1079.83,330.59,716.37,0
SHP006502,UPS,FTL,Road,Chicago,Dallas,10/16/2025 21:32,50.13,0.61,16627.3,420.63,0,75.2
SHP006503,UPS,0,Air,Chicago,Boston,1/3/2025 14:24,691.49,2.44,27300.96,115.54,69.15,0
SHP006504,J.B. Hunt,0,Ocean,Tampa,New York,8/8/2025 17:04,4342.48,22.05,20733.03,79.5,868.5,0
SHP006505,XPO Logistics,0,Rail,Miami,Chicago,10/23/2025 15:09,1204.5,5.15,1564.71,46.21,36.13,0
SHP006506,Schneider,0,Ocean,Miami,Dallas,2/23/2025 21:03,1675.86,5,10748.9,227.6,335.17,0
SHP006507,FedEx,0,Air,New York,Boston,8/24/2025 2:20,1303.63,3.62,24678.32,438.2,130.36,0
SHP006508,UPS,FTL,Road,Miami,Tampa,8/23/2025 11:48,656.1,0.77,18799.85,411.19,0,984.15
SHP006509,Schneider,LTL,Road,Boston,Dallas,4/2/2025 16:18,273.22,0.77,3394.93,195.06,45.54,0
SHP006510,C.H. Robinson,0,Air,Boston,Dallas,2/22/2025 16:40,1126.9,0.97,10408.17,341.46,112.69,0
SHP006511,Old Dominion,0,Ocean,Boston,Miami,1/24/2025 13:27,3394.46,15.92,21684,274.98,678.89,0
SHP006512,XPO Logistics,0,Rail,New York,Atlanta,3/23/2025 5:35,597.68,4.65,1431.99,216.44,17.93,0
SHP006513,DHL,0,Air,New York,Dallas,4/16/2025 0:40,1846.08,1.14,10634.06,110.55,184.61,0
SHP006514,XPO Logistics,FTL,Road,Chicago,San Francisco,7/6/2025 19:31,131.14,2.25,39169.15,177.59,21.86,0
SHP006515,FedEx,0,Rail,Miami,Boston,8/26/2025 8:50,936.86,5.57,26115.66,475,28.11,0
SHP006516,Old Dominion,LTL,Road,Tampa,Dallas,5/18/2025 9:44,1036.2,4.82,9523.53,116.15,172.7,0
SHP006517,DHL,0,Ocean,Tampa,New York,4/1/2025 21:49,5127.91,21.52,25153.46,488.73,1025.58,0
SHP006518,XPO Logistics,0,Air,Miami,Boston,3/8/2025 1:34,570.95,2.04,39105.83,190.4,57.1,0
SHP006519,FedEx,0,Ocean,New York,Miami,1/8/2025 17:34,6046.67,2.67,27946.07,467.38,1209.33,0
SHP006520,UPS,0,Rail,Atlanta,Dallas,12/3/2025 1:50,812.33,1.15,1602.44,446.12,24.37,0
SHP006521,C.H. Robinson,0,Ocean,Chicago,Miami,1/25/2025 23:41,5918.87,4.35,2656.32,402.61,1183.77,0
SHP006522,Schneider,0,Rail,Boston,Tampa,4/26/2025 11:59,1495.78,1.84,12410.06,390.23,44.87,0
SHP006523,C.H. Robinson,0,Air,New York,Dallas,3/5/2025 12:28,1718.61,3.85,19501.97,338.8,171.86,0
SHP006524,C.H. Robinson,FTL,Road,Miami,New York,7/27/2025 11:34,636.25,5.67,16247.03,115.67,106.04,0
SHP006525,Schneider,0,Rail,Miami,Boston,1/28/2025 4:49,722.61,6.97,20168.57,177.77,21.68,0
SHP006526,DHL,0,Rail,Miami,San Francisco,9/7/2025 6:59,1070.82,1.93,711.69,141.01,32.12,0
SHP006527,FedEx,LTL,Road,Chicago,Dallas,7/4/2025 1:51,745.76,4.34,8292.12,463.41,124.29,0
SHP006528,Old Dominion,0,Ocean,San Francisco,Tampa,11/10/2025 14:35,3590.84,18.29,3449.58,29.71,718.17,0
SHP006529,J.B. Hunt,0,Rail,Boston,Tampa,10/2/2025 6:40,399.68,4.14,8845.62,144.18,11.99,0
SHP006530,J.B. Hunt,LTL,Road,Tampa,Miami,7/19/2025 10:34,795.06,2.31,5640.11,206.79,0,1192.59
SHP006531,FedEx,0,Air,Dallas,Boston,12/31/2025 18:14,756.22,0.76,9831.14,29.79,75.62,0
SHP006532,C.H. Robinson,FTL,Road,Miami,Tampa,6/10/2025 20:45,761.4,4.83,13919.76,194.17,126.9,0
SHP006533,Schneider,FTL,Road,Tampa,San Francisco,12/16/2025 7:30,988.62,1.53,5206.83,251.06,164.77,0
SHP006534,Schneider,FTL,Road,San Francisco,Dallas,1/27/2025 20:53,793.12,3.7,28697.99,29.32,132.19,0
SHP006535,Old Dominion,0,Rail,Tampa,Dallas,8/29/2025 0:08,885.12,2.67,30485.29,436.49,26.55,0
SHP006536,FedEx,LTL,Road,Boston,Dallas,2/28/2025 6:00,373.54,0.8,2646.27,52.9,62.26,0
SHP006537,Schneider,0,Air,Tampa,Boston,3/2/2025 19:34,1170.54,2.38,38960.4,200.29,117.05,0
SHP006538,FedEx,0,Ocean,Atlanta,Chicago,9/4/2025 6:57,2150.3,5.67,7335.07,97.11,430.06,0
SHP006539,DHL,0,Air,Chicago,San Francisco,6/7/2025 0:24,2358.12,0.71,39897.41,261.82,235.81,0
SHP006540,Schneider,0,Rail,Atlanta,Boston,1/2/2025 14:10,1070.84,3.5,27765.09,236.26,32.13,0
SHP006541,DHL,0,Air,Dallas,New York,1/7/2025 11:44,1188.47,1.43,37063.22,146.2,118.85,0
SHP006542,XPO Logistics,0,Air,New York,Dallas,7/9/2025 1:07,1478.26,1.73,3904.06,93.78,147.83,0
SHP006543,Old Dominion,0,Air,Chicago,Dallas,8/28/2025 2:05,811.66,2.93,16560.12,391.2,81.17,0
SHP006544,UPS,0,Ocean,Atlanta,Tampa,7/5/2025 3:13,5817.13,6.23,22735.22,371.71,1163.43,0
SHP006545,UPS,0,Air,New York,Atlanta,1/13/2025 11:47,2009.22,2.6,29714.63,29.33,200.92,0
SHP006546,FedEx,0,Air,New York,Chicago,1/12/2025 22:59,2274.84,1.45,23088.95,121.91,227.48,0
SHP006547,Schneider,0,Ocean,San Francisco,Miami,1/22/2025 8:47,6791.13,12.57,25896.18,397.25,1358.23,0
SHP006548,DHL,FTL,Road,Miami,San Francisco,4/19/2025 6:51,1079.61,4.46,6376.36,427.41,179.93,0
SHP006549,C.H. Robinson,0,Ocean,Miami,Atlanta,11/16/2025 4:50,5139.33,15.41,36892.95,125.17,1027.87,0
SHP006550,XPO Logistics,0,Air,Boston,New York,9/19/2025 14:53,946.89,2.3,30159.09,224.17,94.69,0
SHP006551,FedEx,LTL,Road,Atlanta,New York,11/5/2025 1:24,778.98,2.85,6162.31,411.31,129.83,0
SHP006552,UPS,0,Air,Miami,New York,7/30/2025 1:28,787.29,2.93,31603.32,224.11,78.73,0
SHP006553,XPO Logistics,0,Rail,San Francisco,Boston,3/5/2025 6:30,717.17,1.09,31985.65,164.64,21.52,0
SHP006554,UPS,0,Air,New York,Chicago,11/27/2025 10:34,1264.74,1.68,20200.2,351.55,126.47,0
SHP006555,XPO Logistics,0,Rail,Miami,Dallas,10/24/2025 9:55,1434.98,3.75,26692.53,360.62,43.05,0
SHP006556,XPO Logistics,0,Ocean,San Francisco,New York,8/7/2025 11:43,2726.88,4.13,35839.3,338.88,545.38,0
SHP006557,UPS,FTL,Road,Atlanta,Miami,5/24/2025 11:26,795.33,0.59,32805.99,283.46,132.56,0
SHP006558,UPS,0,Air,Tampa,Boston,10/6/2025 18:20,2589.29,3.91,38305.46,428.19,258.93,0
SHP006559,UPS,0,Air,Miami,Atlanta,4/30/2025 20:59,329.56,3.6,3464.96,425.75,32.96,0
SHP006560,FedEx,0,Ocean,Boston,Dallas,4/27/2025 7:43,2601.31,15.42,2003.7,385.82,520.26,0
SHP006561,XPO Logistics,0,Rail,Dallas,Tampa,5/24/2025 4:51,378.73,3.87,32789.12,347.98,11.36,0
SHP006562,XPO Logistics,0,Rail,Dallas,Miami,9/23/2025 16:40,209.67,3.82,2156.14,337.08,6.29,0
SHP006563,DHL,FTL,Road,Tampa,Boston,1/14/2025 19:46,1164.29,4.02,9362.71,178.26,0,1746.43
SHP006564,J.B. Hunt,0,Ocean,Tampa,Dallas,1/3/2025 0:49,7824.88,6.93,22680.4,200.83,1564.98,0
SHP006565,Old Dominion,0,Rail,Miami,Dallas,8/8/2025 16:19,1429.3,7.07,13963.07,330.54,42.88,0
SHP006566,Old Dominion,FTL,Road,Chicago,San Francisco,3/24/2025 14:20,681.4,1.85,11241.66,269.78,0,1022.1
SHP006567,Schneider,0,Ocean,Miami,New York,7/31/2025 16:01,1655.02,19.84,3225.69,48.19,331,0
SHP006568,DHL,0,Rail,Boston,New York,9/29/2025 1:53,747.56,1.83,19290.15,200.44,22.43,0
SHP006569,FedEx,0,Rail,Dallas,Boston,1/23/2025 18:29,1354.9,7.67,30265.56,90.54,40.65,0
SHP006570,Schneider,LTL,Road,San Francisco,Dallas,11/20/2025 21:29,1125.85,2.5,4820.77,211.37,187.64,0
SHP006571,C.H. Robinson,FTL,Road,Chicago,Tampa,9/17/2025 21:40,372.63,5.4,13623.44,289.72,0,558.94
SHP006572,UPS,0,Rail,Miami,Dallas,9/28/2025 21:11,584.05,6.58,31080.85,148.86,17.52,0
SHP006573,C.H. Robinson,0,Ocean,Miami,Tampa,1/8/2025 12:49,5611.66,17.49,22719.2,300.7,1122.33,0
SHP006574,J.B. Hunt,LTL,Road,Boston,San Francisco,3/25/2025 11:10,710.62,0.72,6752.11,235.42,0,1065.93
SHP006575,UPS,0,Ocean,Atlanta,San Francisco,1/12/2025 13:34,3788.43,20.92,1417.46,126.41,757.69,0
SHP006576,Old Dominion,0,Ocean,Chicago,New York,11/20/2025 9:06,1410.53,2.78,11389.24,494.25,282.11,0
SHP006577,FedEx,0,Ocean,Tampa,Chicago,3/5/2025 1:35,2526.72,16.6,5172.81,301.32,505.34,0
SHP006578,Schneider,0,Rail,San Francisco,Atlanta,1/3/2025 19:34,1775.17,3.04,33998.99,498.79,53.26,0
SHP006579,FedEx,0,Air,San Francisco,Atlanta,8/22/2025 17:36,1889.1,1.58,27104.48,422.58,188.91,0
SHP006580,Schneider,0,Air,Dallas,New York,5/11/2025 13:57,762.65,2.08,13107.91,142.4,76.27,0
SHP006581,FedEx,0,Ocean,Boston,Atlanta,11/21/2025 4:24,6956.16,11.28,13893.52,302.15,1391.23,0
SHP006582,FedEx,0,Rail,New York,Chicago,2/5/2025 21:32,551.04,2.61,21051.4,205.23,16.53,0
SHP006583,Schneider,0,Ocean,Miami,Atlanta,8/1/2025 9:03,2712.37,3.19,21070.58,408.49,542.47,0
SHP006584,Old Dominion,0,Ocean,San Francisco,New York,11/24/2025 0:33,6885.33,7.18,24185.83,428.08,1377.07,0
SHP006585,XPO Logistics,LTL,Road,Boston,San Francisco,11/25/2025 10:45,520.03,5.61,9044.34,104.86,0,780.04
SHP006586,Old Dominion,0,Ocean,New York,Chicago,8/3/2025 23:56,2442.24,5.97,8244.15,454.02,488.45,0
SHP006587,UPS,FTL,Road,New York,Dallas,6/13/2025 15:34,1120.81,0.55,23947.33,282.55,186.8,0
SHP006588,DHL,0,Rail,Boston,New York,2/9/2025 9:52,824.88,5.42,37921.03,85.96,24.75,0
SHP006589,J.B. Hunt,FTL,Road,Atlanta,Dallas,5/19/2025 15:38,188.47,0.44,14871.42,169.48,31.41,0
SHP006590,DHL,0,Air,Dallas,New York,2/26/2025 15:34,1463.21,2.26,30434.05,196.66,146.32,0
SHP006591,Old Dominion,0,Ocean,Dallas,Miami,1/20/2025 11:41,2979.6,20.19,34066.97,117.15,595.92,0
SHP006592,FedEx,0,Ocean,Miami,New York,1/17/2025 16:19,2860.04,20.15,3636.63,163.6,572.01,0
SHP006593,FedEx,0,Ocean,San Francisco,Miami,7/25/2025 8:57,3862.63,6.12,7606.61,213.01,772.53,0
SHP006594,Old Dominion,FTL,Road,Boston,Dallas,7/17/2025 4:07,917.7,5.08,39179.79,37.92,152.95,0
SHP006595,Schneider,0,Air,Miami,Chicago,11/20/2025 4:20,885.04,3.15,21853.65,164.51,88.5,0
SHP006596,C.H. Robinson,0,Air,Chicago,Dallas,6/21/2025 17:50,855.09,1.48,17456.91,89.4,85.51,0
SHP006597,FedEx,0,Ocean,Boston,New York,11/9/2025 5:36,7731.69,4.37,39430.31,421.1,1546.34,0
SHP006598,J.B. Hunt,0,Ocean,Chicago,New York,8/4/2025 15:39,3673.64,18.28,27024.85,107.43,734.73,0
SHP006599,DHL,FTL,Road,Tampa,New York,5/14/2025 3:14,439.93,3.2,25694.85,271.9,73.32,0
SHP006600,XPO Logistics,0,Ocean,Dallas,Atlanta,7/28/2025 21:34,4047.41,11.75,20181.45,217.74,809.48,0
SHP006601,C.H. Robinson,0,Rail,Chicago,Boston,4/14/2025 17:42,1066.13,7.22,25496.76,361.59,31.98,0
SHP006602,C.H. Robinson,0,Rail,Chicago,Dallas,11/28/2025 8:27,1155.97,5.5,23344.82,14.41,34.68,0
SHP006603,Schneider,0,Rail,Miami,Dallas,2/14/2025 1:14,1799.36,1.24,16108.35,53.45,53.98,0
SHP006604,FedEx,0,Ocean,Atlanta,Dallas,5/18/2025 20:35,1226.96,19.46,17324.07,400.77,245.39,0
SHP006605,J.B. Hunt,0,Air,Dallas,San Francisco,11/30/2025 2:45,1036.52,1.4,10423.64,308.46,103.65,0
SHP006606,Schneider,0,Rail,Miami,New York,9/4/2025 7:40,1504,4.17,15480.33,486.82,45.12,0
SHP006607,J.B. Hunt,FTL,Road,Tampa,New York,3/18/2025 13:26,184.27,3.05,16635.27,49.97,30.71,0
SHP006608,FedEx,0,Ocean,Tampa,Atlanta,8/11/2025 2:18,2511.5,2.63,35139.69,304.32,502.3,0
SHP006609,Schneider,LTL,Road,Tampa,Atlanta,7/20/2025 11:53,987.27,3.25,6055.17,350.73,0,1480.9
SHP006610,UPS,0,Air,Atlanta,Chicago,5/8/2025 1:03,2751.63,0.82,13572.46,354.8,275.16,0
SHP006611,Old Dominion,0,Ocean,San Francisco,Boston,7/24/2025 4:41,7687.63,23.58,25705.07,97.61,1537.53,0
SHP006612,DHL,0,Air,Chicago,Boston,1/3/2025 20:20,621.86,3.81,17640.14,98.21,62.19,0
SHP006613,Old Dominion,0,Rail,Atlanta,Miami,12/12/2025 17:36,1694.23,1.73,29318.06,313.01,50.83,0
SHP006614,C.H. Robinson,0,Rail,Tampa,San Francisco,4/12/2025 5:06,340.38,3.37,6422.26,302.64,10.21,0
SHP006615,UPS,0,Ocean,Atlanta,Boston,7/24/2025 18:56,4078.35,2.09,39040.57,175.44,815.67,0
SHP006616,UPS,FTL,Road,Tampa,Miami,12/8/2025 12:48,346.94,1.53,6773.23,499.57,57.82,0
SHP006617,DHL,FTL,Road,New York,Chicago,5/10/2025 0:40,389.38,2.58,34918.56,321.3,64.9,0
SHP006618,DHL,0,Air,Tampa,New York,7/28/2025 8:11,1295.47,3.64,30114.11,114.72,129.55,0
SHP006619,J.B. Hunt,0,Ocean,Miami,Boston,5/12/2025 7:19,5328.04,22.29,20110.2,367.07,1065.61,0
SHP006620,Schneider,0,Ocean,Atlanta,New York,8/9/2025 21:43,7783.28,17.19,4546.33,123.04,1556.66,0
SHP006621,J.B. Hunt,FTL,Road,Dallas,Chicago,9/9/2025 21:54,734.36,1.83,38322.9,203.27,122.39,0
SHP006622,Schneider,LTL,Road,Miami,Tampa,7/11/2025 22:36,575.81,4.28,5313.86,191.69,0,863.71
SHP006623,Old Dominion,0,Rail,Boston,Chicago,7/3/2025 19:40,322.62,5.18,34769.41,343.2,9.68,0
SHP006624,Schneider,0,Air,Chicago,Tampa,5/14/2025 23:04,1330.04,0.95,32745.36,470.93,133,0
SHP006625,DHL,0,Air,Chicago,Boston,9/29/2025 23:50,1348.34,3.05,16725.16,251.63,134.83,0
SHP006626,J.B. Hunt,0,Rail,Tampa,Boston,2/20/2025 12:59,1538.36,1.58,21448.25,108.1,46.15,0
SHP006627,Old Dominion,0,Rail,Tampa,Miami,5/7/2025 20:08,743.69,5.51,1575.52,297.32,22.31,0
SHP006628,XPO Logistics,0,Ocean,San Francisco,Chicago,11/26/2025 9:14,2625.82,16.73,6092.46,368.17,525.16,0
SHP006629,C.H. Robinson,0,Rail,San Francisco,Chicago,12/14/2025 14:33,1233.02,7.8,36493.8,142.37,36.99,0
SHP006630,Old Dominion,0,Ocean,San Francisco,Miami,1/28/2025 9:54,704.87,16.42,24314.05,14.69,140.97,0
SHP006631,C.H. Robinson,0,Ocean,Chicago,Dallas,11/22/2025 20:48,1420.08,14.86,36517.18,453.34,284.02,0
SHP006632,J.B. Hunt,0,Air,Boston,New York,9/19/2025 6:42,709.01,1.85,2206.51,235.17,70.9,0
SHP006633,FedEx,LTL,Road,Miami,Dallas,12/4/2025 2:01,916.05,4.79,5065.05,48.84,152.67,0
SHP006634,DHL,0,Ocean,San Francisco,Chicago,3/30/2025 19:32,3360.23,22.51,9569.7,160.56,672.05,0
SHP006635,UPS,0,Rail,New York,San Francisco,11/22/2025 8:08,1394.92,6.14,36531.99,194.67,41.85,0
SHP006636,Old Dominion,0,Rail,Chicago,San Francisco,7/2/2025 16:22,1023.36,4.27,37146.21,384.9,30.7,0
SHP006637,Schneider,LTL,Road,San Francisco,Atlanta,1/1/2025 10:41,1006.16,1.02,7949.69,217.06,167.69,0
SHP006638,XPO Logistics,0,Ocean,New York,Dallas,9/28/2025 23:16,675.04,3.32,27277.36,186.63,135.01,0
SHP006639,DHL,0,Air,Atlanta,Dallas,6/29/2025 3:41,2643.91,3.07,1356.36,343.76,264.39,0
SHP006640,Old Dominion,0,Rail,San Francisco,New York,5/16/2025 8:03,507.76,3.96,25177.04,436.49,15.23,0
SHP006641,Schneider,LTL,Road,Miami,Boston,2/6/2025 23:15,574.51,4.9,7862.21,207.85,95.75,0
SHP006642,J.B. Hunt,0,Air,Dallas,Chicago,8/19/2025 17:47,1652.65,2.95,1730.36,445.51,165.27,0
SHP006643,UPS,0,Air,Tampa,Miami,8/30/2025 6:44,2378.5,1.37,39256.61,90.52,237.85,0
SHP006644,UPS,0,Rail,Chicago,Tampa,11/23/2025 3:50,1662.54,3.27,30644.3,228.73,49.88,0
SHP006645,UPS,0,Rail,Miami,Chicago,11/23/2025 4:06,1378.35,2.09,11145.51,50.83,41.35,0
SHP006646,XPO Logistics,0,Air,San Francisco,Chicago,9/11/2025 17:32,2635.89,1.54,27931.81,410.29,263.59,0
SHP006647,FedEx,0,Ocean,Boston,Tampa,9/7/2025 1:23,7260.64,4.34,35774.09,99.43,1452.13,0
SHP006648,FedEx,0,Ocean,Tampa,Atlanta,7/9/2025 20:46,6026.77,18.03,835.87,111.09,1205.35,0
SHP006649,Old Dominion,0,Ocean,Chicago,San Francisco,12/9/2025 6:11,4189.31,11.24,36783.65,180.51,837.86,0
SHP006650,C.H. Robinson,0,Ocean,Chicago,Dallas,12/3/2025 6:08,7527.38,12.11,38591.94,368.94,1505.48,0
SHP006651,FedEx,0,Air,Boston,New York,1/2/2025 15:38,2539.2,0.87,23652.59,72.21,253.92,0
SHP006652,XPO Logistics,0,Air,Boston,Tampa,9/4/2025 16:39,1103.58,2.68,29185.92,20.55,110.36,0
SHP006653,XPO Logistics,0,Ocean,Boston,Dallas,12/6/2025 10:10,4482.08,14.44,3613.71,250.84,896.42,0
SHP006654,J.B. Hunt,0,Ocean,Dallas,San Francisco,10/17/2025 3:51,5853.82,3.17,30530.58,288.64,1170.76,0
SHP006655,XPO Logistics,0,Air,San Francisco,Chicago,2/25/2025 21:51,2549.71,1.26,33414.31,48.19,254.97,0
SHP006656,DHL,0,Air,Boston,Atlanta,10/19/2025 4:33,1390.34,1.2,35102.82,352.75,139.03,0
SHP006657,C.H. Robinson,0,Ocean,Chicago,Miami,11/6/2025 0:06,690.21,2.21,12004.35,72.5,138.04,0
SHP006658,Schneider,0,Air,New York,Dallas,11/5/2025 23:36,2001.82,2.82,37707.06,476.07,200.18,0
SHP006659,Old Dominion,0,Rail,Boston,Chicago,8/17/2025 17:53,1254.23,1.04,14680.42,257.06,37.63,0
SHP006660,Old Dominion,FTL,Road,Atlanta,Miami,4/15/2025 2:41,624.06,3.72,38441.78,442.71,104.01,0
SHP006661,J.B. Hunt,0,Rail,New York,Boston,12/7/2025 6:41,374.25,2.86,33407.82,412.33,11.23,0
SHP006662,C.H. Robinson,0,Ocean,Atlanta,Dallas,2/2/2025 19:53,2565.28,18.07,27045.48,237.29,513.06,0
SHP006663,FedEx,FTL,Road,Miami,Chicago,3/14/2025 3:51,281.67,5.36,27275.12,85.33,46.95,0
SHP006664,Schneider,LTL,Road,Chicago,San Francisco,6/7/2025 21:39,860.52,4.51,8885.77,112.2,143.42,0
SHP006665,DHL,0,Ocean,Tampa,Boston,1/3/2025 11:07,7915.66,5.37,24227.21,328.93,1583.13,0
SHP006666,C.H. Robinson,0,Air,Dallas,Atlanta,11/30/2025 1:55,1431.17,2.16,35690.95,322.99,143.12,0
SHP006667,XPO Logistics,0,Rail,New York,Atlanta,12/25/2025 0:21,995.2,1.9,789.84,63.36,29.86,0
SHP006668,Old Dominion,0,Ocean,Miami,San Francisco,4/17/2025 5:46,7671.38,18.81,38701.09,18.82,1534.28,0
SHP006669,DHL,0,Rail,Boston,Chicago,12/12/2025 12:49,1288.35,1.31,31391.23,191.09,38.65,0
SHP006670,Schneider,0,Rail,Miami,San Francisco,12/13/2025 19:30,353.22,4.98,11564.75,330.13,10.6,0
SHP006671,J.B. Hunt,0,Rail,New York,Tampa,6/28/2025 5:42,1253.08,5.94,39702.37,193.96,37.59,0
SHP006672,Schneider,0,Rail,Boston,New York,12/3/2025 0:28,944.5,6.63,23345.62,19.59,28.33,0
SHP006673,J.B. Hunt,0,Ocean,Dallas,Miami,2/19/2025 9:55,6823.09,3.13,7247.4,51.94,1364.62,0
SHP006674,C.H. Robinson,0,Air,San Francisco,Boston,2/28/2025 18:45,510.4,0.59,2673.59,221.78,51.04,0
SHP006675,DHL,0,Air,Atlanta,Miami,10/22/2025 20:24,982.7,0.94,26518.87,113.83,98.27,0
SHP006676,DHL,0,Air,Dallas,Atlanta,5/23/2025 0:36,351.16,1.96,12762.1,159.98,35.12,0
SHP006677,XPO Logistics,0,Ocean,Boston,Atlanta,2/8/2025 11:28,3839.53,16.72,24850.93,468.69,767.91,0
SHP006678,Schneider,0,Ocean,Atlanta,Tampa,11/28/2025 14:03,4382.87,12.4,8929.87,377.94,876.57,0
SHP006679,UPS,LTL,Road,Atlanta,Tampa,3/2/2025 0:12,211.89,3.07,4300.02,329.49,35.31,0
SHP006680,UPS,0,Ocean,Boston,New York,1/10/2025 15:22,7382.16,22.83,7128.07,131.65,1476.43,0
SHP006681,UPS,0,Air,San Francisco,Boston,7/11/2025 13:27,2491.42,2.31,18394.87,355.6,249.14,0
SHP006682,FedEx,0,Ocean,Miami,Atlanta,8/24/2025 21:24,5014.44,23.36,23567,233.52,1002.89,0
SHP006683,UPS,FTL,Road,Tampa,Miami,5/20/2025 0:49,674.24,4.9,24700.66,323.88,112.37,0
SHP006684,J.B. Hunt,LTL,Road,Miami,Atlanta,8/21/2025 12:44,1167.15,3.81,3895.81,345.97,194.53,0
SHP006685,Old Dominion,0,Ocean,Atlanta,Dallas,11/25/2025 12:23,5445.95,2.3,18959.51,371.71,1089.19,0
SHP006686,J.B. Hunt,0,Rail,Chicago,Atlanta,11/26/2025 15:30,998.47,6.46,18309.91,491.68,29.95,0
SHP006687,DHL,LTL,Road,Atlanta,Tampa,6/16/2025 19:01,386.83,0.78,4385.62,271.31,64.47,0
SHP006688,C.H. Robinson,0,Rail,Dallas,Tampa,11/10/2025 9:57,758.55,2.7,27046.32,189.19,22.76,0
SHP006689,FedEx,0,Rail,New York,Dallas,12/26/2025 15:40,1210.19,6.45,30559.6,188.28,36.31,0
SHP006690,Old Dominion,0,Ocean,New York,Boston,7/12/2025 10:14,4759.24,11.89,34896.81,439.5,951.85,0
SHP006691,FedEx,0,Rail,Tampa,Dallas,4/15/2025 9:10,749.99,1.64,7119.51,184.13,22.5,0
SHP006692,XPO Logistics,0,Ocean,New York,Miami,8/2/2025 4:37,4731.87,16.45,13589.16,334.08,946.37,0
SHP006693,FedEx,FTL,Road,New York,Dallas,9/3/2025 3:54,1128.4,4,6763.33,290.25,188.07,0
SHP006694,XPO Logistics,0,Ocean,Miami,Tampa,7/23/2025 19:03,4564.22,21.16,14336.97,212.05,912.84,0
SHP006695,J.B. Hunt,0,Ocean,Boston,Tampa,6/19/2025 18:03,4989.94,13.54,28901.16,21.15,997.99,0
SHP006696,Old Dominion,LTL,Road,Boston,Atlanta,11/24/2025 21:30,698.04,0.95,3254.81,331.15,116.34,0
SHP006697,C.H. Robinson,0,Ocean,Dallas,Tampa,11/1/2025 18:18,1680.61,8.79,28268.76,325.75,336.12,0
SHP006698,FedEx,0,Ocean,Tampa,Atlanta,11/15/2025 12:43,1182.8,14.7,6316.55,126.88,236.56,0
SHP006699,DHL,0,Ocean,San Francisco,Atlanta,8/4/2025 2:55,3944.08,4.41,39749.06,83.52,788.82,0
SHP006700,Old Dominion,0,Rail,Dallas,Tampa,9/20/2025 21:48,1450.1,6.81,39781.33,214.9,43.5,0
SHP006701,DHL,0,Air,Boston,Dallas,10/16/2025 17:32,2660.06,3.85,7329.32,240.24,266.01,0
SHP006702,C.H. Robinson,0,Air,Dallas,San Francisco,6/28/2025 19:25,462.03,2.67,23465.54,102.86,46.2,0
SHP006703,XPO Logistics,0,Ocean,Chicago,San Francisco,5/10/2025 16:11,6484.27,2.82,32345.98,14.3,1296.85,0
SHP006704,Schneider,LTL,Road,Boston,Tampa,5/12/2025 15:52,805.35,0.7,2624.57,361.23,134.22,0
SHP006705,Old Dominion,0,Air,Tampa,New York,4/10/2025 6:24,1057.09,2.29,36652.31,25.77,105.71,0
SHP006706,UPS,0,Rail,New York,Tampa,6/17/2025 12:28,1497.73,1.46,5508.4,60.54,44.93,0
SHP006707,J.B. Hunt,0,Air,Tampa,Atlanta,3/23/2025 17:11,2984.08,1.13,35922.09,495.48,298.41,0
SHP006708,XPO Logistics,0,Ocean,San Francisco,Atlanta,11/25/2025 3:41,3378.39,15.88,31274.1,196.93,675.68,0
SHP006709,J.B. Hunt,0,Ocean,New York,San Francisco,6/16/2025 1:36,1713.61,11.54,30989.56,390.6,342.72,0
SHP006710,C.H. Robinson,0,Rail,Dallas,Miami,2/24/2025 11:58,568.86,2.22,36862.15,22.96,17.07,0
SHP006711,UPS,0,Rail,Boston,San Francisco,2/13/2025 7:07,1375.58,1.32,33597.05,452.8,41.27,0
SHP006712,C.H. Robinson,0,Air,New York,Atlanta,2/8/2025 22:15,1103.03,0.76,19487.04,149.93,110.3,0
SHP006713,J.B. Hunt,LTL,Road,San Francisco,Dallas,6/5/2025 13:46,529.71,4.07,2216.79,179.12,88.29,0
SHP006714,UPS,0,Air,San Francisco,Tampa,6/27/2025 21:51,2412.92,2.75,13387.88,332.49,241.29,0
SHP006715,DHL,0,Air,New York,Atlanta,4/25/2025 19:16,2366.34,2.57,9960.12,1.12,236.63,0
SHP006716,DHL,0,Ocean,New York,Boston,12/27/2025 20:04,6521.37,20.1,28055.38,39.21,1304.27,0
SHP006717,C.H. Robinson,0,Ocean,Tampa,New York,11/16/2025 16:54,4889.17,20.06,15891.9,99.8,977.83,0
SHP006718,C.H. Robinson,FTL,Road,New York,Boston,2/11/2025 13:57,725.77,5,2430.36,298.88,120.96,0
SHP006719,DHL,0,Ocean,New York,Tampa,9/2/2025 14:43,5323.8,15.25,26176.33,316.06,1064.76,0
SHP006720,FedEx,0,Air,Chicago,Tampa,7/29/2025 15:03,652.09,1.32,24950.26,9.83,65.21,0
SHP006721,FedEx,0,Air,Atlanta,San Francisco,3/20/2025 8:43,2013.81,2.83,9947.4,299.47,201.38,0
SHP006722,Schneider,0,Air,Boston,Dallas,12/31/2025 21:37,1742.04,1.41,18787.47,454.9,174.2,0
SHP006723,FedEx,0,Ocean,Chicago,Dallas,1/4/2025 1:14,3699.52,15.86,1896.36,39.82,739.9,0
SHP006724,C.H. Robinson,0,Rail,New York,Dallas,2/3/2025 23:50,330.09,6.45,14335.15,114.58,9.9,0
SHP006725,DHL,FTL,Road,Atlanta,San Francisco,8/11/2025 5:49,909.42,1.23,10236.45,216.03,151.57,0
SHP006726,UPS,0,Air,San Francisco,Miami,8/28/2025 13:16,1194.88,2.55,13844.7,197.08,119.49,0
SHP006727,Schneider,0,Air,Atlanta,Boston,9/17/2025 6:11,2629.79,3.6,33194.59,432.55,262.98,0
SHP006728,J.B. Hunt,LTL,Road,New York,Tampa,7/26/2025 7:13,705.19,3.97,5638.16,393.01,0,1057.79
SHP006729,Old Dominion,0,Rail,Chicago,San Francisco,9/6/2025 22:48,1081.6,1.78,32478.41,380.53,32.45,0
SHP006730,XPO Logistics,FTL,Road,San Francisco,Boston,8/5/2025 16:11,993.35,1.34,11228.87,148.58,165.56,0
SHP006731,J.B. Hunt,0,Air,Atlanta,Chicago,4/12/2025 22:17,1671.82,0.97,15722.58,91.9,167.18,0
SHP006732,UPS,0,Rail,New York,Chicago,9/25/2025 20:00,623.62,5.94,34265.04,12.43,18.71,0
SHP006733,Schneider,FTL,Road,Atlanta,Dallas,5/22/2025 3:43,700.78,0.46,3867.35,352.84,116.8,0
SHP006734,XPO Logistics,LTL,Road,Atlanta,Chicago,5/8/2025 5:57,895.95,4.93,4821.28,430.04,149.33,0
SHP006735,Old Dominion,0,Ocean,Atlanta,Tampa,9/16/2025 6:39,1751.29,7.49,5812.83,398.97,350.26,0
SHP006736,Schneider,0,Rail,New York,San Francisco,6/13/2025 5:52,565.88,2.09,25112.87,39.46,16.98,0
SHP006737,DHL,0,Rail,Dallas,New York,5/23/2025 7:16,271.84,1.75,509.51,348.8,8.16,0
SHP006738,C.H. Robinson,LTL,Road,Atlanta,Boston,10/22/2025 13:20,696.57,1.46,2445.1,405.67,116.1,0
SHP006739,FedEx,0,Rail,Tampa,San Francisco,4/12/2025 7:23,1002.91,5.89,18383.84,119.62,30.09,0
SHP006740,FedEx,FTL,Road,San Francisco,Boston,6/16/2025 23:33,1165.96,3.5,5673.79,203.64,194.33,0
SHP006741,DHL,0,Air,Chicago,Atlanta,5/30/2025 1:30,1189.21,1.25,37370.88,440.58,118.92,0
SHP006742,DHL,0,Ocean,Chicago,Dallas,6/27/2025 16:28,1993.6,9.75,30611.46,105.04,398.72,0
SHP006743,Schneider,0,Rail,Boston,Tampa,8/8/2025 5:40,1146.5,5.9,26331.91,353.5,34.39,0
SHP006744,Schneider,0,Ocean,Dallas,San Francisco,1/10/2025 16:03,5800.25,23.23,14186.71,439.42,1160.05,0
SHP006745,DHL,0,Air,Chicago,Boston,12/13/2025 4:26,358.88,1.51,2421.9,325.95,35.89,0
SHP006746,FedEx,0,Rail,New York,San Francisco,8/24/2025 11:54,361.26,6.92,26040.37,15.38,10.84,0
SHP006747,FedEx,LTL,Road,Atlanta,New York,11/22/2025 14:47,871.99,5.21,6662.04,16.23,145.33,0
SHP006748,Old Dominion,0,Rail,San Francisco,Boston,2/18/2025 9:59,1572.67,6.13,15448.83,164.99,47.18,0
SHP006749,C.H. Robinson,0,Ocean,Atlanta,Boston,7/14/2025 22:34,4098.65,21.08,10456.34,51.38,819.73,0
SHP006750,Old Dominion,0,Rail,Boston,Tampa,5/2/2025 14:37,1583.42,1.18,36484.38,153.57,47.5,0
SHP006751,UPS,LTL,Road,Atlanta,New York,10/4/2025 18:35,634.46,1.01,9037.21,375.17,105.74,0
SHP006752,C.H. Robinson,0,Rail,Chicago,Miami,4/25/2025 21:55,1678.65,5.78,7795.4,154.83,50.36,0
SHP006753,Old Dominion,0,Air,Boston,Atlanta,7/6/2025 6:48,1614.49,2.63,37095.15,192.59,161.45,0
SHP006754,DHL,0,Ocean,San Francisco,Boston,5/28/2025 10:07,5773.04,23.14,6518.78,431.49,1154.61,0
SHP006755,XPO Logistics,0,Air,Miami,New York,3/28/2025 4:00,1435.91,3.06,12094.76,167.66,143.59,0
SHP006756,DHL,0,Air,Miami,Boston,5/12/2025 21:17,373.26,3.9,32631.38,47.87,37.33,0
SHP006757,UPS,0,Ocean,New York,Chicago,9/23/2025 1:28,7996.32,15.31,34222.28,34.26,1599.26,0
SHP006758,XPO Logistics,0,Ocean,Tampa,Miami,8/10/2025 18:37,3420.88,16.73,4704.13,244.96,684.18,0
SHP006759,XPO Logistics,0,Air,Atlanta,Tampa,1/19/2025 12:42,1495.23,1.26,12360.66,483.59,149.52,0
SHP006760,C.H. Robinson,0,Rail,Chicago,Tampa,7/15/2025 4:37,661.84,2.49,21680.26,335.81,19.86,0
SHP006761,UPS,FTL,Road,Chicago,San Francisco,12/25/2025 15:50,883.86,4.59,1954.88,197.49,147.31,0
SHP006762,Schneider,LTL,Road,Miami,Atlanta,1/7/2025 11:24,940.05,5.45,6081.67,27.1,0,1410.07
SHP006763,C.H. Robinson,0,Ocean,Chicago,Dallas,11/17/2025 1:43,3474.84,3.63,30067.25,32.69,694.97,0
SHP006764,FedEx,0,Air,New York,Chicago,4/20/2025 10:10,801.47,1.96,18774.61,203.83,80.15,0
SHP006765,FedEx,0,Ocean,Tampa,Atlanta,2/5/2025 2:56,3975.47,17.69,15086.12,274.33,795.09,0
SHP006766,XPO Logistics,0,Ocean,New York,Dallas,11/2/2025 23:11,2775.27,9.78,24745.06,245.76,555.05,0
SHP006767,Schneider,0,Ocean,Tampa,Chicago,7/31/2025 16:01,5922.77,14.33,32241.18,222.26,1184.55,0
SHP006768,Old Dominion,0,Air,San Francisco,Boston,5/20/2025 6:51,1625.79,2.84,9239.14,193.58,162.58,0
SHP006769,Old Dominion,0,Rail,New York,Boston,4/12/2025 5:27,1199.75,1.2,17760.37,299.83,35.99,0
SHP006770,UPS,0,Ocean,Miami,New York,10/14/2025 7:49,7755.32,21.29,11589.31,254.1,1551.06,0
SHP006771,FedEx,LTL,Road,San Francisco,New York,6/2/2025 22:15,114.88,1.63,7782.33,62.53,19.15,0
SHP006772,J.B. Hunt,0,Ocean,Boston,Chicago,7/12/2025 16:45,2432.68,22.77,33042.3,391.13,486.54,0
SHP006773,FedEx,0,Rail,New York,Atlanta,3/4/2025 17:48,1583.29,6.25,5263.16,258.76,47.5,0
SHP006774,XPO Logistics,FTL,Road,San Francisco,Dallas,2/16/2025 22:44,560.88,2.04,33444.6,232.61,0,841.32
SHP006775,C.H. Robinson,LTL,Road,Chicago,San Francisco,12/21/2025 14:19,119.34,1.83,2401.92,443.85,19.89,0
SHP006776,Old Dominion,LTL,Road,Tampa,Chicago,2/24/2025 4:04,794.55,3.47,5140.5,325.41,132.42,0
SHP006777,Schneider,FTL,Road,Tampa,Dallas,5/6/2025 4:31,918.11,3.44,37562.27,488.44,0,1377.16
SHP006778,FedEx,LTL,Road,Atlanta,San Francisco,1/13/2025 13:13,1194.64,4.1,9336.31,202.84,199.11,0
SHP006779,Old Dominion,0,Air,New York,San Francisco,6/26/2025 4:55,2620.9,3.68,36213.55,415.59,262.09,0
SHP006780,FedEx,0,Rail,Miami,Tampa,10/11/2025 18:06,850.56,2.11,13691.28,383.88,25.52,0
SHP006781,UPS,0,Air,Dallas,Tampa,1/22/2025 0:57,928.79,2.17,22833.28,302.33,92.88,0
SHP006782,C.H. Robinson,0,Ocean,Chicago,Boston,6/15/2025 2:14,7517.94,16.55,31558.8,291.36,1503.59,0
SHP006783,UPS,0,Rail,Chicago,New York,10/6/2025 20:01,1533.73,2.85,8790.17,463.23,46.01,0
SHP006784,UPS,0,Rail,Boston,Tampa,4/1/2025 0:54,1309.57,5.7,18958.16,188.97,39.29,0
SHP006785,C.H. Robinson,0,Air,Tampa,New York,5/22/2025 12:39,1800.37,0.92,18461.15,228.23,180.04,0
SHP006786,Old Dominion,LTL,Road,Miami,Tampa,9/11/2025 4:57,669.09,3.9,9579.59,326.43,111.52,0
SHP006787,FedEx,0,Rail,Tampa,Miami,5/25/2025 11:03,1613.96,4.89,25263.65,35.85,48.42,0
SHP006788,XPO Logistics,0,Ocean,Dallas,Miami,12/17/2025 11:14,1499.48,14.75,16130.66,399.61,299.9,0
SHP006789,DHL,0,Rail,Atlanta,Tampa,2/27/2025 12:45,1069.08,7.18,38907.1,74.67,32.07,0
SHP006790,J.B. Hunt,0,Ocean,Chicago,Dallas,2/4/2025 1:19,3461.21,16.63,12566.81,134.25,692.24,0
SHP006791,Schneider,0,Ocean,New York,San Francisco,5/6/2025 1:56,6603.04,23.57,31065.23,262.31,1320.61,0
SHP006792,C.H. Robinson,FTL,Road,New York,Chicago,3/6/2025 0:37,558.89,3.35,18782.17,251.94,93.15,0
SHP006793,FedEx,0,Ocean,Dallas,Tampa,10/28/2025 4:18,2025.9,21.88,30304.13,340.81,405.18,0
SHP006794,C.H. Robinson,0,Ocean,San Francisco,Tampa,11/23/2025 6:21,7624.44,8.26,3705.8,413.24,1524.89,0
SHP006795,XPO Logistics,0,Ocean,Atlanta,New York,5/2/2025 18:03,7988.13,14.73,2822.97,390.45,1597.63,0
SHP006796,J.B. Hunt,0,Ocean,Dallas,Miami,9/22/2025 11:30,1053.12,13.88,11462.53,457.6,210.62,0
SHP006797,FedEx,0,Rail,Dallas,Atlanta,2/21/2025 18:20,922.13,7.29,12313.7,194.29,27.66,0
SHP006798,Schneider,LTL,Road,San Francisco,Tampa,12/16/2025 12:31,1139.19,1.41,5848.24,194.87,189.87,0
SHP006799,C.H. Robinson,LTL,Road,San Francisco,Dallas,11/28/2025 3:17,940.29,0.99,4456.57,349.77,156.72,0
SHP006800,J.B. Hunt,0,Air,Tampa,Boston,1/10/2025 7:36,1398.94,0.7,28351.93,252.1,139.89,0
SHP006801,J.B. Hunt,0,Air,Atlanta,San Francisco,12/12/2025 23:45,330.53,2.64,36835.3,56.4,33.05,0
SHP006802,UPS,0,Ocean,San Francisco,Miami,3/24/2025 1:06,4930.03,18.03,3295.56,12.29,986.01,0
SHP006803,FedEx,LTL,Road,Dallas,New York,7/12/2025 11:06,583.83,4.8,1733.09,418.48,0,875.75
SHP006804,Old Dominion,0,Ocean,Tampa,Boston,11/1/2025 3:54,5424.33,9.31,20875.12,482.82,1084.87,0
SHP006805,DHL,0,Air,Tampa,San Francisco,6/25/2025 3:58,884.38,2.25,25167.22,69.87,88.44,0
SHP006806,FedEx,0,Ocean,Boston,Dallas,11/21/2025 11:51,826.42,2.3,13325.37,37.9,165.28,0
SHP006807,DHL,0,Air,Miami,Tampa,7/20/2025 20:10,2470.18,3.99,2921.5,216.93,247.02,0
SHP006808,Schneider,0,Air,Dallas,Miami,11/6/2025 21:27,369.48,0.97,13255.44,197.46,36.95,0
SHP006809,FedEx,0,Ocean,Boston,Miami,3/26/2025 0:09,7548.37,10.71,20102.97,123.55,1509.67,0
SHP006810,Schneider,0,Air,Boston,Tampa,1/16/2025 7:24,300.34,3.65,3727.73,482.16,30.03,0
SHP006811,J.B. Hunt,0,Rail,San Francisco,Dallas,7/12/2025 9:05,409.35,5.23,39976.72,70.09,12.28,0
SHP006812,UPS,0,Air,Chicago,Miami,12/30/2025 23:30,1444.65,3.23,1771.51,345.2,144.47,0
SHP006813,J.B. Hunt,0,Ocean,San Francisco,Chicago,4/22/2025 2:55,1102.8,7.2,6823.01,453.76,220.56,0
SHP006814,FedEx,0,Air,Atlanta,Chicago,1/8/2025 17:03,787.23,0.64,23711.21,173.74,78.72,0
SHP006815,Old Dominion,0,Rail,Tampa,San Francisco,10/26/2025 11:19,849.13,1.83,30055.26,301.18,25.47,0
SHP006816,Old Dominion,0,Rail,Atlanta,Dallas,5/11/2025 4:51,782.75,2.2,23941.34,389.52,23.48,0
SHP006817,FedEx,0,Rail,San Francisco,New York,7/31/2025 20:05,699.84,1.18,8966.59,341.52,21,0
SHP006818,C.H. Robinson,LTL,Road,San Francisco,Chicago,9/25/2025 3:16,1187.46,0.33,3165.61,31.95,0,1781.19
SHP006819,FedEx,0,Air,Boston,Tampa,3/19/2025 6:26,1154.14,1.92,36874.05,41.2,115.41,0
SHP006820,C.H. Robinson,0,Ocean,San Francisco,Tampa,9/9/2025 1:50,6328.51,10.7,32544.88,257.19,1265.7,0
SHP006821,UPS,LTL,Road,Chicago,Dallas,6/15/2025 6:42,95.17,5.69,964.93,299.24,0,142.75
SHP006822,DHL,0,Rail,San Francisco,Miami,2/17/2025 14:26,1604.27,1.56,22378.79,412.32,48.13,0
SHP006823,UPS,0,Rail,Tampa,Atlanta,6/27/2025 9:59,1778.12,6.07,11494.21,350.09,53.34,0
SHP006824,C.H. Robinson,0,Ocean,Atlanta,Chicago,12/14/2025 1:06,5793.25,17.4,34243.29,44.6,1158.65,0
SHP006825,J.B. Hunt,0,Rail,Boston,San Francisco,1/19/2025 11:49,373.47,5.48,38178.3,233.45,11.2,0
SHP006826,XPO Logistics,0,Rail,New York,San Francisco,4/7/2025 19:13,1736.9,7.57,36164.93,455.02,52.11,0
SHP006827,C.H. Robinson,0,Ocean,New York,Tampa,10/6/2025 5:51,7237.39,20.04,27951.67,13.18,1447.48,0
SHP006828,C.H. Robinson,0,Air,Miami,Tampa,3/11/2025 1:50,657.08,0.97,1429.84,59.23,65.71,0
SHP006829,J.B. Hunt,0,Air,Miami,Chicago,7/29/2025 15:24,2783.32,2.82,12826.88,396.89,278.33,0
SHP006830,FedEx,0,Ocean,Atlanta,Dallas,3/28/2025 10:57,4162.77,5.13,35437.83,169.99,832.55,0
SHP006831,J.B. Hunt,0,Air,Atlanta,Tampa,12/15/2025 2:41,2186.92,1.52,20252.81,408.31,218.69,0
SHP006832,DHL,0,Rail,Chicago,Dallas,8/28/2025 0:56,450.84,7.84,3273.53,267.47,13.53,0
SHP006833,Schneider,0,Ocean,New York,Tampa,3/15/2025 16:22,7370.19,22.81,9668.3,72.85,1474.04,0
SHP006834,Schneider,FTL,Road,Dallas,Atlanta,3/20/2025 10:43,883.06,0.49,19666.94,398.38,147.18,0
SHP006835,C.H. Robinson,0,Rail,Tampa,Chicago,4/6/2025 21:55,1096.41,2.32,19738.25,460.72,32.89,0
SHP006836,FedEx,0,Air,New York,Atlanta,3/4/2025 18:50,1966.48,3.03,13782.42,95.05,196.65,0
SHP006837,FedEx,0,Air,Chicago,Atlanta,4/16/2025 19:49,990.23,2.37,11568.7,271.44,99.02,0
SHP006838,FedEx,0,Air,Dallas,Tampa,8/10/2025 15:14,2211.04,3.07,7005.06,375.46,221.1,0
SHP006839,FedEx,0,Rail,Tampa,Chicago,10/15/2025 16:18,1276.3,1.08,2825.45,323.48,38.29,0
SHP006840,UPS,FTL,Road,Boston,Dallas,10/31/2025 4:44,491.26,1.09,2253.66,80.54,81.88,0
SHP006841,FedEx,LTL,Road,Atlanta,Tampa,2/21/2025 18:29,1151.14,4.43,5347.9,470.83,191.86,0
SHP006842,J.B. Hunt,0,Air,Boston,Chicago,6/6/2025 11:59,1971.6,3.04,11664.75,294.9,197.16,0
SHP006843,XPO Logistics,FTL,Road,New York,Dallas,8/21/2025 13:30,215,2.58,1812.99,109.1,35.83,0
SHP006844,Schneider,0,Air,Dallas,Tampa,12/21/2025 20:20,502.15,1.86,33799.89,189.59,50.22,0
SHP006845,Old Dominion,0,Ocean,Boston,Dallas,11/8/2025 10:38,6737.3,16.44,20626.41,119.21,1347.46,0
SHP006846,Old Dominion,0,Rail,Miami,New York,7/29/2025 7:10,1675.45,1.38,27712.06,311,50.26,0
SHP006847,FedEx,0,Rail,Chicago,Dallas,4/27/2025 15:48,905.67,2.68,17512.49,436.51,27.17,0
SHP006848,C.H. Robinson,0,Rail,New York,Atlanta,12/8/2025 1:20,1538.83,7.59,12657.83,194.16,46.16,0
SHP006849,XPO Logistics,0,Ocean,Atlanta,Miami,2/25/2025 8:04,640.45,22.74,13510.91,202.68,128.09,0
SHP006850,XPO Logistics,0,Air,Dallas,Tampa,8/18/2025 12:33,2751.07,2.34,22863.89,88.94,275.11,0
SHP006851,C.H. Robinson,0,Rail,Boston,Dallas,12/22/2025 17:05,997.86,7.43,22569.36,128.3,29.94,0
SHP006852,J.B. Hunt,FTL,Road,New York,Atlanta,1/4/2025 5:43,85.86,2.18,23117.34,22.26,0,128.79
SHP006853,XPO Logistics,0,Rail,Dallas,San Francisco,5/4/2025 14:16,1175.67,4.66,31445.7,15.42,35.27,0
SHP006854,UPS,0,Ocean,Dallas,Atlanta,1/24/2025 2:13,6356.36,13.46,15135.91,482.73,1271.27,0
SHP006855,Old Dominion,0,Air,Dallas,Chicago,2/8/2025 6:22,732.32,2.39,13178.77,264.22,73.23,0
SHP006856,Old Dominion,FTL,Road,Chicago,San Francisco,2/25/2025 23:18,685.12,0.76,26614.84,317.61,0,1027.68
SHP006857,Old Dominion,0,Ocean,Chicago,Tampa,8/16/2025 6:16,6271,3.99,12241.71,325.41,1254.2,0
SHP006858,J.B. Hunt,0,Ocean,Dallas,Miami,6/26/2025 9:07,1525.48,16.91,2831.56,168.13,305.1,0
SHP006859,XPO Logistics,0,Air,Atlanta,Boston,8/2/2025 9:28,2586.12,3.21,25968.05,435.36,258.61,0
SHP006860,C.H. Robinson,LTL,Road,Miami,San Francisco,10/31/2025 5:25,865.66,3.24,9800.22,347.73,144.28,0
SHP006861,J.B. Hunt,0,Rail,Boston,Atlanta,1/10/2025 0:34,1162.19,3.86,36145.29,148.56,34.87,0
SHP006862,Schneider,0,Rail,Dallas,Tampa,3/5/2025 9:35,214.75,2.38,4825.94,160.18,6.44,0
SHP006863,FedEx,0,Ocean,New York,San Francisco,7/11/2025 13:00,6694.09,16.33,7174.73,394.62,1338.82,0
SHP006864,DHL,0,Air,New York,Atlanta,12/17/2025 19:02,1661.39,2.29,14803.43,432.44,166.14,0
SHP006865,DHL,0,Air,San Francisco,Dallas,4/5/2025 17:33,1159.48,0.83,12457.8,357.96,115.95,0
SHP006866,C.H. Robinson,0,Ocean,New York,San Francisco,4/16/2025 8:44,5431.86,6.14,4915.48,330.77,1086.37,0
SHP006867,XPO Logistics,FTL,Road,Dallas,Boston,4/14/2025 2:16,827.83,2.36,33790.65,489.12,137.97,0
SHP006868,XPO Logistics,LTL,Road,Dallas,San Francisco,3/19/2025 18:47,286.49,3.57,202.66,356.81,47.75,0
SHP006869,XPO Logistics,FTL,Road,Atlanta,Tampa,1/2/2025 20:33,526.42,1.36,30212.77,405.51,87.74,0
SHP006870,Old Dominion,0,Air,New York,Miami,2/11/2025 12:18,600.15,0.64,13696.1,313.37,60.02,0
SHP006871,XPO Logistics,0,Ocean,San Francisco,Atlanta,4/5/2025 23:30,6450.65,14.01,23439.58,400.13,1290.13,0
SHP006872,DHL,0,Ocean,New York,Chicago,4/30/2025 23:30,4466.33,15.45,20890.58,440.35,893.27,0
SHP006873,UPS,0,Rail,Boston,Miami,12/23/2025 17:06,576.83,2.85,5554.48,409.91,17.3,0
SHP006874,Schneider,0,Air,Atlanta,New York,12/4/2025 18:11,1411.8,1.72,39263.27,463.47,141.18,0
SHP006875,Old Dominion,0,Rail,Tampa,Chicago,2/15/2025 6:25,1755.18,2,35704.45,165.03,52.66,0
SHP006876,Old Dominion,FTL,Road,Tampa,Miami,9/15/2025 9:04,64.56,2.5,20613.26,55,10.76,0
SHP006877,J.B. Hunt,0,Ocean,Miami,Tampa,3/21/2025 16:31,4532.58,20.03,15417.21,176.97,906.52,0
SHP006878,UPS,FTL,Road,Chicago,San Francisco,12/18/2025 8:33,439.63,5.56,2425.94,223.09,73.27,0
SHP006879,UPS,FTL,Road,Tampa,Chicago,8/2/2025 15:34,354.29,5.39,4294.06,206.31,59.05,0
SHP006880,Schneider,0,Rail,Dallas,San Francisco,11/9/2025 20:14,850.91,7.22,9011.99,322.8,25.53,0
SHP006881,DHL,0,Rail,Tampa,Boston,10/12/2025 4:50,415.05,7.68,23924.09,313.5,12.45,0
SHP006882,XPO Logistics,0,Ocean,New York,Dallas,8/6/2025 18:22,3753.3,9.53,8900.72,302.39,750.66,0
SHP006883,DHL,0,Air,Dallas,Boston,8/4/2025 18:33,2877.32,1.76,35384.7,75.24,287.73,0
SHP006884,J.B. Hunt,0,Rail,Chicago,Tampa,8/13/2025 5:40,1697.8,3.45,15499.22,231.96,50.93,0
SHP006885,C.H. Robinson,0,Ocean,New York,Boston,12/14/2025 2:21,5886.83,17.83,19443.75,262.05,1177.37,0
SHP006886,FedEx,0,Rail,Dallas,Tampa,12/22/2025 12:31,248.02,3.13,14167.67,279.8,7.44,0
SHP006887,UPS,FTL,Road,Miami,Dallas,2/13/2025 8:45,692.04,4.33,28822.58,118.37,0,1038.06
SHP006888,DHL,0,Rail,Tampa,Dallas,5/31/2025 14:06,1432.3,1.14,28788.39,51.93,42.97,0
SHP006889,Schneider,LTL,Road,Miami,New York,8/17/2025 9:32,889.1,3.28,4456.96,345.64,148.18,0
SHP006890,C.H. Robinson,0,Ocean,Chicago,New York,8/18/2025 17:41,772.78,6.92,24849.39,423.76,154.56,0
SHP006891,FedEx,FTL,Road,Dallas,Boston,8/20/2025 14:26,488.27,1.74,20990.09,311.54,81.38,0
SHP006892,UPS,0,Ocean,Dallas,Atlanta,11/29/2025 21:21,3650.77,21.29,21175.83,18.88,730.15,0
SHP006893,C.H. Robinson,0,Rail,Miami,San Francisco,10/19/2025 18:03,556.89,4.15,28060.16,110.66,16.71,0
SHP006894,J.B. Hunt,0,Air,Boston,Chicago,2/8/2025 22:26,2935.9,1.61,21532.97,10.46,293.59,0
SHP006895,XPO Logistics,0,Rail,Miami,Dallas,12/29/2025 7:43,1615.83,6.52,8220.59,466.69,48.47,0
SHP006896,Schneider,0,Ocean,Atlanta,Dallas,2/13/2025 16:17,2868.8,17.23,32849.56,370.72,573.76,0
SHP006897,Old Dominion,0,Rail,Atlanta,Dallas,8/20/2025 15:45,1668.13,7.05,39787.15,92.12,50.04,0
SHP006898,XPO Logistics,0,Air,Chicago,Miami,11/9/2025 8:21,1122.86,2.73,29455.36,267.77,112.29,0
SHP006899,XPO Logistics,0,Ocean,New York,Atlanta,12/15/2025 16:58,1054.46,20.52,38454.54,203.35,210.89,0
SHP006900,DHL,0,Ocean,San Francisco,Chicago,10/5/2025 18:57,2186.09,2.42,9873.31,350.26,437.22,0
SHP006901,J.B. Hunt,0,Rail,Miami,Tampa,5/25/2025 4:17,1658.54,1.65,22353.74,348.07,49.76,0
SHP006902,FedEx,0,Air,Tampa,Chicago,6/29/2025 12:31,1046.23,2.49,28752.31,419.02,104.62,0
SHP006903,Schneider,0,Rail,New York,San Francisco,9/22/2025 5:39,924,6.24,12420.43,107.31,27.72,0
SHP006904,C.H. Robinson,FTL,Road,New York,Miami,4/30/2025 14:46,265.41,2.31,1917.25,142.21,0,398.12
SHP006905,FedEx,0,Rail,Chicago,Atlanta,5/30/2025 0:14,1243.56,5.54,3405.38,144.42,37.31,0
SHP006906,DHL,0,Air,Dallas,San Francisco,5/11/2025 2:40,1837.81,1.61,17010.53,356.69,183.78,0
SHP006907,UPS,0,Ocean,Tampa,Atlanta,7/12/2025 10:20,569.5,8.08,6123.7,64.68,113.9,0
SHP006908,Old Dominion,FTL,Road,New York,Atlanta,8/25/2025 0:55,1152.9,2.42,21320,367.18,192.15,0
SHP006909,J.B. Hunt,0,Rail,Dallas,Miami,2/10/2025 7:08,275.92,2.69,33369.84,431.13,8.28,0
SHP006910,FedEx,LTL,Road,Boston,Miami,5/29/2025 5:22,478.89,2.41,7605.43,148.24,79.81,0
SHP006911,C.H. Robinson,FTL,Road,Atlanta,Dallas,6/13/2025 15:19,184.66,1.73,15800.12,27.05,30.78,0
SHP006912,Old Dominion,0,Rail,Chicago,Atlanta,2/6/2025 0:43,965.89,6.18,20792.93,36.88,28.98,0
SHP006913,XPO Logistics,FTL,Road,Miami,Tampa,6/22/2025 10:30,556.17,4.33,2794.82,30.86,92.69,0
SHP006914,FedEx,0,Air,New York,Tampa,10/20/2025 12:00,1300.62,1.18,37423.84,291.09,130.06,0
SHP006915,UPS,0,Ocean,Miami,Boston,3/1/2025 13:56,2654.94,17.51,15309.7,66.93,530.99,0
SHP006916,FedEx,0,Air,Dallas,Tampa,8/14/2025 12:25,940.53,2.75,2549.11,137.07,94.05,0
SHP006917,Old Dominion,0,Rail,San Francisco,Chicago,12/22/2025 11:24,533.3,2.41,27469.12,413.08,16,0
SHP006918,Old Dominion,LTL,Road,San Francisco,New York,12/20/2025 12:55,873.25,3.96,9177.05,30.14,145.54,0
SHP006919,FedEx,0,Air,Boston,Chicago,7/5/2025 8:25,752.2,1.95,15211.84,209.61,75.22,0
SHP006920,Schneider,0,Ocean,Dallas,Chicago,4/3/2025 13:01,2048.41,5.29,20613.13,464.1,409.68,0
SHP006921,J.B. Hunt,0,Rail,Dallas,Boston,9/26/2025 17:10,827.15,1.3,28393.61,146.26,24.81,0
SHP006922,UPS,0,Ocean,Miami,Dallas,1/26/2025 17:45,2338.21,9.13,29090.71,409.59,467.64,0
SHP006923,UPS,0,Ocean,Atlanta,San Francisco,10/12/2025 1:18,4910.42,9.09,12763.89,63.03,982.08,0
SHP006924,Old Dominion,0,Air,Tampa,Chicago,8/3/2025 7:19,2819.91,2.73,1565.5,331.52,281.99,0
SHP006925,UPS,0,Air,Atlanta,Tampa,3/12/2025 23:24,1507.31,3.9,32853.22,86.49,150.73,0
SHP006926,XPO Logistics,0,Rail,Boston,San Francisco,1/29/2025 5:10,1352.18,4.4,7888.28,349.67,40.57,0
SHP006927,UPS,FTL,Road,San Francisco,New York,2/5/2025 21:10,679.5,0.42,26040.22,317.86,113.25,0
SHP006928,Old Dominion,0,Rail,San Francisco,Boston,6/15/2025 10:53,430.54,3.44,23643.01,70.25,12.92,0
SHP006929,DHL,LTL,Road,Boston,New York,7/18/2025 17:31,1030.63,0.41,1162.95,58.94,171.77,0
SHP006930,Schneider,0,Rail,Tampa,San Francisco,11/25/2025 6:26,1044.97,5.34,16447.76,145.04,31.35,0
SHP006931,Schneider,0,Ocean,Dallas,San Francisco,12/24/2025 2:41,6569.88,3.5,11571.53,20.52,1313.98,0
SHP006932,C.H. Robinson,LTL,Road,San Francisco,Tampa,9/6/2025 14:30,65.97,2.28,2069.01,134.91,10.99,0
SHP006933,XPO Logistics,0,Ocean,Atlanta,Boston,10/24/2025 21:44,6657.1,5.59,31319.22,337.85,1331.42,0
SHP006934,XPO Logistics,0,Rail,Chicago,Dallas,11/4/2025 12:30,722.31,4.83,18055.21,65.07,21.67,0
SHP006935,Schneider,0,Ocean,New York,Atlanta,8/4/2025 15:20,7303.89,14.53,35269.48,412.09,1460.78,0
SHP006936,J.B. Hunt,0,Ocean,New York,Boston,3/9/2025 0:53,1098.32,6.56,6237.81,415.56,219.66,0
SHP006937,J.B. Hunt,0,Air,San Francisco,Miami,1/13/2025 5:34,2628.61,2.35,4615.03,68.67,262.86,0
SHP006938,Old Dominion,0,Air,Dallas,Atlanta,9/28/2025 4:24,2496.58,3.75,8379.29,6.56,249.66,0
SHP006939,C.H. Robinson,0,Ocean,San Francisco,Tampa,5/1/2025 21:24,2982.15,2.67,33205.01,246.26,596.43,0
SHP006940,C.H. Robinson,0,Ocean,San Francisco,Boston,10/7/2025 16:27,5313.96,11.05,14147.55,111.88,1062.79,0
SHP006941,XPO Logistics,FTL,Road,Miami,New York,2/10/2025 9:07,936.11,4.25,14748.79,161.24,156.02,0
SHP006942,FedEx,0,Air,Tampa,Miami,11/16/2025 9:39,303.36,0.72,25118.59,257.79,30.34,0
SHP006943,Old Dominion,0,Air,San Francisco,Chicago,8/27/2025 8:11,1473.97,3.4,20403.98,192.86,147.4,0
SHP006944,Old Dominion,FTL,Road,Chicago,Dallas,6/25/2025 23:09,235.44,4.97,23261.81,47.14,39.24,0
SHP006945,Old Dominion,0,Ocean,New York,Tampa,11/5/2025 10:16,5366.74,11.35,32549.76,459.54,1073.35,0
SHP006946,UPS,0,Rail,Boston,Chicago,1/29/2025 14:20,1160.75,6.12,2735.34,280.57,34.82,0
SHP006947,Old Dominion,0,Rail,New York,Dallas,7/15/2025 0:15,1408.54,4.48,23945.23,449.58,42.26,0
SHP006948,UPS,0,Rail,Tampa,Chicago,6/10/2025 13:33,516.96,1.69,27780.42,411.6,15.51,0
SHP006949,UPS,FTL,Road,Boston,Dallas,8/29/2025 11:01,1028.06,3.94,33411.93,350.63,171.34,0
SHP006950,Schneider,0,Rail,Dallas,Boston,11/4/2025 20:11,339.8,6.33,7584.71,119.07,10.19,0
SHP006951,J.B. Hunt,0,Ocean,Boston,Miami,11/10/2025 15:44,3459.88,8.92,13205.24,85.46,691.98,0
SHP006952,C.H. Robinson,0,Ocean,Dallas,Tampa,9/3/2025 15:04,2704.03,2.43,19179.98,384.53,540.81,0
SHP006953,C.H. Robinson,0,Rail,Miami,Dallas,8/14/2025 23:48,1579.6,6.74,16950.08,365.48,47.39,0
SHP006954,UPS,FTL,Road,Dallas,Boston,10/15/2025 12:13,381.07,0.57,27200.88,324.75,63.51,0
SHP006955,C.H. Robinson,0,Rail,Tampa,Chicago,3/14/2025 23:51,1482.61,5.31,6697.22,426.73,44.48,0
SHP006956,J.B. Hunt,0,Rail,San Francisco,Miami,11/11/2025 16:26,1203.6,6.65,31077.23,149.63,36.11,0
SHP006957,Old Dominion,FTL,Road,Miami,Dallas,5/22/2025 18:31,135.74,1.26,4168.06,122.46,22.62,0
SHP006958,Schneider,FTL,Road,Dallas,San Francisco,5/8/2025 8:36,578.46,5.46,34944.74,359.58,96.41,0
SHP006959,C.H. Robinson,0,Air,New York,Chicago,2/25/2025 20:29,365.1,1.69,27452.76,65.39,36.51,0
SHP006960,UPS,0,Rail,Tampa,Atlanta,11/30/2025 1:54,1481.74,7.4,14487.13,353.22,44.45,0
SHP006961,FedEx,0,Rail,Dallas,Chicago,9/17/2025 5:34,437.13,5.84,1347.49,76.23,13.11,0
SHP006962,J.B. Hunt,LTL,Road,Tampa,Dallas,7/17/2025 10:01,866.36,4.34,6465.45,239.2,144.39,0
SHP006963,FedEx,0,Air,Miami,San Francisco,8/7/2025 19:26,2122.25,3.21,38676.03,444.43,212.23,0
SHP006964,J.B. Hunt,LTL,Road,Chicago,New York,6/11/2025 4:51,963.71,4.24,5805.43,61.18,0,1445.57
SHP006965,J.B. Hunt,FTL,Road,New York,Dallas,6/17/2025 16:44,240.39,4.97,32230.86,307.62,40.06,0
SHP006966,UPS,0,Rail,Boston,Dallas,9/22/2025 13:54,902.14,1.18,13423.49,210.9,27.06,0
SHP006967,XPO Logistics,0,Rail,Boston,Dallas,10/20/2025 23:54,977.31,7.51,4794.02,259.91,29.32,0
SHP006968,J.B. Hunt,0,Rail,Dallas,New York,6/18/2025 13:53,788.68,7.93,34543.63,219.95,23.66,0
SHP006969,Schneider,0,Rail,Tampa,New York,10/10/2025 8:16,1799.51,4.6,7101.15,278.38,53.99,0
SHP006970,DHL,0,Ocean,Miami,Dallas,2/12/2025 13:55,2196.54,16,37528.89,393.31,439.31,0
SHP006971,FedEx,0,Air,Tampa,Miami,8/1/2025 9:04,1037.54,1.54,3236.88,143.65,103.75,0
SHP006972,Old Dominion,0,Rail,New York,Atlanta,6/7/2025 2:40,348.2,4.5,28479.71,375.84,10.45,0
SHP006973,DHL,0,Rail,Chicago,Miami,7/28/2025 11:52,295.25,3.38,11882.78,53.05,8.86,0
SHP006974,Schneider,0,Rail,San Francisco,Miami,8/8/2025 11:44,779.95,3.1,25562.72,441.77,23.4,0
SHP006975,FedEx,0,Air,Miami,Atlanta,2/2/2025 4:52,1528.07,3.11,6267.41,447.59,152.81,0
SHP006976,DHL,0,Rail,San Francisco,Miami,7/30/2025 14:43,444.15,2.34,4705.32,155.53,13.32,0
SHP006977,DHL,0,Ocean,San Francisco,Chicago,12/12/2025 1:04,4643.08,23.74,31838.04,190.84,928.62,0
SHP006978,J.B. Hunt,FTL,Road,Dallas,Boston,4/19/2025 10:56,712.22,3.83,32997.73,368.49,118.7,0
SHP006979,C.H. Robinson,0,Rail,Atlanta,Miami,8/9/2025 4:53,1110.87,5.68,29963.75,67.44,33.33,0
SHP006980,Old Dominion,FTL,Road,New York,Boston,9/17/2025 9:45,280.52,4.21,34091.81,205.22,46.75,0
SHP006981,J.B. Hunt,0,Air,New York,Chicago,5/12/2025 1:29,2945.7,1.26,16959.62,189.88,294.57,0
SHP006982,J.B. Hunt,FTL,Road,Tampa,Dallas,10/2/2025 4:42,1119.84,1.89,19096.24,94.43,186.64,0
SHP006983,DHL,FTL,Road,Atlanta,Boston,12/31/2025 11:04,649.46,5.18,12509.56,405.59,108.24,0
SHP006984,Schneider,FTL,Road,Tampa,Miami,8/9/2025 3:06,1098.01,0.67,30378.77,128.42,183,0
SHP006985,XPO Logistics,0,Ocean,Dallas,Miami,8/14/2025 4:21,1814.96,15.22,28371.3,197.99,362.99,0
SHP006986,J.B. Hunt,LTL,Road,New York,Dallas,7/13/2025 9:14,95.05,5.48,7347.86,136.56,15.84,0
SHP006987,J.B. Hunt,0,Air,Chicago,Atlanta,1/9/2025 22:20,1641.53,0.6,13901.67,261.75,164.15,0
SHP006988,Schneider,LTL,Road,Chicago,Boston,4/18/2025 3:36,644.81,1.45,7800.96,150.13,107.47,0
SHP006989,FedEx,FTL,Road,Boston,New York,6/25/2025 21:12,717.47,1.81,17294.13,104.55,0,1076.2
SHP006990,DHL,LTL,Road,San Francisco,Miami,11/20/2025 6:11,777.96,2.7,308.76,15.05,129.66,0
SHP006991,Schneider,0,Ocean,Chicago,Tampa,6/19/2025 21:23,4033.51,6.03,23609.16,204.69,806.7,0
SHP006992,Old Dominion,0,Air,Miami,Boston,3/17/2025 16:19,2066.93,3.83,21385.08,393.9,206.69,0
SHP006993,Old Dominion,0,Air,Miami,Boston,6/26/2025 23:59,2333.21,3.73,8953.71,413.84,233.32,0
SHP006994,J.B. Hunt,0,Rail,Dallas,Atlanta,5/5/2025 19:37,1648.83,3.75,12895.74,476.07,49.46,0
SHP006995,UPS,0,Rail,New York,Tampa,10/24/2025 21:22,1204.21,3.66,31777.19,152.93,36.13,0
SHP006996,DHL,0,Air,Boston,San Francisco,8/14/2025 16:58,776.3,2.4,22865.38,413.05,77.63,0
SHP006997,Old Dominion,FTL,Road,Boston,New York,9/18/2025 7:38,575.58,4.93,12797.25,288.11,95.93,0
SHP006998,C.H. Robinson,0,Rail,Tampa,Miami,2/6/2025 17:38,533.56,3.7,34372.82,108.78,16.01,0
SHP006999,FedEx,0,Air,San Francisco,Dallas,11/22/2025 22:46,2487.65,1.49,1862.34,55.86,248.77,0
SHP007000,Schneider,0,Ocean,San Francisco,Chicago,8/3/2025 5:42,6094.1,7.77,26338.75,349.9,1218.82,0
SHP007001,UPS,0,Ocean,Boston,Tampa,4/18/2025 5:28,3088.39,12.45,16448.8,473.73,617.68,0
SHP007002,FedEx,0,Ocean,Atlanta,San Francisco,8/20/2025 10:03,2899.62,6.03,14940.92,335.09,579.92,0
SHP007003,DHL,0,Rail,Tampa,San Francisco,6/24/2025 21:58,1315.78,7.47,35329.3,144.87,39.47,0
SHP007004,XPO Logistics,FTL,Road,Miami,Boston,1/25/2025 14:18,573.44,4.55,36703.22,169.25,95.57,0
SHP007005,DHL,FTL,Road,San Francisco,Atlanta,9/11/2025 6:39,561.11,5.42,14660.11,240.78,93.52,0
SHP007006,Old Dominion,LTL,Road,San Francisco,Miami,5/18/2025 0:43,1090.18,4.86,2547.79,163.07,181.7,0
SHP007007,FedEx,0,Rail,New York,Atlanta,9/5/2025 2:58,764.73,7.39,39957.88,387.23,22.94,0
SHP007008,DHL,LTL,Road,Chicago,Tampa,7/23/2025 15:58,606.98,0.31,7020.26,195.29,101.16,0
SHP007009,C.H. Robinson,FTL,Road,San Francisco,New York,2/12/2025 20:49,777.93,3.74,19492.87,472.25,129.66,0
SHP007010,Old Dominion,0,Ocean,Miami,Chicago,9/5/2025 2:01,673.6,17.67,16688.67,357.18,134.72,0
SHP007011,Schneider,0,Rail,Atlanta,New York,8/15/2025 10:26,1280.35,1.07,11770.87,95.36,38.41,0
SHP007012,XPO Logistics,0,Rail,Tampa,Atlanta,5/7/2025 3:43,467.18,6.1,9962.28,237.89,14.02,0
SHP007013,DHL,LTL,Road,New York,Miami,11/22/2025 16:14,334.04,3.59,7247.65,166.21,55.67,0
SHP007014,UPS,FTL,Road,Chicago,Atlanta,1/31/2025 15:18,743.47,4.99,4221.86,355.62,123.91,0
SHP007015,FedEx,0,Ocean,Miami,Atlanta,12/23/2025 8:13,2923.59,4.7,22053.34,113.9,584.72,0
SHP007016,XPO Logistics,0,Ocean,Tampa,Boston,6/1/2025 4:35,6660.21,2.94,4396.79,260.98,1332.04,0
SHP007017,J.B. Hunt,FTL,Road,Boston,New York,6/3/2025 12:53,727.28,4.45,10740.8,421.04,121.21,0
SHP007018,C.H. Robinson,0,Air,Boston,Tampa,1/20/2025 12:03,2873.48,2.25,30540.99,262.9,287.35,0
SHP007019,DHL,FTL,Road,Boston,Atlanta,8/21/2025 16:34,129.89,2.13,3955.72,494.45,21.65,0
SHP007020,FedEx,FTL,Road,New York,Atlanta,1/31/2025 14:10,313.38,3.91,11731.63,326.97,0,470.07
SHP007021,UPS,0,Air,Boston,San Francisco,9/30/2025 23:02,868.08,3.25,4877.06,447.68,86.81,0
SHP007022,C.H. Robinson,FTL,Road,Tampa,Miami,7/20/2025 8:29,1016.48,4.15,3162.88,105.08,169.41,0
SHP007023,FedEx,0,Air,Atlanta,Dallas,7/6/2025 14:37,2620.28,0.93,6659.32,272.46,262.03,0
SHP007024,Schneider,0,Rail,Dallas,San Francisco,11/18/2025 14:55,638.68,2.55,23244.63,186.92,19.16,0
SHP007025,XPO Logistics,0,Air,Boston,San Francisco,2/12/2025 0:52,679.51,2.37,15786.99,367.52,67.95,0
SHP007026,XPO Logistics,0,Ocean,San Francisco,Atlanta,7/25/2025 10:10,1270.67,15.65,17741.49,203.62,254.13,0
SHP007027,XPO Logistics,LTL,Road,San Francisco,Chicago,4/10/2025 8:56,317.13,0.42,8499.74,163.88,52.85,0
SHP007028,DHL,FTL,Road,Chicago,Tampa,1/17/2025 0:01,833.25,5.7,22817.12,199.18,138.88,0
SHP007029,Schneider,0,Ocean,Boston,Chicago,6/22/2025 8:28,2512.05,22.55,27442.03,332.98,502.41,0
SHP007030,C.H. Robinson,0,Rail,Miami,Boston,5/29/2025 22:05,881.85,6.92,28690.05,142.31,26.46,0
SHP007031,DHL,0,Rail,Chicago,Dallas,2/11/2025 3:30,1159.33,4.01,760.31,404,34.78,0
SHP007032,UPS,0,Rail,Tampa,Chicago,6/28/2025 16:10,396.53,4.57,13780.93,171.7,11.9,0
SHP007033,FedEx,0,Ocean,Chicago,San Francisco,4/26/2025 21:15,4080.24,23.93,16631,91.98,816.05,0
SHP007034,UPS,FTL,Road,Tampa,Atlanta,9/21/2025 22:27,755.65,1.61,4669.19,26.04,125.94,0
SHP007035,XPO Logistics,LTL,Road,Atlanta,San Francisco,6/5/2025 22:56,76.31,2.73,4353.25,93.59,0,114.47
SHP007036,UPS,FTL,Road,Atlanta,Miami,8/26/2025 15:08,951.62,0.99,36655.03,294.2,158.6,0
SHP007037,UPS,LTL,Road,Boston,Tampa,9/22/2025 3:00,81.76,5.79,3183.22,225.54,13.63,0
SHP007038,UPS,0,Ocean,Miami,Dallas,4/30/2025 11:08,2632.02,18.03,19684.37,67.05,526.4,0
SHP007039,Old Dominion,0,Air,Chicago,San Francisco,9/5/2025 6:52,581.35,3.04,9864.72,69.76,58.14,0
SHP007040,C.H. Robinson,LTL,Road,Tampa,San Francisco,7/22/2025 17:26,624.34,4.87,2896.01,138.94,104.06,0
SHP007041,Old Dominion,0,Air,Miami,Atlanta,6/7/2025 3:18,2551.48,1.02,24860.74,477.55,255.15,0
SHP007042,Schneider,0,Rail,Atlanta,Boston,11/7/2025 9:27,1546.09,1.43,13136.48,72.04,46.38,0
SHP007043,Schneider,0,Rail,Boston,Chicago,4/6/2025 10:11,1718.79,7.9,9782.22,335.18,51.56,0
SHP007044,Old Dominion,0,Ocean,Boston,Dallas,10/3/2025 18:53,6812.24,7.14,7913.39,6.59,1362.45,0
SHP007045,C.H. Robinson,0,Ocean,Dallas,Miami,10/21/2025 11:05,3589.72,21.79,36167.7,64.74,717.94,0
SHP007046,XPO Logistics,0,Ocean,Tampa,Chicago,3/24/2025 21:41,2032.64,10.98,31334.67,306.31,406.53,0
SHP007047,FedEx,0,Ocean,Tampa,New York,5/16/2025 21:46,4353.87,15.02,4299.89,239.35,870.77,0
SHP007048,UPS,0,Air,Tampa,Miami,8/14/2025 20:51,2978.57,0.81,21010.24,148.53,297.86,0
SHP007049,XPO Logistics,0,Air,New York,Atlanta,11/9/2025 12:46,1757.77,2.51,23310.18,426.25,175.78,0
SHP007050,Old Dominion,0,Rail,Dallas,Tampa,11/30/2025 9:31,823.6,4.61,931.67,394.99,24.71,0
SHP007051,UPS,0,Rail,Atlanta,Miami,10/30/2025 13:04,615.18,6.72,10992.73,6.38,18.46,0
SHP007052,XPO Logistics,0,Air,Atlanta,Miami,12/17/2025 20:54,718.04,3.95,13132.15,55.3,71.8,0
SHP007053,FedEx,0,Rail,San Francisco,Tampa,7/21/2025 4:59,390.01,3.17,1986.98,256.23,11.7,0
SHP007054,C.H. Robinson,0,Ocean,Chicago,Atlanta,9/18/2025 2:20,2103.06,13.42,6060.19,215.5,420.61,0
SHP007055,FedEx,0,Ocean,Tampa,Miami,4/9/2025 0:59,4984.38,3.36,16250.6,151.96,996.88,0
SHP007056,XPO Logistics,0,Air,New York,Miami,9/25/2025 6:16,948.97,2.62,23747.41,315.72,94.9,0
SHP007057,FedEx,0,Air,Dallas,San Francisco,5/8/2025 10:27,728.98,1.5,8782.31,270.71,72.9,0
SHP007058,Old Dominion,0,Ocean,Boston,San Francisco,11/19/2025 7:18,3957.99,9.27,31547.58,47.89,791.6,0
SHP007059,C.H. Robinson,0,Rail,San Francisco,Miami,5/14/2025 3:45,1759.83,1.82,31036.3,184.75,52.79,0
SHP007060,J.B. Hunt,0,Ocean,Miami,New York,2/18/2025 17:31,6989.47,3.63,15301.51,168.39,1397.89,0
SHP007061,J.B. Hunt,0,Rail,Tampa,Atlanta,7/28/2025 9:31,1789.05,7.9,7997.26,315.34,53.67,0
SHP007062,J.B. Hunt,0,Rail,Dallas,New York,7/20/2025 16:15,1056.83,2.08,7127.3,494.64,31.7,0
SHP007063,Schneider,0,Ocean,Tampa,Atlanta,11/23/2025 5:37,3895.47,4.77,8984.21,134.91,779.09,0
SHP007064,Schneider,FTL,Road,Chicago,Atlanta,1/21/2025 17:19,637.55,2.18,18472.97,84.08,106.26,0
SHP007065,XPO Logistics,0,Air,Chicago,San Francisco,3/13/2025 14:30,1182.17,0.75,35643.56,100.18,118.22,0
SHP007066,UPS,0,Rail,New York,Boston,4/6/2025 10:33,1411.04,3.45,19238.69,146.34,42.33,0
SHP007067,FedEx,0,Rail,Boston,Dallas,7/26/2025 7:17,1314.31,6.91,11807.67,121.87,39.43,0
SHP007068,J.B. Hunt,0,Air,New York,Atlanta,8/15/2025 23:16,2139.89,1.18,25773.67,48.12,213.99,0
SHP007069,C.H. Robinson,0,Ocean,Miami,Chicago,4/4/2025 4:19,5151.03,13.29,4999.28,324.9,1030.21,0
SHP007070,DHL,0,Ocean,Atlanta,Boston,2/28/2025 13:37,3849.18,6.78,14458.67,246.56,769.84,0
SHP007071,DHL,FTL,Road,Atlanta,Tampa,5/7/2025 11:44,155.29,5.76,26789.71,52.16,25.88,0
SHP007072,Schneider,0,Air,Atlanta,Chicago,11/25/2025 14:01,2521.73,1.63,24073.58,139.29,252.17,0
SHP007073,FedEx,LTL,Road,Atlanta,Boston,5/14/2025 21:21,893.42,4.41,5587.63,121.22,148.9,0
SHP007074,J.B. Hunt,0,Ocean,Miami,Dallas,6/9/2025 17:29,2402.78,10.42,6227.98,169.49,480.56,0
SHP007075,XPO Logistics,LTL,Road,Dallas,Tampa,8/12/2025 1:31,837.01,5.03,3425.94,117.56,0,1255.51
SHP007076,DHL,0,Rail,Atlanta,San Francisco,5/27/2025 17:11,1532.23,7.23,16695.85,14.43,45.97,0
SHP007077,UPS,0,Air,Atlanta,New York,5/27/2025 17:34,2176.4,3.24,1211.96,297.92,217.64,0
SHP007078,XPO Logistics,0,Ocean,Tampa,Miami,4/7/2025 11:51,4912.77,10.33,30115.81,214.66,982.55,0
SHP007079,Schneider,0,Air,New York,San Francisco,8/6/2025 22:53,2127.3,2.31,10314.35,303.64,212.73,0
SHP007080,UPS,0,Air,Miami,Tampa,5/15/2025 3:06,2289.65,3.91,15514.3,33.17,228.97,0
SHP007081,UPS,LTL,Road,San Francisco,Miami,4/24/2025 18:41,1186.17,3.84,9472.54,52.81,197.7,0
SHP007082,J.B. Hunt,0,Rail,Dallas,Boston,6/10/2025 16:16,747.25,1.94,33502.65,440.29,22.42,0
SHP007083,UPS,LTL,Road,Chicago,San Francisco,3/11/2025 14:31,626.51,1.32,1402.12,294.49,104.42,0
SHP007084,FedEx,0,Air,Miami,Atlanta,9/14/2025 10:12,1667.22,2.93,12555.69,201.78,166.72,0
SHP007085,FedEx,FTL,Road,San Francisco,Chicago,5/10/2025 0:58,74.57,3.76,17214.17,459.96,12.43,0
SHP007086,DHL,0,Rail,Tampa,Boston,10/3/2025 19:46,1226.86,3.79,10911.77,452.74,36.81,0
SHP007087,UPS,0,Rail,Tampa,Boston,7/26/2025 8:52,226.02,3.29,37768.47,327.36,6.78,0
SHP007088,XPO Logistics,0,Ocean,Atlanta,San Francisco,6/1/2025 1:09,4495.39,6.48,33418.3,102.9,899.08,0
SHP007089,C.H. Robinson,0,Ocean,Miami,Chicago,6/14/2025 4:52,2361.9,6.22,6746.9,476.7,472.38,0
SHP007090,DHL,0,Air,Boston,New York,9/26/2025 0:59,1925.49,2.73,38195.86,116.06,192.55,0
SHP007091,FedEx,0,Rail,Miami,Chicago,8/3/2025 5:26,209.47,5.19,20559.87,239.35,6.28,0
SHP007092,FedEx,LTL,Road,Atlanta,San Francisco,12/9/2025 3:55,121.16,2.86,2982.46,138.01,20.19,0
SHP007093,DHL,LTL,Road,Tampa,New York,4/10/2025 14:34,305.74,2.16,3628.36,155.08,50.96,0
SHP007094,DHL,0,Ocean,Boston,Atlanta,3/24/2025 23:41,7840.65,22.52,23193.15,490.55,1568.13,0
SHP007095,C.H. Robinson,LTL,Road,Tampa,San Francisco,10/5/2025 2:57,1189.88,2.3,4535.1,479.57,0,1784.82
SHP007096,C.H. Robinson,0,Rail,Chicago,New York,12/29/2025 18:29,1173.8,2.49,27730.54,103.67,35.21,0
SHP007097,Schneider,0,Ocean,Chicago,Tampa,7/7/2025 8:04,3045.18,7.01,10176.72,3.32,609.04,0
SHP007098,DHL,LTL,Road,Boston,Tampa,12/14/2025 4:29,1062.82,1.95,1000.79,44.41,177.14,0
SHP007099,C.H. Robinson,0,Rail,San Francisco,Boston,3/21/2025 21:35,1089.63,7.95,6228.39,50.71,32.69,0
SHP007100,DHL,0,Rail,Atlanta,San Francisco,5/2/2025 9:37,901.29,4.94,12128.02,151.96,27.04,0
SHP007101,Old Dominion,0,Ocean,Dallas,Atlanta,10/26/2025 20:52,3683.57,8.91,36655.6,21.94,736.71,0
SHP007102,DHL,0,Air,Atlanta,Chicago,11/8/2025 2:03,933.34,3.33,33441.35,56.67,93.33,0
SHP007103,Schneider,0,Rail,Dallas,Chicago,7/5/2025 16:32,1758.02,5.85,11267.43,228.56,52.74,0
SHP007104,C.H. Robinson,0,Ocean,Chicago,Atlanta,11/29/2025 7:16,2728.54,5.3,12001.53,290.47,545.71,0
SHP007105,FedEx,0,Rail,New York,San Francisco,2/11/2025 21:38,1521.55,3.54,14242.11,234.53,45.65,0
SHP007106,FedEx,0,Air,Atlanta,San Francisco,9/7/2025 11:13,2040.3,3.13,13408.58,293.59,204.03,0
SHP007107,FedEx,0,Rail,Miami,Tampa,5/20/2025 23:37,822.98,6.01,7004.66,129.21,24.69,0
SHP007108,DHL,0,Air,New York,San Francisco,8/28/2025 18:20,1450.36,3.61,23146.37,482.73,145.04,0
SHP007109,UPS,LTL,Road,Boston,San Francisco,9/18/2025 19:43,168.77,2.9,4277.92,300.5,28.13,0
SHP007110,UPS,0,Air,Atlanta,Boston,5/15/2025 17:05,2492.3,3.45,26972.69,321.13,249.23,0
SHP007111,Old Dominion,FTL,Road,Chicago,Atlanta,9/22/2025 9:34,1141.38,2.46,33394.94,460.83,190.23,0
SHP007112,DHL,0,Air,San Francisco,Tampa,1/23/2025 18:55,1627.16,3.05,15392.28,80.28,162.72,0
SHP007113,FedEx,0,Ocean,Chicago,Atlanta,9/22/2025 12:22,4898.78,6.32,18575.17,436.57,979.76,0
SHP007114,FedEx,0,Ocean,Chicago,Tampa,1/29/2025 17:40,1145.14,2.67,24455.87,166.2,229.03,0
SHP007115,Old Dominion,0,Air,Boston,Miami,1/11/2025 2:36,1428.43,1.92,3921.5,2.78,142.84,0
SHP007116,Old Dominion,0,Air,Dallas,Boston,12/3/2025 21:20,2725.74,1.26,17330.12,485.99,272.57,0
SHP007117,Schneider,0,Air,Chicago,Miami,11/12/2025 4:21,2532.26,0.88,20586.5,365.31,253.23,0
SHP007118,J.B. Hunt,0,Air,Miami,San Francisco,1/13/2025 22:44,2185.66,3.16,18569.46,88.79,218.57,0
SHP007119,UPS,0,Ocean,Tampa,New York,2/23/2025 10:44,3986.54,16.25,24539.39,36.19,797.31,0
SHP007120,DHL,0,Rail,Dallas,San Francisco,3/20/2025 8:45,303.92,7.76,6496.32,147.94,9.12,0
SHP007121,FedEx,0,Air,San Francisco,Boston,9/5/2025 21:02,2372.61,1.93,7667.86,234.15,237.26,0
SHP007122,C.H. Robinson,0,Rail,Atlanta,Tampa,10/20/2025 22:02,1110.32,4.17,36798.37,143.06,33.31,0
SHP007123,C.H. Robinson,0,Ocean,Chicago,Dallas,12/22/2025 8:49,5459.99,4.47,15995.28,370.76,1092,0
SHP007124,Old Dominion,FTL,Road,Boston,Atlanta,3/23/2025 9:34,308.54,3.64,6560.76,52.25,51.42,0
SHP007125,FedEx,0,Ocean,San Francisco,Dallas,7/17/2025 7:57,4424.25,16.85,4978,458.97,884.85,0
SHP007126,FedEx,0,Rail,Atlanta,Dallas,3/9/2025 21:34,561.24,1.84,8506.61,85.62,16.84,0
SHP007127,Old Dominion,LTL,Road,Tampa,Miami,8/2/2025 7:17,154.28,4.84,5031.05,194.87,25.71,0
SHP007128,DHL,0,Air,New York,Atlanta,1/8/2025 8:56,2866.7,1.8,7095.42,137.75,286.67,0
SHP007129,Schneider,LTL,Road,Chicago,New York,10/16/2025 15:56,324.81,3.12,3021.33,258.51,0,487.22
SHP007130,DHL,0,Ocean,Dallas,New York,8/10/2025 17:49,5519.7,19.1,28551.23,103.59,1103.94,0
SHP007131,Schneider,0,Ocean,Miami,Chicago,8/19/2025 11:46,1369.25,13.93,8357.02,43.38,273.85,0
SHP007132,Schneider,0,Air,Chicago,Dallas,9/18/2025 13:35,1723.15,1.64,30367.89,157.78,172.32,0
SHP007133,Old Dominion,0,Ocean,Atlanta,Tampa,8/7/2025 12:17,7840.38,18.69,2778.88,254.93,1568.08,0
SHP007134,XPO Logistics,0,Rail,Miami,Chicago,9/19/2025 15:07,1100.19,5.87,20162.97,242.24,33.01,0
SHP007135,J.B. Hunt,LTL,Road,Tampa,Chicago,5/14/2025 12:41,473.13,1.81,9470.07,159.48,78.86,0
SHP007136,Schneider,0,Air,Dallas,New York,5/27/2025 14:39,471.24,1.09,34362.43,293.73,47.12,0
SHP007137,J.B. Hunt,0,Rail,San Francisco,Miami,11/17/2025 16:18,1446.05,6.66,33017.84,275.76,43.38,0
SHP007138,J.B. Hunt,0,Ocean,Tampa,Dallas,3/2/2025 22:44,1828.4,5.26,23172.38,183.89,365.68,0
SHP007139,XPO Logistics,0,Air,Tampa,Dallas,12/8/2025 23:24,1806.73,2.24,24286.82,17.02,180.67,0
SHP007140,Schneider,0,Rail,Boston,Tampa,8/7/2025 19:58,252.54,6.05,8128.53,326.45,7.58,0
SHP007141,Old Dominion,LTL,Road,New York,Atlanta,3/3/2025 6:34,678.56,5.9,8378.75,207.15,113.09,0
SHP007142,DHL,0,Air,Atlanta,Chicago,10/16/2025 8:10,1964.31,0.91,15762.25,367.21,196.43,0
SHP007143,Old Dominion,LTL,Road,Dallas,Miami,2/9/2025 19:42,766.07,3.04,1888.81,401.77,0,1149.11
SHP007144,UPS,0,Ocean,New York,Tampa,9/24/2025 0:55,2548.75,20.05,24658.56,186.99,509.75,0
SHP007145,XPO Logistics,0,Ocean,Boston,Atlanta,8/24/2025 9:52,804.54,7.11,35618.3,409.17,160.91,0
SHP007146,FedEx,0,Ocean,Tampa,Boston,5/16/2025 17:39,4811.4,12.26,26062.14,233.66,962.28,0
SHP007147,C.H. Robinson,0,Air,Chicago,San Francisco,2/20/2025 8:14,2039.62,1.58,33620.64,351.26,203.96,0
SHP007148,J.B. Hunt,0,Air,Boston,Chicago,11/6/2025 6:40,1190.93,3.41,19750.03,88.14,119.09,0
SHP007149,XPO Logistics,0,Ocean,Miami,Atlanta,9/22/2025 17:37,1082.84,17.39,34672.27,403.91,216.57,0
SHP007150,Old Dominion,0,Ocean,New York,San Francisco,11/20/2025 23:05,5417.38,5.11,4214.74,173.17,1083.48,0
SHP007151,FedEx,0,Ocean,Miami,Chicago,6/11/2025 16:43,6911.83,23.16,10033.75,381.29,1382.37,0
SHP007152,Schneider,0,Air,Dallas,Tampa,11/13/2025 13:40,1849.45,0.61,21945.2,403.16,184.95,0
SHP007153,FedEx,0,Rail,New York,Miami,8/17/2025 18:47,641.8,7.28,9832.29,39.16,19.25,0
SHP007154,Schneider,FTL,Road,Dallas,Miami,8/3/2025 0:23,233.93,5.06,16983.58,398.68,0,350.89
SHP007155,J.B. Hunt,0,Ocean,San Francisco,Tampa,3/13/2025 20:51,4484.25,12.57,32373.07,212.32,896.85,0
SHP007156,Schneider,0,Air,Atlanta,San Francisco,8/15/2025 13:36,2465.49,0.85,25634.28,351.59,246.55,0
SHP007157,UPS,0,Air,New York,Miami,3/29/2025 13:33,2727.56,1.29,24366.69,217.2,272.76,0
SHP007158,XPO Logistics,0,Rail,Tampa,San Francisco,9/23/2025 7:28,812.43,1.75,5802.22,418.66,24.37,0
SHP007159,XPO Logistics,LTL,Road,Atlanta,San Francisco,2/25/2025 5:47,912.22,2.45,8310.59,41.3,152.04,0
SHP007160,Schneider,0,Air,Atlanta,San Francisco,3/30/2025 6:11,1986.89,3.54,33635.14,187.02,198.69,0
SHP007161,UPS,LTL,Road,San Francisco,Chicago,9/13/2025 2:58,907.02,2.71,8425.36,265.85,151.17,0
SHP007162,XPO Logistics,0,Ocean,Chicago,Boston,12/25/2025 14:17,6236.43,3.73,23806.03,275.59,1247.29,0
SHP007163,C.H. Robinson,0,Air,New York,Boston,5/25/2025 19:08,1946.94,2.93,36765.3,393.06,194.69,0
SHP007164,XPO Logistics,0,Rail,Chicago,San Francisco,12/25/2025 1:09,551.42,6.78,5322.15,311.48,16.54,0
SHP007165,UPS,FTL,Road,San Francisco,Miami,1/18/2025 4:33,1065.17,0.83,34062.86,399.51,177.53,0
SHP007166,J.B. Hunt,FTL,Road,Tampa,Boston,9/6/2025 12:14,629.34,2.03,16514.81,484.36,104.89,0
SHP007167,FedEx,0,Air,Dallas,New York,5/24/2025 21:26,844.58,2.53,3788.01,109.73,84.46,0
SHP007168,C.H. Robinson,0,Rail,Miami,New York,5/6/2025 23:23,1421.31,3.12,39437.76,250.91,42.64,0
SHP007169,Old Dominion,0,Air,New York,Miami,7/26/2025 20:11,1694.66,0.63,38282.81,87.94,169.47,0
SHP007170,XPO Logistics,LTL,Road,Atlanta,New York,2/15/2025 8:43,669.09,2.53,4243.51,322.01,0,1003.63
SHP007171,C.H. Robinson,0,Air,New York,San Francisco,3/8/2025 20:12,2087.64,1.04,20233.67,395.45,208.76,0
SHP007172,Schneider,0,Air,Tampa,Dallas,12/4/2025 9:34,1496.87,1.08,12872.07,106.98,149.69,0
SHP007173,XPO Logistics,0,Rail,Miami,Tampa,11/21/2025 4:52,401.31,3.64,21866.98,37.3,12.04,0
SHP007174,DHL,0,Air,San Francisco,Miami,8/29/2025 4:56,1930.32,3.98,38582.93,414.76,193.03,0
SHP007175,C.H. Robinson,0,Air,Tampa,Dallas,7/4/2025 7:02,1019.12,0.58,33424.9,28.8,101.91,0
SHP007176,DHL,LTL,Road,Dallas,Atlanta,5/17/2025 11:41,286.47,3.38,1907.02,417.06,0,429.71
SHP007177,J.B. Hunt,0,Ocean,Atlanta,Boston,11/21/2025 5:12,6328.7,18.63,32737.04,110.63,1265.74,0
SHP007178,XPO Logistics,FTL,Road,Tampa,Boston,10/15/2025 21:14,888.23,2.29,26840.37,61.89,148.04,0
SHP007179,Schneider,0,Air,Atlanta,Chicago,7/25/2025 7:32,2205.08,3.9,2222.21,47.82,220.51,0
SHP007180,C.H. Robinson,LTL,Road,San Francisco,New York,8/13/2025 9:33,192.18,2.73,3014.18,403.65,32.03,0
SHP007181,XPO Logistics,LTL,Road,Atlanta,Miami,12/31/2025 6:52,594.86,3.04,7212.83,181.62,99.14,0
SHP007182,J.B. Hunt,FTL,Road,Chicago,San Francisco,1/1/2025 18:43,456.19,4.6,31311.65,8.18,76.03,0
SHP007183,Old Dominion,FTL,Road,San Francisco,Dallas,7/9/2025 0:06,215.36,1.48,14388.22,146.43,35.89,0
SHP007184,C.H. Robinson,0,Air,Tampa,Dallas,7/31/2025 21:53,2105,3.4,8087.44,281.93,210.5,0
SHP007185,FedEx,0,Air,Atlanta,San Francisco,11/1/2025 19:40,1293.1,2.27,25019.93,446.91,129.31,0
SHP007186,DHL,0,Ocean,Atlanta,San Francisco,7/23/2025 18:31,1942.2,3.91,25274.87,197.67,388.44,0
SHP007187,J.B. Hunt,0,Rail,Dallas,New York,5/29/2025 5:02,460.64,1.82,22576.94,150.93,13.82,0
SHP007188,UPS,0,Rail,Tampa,New York,7/24/2025 7:44,1795.88,3.84,8885.32,314.8,53.88,0
SHP007189,XPO Logistics,LTL,Road,Miami,Boston,2/21/2025 23:54,330.89,3.09,4903.38,227.33,55.15,0
SHP007190,UPS,0,Ocean,Dallas,Chicago,10/30/2025 2:48,6470.64,6.77,36220.14,395.88,1294.13,0
SHP007191,C.H. Robinson,0,Air,Chicago,Boston,1/26/2025 4:35,1199.43,1.13,11541.63,166.99,119.94,0
SHP007192,UPS,LTL,Road,Chicago,New York,7/30/2025 21:54,690.47,0.52,9156.44,50.24,0,1035.7
SHP007193,Schneider,0,Air,Tampa,Miami,3/9/2025 20:18,1054.04,0.88,10638.58,419,105.4,0
SHP007194,DHL,0,Air,Chicago,New York,5/14/2025 23:38,1960.97,1.3,34934.46,400.56,196.1,0
SHP007195,DHL,0,Rail,San Francisco,New York,1/12/2025 4:14,1405.84,6.93,24976.16,251.22,42.18,0
SHP007196,DHL,LTL,Road,Tampa,New York,8/18/2025 16:38,480.03,1.54,5640.5,444.86,0,720.04
SHP007197,Old Dominion,0,Rail,San Francisco,Miami,5/1/2025 10:03,1150.37,7.44,14598.24,347.87,34.51,0
SHP007198,UPS,LTL,Road,Atlanta,New York,11/6/2025 10:24,795.97,4.1,6503.66,111.61,132.66,0
SHP007199,J.B. Hunt,0,Ocean,Miami,New York,10/29/2025 8:57,1576.93,23.53,2289.16,234.4,315.39,0
SHP007200,Old Dominion,0,Ocean,Boston,Miami,7/12/2025 9:03,3688.1,9.92,31388.36,372.93,737.62,0
SHP007201,J.B. Hunt,0,Ocean,Atlanta,New York,7/12/2025 2:57,7289.19,10.7,22785.09,446.26,1457.84,0
SHP007202,XPO Logistics,LTL,Road,Tampa,Miami,11/2/2025 1:25,1192.93,5.82,7220.76,72.47,198.82,0
SHP007203,UPS,0,Rail,Miami,Tampa,3/7/2025 15:12,237.1,6.78,33717.21,373.43,7.11,0
SHP007204,Old Dominion,0,Air,Miami,Dallas,3/25/2025 13:04,1055.79,2.74,12991.81,225.87,105.58,0
SHP007205,Schneider,0,Rail,Miami,New York,10/28/2025 4:18,811.9,7.4,9749.21,289.23,24.36,0
SHP007206,DHL,0,Ocean,Boston,Miami,8/21/2025 6:34,3207.36,16.59,22800.24,462.06,641.47,0
SHP007207,C.H. Robinson,0,Air,Dallas,Atlanta,3/21/2025 2:17,574.35,1.27,30770.74,185.02,57.44,0
SHP007208,XPO Logistics,0,Rail,Chicago,New York,4/6/2025 5:33,465.25,4.52,26259.61,23.37,13.96,0
SHP007209,DHL,0,Rail,New York,Chicago,9/14/2025 10:11,666.6,6.67,21049.66,18.65,20,0
SHP007210,Old Dominion,0,Rail,Atlanta,San Francisco,1/15/2025 12:09,651.12,5.47,8374.7,413.87,19.53,0
SHP007211,DHL,FTL,Road,Tampa,Miami,5/23/2025 9:04,828.06,2.96,36667.14,196.51,138.01,0
SHP007212,J.B. Hunt,0,Air,Atlanta,New York,4/5/2025 18:09,934.7,2.81,23145.16,168.29,93.47,0
SHP007213,XPO Logistics,0,Air,Miami,Dallas,12/12/2025 0:33,1227.89,1.89,11999.97,355.41,122.79,0
SHP007214,DHL,0,Rail,Atlanta,Tampa,5/24/2025 13:58,1242.17,4.09,16215.26,183.16,37.27,0
SHP007215,Schneider,0,Rail,Dallas,Miami,8/24/2025 8:07,653.55,1.6,11094.09,161.28,19.61,0
SHP007216,Old Dominion,0,Rail,Atlanta,San Francisco,4/30/2025 6:45,1076.29,6.42,16130.23,472.43,32.29,0
SHP007217,XPO Logistics,0,Air,New York,Miami,11/9/2025 0:21,2533.84,3.95,35110.02,308.75,253.38,0
SHP007218,DHL,FTL,Road,Atlanta,San Francisco,10/20/2025 11:03,738.25,0.99,29034.77,300.5,123.04,0
SHP007219,XPO Logistics,0,Air,Boston,New York,4/26/2025 5:47,1668.72,2.93,18039.89,262.41,166.87,0
SHP007220,J.B. Hunt,LTL,Road,Boston,Tampa,2/5/2025 17:27,508.11,4.37,8784.62,420.58,84.69,0
SHP007221,Schneider,0,Air,Miami,Atlanta,8/22/2025 9:29,2422.27,0.55,36519.28,138.16,242.23,0
SHP007222,Schneider,0,Rail,New York,Dallas,10/8/2025 7:47,1620.76,2.38,17866.01,374.95,48.62,0
SHP007223,C.H. Robinson,0,Ocean,Atlanta,Tampa,10/12/2025 20:49,5302.09,11.15,27305.64,274.93,1060.42,0
SHP007224,DHL,0,Rail,Chicago,San Francisco,12/5/2025 0:47,641.18,5.52,8567.76,347.3,19.24,0
SHP007225,J.B. Hunt,0,Air,Chicago,Miami,12/16/2025 11:51,308.4,2.42,16342.17,152.25,30.84,0
SHP007226,DHL,LTL,Road,Tampa,Boston,7/1/2025 23:26,643.06,3.96,9658.33,416.7,107.18,0
SHP007227,Old Dominion,0,Air,New York,Chicago,8/5/2025 21:26,2236.3,2.18,15989.69,17.23,223.63,0
SHP007228,J.B. Hunt,0,Ocean,Tampa,Boston,11/28/2025 18:52,3193.23,20.66,15668.97,231.33,638.65,0
SHP007229,J.B. Hunt,FTL,Road,Miami,Chicago,5/8/2025 6:27,362.61,1.83,2943.93,307.29,60.44,0
SHP007230,DHL,0,Rail,San Francisco,Boston,6/16/2025 6:45,916.91,5.24,22102.03,399.62,27.51,0
SHP007231,UPS,FTL,Road,Atlanta,Chicago,4/26/2025 4:26,913.66,4.69,20219.94,177.59,152.28,0
SHP007232,XPO Logistics,0,Air,Dallas,Chicago,1/31/2025 22:42,2820.28,0.69,6528.54,210.38,282.03,0
SHP007233,XPO Logistics,0,Ocean,New York,Dallas,3/18/2025 22:17,5104.68,2.18,28913.25,279.8,1020.94,0
SHP007234,FedEx,LTL,Road,New York,Dallas,7/30/2025 17:15,607.41,2.69,5266.95,81.73,101.23,0
SHP007235,DHL,0,Air,Dallas,Miami,2/9/2025 23:11,593.52,1.51,28525.44,294.56,59.35,0
SHP007236,Old Dominion,0,Air,Chicago,Miami,7/25/2025 8:37,1596.33,2.5,22590.69,154.21,159.63,0
SHP007237,Old Dominion,0,Air,Boston,San Francisco,8/26/2025 1:27,563.13,3.64,24196.49,349.18,56.31,0
SHP007238,XPO Logistics,0,Ocean,San Francisco,Chicago,3/25/2025 16:26,3979.98,18.64,23587.64,27.85,796,0
SHP007239,FedEx,FTL,Road,Tampa,San Francisco,1/21/2025 23:04,1073.61,2.01,5946.69,44.93,178.93,0
SHP007240,C.H. Robinson,LTL,Road,San Francisco,Boston,9/26/2025 0:23,878.51,4.3,7046.6,457.96,146.42,0
SHP007241,Old Dominion,0,Air,Chicago,Tampa,2/27/2025 23:32,1242.15,2.46,24970.08,489.76,124.22,0
SHP007242,UPS,0,Air,Tampa,New York,5/24/2025 8:37,1143.33,3.85,6375.01,382.24,114.33,0
SHP007243,J.B. Hunt,LTL,Road,Boston,New York,12/19/2025 2:46,777.82,4.95,432.55,39.99,129.64,0
SHP007244,FedEx,0,Rail,Tampa,Dallas,10/19/2025 19:13,311.51,5.15,24315.97,453.15,9.35,0
SHP007245,UPS,0,Ocean,San Francisco,Tampa,5/16/2025 2:08,4007.03,3.5,8776.41,5.03,801.41,0
SHP007246,FedEx,FTL,Road,Tampa,Miami,12/17/2025 6:04,943.22,4.94,39918.65,206.69,157.2,0
SHP007247,Schneider,0,Air,Atlanta,Boston,1/5/2025 6:05,352.11,1.32,23716.87,481.01,35.21,0
SHP007248,C.H. Robinson,0,Ocean,Atlanta,Tampa,7/18/2025 13:00,1276.84,4.67,28219.48,333.94,255.37,0
SHP007249,J.B. Hunt,0,Ocean,Atlanta,Miami,3/1/2025 8:07,2378.8,19.89,5586.76,462.95,475.76,0
SHP007250,Schneider,0,Rail,Atlanta,Tampa,6/20/2025 12:01,521.65,1.57,13911.12,94.73,15.65,0
SHP007251,Schneider,FTL,Road,Chicago,San Francisco,12/17/2025 4:04,655.98,4.2,19891.4,330.64,109.33,0
SHP007252,UPS,0,Rail,Miami,Tampa,2/23/2025 10:07,783.87,1.2,38975.53,409.89,23.52,0
SHP007253,Schneider,FTL,Road,Chicago,Boston,2/19/2025 8:13,134.43,2.83,25583.25,96.11,22.41,0
SHP007254,C.H. Robinson,0,Rail,San Francisco,Tampa,1/19/2025 12:06,1124.78,4.74,8726.47,71.46,33.74,0
SHP007255,Old Dominion,0,Air,Tampa,Miami,5/11/2025 22:55,2349.2,1.63,10139.6,369.2,234.92,0
SHP007256,FedEx,0,Rail,Atlanta,Chicago,4/21/2025 3:54,1377.71,2.93,34966.45,344.44,41.33,0
SHP007257,FedEx,0,Ocean,Dallas,San Francisco,2/8/2025 5:09,3093.23,11.4,29205.03,106.58,618.65,0
SHP007258,J.B. Hunt,0,Ocean,Chicago,Dallas,1/17/2025 17:41,4015.71,16.38,21810.19,304.56,803.14,0
SHP007259,C.H. Robinson,0,Air,Chicago,Dallas,1/11/2025 17:33,1774.77,1.2,16703.11,266.46,177.48,0
SHP007260,FedEx,FTL,Road,Chicago,Dallas,4/28/2025 7:26,947.07,4.01,17350.34,487.23,157.84,0
SHP007261,J.B. Hunt,LTL,Road,Dallas,Boston,10/30/2025 3:49,173.96,1.44,3511.93,115.06,0,260.94
SHP007262,UPS,LTL,Road,New York,Chicago,11/16/2025 14:45,769.26,0.48,1897.75,147.38,128.21,0
SHP007263,J.B. Hunt,0,Rail,Chicago,Atlanta,9/24/2025 14:54,1293.35,7.13,32040.42,91.86,38.8,0
SHP007264,XPO Logistics,FTL,Road,San Francisco,Atlanta,7/2/2025 8:40,700.22,0.42,12766.2,403.19,0,1050.33
SHP007265,C.H. Robinson,0,Air,Atlanta,Boston,1/23/2025 4:25,1533,1.02,17822.86,99.82,153.3,0
SHP007266,C.H. Robinson,0,Air,Chicago,San Francisco,5/5/2025 17:59,1361.62,2.21,14307.55,468.55,136.16,0
SHP007267,UPS,0,Ocean,Miami,Chicago,10/8/2025 2:56,4718.98,20.54,30548.78,330.92,943.8,0
SHP007268,Old Dominion,FTL,Road,New York,Boston,11/24/2025 23:08,621.42,0.26,24731.97,178.62,0,932.13
SHP007269,Old Dominion,0,Rail,San Francisco,New York,1/10/2025 23:27,388.42,4.11,29554.36,480.88,11.65,0
SHP007270,C.H. Robinson,0,Ocean,Boston,San Francisco,9/22/2025 7:42,3305.79,13.94,34124.15,167.67,661.16,0
SHP007271,FedEx,0,Ocean,Boston,San Francisco,2/4/2025 0:31,1566.93,8.2,36015.35,80.54,313.39,0
SHP007272,XPO Logistics,0,Rail,San Francisco,Tampa,9/15/2025 19:50,726.75,4.25,33960.97,468.92,21.8,0
SHP007273,UPS,0,Air,New York,Miami,12/22/2025 7:12,1449.69,3.76,6877.63,79.27,144.97,0
SHP007274,DHL,0,Air,Boston,San Francisco,4/2/2025 1:35,2862.98,2.28,7843.36,244.51,286.3,0
SHP007275,DHL,0,Rail,Miami,Dallas,2/12/2025 22:24,1453.14,6.79,34626.79,285.22,43.59,0
SHP007276,Schneider,LTL,Road,Boston,Miami,3/19/2025 18:51,1046.99,3.18,6129.54,379.6,174.5,0
SHP007277,C.H. Robinson,LTL,Road,Miami,Atlanta,7/25/2025 1:56,539.25,0.67,3599.14,312.35,89.88,0
SHP007278,FedEx,0,Ocean,New York,Tampa,1/11/2025 17:17,1942.49,5.26,12076.68,17.02,388.5,0
SHP007279,Old Dominion,0,Rail,Tampa,Miami,10/18/2025 5:42,1389.48,2.81,5407.42,349.87,41.68,0
SHP007280,C.H. Robinson,0,Ocean,Boston,New York,7/30/2025 0:49,6821.96,2.44,9727.19,472.67,1364.39,0
SHP007281,Schneider,0,Rail,Dallas,New York,10/26/2025 19:41,816.41,7.57,11331.4,109.82,24.49,0
SHP007282,Schneider,FTL,Road,Miami,Atlanta,9/10/2025 13:00,296.22,0.74,35909.08,489.94,49.37,0
SHP007283,FedEx,0,Air,Tampa,Atlanta,11/27/2025 0:41,2877.17,3.48,33952.07,330.88,287.72,0
SHP007284,XPO Logistics,0,Air,Tampa,Miami,11/8/2025 1:35,2530.78,1.23,15822.55,320.78,253.08,0
SHP007285,FedEx,FTL,Road,Chicago,Dallas,12/30/2025 18:48,1055.99,4.05,33641.37,237.5,0,1583.99
SHP007286,UPS,0,Air,Atlanta,Dallas,6/1/2025 9:51,2236.72,3.93,6562.8,463.53,223.67,0
SHP007287,C.H. Robinson,0,Air,New York,Boston,3/6/2025 8:13,1710.38,2.75,35175.83,205.42,171.04,0
SHP007288,FedEx,FTL,Road,Tampa,Dallas,4/3/2025 19:40,531.5,3.28,1254.53,248.84,0,797.25
SHP007289,UPS,0,Ocean,Miami,Tampa,10/25/2025 3:48,2683.15,22.41,3965.54,230.2,536.63,0
SHP007290,FedEx,0,Air,Dallas,San Francisco,9/10/2025 16:16,2858.16,3.65,28203.26,295.09,285.82,0
SHP007291,J.B. Hunt,0,Rail,Chicago,Boston,2/17/2025 14:28,649.17,3.57,4060.33,393.27,19.48,0
SHP007292,FedEx,LTL,Road,Boston,Dallas,7/10/2025 0:44,422.45,4.09,3672.31,232.7,70.41,0
SHP007293,XPO Logistics,0,Air,Dallas,Boston,9/10/2025 10:41,1798.51,3.31,8840.68,199.98,179.85,0
SHP007294,DHL,FTL,Road,Boston,Chicago,12/7/2025 4:57,199.59,0.69,24384.64,95.36,33.27,0
SHP007295,C.H. Robinson,0,Air,Tampa,Miami,10/3/2025 7:52,461.46,3.64,21605.42,68.18,46.15,0
SHP007296,Old Dominion,LTL,Road,Tampa,Chicago,5/30/2025 17:27,111.44,0.94,4792.67,334.56,18.57,0
SHP007297,Schneider,0,Air,Miami,Dallas,7/8/2025 6:49,2031.46,1.01,25522.81,203.03,203.15,0
SHP007298,DHL,FTL,Road,Dallas,Chicago,9/10/2025 9:12,584.46,4.86,13633.73,74.35,97.41,0
SHP007299,Old Dominion,0,Ocean,Tampa,Atlanta,2/23/2025 5:03,7050.9,6.67,12114.18,353.59,1410.18,0
SHP007300,XPO Logistics,LTL,Road,Dallas,San Francisco,1/2/2025 3:00,836.08,4.85,1961.09,176.79,139.35,0
SHP007301,UPS,0,Rail,Tampa,Atlanta,3/19/2025 7:16,401.41,4.79,12056.54,344.78,12.04,0
SHP007302,Old Dominion,0,Ocean,Tampa,Atlanta,12/17/2025 19:01,502.58,3.31,17586.13,479.13,100.52,0
SHP007303,Schneider,0,Air,Boston,Atlanta,9/24/2025 17:51,2705.3,3.98,16964.79,24.24,270.53,0
SHP007304,J.B. Hunt,FTL,Road,Miami,Tampa,9/13/2025 12:16,401.85,4.14,5838.97,150.69,66.98,0
SHP007305,C.H. Robinson,0,Air,Tampa,Dallas,4/25/2025 18:18,451.65,2.16,8752.37,46.53,45.16,0
SHP007306,Old Dominion,FTL,Road,Chicago,New York,8/27/2025 22:53,522.9,2.27,21731.95,374.77,87.15,0
SHP007307,FedEx,0,Rail,Miami,Tampa,1/10/2025 10:17,380.11,6.54,1538.45,222.11,11.4,0
SHP007308,J.B. Hunt,0,Rail,Miami,Tampa,4/3/2025 16:41,1139.89,7.7,23169.96,80.22,34.2,0
SHP007309,UPS,0,Ocean,Atlanta,Miami,6/19/2025 18:09,4381.56,10.71,19434.54,99.35,876.31,0
SHP007310,J.B. Hunt,0,Air,Miami,San Francisco,9/17/2025 12:57,1652.23,1.03,29889.7,297.36,165.22,0
SHP007311,Schneider,0,Rail,Dallas,Miami,10/27/2025 14:17,325.64,7.23,24846.99,158.74,9.77,0
SHP007312,J.B. Hunt,0,Rail,New York,Atlanta,1/22/2025 5:14,273.03,5.43,15250.89,453.9,8.19,0
SHP007313,J.B. Hunt,0,Ocean,Miami,Tampa,11/24/2025 9:19,761.58,2.86,37997.32,482.47,152.32,0
SHP007314,XPO Logistics,0,Rail,Dallas,Miami,12/13/2025 14:57,244.39,6.01,9249.05,350.99,7.33,0
SHP007315,Old Dominion,0,Ocean,Tampa,Atlanta,2/1/2025 16:21,7015.5,4.22,9931.27,13.01,1403.1,0
SHP007316,Old Dominion,0,Air,Dallas,Boston,8/28/2025 19:19,418.34,0.6,32126.95,149.85,41.83,0
SHP007317,J.B. Hunt,0,Ocean,Dallas,Tampa,9/28/2025 22:13,4199.09,19.33,20050.27,215.17,839.82,0
SHP007318,DHL,0,Rail,Tampa,New York,3/23/2025 9:59,218.52,4.98,5427.35,382.56,6.56,0
SHP007319,UPS,0,Ocean,Atlanta,New York,4/14/2025 9:25,2433.03,16.83,26025.83,308.72,486.61,0
SHP007320,C.H. Robinson,0,Air,New York,Boston,3/23/2025 3:48,1020.77,1.43,34590.4,7.39,102.08,0
SHP007321,C.H. Robinson,0,Ocean,Miami,Atlanta,1/3/2025 16:59,1861.42,15.42,32773.33,179.81,372.28,0
SHP007322,Old Dominion,LTL,Road,Tampa,San Francisco,8/7/2025 10:32,801.46,3.45,785.72,311.25,133.58,0
SHP007323,DHL,0,Rail,San Francisco,New York,7/9/2025 13:23,1502.25,7.95,1670.78,330.37,45.07,0
SHP007324,FedEx,0,Rail,Atlanta,Chicago,12/26/2025 20:58,863.28,1.07,24767.26,62.09,25.9,0
SHP007325,XPO Logistics,0,Air,San Francisco,Miami,6/22/2025 0:44,1322.13,1.41,14765.95,246.86,132.21,0
SHP007326,C.H. Robinson,0,Ocean,Dallas,Atlanta,4/12/2025 23:16,3194.07,14.16,9926.66,318.05,638.81,0
SHP007327,C.H. Robinson,0,Ocean,Tampa,Atlanta,3/3/2025 8:18,6903.22,6.93,20561.15,324.7,1380.64,0
SHP007328,XPO Logistics,LTL,Road,Miami,Boston,4/26/2025 5:43,699.32,2.35,6475.67,15.09,116.55,0
SHP007329,UPS,FTL,Road,Dallas,Tampa,8/27/2025 19:51,475.39,3.31,1314.22,254.32,79.23,0
SHP007330,FedEx,FTL,Road,Boston,San Francisco,1/12/2025 2:22,802.39,4.62,4978.28,495.29,133.73,0
SHP007331,DHL,0,Rail,Dallas,Chicago,6/13/2025 2:11,1169.87,3.54,10339.17,286.88,35.1,0
SHP007332,XPO Logistics,0,Air,Atlanta,Chicago,2/14/2025 16:13,2680.62,2.32,26628.15,179.49,268.06,0
SHP007333,J.B. Hunt,0,Ocean,New York,Dallas,11/30/2025 15:48,3411.14,8.3,28372.67,180.23,682.23,0
SHP007334,DHL,0,Rail,Atlanta,Tampa,8/23/2025 9:14,505.15,3.59,34226.17,369.39,15.15,0
SHP007335,FedEx,LTL,Road,Atlanta,Boston,11/29/2025 22:51,434.84,5.46,887.1,25.83,72.47,0
SHP007336,FedEx,0,Ocean,Miami,Dallas,8/17/2025 10:21,1456.03,4.56,3969.46,331.01,291.21,0
SHP007337,C.H. Robinson,FTL,Road,Dallas,Miami,11/23/2025 20:57,740.97,3.97,27690.46,378.68,123.5,0
SHP007338,J.B. Hunt,LTL,Road,Miami,Boston,4/22/2025 12:04,288.25,3.83,5863.48,471.89,48.04,0
SHP007339,UPS,0,Rail,San Francisco,Dallas,5/24/2025 2:22,571.79,1.41,26313.06,370.35,17.15,0
SHP007340,C.H. Robinson,0,Ocean,Dallas,New York,11/12/2025 10:27,2623.97,14.56,2851.67,480.06,524.79,0
SHP007341,Schneider,FTL,Road,Chicago,Miami,5/4/2025 13:19,176.41,0.64,2242.35,214.21,29.4,0
SHP007342,Old Dominion,FTL,Road,Chicago,Miami,7/5/2025 23:31,161.73,4.53,36005.53,130.85,26.95,0
SHP007343,C.H. Robinson,0,Rail,Tampa,Boston,7/18/2025 2:16,1206.04,1.3,15769.3,147.18,36.18,0
SHP007344,J.B. Hunt,LTL,Road,Boston,Atlanta,2/14/2025 19:24,312.91,3.96,1432.75,430.49,52.15,0
SHP007345,XPO Logistics,LTL,Road,Tampa,Boston,3/21/2025 10:26,814.56,4.34,9363.14,471.24,135.76,0
SHP007346,XPO Logistics,0,Air,Miami,Boston,3/6/2025 14:33,1789.46,2.23,13747.57,358.07,178.95,0
SHP007347,FedEx,0,Ocean,Boston,Dallas,7/15/2025 10:16,4536.57,22.52,9925.72,155.82,907.31,0
SHP007348,Schneider,0,Rail,Dallas,Chicago,8/30/2025 3:18,705.74,6.64,4412.09,228.37,21.17,0
SHP007349,DHL,LTL,Road,Boston,Chicago,1/4/2025 4:34,541.72,0.67,4196.35,257.18,90.29,0
SHP007350,DHL,0,Ocean,Atlanta,Boston,11/27/2025 13:21,988.29,13.22,38389.9,489.48,197.66,0
SHP007351,Old Dominion,0,Rail,Miami,Dallas,7/5/2025 12:11,1050.69,4.61,11777.57,498.56,31.52,0
SHP007352,XPO Logistics,0,Air,San Francisco,Chicago,12/12/2025 8:00,1040.42,2.09,615.9,175.27,104.04,0
SHP007353,Schneider,0,Air,Dallas,Atlanta,8/18/2025 11:39,492.89,3.1,22660.07,286.51,49.29,0
SHP007354,DHL,0,Air,Dallas,San Francisco,12/3/2025 9:40,1073.58,3.35,629.2,167.47,107.36,0
SHP007355,FedEx,0,Rail,Tampa,Boston,10/24/2025 8:28,1255.2,7.36,9767.33,271.01,37.66,0
SHP007356,XPO Logistics,0,Air,San Francisco,Chicago,9/11/2025 12:22,1752.58,3.56,2495.42,212.81,175.26,0
SHP007357,Old Dominion,LTL,Road,Boston,Dallas,11/7/2025 5:53,259.84,0.37,1598.25,488.26,43.31,0
SHP007358,UPS,FTL,Road,Dallas,Atlanta,3/17/2025 16:28,297.08,5.63,8607.55,465.72,49.51,0
SHP007359,J.B. Hunt,0,Air,Dallas,Chicago,11/30/2025 20:49,2067.48,0.9,23485.65,159.94,206.75,0
SHP007360,Old Dominion,0,Rail,Tampa,Chicago,10/26/2025 19:44,813.05,4.08,17196.93,332.39,24.39,0
SHP007361,J.B. Hunt,0,Rail,Atlanta,Chicago,5/19/2025 5:51,1429.39,3.3,37012.38,469.29,42.88,0
SHP007362,C.H. Robinson,LTL,Road,San Francisco,Boston,1/4/2025 9:44,96.79,0.34,4336.9,295.73,16.13,0
SHP007363,XPO Logistics,0,Ocean,Tampa,Atlanta,12/31/2025 14:25,2584.29,7.71,27294.19,301.25,516.86,0
SHP007364,Old Dominion,0,Air,Chicago,San Francisco,3/26/2025 9:28,751.3,3.6,27359.05,181.93,75.13,0
SHP007365,UPS,LTL,Road,Atlanta,Dallas,4/10/2025 15:50,836.17,0.9,4762.32,85.32,139.36,0
SHP007366,Old Dominion,0,Air,Miami,Tampa,7/26/2025 5:04,411.86,1.68,6454.05,317.13,41.19,0
SHP007367,Old Dominion,0,Rail,Miami,Dallas,2/13/2025 7:47,1278.51,2.04,1472.21,396.61,38.36,0
SHP007368,XPO Logistics,0,Rail,New York,Dallas,1/11/2025 22:40,203.29,3.41,20036.04,409.5,6.1,0
SHP007369,J.B. Hunt,LTL,Road,Miami,Dallas,3/3/2025 13:10,1014.34,4.42,2584.9,360.37,169.06,0
SHP007370,UPS,0,Ocean,Miami,Dallas,7/21/2025 5:59,2349.04,6.72,22111.55,339.75,469.81,0
SHP007371,DHL,0,Rail,Chicago,Dallas,8/26/2025 18:40,284.88,1.42,31474.74,429.89,8.55,0
SHP007372,C.H. Robinson,0,Rail,San Francisco,Dallas,7/27/2025 20:56,1167.11,4,33890,364.68,35.01,0
SHP007373,Old Dominion,0,Ocean,Tampa,Miami,8/22/2025 3:25,4846.96,9.03,8320.8,209.92,969.39,0
SHP007374,Schneider,FTL,Road,Atlanta,Dallas,6/20/2025 14:34,379.85,2.2,20867.43,85.38,63.31,0
SHP007375,FedEx,0,Rail,Dallas,Chicago,3/19/2025 19:32,1489.88,2.02,19499.25,373.24,44.7,0
SHP007376,Schneider,LTL,Road,San Francisco,Boston,8/15/2025 7:16,607.77,2.33,4827.68,424.49,0,911.65
SHP007377,Schneider,0,Air,Chicago,Dallas,9/2/2025 3:04,2974.17,2.71,31841.04,8.23,297.42,0
SHP007378,UPS,0,Air,Chicago,Boston,4/3/2025 2:35,2676.98,3.84,23219.19,377.15,267.7,0
SHP007379,Old Dominion,0,Air,New York,San Francisco,2/17/2025 19:00,1684.41,1.5,34163.79,298.82,168.44,0
SHP007380,UPS,FTL,Road,Boston,Dallas,12/8/2025 19:12,716.29,4.04,34312.13,366.22,119.38,0
SHP007381,XPO Logistics,0,Rail,New York,Boston,7/20/2025 9:20,537.8,4.27,39221.78,277.73,16.13,0
SHP007382,Schneider,0,Rail,Dallas,San Francisco,6/1/2025 5:22,1701.19,6.69,26807.93,175.33,51.04,0
SHP007383,FedEx,LTL,Road,Atlanta,New York,3/31/2025 23:05,399.97,3.95,4410.73,399.58,66.66,0
SHP007384,UPS,LTL,Road,Atlanta,Chicago,8/19/2025 10:49,924.53,2.04,7071.88,247.78,154.09,0
SHP007385,FedEx,0,Air,Atlanta,Boston,10/20/2025 14:30,1172.89,1.95,35866.4,180.4,117.29,0
SHP007386,C.H. Robinson,0,Rail,New York,Miami,9/3/2025 0:23,659.84,3.46,8977.43,272.77,19.8,0
SHP007387,UPS,0,Rail,Atlanta,San Francisco,4/11/2025 5:02,435.9,6.72,9410.42,299.43,13.08,0
SHP007388,XPO Logistics,0,Air,Dallas,Chicago,6/6/2025 11:24,637.57,3.92,18455.73,411.26,63.76,0
SHP007389,XPO Logistics,0,Ocean,Boston,San Francisco,9/19/2025 16:43,6264.86,17.7,33180.91,51.13,1252.97,0
SHP007390,J.B. Hunt,0,Ocean,Miami,New York,8/3/2025 20:54,5588.73,7.85,31541.93,478.48,1117.75,0
SHP007391,C.H. Robinson,0,Air,San Francisco,Atlanta,9/17/2025 3:01,2734.02,0.9,15097.32,182.8,273.4,0
SHP007392,XPO Logistics,0,Rail,Chicago,Boston,7/31/2025 14:48,395.67,1.69,15703.16,496.04,11.87,0
SHP007393,DHL,0,Rail,Tampa,San Francisco,12/30/2025 0:17,1110.31,5.35,19105.25,331.5,33.31,0
SHP007394,UPS,0,Air,Chicago,Atlanta,11/9/2025 4:48,2882.99,2.56,3069.02,246.95,288.3,0
SHP007395,Schneider,LTL,Road,San Francisco,Dallas,4/19/2025 20:48,1191.66,2.48,5999.73,54.21,198.61,0
SHP007396,XPO Logistics,FTL,Road,Boston,San Francisco,1/31/2025 18:37,212.36,5.28,12363.61,153.42,35.39,0
SHP007397,FedEx,0,Ocean,Chicago,Boston,3/2/2025 3:08,3404.1,23.26,3833.42,409.56,680.82,0
SHP007398,XPO Logistics,0,Rail,Chicago,Miami,10/31/2025 19:32,746.49,6.95,39674.35,174.99,22.39,0
SHP007399,Schneider,LTL,Road,Atlanta,Tampa,12/13/2025 11:39,198.76,1.08,7623.6,73.32,33.13,0
SHP007400,FedEx,0,Air,Boston,Dallas,2/10/2025 13:35,1003.14,1.22,14549.3,38.11,100.31,0
SHP007401,FedEx,0,Ocean,Tampa,Chicago,1/20/2025 9:46,6925.57,20.92,16810.85,306.43,1385.11,0
SHP007402,XPO Logistics,FTL,Road,San Francisco,Boston,1/9/2025 2:51,788.24,4.56,21067.26,255.66,131.37,0
SHP007403,XPO Logistics,FTL,Road,Dallas,New York,7/3/2025 15:16,776,4.29,14194.27,165.85,129.33,0
SHP007404,Schneider,0,Rail,New York,Miami,2/25/2025 3:58,631.55,4.84,14726.15,270.62,18.95,0
SHP007405,DHL,0,Air,Atlanta,San Francisco,11/20/2025 23:41,1396.16,3.43,3388.64,286.53,139.62,0
SHP007406,UPS,FTL,Road,New York,Atlanta,11/15/2025 21:03,711.97,2.46,17130.33,400.27,118.66,0
SHP007407,C.H. Robinson,0,Rail,Miami,Chicago,2/3/2025 15:41,649.08,7.1,35905.56,325.66,19.47,0
SHP007408,XPO Logistics,0,Air,Chicago,Tampa,7/8/2025 18:19,2386.72,2.65,21247.73,483.37,238.67,0
SHP007409,FedEx,0,Ocean,Tampa,Atlanta,1/14/2025 2:26,2619.91,5.39,11855.67,307.7,523.98,0
SHP007410,C.H. Robinson,LTL,Road,Atlanta,Boston,8/2/2025 0:39,262.96,5.48,4198.59,425.13,43.83,0
SHP007411,XPO Logistics,0,Air,Dallas,Atlanta,6/3/2025 11:40,972.94,1.6,2839.32,129.63,97.29,0
SHP007412,C.H. Robinson,0,Air,Boston,New York,3/6/2025 1:00,1623.85,3.81,15861.67,320.23,162.38,0
SHP007413,XPO Logistics,LTL,Road,Atlanta,New York,11/19/2025 0:22,541.87,0.52,5109.8,33.89,90.31,0
SHP007414,FedEx,0,Rail,Atlanta,Dallas,3/30/2025 9:43,1613.92,6.27,15456.73,320.47,48.42,0
SHP007415,Schneider,0,Air,Boston,Tampa,5/16/2025 13:17,602.48,2.96,32997.93,411.05,60.25,0
SHP007416,XPO Logistics,0,Air,Atlanta,Tampa,12/16/2025 12:36,1067.55,1.42,21095.21,483.92,106.75,0
SHP007417,Old Dominion,0,Rail,San Francisco,Tampa,6/20/2025 20:57,1672.84,3.52,31303.27,460.74,50.19,0
SHP007418,Schneider,0,Air,New York,Tampa,11/24/2025 18:13,1004.5,3.41,11081.88,172.3,100.45,0
SHP007419,UPS,0,Rail,New York,Miami,1/1/2025 7:32,518.11,4.55,33810.78,264.5,15.54,0
SHP007420,Schneider,0,Ocean,Miami,Dallas,8/14/2025 21:01,1425.8,7.54,22733.04,292.01,285.16,0
SHP007421,C.H. Robinson,0,Rail,New York,Atlanta,6/20/2025 21:32,1123.05,1.54,30270.99,454.8,33.69,0
SHP007422,DHL,FTL,Road,Dallas,Atlanta,10/30/2025 0:02,637.1,4.38,36603.61,321.67,106.18,0
SHP007423,FedEx,0,Air,Atlanta,Dallas,9/21/2025 6:38,2120.68,3.02,10789.85,291.76,212.07,0
SHP007424,XPO Logistics,0,Rail,Boston,Tampa,4/20/2025 14:30,1547.48,3.07,35938.23,310.57,46.42,0
SHP007425,J.B. Hunt,LTL,Road,Tampa,Dallas,10/12/2025 13:36,536.65,3.83,4108.32,419.18,89.44,0
SHP007426,Old Dominion,0,Air,Dallas,Miami,2/1/2025 14:16,1602.26,3.65,20637.42,330.52,160.23,0
SHP007427,UPS,LTL,Road,San Francisco,Tampa,6/28/2025 22:41,1197.41,1.1,7406.78,70.3,199.57,0
SHP007428,UPS,0,Air,Tampa,Dallas,1/30/2025 23:04,2564.94,2.59,37557.3,433.11,256.49,0
SHP007429,FedEx,0,Rail,Miami,Tampa,9/11/2025 1:00,319.8,1.96,24246.25,259.64,9.59,0
SHP007430,DHL,0,Air,Atlanta,Chicago,12/3/2025 3:46,755.13,0.95,22777.64,25.41,75.51,0
SHP007431,J.B. Hunt,0,Rail,San Francisco,Atlanta,2/23/2025 0:55,1597.98,6.65,31522.11,8.98,47.94,0
SHP007432,C.H. Robinson,0,Air,Chicago,Dallas,6/17/2025 7:44,428.63,2.42,39779.81,171.82,42.86,0
SHP007433,J.B. Hunt,0,Rail,Atlanta,Boston,7/4/2025 13:05,751,1.94,27136.26,323.69,22.53,0
SHP007434,Old Dominion,0,Air,New York,Chicago,12/6/2025 22:48,573.57,2.14,26849.46,247.26,57.36,0
SHP007435,DHL,LTL,Road,Tampa,Atlanta,3/8/2025 3:21,825.52,4.94,6905.28,308.44,0,1238.28
SHP007436,UPS,0,Air,New York,San Francisco,8/9/2025 3:07,2604.69,3.65,15861.01,87.45,260.47,0
SHP007437,C.H. Robinson,0,Air,Dallas,New York,5/9/2025 22:02,2508.22,1.25,37193.55,12.42,250.82,0
SHP007438,UPS,0,Air,Chicago,Miami,7/30/2025 2:08,2787.43,2.56,31102.31,199.85,278.74,0
SHP007439,UPS,0,Ocean,Miami,Atlanta,10/16/2025 9:33,7937.87,7.01,10941.57,26.66,1587.57,0
SHP007440,FedEx,LTL,Road,New York,Tampa,4/17/2025 7:44,1131.54,2.87,6797.3,344.03,0,1697.31
SHP007441,C.H. Robinson,FTL,Road,Boston,San Francisco,6/22/2025 11:40,1055.68,4.07,22699.84,355.45,175.95,0
SHP007442,XPO Logistics,0,Ocean,Dallas,New York,4/24/2025 17:46,6132.28,6.09,4831.85,38.35,1226.46,0
SHP007443,J.B. Hunt,0,Ocean,San Francisco,Tampa,5/31/2025 7:19,3305.4,12.96,24818.17,479.06,661.08,0
SHP007444,Old Dominion,0,Ocean,Chicago,New York,9/16/2025 0:47,2980.91,18.74,21488.63,110.82,596.18,0
SHP007445,FedEx,0,Air,Tampa,Dallas,4/13/2025 16:43,1961.32,3.89,5410.18,254.13,196.13,0
SHP007446,DHL,0,Air,Atlanta,Tampa,11/11/2025 23:17,439.34,1.62,25013.81,420.69,43.93,0
SHP007447,UPS,FTL,Road,Dallas,San Francisco,8/17/2025 15:11,889.88,2.91,36414.3,152.05,0,1334.82
SHP007448,Schneider,FTL,Road,Chicago,San Francisco,3/4/2025 1:53,917.08,2.98,35996.11,398.92,152.85,0
SHP007449,Schneider,FTL,Road,Boston,Miami,2/13/2025 11:21,1086.69,1.48,26891.94,369.49,181.12,0
SHP007450,C.H. Robinson,FTL,Road,Atlanta,Miami,7/8/2025 5:39,903.78,3.15,944.4,131.45,150.63,0
SHP007451,UPS,0,Air,Dallas,Miami,6/12/2025 4:08,1172.91,3.48,33714.99,53.24,117.29,0
SHP007452,J.B. Hunt,0,Ocean,Dallas,New York,10/10/2025 9:09,7623.77,6.01,16867.2,108.36,1524.75,0
SHP007453,DHL,0,Ocean,Chicago,Atlanta,10/1/2025 1:42,6952.49,18.49,14464.39,341.26,1390.5,0
SHP007454,UPS,LTL,Road,New York,Miami,3/30/2025 12:20,262.02,2.45,3864.51,119.73,43.67,0
SHP007455,Schneider,0,Rail,San Francisco,New York,1/17/2025 9:40,1602.1,5.75,11557.6,121.82,48.06,0
SHP007456,C.H. Robinson,0,Ocean,New York,Chicago,2/24/2025 9:23,634.65,9.62,21307.47,139.58,126.93,0
SHP007457,DHL,0,Rail,Atlanta,New York,2/1/2025 6:03,1320.73,3.88,12994.55,469.59,39.62,0
SHP007458,UPS,0,Air,New York,Chicago,1/9/2025 0:07,1009.56,1.89,15600.49,121.36,100.96,0
SHP007459,J.B. Hunt,0,Rail,New York,Dallas,8/6/2025 9:53,547.96,3.12,34637.33,383.77,16.44,0
SHP007460,Old Dominion,0,Rail,New York,Dallas,5/8/2025 14:41,1289.6,4.2,20556.28,134.3,38.69,0
SHP007461,Old Dominion,FTL,Road,Atlanta,Miami,3/12/2025 23:08,135.46,2.15,20075.56,29.6,22.58,0
SHP007462,J.B. Hunt,0,Ocean,Tampa,Miami,3/6/2025 13:03,1161.75,7.79,14999.67,197.27,232.35,0
SHP007463,Old Dominion,0,Ocean,Miami,San Francisco,11/30/2025 15:39,1384.15,6.97,10835.07,34.75,276.83,0
SHP007464,J.B. Hunt,0,Rail,Atlanta,Dallas,12/10/2025 18:27,721.76,1.51,28286.58,193.64,21.65,0
SHP007465,J.B. Hunt,LTL,Road,Dallas,Chicago,8/18/2025 22:27,425.77,0.98,2381.06,117.12,0,638.65
SHP007466,C.H. Robinson,0,Ocean,Boston,New York,12/25/2025 14:45,7889.03,20.38,1102.86,308.8,1577.81,0
SHP007467,FedEx,0,Rail,Dallas,Atlanta,7/30/2025 16:01,609.46,1.73,28371.19,66.67,18.28,0
SHP007468,Schneider,0,Ocean,New York,Tampa,11/12/2025 9:31,3828.06,15.91,22402.54,488.84,765.61,0
SHP007469,Old Dominion,FTL,Road,Chicago,New York,2/3/2025 4:56,953.6,4.7,14546.02,5.19,0,1430.4
SHP007470,XPO Logistics,FTL,Road,Chicago,New York,7/9/2025 18:46,894.57,6,16532.22,492.77,149.09,0
SHP007471,J.B. Hunt,0,Rail,Chicago,New York,10/10/2025 2:51,426.73,3.08,7243.71,238.11,12.8,0
SHP007472,C.H. Robinson,0,Rail,Dallas,Tampa,7/28/2025 2:27,1475.17,3.38,36296.04,272.87,44.26,0
SHP007473,Old Dominion,0,Ocean,San Francisco,Miami,6/7/2025 13:37,3990.68,19.31,4507.02,387.1,798.14,0
SHP007474,Schneider,FTL,Road,New York,Tampa,9/27/2025 22:37,329.39,1.86,24178.42,451.07,54.9,0
SHP007475,FedEx,LTL,Road,New York,Dallas,8/21/2025 4:15,715.17,3.98,7799.46,130.4,119.19,0
SHP007476,C.H. Robinson,0,Rail,Boston,Tampa,6/14/2025 20:23,1523.57,3.93,7438.4,175.71,45.71,0
SHP007477,J.B. Hunt,LTL,Road,Miami,Chicago,7/26/2025 5:46,333.05,1.57,2933.25,91.28,0,499.58
SHP007478,XPO Logistics,0,Air,San Francisco,Miami,7/12/2025 23:37,2102.79,2.53,26113.45,172.52,210.28,0
SHP007479,Old Dominion,0,Ocean,New York,Boston,5/24/2025 14:41,6273,4.85,23059.9,138.45,1254.6,0
SHP007480,Old Dominion,0,Air,Tampa,Atlanta,12/10/2025 0:22,1724.55,1.63,31725.21,445.74,172.46,0
SHP007481,FedEx,LTL,Road,Boston,San Francisco,6/7/2025 8:03,903.97,1.26,2857.44,459.76,150.66,0
SHP007482,J.B. Hunt,0,Rail,Boston,Miami,5/14/2025 16:38,899.55,7.59,16001.84,475.94,26.99,0
SHP007483,XPO Logistics,0,Rail,San Francisco,Chicago,4/29/2025 14:38,1681.18,5.62,848.67,200.77,50.44,0
SHP007484,C.H. Robinson,0,Ocean,Miami,Dallas,1/27/2025 9:19,7334.26,21.47,7901.82,200.19,1466.85,0
SHP007485,C.H. Robinson,0,Ocean,New York,Tampa,10/3/2025 16:04,6766.32,14.71,33968.32,413.46,1353.26,0
SHP007486,Old Dominion,LTL,Road,Boston,Atlanta,4/23/2025 9:52,1093.6,0.92,1580.37,42.32,182.27,0
SHP007487,J.B. Hunt,0,Ocean,San Francisco,Atlanta,8/2/2025 14:33,7514.52,12.45,3040.85,161.44,1502.9,0
SHP007488,UPS,0,Air,Chicago,San Francisco,5/1/2025 22:15,1248.81,3.33,29551.34,345,124.88,0
SHP007489,XPO Logistics,FTL,Road,Miami,Dallas,5/26/2025 3:52,75.14,5.49,9014.43,314.9,12.52,0
SHP007490,Old Dominion,0,Air,San Francisco,Miami,11/21/2025 11:21,466.91,0.79,878.3,283.4,46.69,0
SHP007491,FedEx,0,Ocean,Tampa,Miami,8/24/2025 19:50,5220.35,3.11,11974.15,425.88,1044.07,0
SHP007492,Schneider,0,Ocean,Boston,Atlanta,1/29/2025 9:40,1259.81,6.76,17263.45,421.29,251.96,0
SHP007493,XPO Logistics,0,Air,Dallas,Tampa,1/11/2025 2:31,988.09,3.99,14532.84,193.84,98.81,0
SHP007494,UPS,FTL,Road,New York,Chicago,6/29/2025 18:11,190.42,4.16,10116.87,314.8,31.74,0
SHP007495,J.B. Hunt,0,Rail,Atlanta,Dallas,8/18/2025 22:08,557.05,3.72,34338.55,369.71,16.71,0
SHP007496,UPS,FTL,Road,Atlanta,Chicago,11/17/2025 5:20,227.78,3.74,25331.31,46.19,37.96,0
SHP007497,C.H. Robinson,0,Ocean,Boston,Chicago,11/21/2025 17:22,3993.54,7.73,18951.64,388.76,798.71,0
SHP007498,DHL,0,Air,Chicago,Miami,7/26/2025 9:58,727.3,0.93,11138,476.19,72.73,0
SHP007499,DHL,0,Air,Dallas,San Francisco,6/7/2025 4:32,2319.13,0.57,16339.69,129.44,231.91,0
SHP007500,UPS,0,Rail,Tampa,Chicago,3/7/2025 1:17,1221.03,4.22,38597.69,110.27,36.63,0
SHP007501,Schneider,FTL,Road,San Francisco,Atlanta,8/23/2025 5:24,726.03,4.28,33109.8,204.08,121,0
SHP007502,J.B. Hunt,0,Rail,Tampa,Boston,12/18/2025 3:46,1299.08,3.12,17701.31,447.92,38.97,0
SHP007503,XPO Logistics,0,Ocean,Miami,Tampa,11/15/2025 13:28,7624.31,17.81,15286.9,410.21,1524.86,0
SHP007504,XPO Logistics,0,Ocean,Chicago,Dallas,1/18/2025 1:36,694,4.26,26624.26,146.33,138.8,0
SHP007505,XPO Logistics,0,Rail,New York,Miami,10/21/2025 10:24,1722.22,4.05,17459.91,339.36,51.67,0
SHP007506,Schneider,0,Rail,Tampa,Dallas,1/1/2025 13:46,1428.11,4.33,8953.04,386.88,42.84,0
SHP007507,J.B. Hunt,FTL,Road,Miami,Atlanta,6/21/2025 17:33,418.4,1.26,25449.79,46.14,0,627.6
SHP007508,J.B. Hunt,0,Air,Atlanta,New York,4/22/2025 12:16,2922.65,2.71,39442.87,170.11,292.27,0
SHP007509,C.H. Robinson,LTL,Road,Tampa,Boston,12/13/2025 5:02,1166.89,1.09,550.84,17.46,0,1750.34
SHP007510,C.H. Robinson,0,Ocean,Miami,Atlanta,1/18/2025 9:03,3986.53,3.83,20730.63,164.42,797.31,0
SHP007511,Old Dominion,0,Rail,Dallas,New York,2/19/2025 11:07,737.01,5.45,6942.37,383.51,22.11,0
SHP007512,DHL,0,Air,New York,Atlanta,7/12/2025 15:37,1871.48,3.7,14911.21,491.37,187.15,0
SHP007513,XPO Logistics,0,Ocean,Tampa,Dallas,9/25/2025 13:22,4818.71,23.41,1568.9,364.26,963.74,0
SHP007514,FedEx,FTL,Road,Dallas,Chicago,4/2/2025 1:31,989.11,0.56,23369.3,401.17,164.85,0
SHP007515,Old Dominion,0,Air,Dallas,Tampa,12/17/2025 1:59,1814.8,0.72,27891.17,31.24,181.48,0
SHP007516,J.B. Hunt,0,Ocean,Chicago,New York,3/15/2025 17:29,6631.02,2.95,5927.2,138.28,1326.2,0
SHP007517,J.B. Hunt,0,Air,Dallas,Miami,7/24/2025 15:59,2010.08,3.92,5154,72.21,201.01,0
SHP007518,C.H. Robinson,0,Rail,Miami,Tampa,2/12/2025 15:49,790.19,6.85,18955.62,161.48,23.71,0
SHP007519,UPS,0,Ocean,Boston,New York,9/15/2025 16:03,4709.03,7.73,16345.82,166.97,941.81,0
SHP007520,DHL,LTL,Road,Dallas,Tampa,3/30/2025 21:59,974.76,5.56,7631.79,220.1,162.46,0
SHP007521,Old Dominion,0,Rail,Dallas,Chicago,3/26/2025 4:13,1006.94,1.88,30001.16,298.64,30.21,0
SHP007522,FedEx,0,Ocean,Atlanta,Tampa,5/19/2025 9:50,7268.3,6.41,30509.18,342.65,1453.66,0
SHP007523,C.H. Robinson,0,Ocean,Dallas,Miami,4/6/2025 8:17,2493.84,16.68,37012.75,459.3,498.77,0
SHP007524,DHL,0,Air,Miami,Tampa,5/23/2025 3:59,2242.99,0.67,34954.44,329.23,224.3,0
SHP007525,J.B. Hunt,0,Ocean,New York,San Francisco,7/7/2025 10:40,2828.26,6.12,5090.05,26.07,565.65,0
SHP007526,Old Dominion,0,Rail,Boston,San Francisco,5/7/2025 6:42,1406.57,2.65,1457.99,199.24,42.2,0
SHP007527,FedEx,LTL,Road,New York,Dallas,2/9/2025 23:24,605,1.22,583.88,95.37,100.83,0
SHP007528,DHL,0,Air,Boston,Atlanta,7/14/2025 2:03,2133.58,0.79,22423.96,74.06,213.36,0
SHP007529,FedEx,0,Ocean,Atlanta,Chicago,5/31/2025 2:37,1967.67,10.65,4482.6,87.43,393.53,0
SHP007530,C.H. Robinson,0,Air,Dallas,San Francisco,8/27/2025 1:10,1242.17,1.65,30096.22,38.32,124.22,0
SHP007531,C.H. Robinson,0,Ocean,Tampa,Dallas,1/6/2025 6:20,6953.38,19.96,30756.67,155.38,1390.68,0
SHP007532,J.B. Hunt,0,Rail,Dallas,San Francisco,4/6/2025 8:25,1516.61,2.28,5414.16,23.43,45.5,0
SHP007533,Schneider,0,Air,Miami,Tampa,5/31/2025 17:48,2836.14,1.58,36745.91,137.03,283.61,0
SHP007534,DHL,LTL,Road,Tampa,San Francisco,7/21/2025 23:15,1093.7,5.45,9248.21,248.58,182.28,0
SHP007535,UPS,0,Rail,Miami,Dallas,11/6/2025 2:48,1585.51,7.66,13322.37,210.02,47.57,0
SHP007536,Old Dominion,FTL,Road,Atlanta,Tampa,11/5/2025 22:10,877.13,1.98,30275.47,37.87,0,1315.69
SHP007537,DHL,0,Rail,New York,San Francisco,11/2/2025 9:08,1037.6,1.86,12086.28,130.05,31.13,0
SHP007538,UPS,0,Rail,Chicago,Dallas,5/7/2025 17:16,1542.29,2.35,32433.69,397.19,46.27,0
SHP007539,Old Dominion,0,Ocean,Atlanta,Boston,9/2/2025 12:05,4241.62,7.14,9462.41,233,848.32,0
SHP007540,J.B. Hunt,0,Ocean,Atlanta,Miami,9/6/2025 5:10,566.07,13.69,38134.79,78.2,113.21,0
SHP007541,XPO Logistics,0,Air,Dallas,San Francisco,8/10/2025 0:31,1848.03,3.87,34490.62,425.34,184.8,0
SHP007542,XPO Logistics,0,Rail,San Francisco,Tampa,9/21/2025 6:46,1514.96,3.16,35679.36,470.73,45.45,0
SHP007543,DHL,0,Ocean,Dallas,San Francisco,11/22/2025 3:22,4218.44,9.8,16862.05,167.77,843.69,0
SHP007544,FedEx,0,Ocean,Miami,San Francisco,7/27/2025 12:41,2093.14,15.61,22722.58,231.83,418.63,0
SHP007545,DHL,FTL,Road,Atlanta,Dallas,1/27/2025 0:03,160.22,4.83,7409.88,58.17,26.7,0
SHP007546,C.H. Robinson,0,Rail,Boston,Chicago,1/7/2025 19:12,1196.91,3.79,2862.43,178.43,35.91,0
SHP007547,XPO Logistics,FTL,Road,Boston,Miami,3/21/2025 17:02,937.55,3.79,14830.05,96.71,0,1406.32
SHP007548,UPS,0,Rail,Boston,Miami,2/14/2025 8:09,1210.87,7.21,26027.77,406.64,36.33,0
SHP007549,XPO Logistics,0,Rail,Boston,Chicago,8/19/2025 5:31,1034.44,6.03,35900.96,386.82,31.03,0
SHP007550,J.B. Hunt,0,Rail,Chicago,Miami,7/28/2025 23:45,1655.77,4.02,36216.7,311.16,49.67,0
SHP007551,DHL,0,Air,San Francisco,New York,9/13/2025 13:47,2649.13,0.64,26485.17,424.14,264.91,0
SHP007552,DHL,0,Rail,Dallas,San Francisco,10/21/2025 16:13,478.72,5.63,33085.71,144.69,14.36,0
SHP007553,UPS,0,Air,Tampa,Miami,8/30/2025 5:51,1394.17,2.49,21007.12,20.56,139.42,0
SHP007554,UPS,0,Air,New York,Miami,12/8/2025 13:58,566.41,0.85,10859.58,123.69,56.64,0
SHP007555,DHL,LTL,Road,Tampa,Dallas,4/17/2025 7:25,903.56,3.54,7675.16,35.88,0,1355.34
SHP007556,DHL,0,Ocean,Chicago,Dallas,6/4/2025 10:53,4139.11,9.12,34072.6,354.19,827.82,0
SHP007557,C.H. Robinson,0,Rail,Boston,Chicago,11/5/2025 8:08,1590.81,1.32,28972.53,270.46,47.72,0
SHP007558,Old Dominion,0,Ocean,Dallas,Boston,3/10/2025 22:45,6687.5,13.16,21838.26,26.83,1337.5,0
SHP007559,XPO Logistics,0,Rail,Chicago,New York,2/22/2025 10:22,1269.64,2.91,1277.91,34.15,38.09,0
SHP007560,XPO Logistics,0,Rail,Atlanta,Tampa,2/19/2025 12:39,1731.66,3.42,34788.99,479.88,51.95,0
SHP007561,C.H. Robinson,0,Rail,Boston,Chicago,7/5/2025 3:05,1709.23,7.17,35846.33,145.22,51.28,0
SHP007562,DHL,0,Air,New York,San Francisco,1/3/2025 17:25,708.97,2.74,19780.17,50.27,70.9,0
SHP007563,C.H. Robinson,0,Air,Atlanta,Tampa,4/26/2025 6:37,2129.36,2.47,34591.16,304.98,212.94,0
SHP007564,DHL,0,Ocean,Tampa,Miami,6/24/2025 14:20,4804.6,11.7,18780.09,477.24,960.92,0
SHP007565,UPS,0,Ocean,Miami,Atlanta,6/6/2025 15:04,1538.35,11.82,26405.18,217.07,307.67,0
SHP007566,UPS,LTL,Road,Chicago,Miami,3/21/2025 6:47,375.7,1.9,2451.51,172.61,0,563.55
SHP007567,XPO Logistics,FTL,Road,Miami,Chicago,1/28/2025 13:59,1052.43,3.16,9989.43,192.88,175.41,0
SHP007568,C.H. Robinson,0,Ocean,Atlanta,Boston,2/2/2025 12:29,1293.73,21.89,16623.81,490.22,258.75,0
SHP007569,C.H. Robinson,0,Air,Atlanta,San Francisco,11/13/2025 18:04,1238.35,3.43,10627.22,39,123.83,0
SHP007570,DHL,0,Ocean,Boston,Dallas,2/1/2025 23:11,738,15.34,12807.16,222.32,147.6,0
SHP007571,Schneider,0,Rail,Miami,Chicago,6/6/2025 18:45,1509.84,2.74,12691.77,422.82,45.3,0
SHP007572,J.B. Hunt,FTL,Road,Dallas,San Francisco,5/18/2025 6:56,616.68,5.01,15291.8,199.79,102.78,0
SHP007573,C.H. Robinson,0,Rail,San Francisco,Atlanta,2/23/2025 13:09,467.42,7.41,35922.96,492.12,14.02,0
SHP007574,J.B. Hunt,0,Rail,New York,San Francisco,8/28/2025 15:48,843.92,6.73,16890.67,227.7,25.32,0
SHP007575,DHL,0,Air,Chicago,New York,3/16/2025 3:54,2541,1.12,9202.28,158.05,254.1,0
SHP007576,Old Dominion,0,Air,Chicago,Miami,2/25/2025 22:50,2428.08,1.8,14647.64,499.41,242.81,0
SHP007577,XPO Logistics,0,Rail,New York,Miami,12/16/2025 18:01,814.09,2.73,25116.94,401.14,24.42,0
SHP007578,UPS,0,Air,Boston,New York,2/23/2025 14:20,487.94,2.67,1911.55,263.64,48.79,0
SHP007579,XPO Logistics,LTL,Road,Atlanta,San Francisco,10/14/2025 10:00,345.54,2.01,4750.9,463.63,57.59,0
SHP007580,Schneider,0,Rail,Chicago,San Francisco,2/21/2025 0:19,1337.07,7.56,26568.85,4.55,40.11,0
SHP007581,C.H. Robinson,0,Rail,Atlanta,Tampa,4/22/2025 10:41,624.94,7.34,25916.1,490.84,18.75,0
SHP007582,UPS,0,Rail,San Francisco,New York,2/3/2025 22:28,449.54,3.08,14813.52,163.95,13.49,0
SHP007583,UPS,FTL,Road,Dallas,Boston,6/28/2025 8:28,339.79,2.8,25870.78,156.32,0,509.69
SHP007584,DHL,0,Air,San Francisco,Boston,4/19/2025 7:59,515.19,2.98,18631.15,278.68,51.52,0
SHP007585,DHL,0,Air,San Francisco,Tampa,9/6/2025 13:34,1529.58,3.62,22570.43,461.72,152.96,0
SHP007586,J.B. Hunt,0,Rail,Tampa,San Francisco,10/4/2025 4:36,1016.92,3.05,14539.98,261.54,30.51,0
SHP007587,Old Dominion,0,Air,Tampa,Chicago,9/20/2025 9:22,1730.97,2.91,9367.55,329.76,173.1,0
SHP007588,C.H. Robinson,FTL,Road,New York,Boston,11/26/2025 16:05,945.38,4.14,19532.21,495.85,157.56,0
SHP007589,UPS,0,Rail,Atlanta,Chicago,11/2/2025 19:12,847.7,1.75,32949.42,106.89,25.43,0
SHP007590,XPO Logistics,0,Air,Atlanta,New York,8/3/2025 10:06,2225.87,1.13,1166.66,80.74,222.59,0
SHP007591,J.B. Hunt,0,Rail,Miami,Tampa,4/25/2025 13:29,803.18,1.75,8308.32,382.55,24.1,0
SHP007592,FedEx,0,Ocean,New York,San Francisco,2/21/2025 13:52,6274.13,19.98,33725.63,210.8,1254.83,0
SHP007593,FedEx,0,Air,San Francisco,New York,4/26/2025 14:43,2642.38,2.34,19088.59,359.55,264.24,0
SHP007594,Old Dominion,0,Ocean,Dallas,San Francisco,8/29/2025 2:08,2103.64,19.37,17463.9,64.52,420.73,0
SHP007595,Schneider,0,Air,Boston,Tampa,8/2/2025 19:48,622.14,1.08,35677.62,495.48,62.21,0
SHP007596,J.B. Hunt,0,Rail,New York,Chicago,2/25/2025 14:50,771.16,3.05,9141.45,412.08,23.13,0
SHP007597,FedEx,FTL,Road,Boston,New York,8/7/2025 14:09,290.59,5.56,26860.34,448.67,48.43,0
SHP007598,XPO Logistics,0,Air,New York,Atlanta,8/9/2025 5:39,1795.83,2.92,24968.59,415.77,179.58,0
SHP007599,C.H. Robinson,LTL,Road,Miami,Dallas,11/20/2025 14:20,1011.24,3.64,6380.2,461.02,168.54,0
SHP007600,DHL,0,Air,Boston,Chicago,1/8/2025 3:38,2810.64,2.82,806.29,53.1,281.06,0
SHP007601,Schneider,0,Air,Atlanta,New York,3/3/2025 14:21,2616.44,0.8,8934.01,116.04,261.64,0
SHP007602,XPO Logistics,FTL,Road,Miami,Boston,2/27/2025 9:45,740.27,3.57,11931.99,104.6,0,1110.4
SHP007603,C.H. Robinson,0,Air,Tampa,Chicago,11/5/2025 14:08,2364.24,3.77,2585.82,67.46,236.42,0
SHP007604,FedEx,0,Ocean,Atlanta,Chicago,6/26/2025 14:26,5316.23,19.7,31751.95,360.12,1063.25,0
SHP007605,FedEx,0,Air,New York,Dallas,3/8/2025 11:59,2696.06,1.26,4737.99,308.07,269.61,0
SHP007606,FedEx,0,Air,Miami,New York,7/29/2025 21:46,2520.14,2.54,38538.4,397.99,252.01,0
SHP007607,DHL,0,Rail,Atlanta,Miami,6/14/2025 5:32,1321.27,1.42,4755.82,392.63,39.64,0
SHP007608,C.H. Robinson,0,Rail,New York,Chicago,3/18/2025 19:39,517.18,1.2,36475.05,445.51,15.52,0
SHP007609,Schneider,0,Ocean,Dallas,Boston,6/8/2025 6:59,2138.63,19.16,2395.2,143.24,427.73,0
SHP007610,Old Dominion,0,Air,New York,Boston,11/7/2025 14:56,1983.9,3.17,910.77,163.78,198.39,0
SHP007611,C.H. Robinson,0,Ocean,Dallas,Atlanta,7/5/2025 16:59,2107.59,23.97,27003.8,203.43,421.52,0
SHP007612,J.B. Hunt,0,Rail,Chicago,Dallas,12/31/2025 20:44,321.04,5.19,25847.21,408.39,9.63,0
SHP007613,C.H. Robinson,0,Rail,Boston,Atlanta,7/28/2025 6:26,661.72,7.87,17858.9,148.68,19.85,0
SHP007614,UPS,0,Rail,Boston,Tampa,2/9/2025 14:51,757.52,4.64,37499.71,367.84,22.73,0
SHP007615,Schneider,0,Ocean,Atlanta,Boston,4/19/2025 20:21,4828.32,5.58,6399.46,251.6,965.66,0
SHP007616,FedEx,0,Air,Dallas,Atlanta,5/18/2025 11:51,2267.51,3.13,9423.62,50.95,226.75,0
SHP007617,J.B. Hunt,0,Ocean,Atlanta,San Francisco,12/3/2025 4:38,3383.46,22.2,22042.01,160.73,676.69,0
SHP007618,Old Dominion,0,Ocean,Dallas,Boston,2/1/2025 19:36,2927.28,4.91,19192.34,395.89,585.46,0
SHP007619,UPS,0,Rail,Atlanta,Chicago,12/22/2025 20:17,1749.69,4.51,7104.99,341.79,52.49,0
SHP007620,XPO Logistics,0,Ocean,Dallas,Miami,11/12/2025 9:58,6175.94,3.58,34080.5,414.83,1235.19,0
SHP007621,J.B. Hunt,FTL,Road,New York,Dallas,2/6/2025 11:16,593.42,3.47,28679.62,338.7,0,890.13
SHP007622,Schneider,FTL,Road,Boston,Miami,6/9/2025 4:35,69.02,0.95,6922.33,378.08,11.5,0
SHP007623,Schneider,0,Ocean,San Francisco,Tampa,6/8/2025 0:49,3800.63,14,31021.15,171.15,760.13,0
SHP007624,FedEx,0,Rail,Boston,Atlanta,12/20/2025 14:59,1398.22,4.1,15398.62,167.19,41.95,0
SHP007625,XPO Logistics,0,Rail,Atlanta,Chicago,8/25/2025 13:24,1743.91,6.4,1297.74,478.75,52.32,0
SHP007626,FedEx,FTL,Road,Boston,San Francisco,9/8/2025 10:04,941.76,1.11,3515.36,154.79,156.96,0
SHP007627,J.B. Hunt,FTL,Road,Atlanta,Boston,2/20/2025 19:54,767.81,3.8,11396.08,223.39,127.97,0
SHP007628,C.H. Robinson,FTL,Road,Chicago,Boston,4/27/2025 8:51,293.67,0.54,20920.33,174.15,48.95,0
SHP007629,DHL,FTL,Road,Tampa,Dallas,2/2/2025 15:03,674.31,5.69,6163.13,1.98,0,1011.46
SHP007630,Schneider,0,Rail,Chicago,Tampa,10/28/2025 4:52,323.01,4.24,28423.82,290.8,9.69,0
SHP007631,UPS,LTL,Road,Tampa,New York,12/19/2025 11:02,619.13,2.29,3203.25,188.77,0,928.69
SHP007632,FedEx,FTL,Road,Boston,Chicago,8/17/2025 5:39,753.38,1.21,30968.8,288.05,125.56,0
SHP007633,XPO Logistics,0,Air,Atlanta,Chicago,3/6/2025 7:30,1026.72,2.25,38529.76,11.23,102.67,0
SHP007634,J.B. Hunt,FTL,Road,Boston,Chicago,5/30/2025 10:24,279.45,2.83,25718.37,106.9,46.57,0
SHP007635,XPO Logistics,0,Air,Chicago,Boston,7/15/2025 7:12,2814.79,2.75,35158.56,165.33,281.48,0
SHP007636,FedEx,0,Rail,San Francisco,Miami,8/1/2025 10:04,1526.33,3.65,10483.7,455.92,45.79,0
SHP007637,DHL,0,Rail,San Francisco,Atlanta,4/13/2025 1:35,347.55,7.6,18611.35,496.32,10.43,0
SHP007638,FedEx,0,Air,New York,Chicago,1/22/2025 3:27,1756.91,3.15,779.31,248.84,175.69,0
SHP007639,XPO Logistics,0,Ocean,San Francisco,Miami,5/15/2025 18:02,6030.9,19.22,6742.92,210.07,1206.18,0
SHP007640,Old Dominion,0,Air,Dallas,Boston,5/29/2025 3:31,1431.49,0.86,18000.3,403.74,143.15,0
SHP007641,FedEx,0,Rail,Dallas,Chicago,12/18/2025 20:14,680.29,4.03,38457.87,16.82,20.41,0
SHP007642,DHL,0,Ocean,New York,Atlanta,3/19/2025 3:40,4936.41,18.36,30554.86,358.25,987.28,0
SHP007643,UPS,FTL,Road,Tampa,San Francisco,10/19/2025 5:14,885.42,0.59,21598.4,391.7,147.57,0
SHP007644,UPS,0,Ocean,Boston,Atlanta,12/7/2025 16:07,1205.49,2.27,32675.19,356.43,241.1,0
SHP007645,C.H. Robinson,LTL,Road,Chicago,Boston,10/5/2025 17:15,524.04,5.66,7700.99,483.96,87.34,0
SHP007646,Schneider,0,Ocean,Tampa,Boston,12/12/2025 4:51,7469.86,12.59,30311,334.93,1493.97,0
SHP007647,J.B. Hunt,0,Ocean,Atlanta,New York,7/3/2025 13:19,6585.84,19.33,6552.66,117.63,1317.17,0
SHP007648,C.H. Robinson,LTL,Road,Dallas,Chicago,8/20/2025 22:11,355.59,4.96,8135.81,248.17,59.26,0
SHP007649,DHL,0,Rail,Miami,New York,6/6/2025 0:42,1129.33,6.79,12847.45,26.04,33.88,0
SHP007650,UPS,0,Rail,San Francisco,Atlanta,3/15/2025 1:14,972.15,7.4,31723.5,183.94,29.16,0
SHP007651,FedEx,0,Ocean,Atlanta,San Francisco,2/8/2025 8:20,985.79,16.01,33462.39,332.81,197.16,0
SHP007652,C.H. Robinson,LTL,Road,Dallas,Atlanta,9/3/2025 4:33,538.84,0.96,9121.13,138.7,89.81,0
SHP007653,UPS,0,Rail,Atlanta,New York,10/23/2025 20:50,558.86,6.71,39258.19,330.42,16.77,0
SHP007654,C.H. Robinson,FTL,Road,Boston,New York,9/24/2025 5:28,768.53,2.09,1306.33,96.71,128.09,0
SHP007655,FedEx,0,Air,Dallas,Boston,6/1/2025 17:42,1877.96,1.03,35411.51,94.88,187.8,0
SHP007656,DHL,0,Rail,San Francisco,Atlanta,7/19/2025 12:33,1035.37,4.58,24355.85,164.39,31.06,0
SHP007657,DHL,0,Rail,Atlanta,San Francisco,6/26/2025 23:21,1597.65,4.11,28156.07,318.32,47.93,0
SHP007658,Schneider,LTL,Road,Tampa,Miami,11/21/2025 22:57,184.73,3.83,5574.42,449.4,30.79,0
SHP007659,J.B. Hunt,0,Air,San Francisco,Boston,6/7/2025 17:54,2678.37,1.03,3726.56,148,267.84,0
SHP007660,Schneider,0,Ocean,Chicago,Tampa,8/17/2025 8:03,7899.6,2.47,27079.24,304.65,1579.92,0
SHP007661,Old Dominion,FTL,Road,Tampa,Chicago,3/29/2025 3:46,793.57,1.51,9455.34,215.89,132.26,0
SHP007662,Schneider,0,Ocean,Atlanta,San Francisco,11/10/2025 1:08,1218.93,3.64,3990.2,286.92,243.79,0
SHP007663,DHL,0,Air,Dallas,Atlanta,2/8/2025 0:13,1373.9,1.53,12974.87,104.43,137.39,0
SHP007664,UPS,FTL,Road,New York,Miami,11/24/2025 15:08,523.23,1.42,28072.82,62.84,0,784.85
SHP007665,UPS,LTL,Road,Boston,New York,8/18/2025 10:22,1140.48,0.77,9443.09,416.81,190.08,0
SHP007666,FedEx,0,Rail,Miami,New York,8/26/2025 1:41,1289.14,7.39,5999.14,88.98,38.67,0
SHP007667,XPO Logistics,0,Ocean,Miami,Boston,12/2/2025 23:13,2391.14,7.39,12778.51,288.24,478.23,0
SHP007668,DHL,LTL,Road,Chicago,Dallas,7/18/2025 13:27,82.4,2.45,2576.89,303.71,0,123.6
SHP007669,J.B. Hunt,LTL,Road,Boston,Chicago,2/20/2025 6:13,1182.94,3.23,4343,184.75,197.16,0
SHP007670,Schneider,0,Air,Atlanta,San Francisco,4/1/2025 20:39,2419.36,0.75,38410.94,209.54,241.94,0
SHP007671,DHL,0,Ocean,Atlanta,Dallas,3/23/2025 2:37,2852.76,23.43,37467.22,321.33,570.55,0
SHP007672,J.B. Hunt,0,Air,Tampa,Atlanta,10/18/2025 9:55,349.97,3.12,13754.52,194.75,35,0
SHP007673,XPO Logistics,FTL,Road,Boston,Chicago,8/13/2025 13:54,232.55,3.26,29909.83,137.23,38.76,0
SHP007674,Schneider,0,Ocean,Chicago,Dallas,8/2/2025 9:49,7540.5,6.28,3117.36,322.54,1508.1,0
SHP007675,Schneider,0,Ocean,San Francisco,Dallas,8/12/2025 13:37,6869.89,22.97,30803.25,100.63,1373.98,0
SHP007676,C.H. Robinson,0,Air,Boston,Dallas,1/3/2025 10:07,2939.69,3.72,6945.11,279.83,293.97,0
SHP007677,C.H. Robinson,0,Air,Tampa,San Francisco,8/26/2025 19:46,1799.9,2.05,39379.11,30.75,179.99,0
SHP007678,FedEx,0,Air,Atlanta,Tampa,2/20/2025 11:37,1993.46,1.22,21329.58,390.09,199.35,0
SHP007679,Old Dominion,0,Air,Chicago,Boston,6/19/2025 13:32,966.16,1.88,38055.34,380.98,96.62,0
SHP007680,Schneider,FTL,Road,Chicago,San Francisco,11/9/2025 15:39,708.63,1.53,17299.56,387.26,118.11,0
SHP007681,C.H. Robinson,LTL,Road,San Francisco,Miami,1/4/2025 22:40,993.62,1.66,6671.29,48.41,165.6,0
SHP007682,J.B. Hunt,0,Rail,Chicago,Atlanta,7/10/2025 1:45,237.14,4.84,9363,40.38,7.11,0
SHP007683,DHL,FTL,Road,Chicago,Boston,1/1/2025 20:40,889.3,3.11,31952.94,332.31,148.22,0
SHP007684,FedEx,LTL,Road,Chicago,Dallas,4/5/2025 7:35,889.28,2.02,2743.27,300.84,0,1333.92
SHP007685,DHL,0,Rail,San Francisco,Chicago,12/25/2025 12:56,520.13,6.71,21155.35,114.27,15.6,0
SHP007686,J.B. Hunt,0,Ocean,Miami,New York,6/15/2025 23:06,5188.76,22.79,3742.74,55.56,1037.75,0
SHP007687,Schneider,0,Ocean,San Francisco,Atlanta,8/30/2025 20:05,6828.79,4.41,2055.33,174.62,1365.76,0
SHP007688,Schneider,LTL,Road,Atlanta,Chicago,10/14/2025 19:15,586.71,3.52,5146.91,456.68,97.79,0
SHP007689,UPS,0,Rail,Dallas,Chicago,9/14/2025 21:18,1429.87,7.89,19319.99,43.08,42.9,0
SHP007690,Schneider,0,Ocean,Atlanta,New York,6/28/2025 20:41,7666.48,2.09,31155.79,16.61,1533.3,0
SHP007691,Schneider,0,Rail,Chicago,Atlanta,8/31/2025 20:43,1417.94,7.57,15875.78,121.24,42.54,0
SHP007692,Old Dominion,LTL,Road,Tampa,Atlanta,2/3/2025 17:05,310.22,3.08,1833.24,336.79,51.7,0
SHP007693,J.B. Hunt,0,Air,Boston,New York,2/2/2025 3:05,1294.55,1.63,18720.78,271.75,129.46,0
SHP007694,UPS,0,Ocean,Dallas,New York,8/5/2025 0:36,1564.48,17.57,35376.41,139.72,312.9,0
SHP007695,C.H. Robinson,FTL,Road,Tampa,Dallas,6/14/2025 19:48,257.45,4.62,7749.9,21.59,42.91,0
SHP007696,Old Dominion,FTL,Road,San Francisco,Tampa,12/27/2025 11:39,762.13,1.63,7286.51,490.82,0,1143.19
SHP007697,J.B. Hunt,0,Air,Dallas,Chicago,12/11/2025 9:22,1088.04,3.66,7539.64,409.67,108.8,0
SHP007698,J.B. Hunt,0,Rail,New York,Tampa,6/3/2025 5:01,1003.23,1.55,29477.41,446.14,30.1,0
SHP007699,Old Dominion,LTL,Road,Miami,Chicago,1/19/2025 14:35,237.47,4.42,4533.77,377.18,39.58,0
SHP007700,J.B. Hunt,0,Rail,Atlanta,Chicago,1/18/2025 22:23,1342.28,1.19,7559.48,236.04,40.27,0
SHP007701,Old Dominion,FTL,Road,New York,Atlanta,4/15/2025 14:23,1123.63,2.22,25340.5,7.03,0,1685.45
SHP007702,FedEx,0,Ocean,Tampa,Boston,8/15/2025 18:24,5833.45,15.27,28758.09,452.43,1166.69,0
SHP007703,UPS,0,Ocean,New York,Miami,8/5/2025 18:17,1598.74,7.75,39833.35,78.99,319.75,0
SHP007704,J.B. Hunt,0,Rail,Atlanta,Boston,2/21/2025 5:52,1353,6.08,27478.25,114.49,40.59,0
SHP007705,Schneider,0,Rail,Miami,Boston,11/4/2025 10:49,544.21,5.66,7856.88,331.12,16.33,0
SHP007706,C.H. Robinson,0,Air,Chicago,San Francisco,8/26/2025 23:03,1629.83,1.85,12359.18,473.84,162.98,0
SHP007707,Schneider,0,Rail,Chicago,San Francisco,11/3/2025 21:07,1012.95,4.93,37995.62,327.28,30.39,0
SHP007708,FedEx,0,Ocean,San Francisco,Atlanta,1/15/2025 13:56,7683.9,4.34,33942.27,168.37,1536.78,0
SHP007709,DHL,0,Rail,Boston,Dallas,3/5/2025 0:00,1496.78,6.99,11223.77,205.01,44.9,0
SHP007710,FedEx,0,Rail,Atlanta,Boston,2/9/2025 21:08,1361.62,1.69,30343.57,56.13,40.85,0
SHP007711,UPS,0,Air,Atlanta,San Francisco,12/29/2025 12:37,2769.03,1.47,23236.17,59.46,276.9,0
SHP007712,J.B. Hunt,0,Air,Boston,New York,12/27/2025 8:38,1027.63,1.91,19738.43,1.03,102.76,0
SHP007713,XPO Logistics,0,Rail,Atlanta,Miami,12/5/2025 13:12,1621.85,1.05,31060.54,235.82,48.66,0
SHP007714,J.B. Hunt,0,Ocean,Atlanta,San Francisco,9/20/2025 22:46,4429.1,6.58,24491.05,269.08,885.82,0
SHP007715,UPS,LTL,Road,Boston,Atlanta,1/2/2025 3:35,238.87,1.62,809,34.08,39.81,0
SHP007716,DHL,LTL,Road,Dallas,New York,11/9/2025 10:56,65.84,1.52,6844.66,158.79,10.97,0
SHP007717,J.B. Hunt,0,Rail,Dallas,Tampa,5/17/2025 7:10,748.37,1.92,23231.09,171.73,22.45,0
SHP007718,Old Dominion,FTL,Road,Tampa,Miami,2/20/2025 4:31,827.76,4.51,23595.37,138.76,137.96,0
SHP007719,FedEx,0,Ocean,Dallas,New York,9/19/2025 15:48,4314.56,7.54,36165.06,383.43,862.91,0
SHP007720,FedEx,LTL,Road,Chicago,New York,9/17/2025 4:11,616.96,5.8,5535.54,164.94,102.83,0
SHP007721,XPO Logistics,0,Air,San Francisco,Atlanta,5/31/2025 21:52,557.76,2.4,34486.46,433.49,55.78,0
SHP007722,UPS,0,Air,New York,Atlanta,9/9/2025 16:49,1932.33,1.88,26186.7,381.31,193.23,0
SHP007723,FedEx,0,Ocean,San Francisco,Atlanta,6/30/2025 15:07,3587.19,12.48,27384.34,438.45,717.44,0
SHP007724,FedEx,0,Air,Chicago,Miami,6/24/2025 19:37,2435.73,0.58,5412.71,426.54,243.57,0
SHP007725,UPS,LTL,Road,San Francisco,New York,2/19/2025 15:02,1008.9,2.49,5905.14,453.02,0,1513.35
SHP007726,J.B. Hunt,0,Rail,New York,Chicago,9/11/2025 15:43,1658.49,6.48,8778.76,365.41,49.75,0
SHP007727,Schneider,0,Rail,San Francisco,Tampa,4/25/2025 1:53,361.76,7.26,6391.38,331.51,10.85,0
SHP007728,Old Dominion,0,Ocean,Chicago,Dallas,12/29/2025 20:05,5076.82,19.09,22287.31,30.72,1015.36,0
SHP007729,XPO Logistics,0,Rail,Dallas,New York,6/27/2025 16:07,1329.35,3.68,13151.26,495.85,39.88,0
SHP007730,Schneider,0,Ocean,Chicago,Boston,3/25/2025 1:05,4928,17.64,21289.88,385.22,985.6,0
SHP007731,J.B. Hunt,0,Rail,Boston,San Francisco,8/3/2025 17:23,1403.32,5.6,39910.85,230.44,42.1,0
SHP007732,FedEx,0,Ocean,Chicago,Tampa,2/17/2025 12:28,5796.44,19.55,15353.37,229.13,1159.29,0
SHP007733,FedEx,FTL,Road,Chicago,Tampa,2/24/2025 4:17,1164.54,0.44,13744.18,243.62,194.09,0
SHP007734,Schneider,0,Ocean,Miami,Dallas,5/26/2025 23:40,510.99,21.78,11806.65,129.59,102.2,0
SHP007735,XPO Logistics,0,Rail,Miami,New York,10/22/2025 4:07,1512.52,2.95,26476.09,410.93,45.38,0
SHP007736,J.B. Hunt,0,Air,Tampa,Miami,2/21/2025 3:15,2439.69,3.24,4001.18,40.84,243.97,0
SHP007737,FedEx,0,Air,Miami,San Francisco,12/19/2025 18:20,1128.28,0.63,20266.97,198,112.83,0
SHP007738,J.B. Hunt,0,Rail,New York,Boston,9/27/2025 9:32,1091.24,3.09,19687.28,168.04,32.74,0
SHP007739,Old Dominion,0,Air,San Francisco,Miami,10/26/2025 8:47,827.06,2.77,27100.72,414.79,82.71,0
SHP007740,FedEx,0,Rail,Atlanta,Chicago,8/27/2025 4:42,1599.6,5.93,27656.17,29.28,47.99,0
SHP007741,UPS,0,Air,Boston,Chicago,6/6/2025 4:43,596.4,3.34,9701.57,178.43,59.64,0
SHP007742,FedEx,0,Ocean,Atlanta,Dallas,4/29/2025 18:16,1589.73,6.29,31128.98,131.67,317.95,0
SHP007743,J.B. Hunt,0,Air,Miami,Chicago,2/21/2025 9:19,1512.39,1.03,27278.23,364.41,151.24,0
SHP007744,UPS,0,Air,Miami,Atlanta,7/5/2025 15:19,1276.57,3.25,9976.31,346.26,127.66,0
SHP007745,C.H. Robinson,0,Air,Atlanta,New York,6/12/2025 4:45,2270.9,3.89,9676.71,47.76,227.09,0
SHP007746,XPO Logistics,0,Air,Miami,Chicago,1/9/2025 17:39,1010.2,0.93,7202.93,167.72,101.02,0
SHP007747,UPS,FTL,Road,Dallas,Tampa,10/13/2025 9:09,526.09,5.45,8226.82,485.91,87.68,0
SHP007748,Old Dominion,0,Rail,New York,Chicago,8/12/2025 22:38,1496.25,7.17,37213.04,376.87,44.89,0
SHP007749,Old Dominion,0,Air,San Francisco,Atlanta,4/23/2025 19:13,2429.71,2.03,20662.78,466.31,242.97,0
SHP007750,Schneider,0,Ocean,Boston,New York,8/14/2025 23:07,3336.92,2.92,30628.8,287.01,667.38,0
SHP007751,Schneider,0,Air,Chicago,New York,5/12/2025 3:10,2500.17,0.76,25038.66,124.61,250.02,0
SHP007752,DHL,LTL,Road,Dallas,Chicago,4/6/2025 9:30,1088.76,0.88,8454.23,45.19,181.46,0
SHP007753,Old Dominion,0,Rail,Dallas,Boston,8/22/2025 4:02,240.16,2.65,13655.26,313.64,7.2,0
SHP007754,Old Dominion,0,Air,New York,Atlanta,9/5/2025 11:13,655.66,2.03,8568.41,427.8,65.57,0
SHP007755,Old Dominion,LTL,Road,Miami,New York,11/2/2025 19:35,101.71,2.3,6369.03,456.63,0,152.56
SHP007756,FedEx,0,Ocean,Dallas,New York,7/10/2025 5:06,7009.95,21.69,2982.71,420.62,1401.99,0
SHP007757,DHL,0,Air,Dallas,Miami,8/24/2025 11:22,2405.76,3.66,12807.26,455.97,240.58,0
SHP007758,J.B. Hunt,0,Ocean,Dallas,New York,2/14/2025 16:38,3519.81,15.95,17255.07,214.4,703.96,0
SHP007759,Schneider,0,Air,New York,Miami,2/1/2025 17:33,1775.92,1.75,31813.11,317.19,177.59,0
SHP007760,UPS,LTL,Road,New York,Boston,11/14/2025 8:11,843.22,1.58,9700.32,330.43,140.54,0
SHP007761,C.H. Robinson,0,Ocean,Dallas,Chicago,3/11/2025 20:00,1978.97,18.51,7361.71,32.63,395.79,0
SHP007762,Schneider,0,Air,Dallas,New York,12/3/2025 18:47,1724.39,2.44,7964.14,174.84,172.44,0
SHP007763,J.B. Hunt,0,Air,Dallas,Boston,6/8/2025 6:12,2853.58,1.5,6644.94,496.29,285.36,0
SHP007764,FedEx,0,Ocean,New York,Boston,11/2/2025 14:08,2767.29,16.97,9646.63,275.51,553.46,0
SHP007765,DHL,0,Air,Tampa,Boston,10/17/2025 21:13,1342.96,3.87,17595.83,292.5,134.3,0
SHP007766,FedEx,0,Air,Chicago,Dallas,4/11/2025 20:49,2850.87,3.96,4515.51,417.33,285.09,0
SHP007767,J.B. Hunt,LTL,Road,Boston,New York,4/9/2025 7:08,489.43,3.67,3844.22,201.16,0,734.14
SHP007768,Old Dominion,0,Rail,Tampa,Miami,9/22/2025 20:50,454.17,5.01,22095.28,95.49,13.63,0
SHP007769,FedEx,0,Rail,San Francisco,Chicago,9/3/2025 16:15,1066.77,7.81,28719.14,241.01,32,0
SHP007770,Old Dominion,0,Ocean,New York,Chicago,2/12/2025 5:23,7370.63,14.66,5834.4,274.21,1474.13,0
SHP007771,UPS,0,Ocean,New York,Tampa,3/17/2025 9:54,1857.3,18.89,38703.38,181.05,371.46,0
SHP007772,Schneider,0,Rail,Boston,Miami,3/25/2025 8:18,895.87,3.95,11769.35,397.3,26.88,0
SHP007773,UPS,0,Rail,Tampa,San Francisco,7/16/2025 18:37,1188.37,1.45,33632.85,94.36,35.65,0
SHP007774,UPS,0,Air,Chicago,Boston,10/4/2025 6:05,2943.71,1.82,24849.76,39.83,294.37,0
SHP007775,C.H. Robinson,0,Ocean,Boston,San Francisco,10/23/2025 11:06,3084.97,19.65,19349.74,452.4,616.99,0
SHP007776,FedEx,0,Ocean,Atlanta,Boston,1/29/2025 3:56,4813.54,22.43,39313.09,227.49,962.71,0
SHP007777,C.H. Robinson,FTL,Road,San Francisco,Chicago,3/15/2025 14:28,699.93,5.05,9250.55,430.95,116.65,0
SHP007778,Old Dominion,LTL,Road,Chicago,New York,3/12/2025 10:53,730.71,4.42,936.56,383.33,0,1096.07
SHP007779,C.H. Robinson,0,Air,New York,Tampa,1/18/2025 0:13,1139.12,3.32,20611.53,138.03,113.91,0
SHP007780,Old Dominion,0,Ocean,Atlanta,Dallas,6/9/2025 7:37,7645.7,18.83,39434.6,182.87,1529.14,0
SHP007781,UPS,0,Rail,San Francisco,Boston,8/19/2025 20:52,1238.75,5.28,27658.49,20.12,37.16,0
SHP007782,FedEx,0,Air,Atlanta,San Francisco,2/8/2025 12:14,1087.64,3.68,17240.89,480.36,108.76,0
SHP007783,DHL,0,Rail,New York,Chicago,10/31/2025 2:34,541.61,7.98,28054.45,388.42,16.25,0
SHP007784,UPS,0,Rail,Miami,New York,8/31/2025 4:21,834.98,7.35,22045.78,340.79,25.05,0
SHP007785,C.H. Robinson,LTL,Road,Tampa,Miami,2/14/2025 1:09,159.03,3.88,8808.93,89.96,26.5,0
SHP007786,C.H. Robinson,0,Rail,Dallas,San Francisco,1/13/2025 11:02,1380.36,1.18,37085.02,491.48,41.41,0
SHP007787,DHL,0,Ocean,San Francisco,Atlanta,3/31/2025 21:22,3156.35,4.36,26513.77,15.89,631.27,0
SHP007788,J.B. Hunt,0,Rail,Chicago,Dallas,5/25/2025 12:21,971.98,2.9,19196.89,10.12,29.16,0
SHP007789,UPS,0,Ocean,Miami,New York,2/9/2025 13:38,887.09,2.35,24955.71,280.49,177.42,0
SHP007790,C.H. Robinson,0,Air,Atlanta,Chicago,11/1/2025 1:13,929.53,2.76,35426.19,139.38,92.95,0
SHP007791,XPO Logistics,0,Air,Dallas,Chicago,5/25/2025 5:53,2546.38,2.82,1835.91,188.2,254.64,0
SHP007792,C.H. Robinson,0,Ocean,Chicago,Dallas,8/12/2025 13:28,4308.18,18.1,11841.66,491.38,861.64,0
SHP007793,UPS,0,Rail,Chicago,San Francisco,12/24/2025 15:24,1295.26,3.61,4332.49,91.5,38.86,0
SHP007794,J.B. Hunt,0,Ocean,San Francisco,Miami,8/14/2025 18:00,4157.06,12.88,30824.89,363.36,831.41,0
SHP007795,DHL,0,Air,Atlanta,New York,3/15/2025 9:46,843.44,2.58,1314.56,199.88,84.34,0
SHP007796,Old Dominion,FTL,Road,Miami,Chicago,3/17/2025 11:18,928.72,2.55,33506.05,488.1,154.79,0
SHP007797,C.H. Robinson,FTL,Road,San Francisco,New York,11/13/2025 20:59,748.29,1.08,15497.25,5.73,124.71,0
SHP007798,XPO Logistics,LTL,Road,San Francisco,Boston,9/19/2025 19:31,743.13,4.97,6354.91,393.26,123.86,0
SHP007799,Schneider,LTL,Road,Miami,Tampa,7/14/2025 10:15,969.89,5.14,2776.64,435.76,0,1454.84
SHP007800,Schneider,0,Rail,New York,Tampa,11/24/2025 23:43,1246.55,3.03,39498.14,475.14,37.4,0
SHP007801,FedEx,0,Air,Chicago,Dallas,1/3/2025 2:22,1850.99,3.45,10829.03,208.6,185.1,0
SHP007802,FedEx,0,Air,Dallas,Boston,11/24/2025 14:39,796.72,2.32,20092.06,107.19,79.67,0
SHP007803,Schneider,0,Ocean,Tampa,Atlanta,9/20/2025 7:21,5546.01,4.59,2936.81,193.07,1109.2,0
SHP007804,Old Dominion,0,Air,Dallas,San Francisco,5/14/2025 10:16,1406.53,1.62,10688.89,170.05,140.65,0
SHP007805,J.B. Hunt,0,Air,Boston,San Francisco,10/17/2025 22:30,741.11,1.91,36231.83,112.99,74.11,0
SHP007806,FedEx,0,Rail,Atlanta,Miami,5/30/2025 5:40,1295.12,1.99,14479.31,161.27,38.85,0
SHP007807,Old Dominion,0,Air,Dallas,San Francisco,9/29/2025 5:51,2829.98,2,27773.4,301.63,283,0
SHP007808,Schneider,0,Air,Miami,San Francisco,5/11/2025 18:31,680.78,3.79,14161.84,23.33,68.08,0
SHP007809,FedEx,FTL,Road,Miami,Boston,4/3/2025 10:14,395.51,2.18,4163.44,310.37,65.92,0
SHP007810,J.B. Hunt,FTL,Road,Tampa,Atlanta,8/13/2025 16:43,448.78,3.87,766.25,491.04,74.8,0
SHP007811,DHL,0,Air,New York,Tampa,11/5/2025 7:43,760.39,2.81,28773.48,86.63,76.04,0
SHP007812,DHL,0,Air,Miami,Dallas,2/6/2025 20:45,601.62,1.03,10249.32,84.95,60.16,0
SHP007813,UPS,0,Ocean,Atlanta,New York,4/21/2025 14:57,5555,11.26,21742.77,24.62,1111,0
SHP007814,C.H. Robinson,LTL,Road,Chicago,Miami,7/8/2025 19:41,1040.44,1.23,3697.5,36.88,173.41,0
SHP007815,Old Dominion,0,Rail,Atlanta,Tampa,10/14/2025 15:22,418.87,5.66,27857.19,338.81,12.57,0
SHP007816,C.H. Robinson,FTL,Road,Dallas,Boston,10/16/2025 22:15,684.96,5.73,20533.5,225.26,0,1027.44
SHP007817,UPS,LTL,Road,Tampa,New York,7/28/2025 8:50,334.68,0.82,5549.33,158.13,55.78,0
SHP007818,UPS,0,Ocean,Chicago,Miami,10/16/2025 21:18,4430.19,6.53,33607.82,499.85,886.04,0
SHP007819,XPO Logistics,LTL,Road,Miami,Dallas,1/8/2025 12:36,420.76,5.09,8748.91,498.04,70.13,0
SHP007820,UPS,0,Rail,San Francisco,Tampa,2/6/2025 2:29,748.35,6.29,9537.96,312.77,22.45,0
SHP007821,FedEx,0,Rail,Tampa,Boston,5/8/2025 22:31,1327.75,6.19,8683.3,424.51,39.83,0
SHP007822,Old Dominion,0,Ocean,New York,Atlanta,5/16/2025 13:53,3657.29,6.76,21929.98,431.82,731.46,0
SHP007823,UPS,FTL,Road,Boston,Miami,9/1/2025 6:40,1162.15,4.55,722.1,68.22,193.69,0
SHP007824,Old Dominion,0,Ocean,Chicago,San Francisco,6/26/2025 19:10,1072.05,4.23,15629.88,169.91,214.41,0
SHP007825,C.H. Robinson,0,Air,Miami,Tampa,2/13/2025 1:01,606.95,3.59,24809.39,398.44,60.7,0
SHP007826,Old Dominion,0,Ocean,Boston,Chicago,1/27/2025 0:38,3286.62,11.03,13046.04,219.77,657.32,0
SHP007827,C.H. Robinson,LTL,Road,Dallas,New York,12/12/2025 22:50,751.93,3.08,8403.48,450.17,125.32,0
SHP007828,FedEx,0,Ocean,New York,Atlanta,1/5/2025 12:06,4022.63,7.27,37835.1,367.78,804.53,0
SHP007829,Old Dominion,0,Air,Dallas,Boston,8/21/2025 1:00,2028.34,3.11,3501.28,34.75,202.83,0
SHP007830,UPS,LTL,Road,New York,Tampa,3/13/2025 4:46,226.09,1.1,4293.6,79.54,37.68,0
SHP007831,Schneider,0,Rail,Miami,San Francisco,4/22/2025 19:02,1567.24,5.05,15046.34,35.74,47.02,0
SHP007832,C.H. Robinson,LTL,Road,New York,Boston,10/7/2025 2:46,729.68,0.92,7470.72,401.58,0,1094.52
SHP007833,C.H. Robinson,0,Rail,San Francisco,Miami,10/29/2025 3:00,1070.36,2.05,31581.08,154.61,32.11,0
SHP007834,UPS,0,Ocean,Miami,San Francisco,9/23/2025 15:53,2169.9,12.35,36944.53,149.39,433.98,0
SHP007835,DHL,LTL,Road,San Francisco,Atlanta,2/11/2025 13:14,1091.42,0.56,972.71,349.58,181.9,0
SHP007836,J.B. Hunt,0,Rail,Chicago,Dallas,2/27/2025 18:24,504.95,3.22,5886.73,166.79,15.15,0
SHP007837,C.H. Robinson,0,Rail,Atlanta,San Francisco,11/20/2025 12:07,648.74,6.15,28229.92,477.51,19.46,0
SHP007838,DHL,0,Ocean,Chicago,Tampa,2/2/2025 15:01,5933.16,17.29,27921.05,441.6,1186.63,0
SHP007839,Schneider,0,Air,San Francisco,Boston,6/4/2025 19:24,1099.84,1.55,29777.95,115.12,109.98,0
SHP007840,DHL,0,Air,Tampa,Chicago,12/28/2025 8:59,2762.45,2.37,12354.93,388.27,276.25,0
SHP007841,Schneider,LTL,Road,Atlanta,Boston,11/22/2025 16:03,409.17,5.79,9832.44,333.73,68.2,0
SHP007842,DHL,0,Ocean,Atlanta,San Francisco,6/18/2025 0:56,1352.25,7.79,20858.97,425.87,270.45,0
SHP007843,XPO Logistics,0,Air,Chicago,Dallas,11/30/2025 4:26,799.19,0.87,3441.86,253.98,79.92,0
SHP007844,Old Dominion,0,Rail,Atlanta,New York,4/27/2025 3:42,1615.52,1.3,8886.7,346.94,48.47,0
SHP007845,XPO Logistics,0,Air,San Francisco,Atlanta,8/15/2025 15:07,2529.83,3.33,31510.19,65.77,252.98,0
SHP007846,XPO Logistics,0,Rail,Tampa,Chicago,1/9/2025 12:05,835.58,7.89,39561.06,301.61,25.07,0
SHP007847,Old Dominion,0,Rail,Tampa,Chicago,2/24/2025 16:26,1334.83,7.66,18272.15,69.3,40.04,0
SHP007848,DHL,0,Ocean,Boston,Chicago,6/7/2025 16:56,5517.12,23.12,28039.64,401.86,1103.42,0
SHP007849,XPO Logistics,0,Rail,Boston,San Francisco,1/6/2025 15:58,876.4,1.68,7170.84,491.34,26.29,0
SHP007850,C.H. Robinson,LTL,Road,San Francisco,Atlanta,1/17/2025 22:37,617.16,0.32,9560.37,249.39,102.86,0
SHP007851,C.H. Robinson,0,Ocean,Miami,Boston,8/18/2025 13:11,6772.01,14.07,4517.24,308.17,1354.4,0
SHP007852,FedEx,LTL,Road,Miami,Atlanta,11/9/2025 19:04,1197.01,0.45,8441.67,118.5,199.5,0
SHP007853,Schneider,0,Air,Boston,Tampa,8/1/2025 9:52,1363.44,1.8,36002.49,252.74,136.34,0
SHP007854,J.B. Hunt,0,Air,Atlanta,Miami,9/15/2025 8:46,1507.37,3.36,2431.83,44.14,150.74,0
SHP007855,XPO Logistics,0,Ocean,Atlanta,Dallas,8/25/2025 22:07,662.67,17.14,21261.84,438.14,132.53,0
SHP007856,Old Dominion,0,Ocean,New York,Dallas,4/12/2025 8:10,4239,6.88,32303.32,147.87,847.8,0
SHP007857,DHL,0,Rail,Chicago,Atlanta,8/26/2025 6:09,1697.1,2.75,7124.97,247.17,50.91,0
SHP007858,J.B. Hunt,0,Ocean,Miami,Dallas,6/14/2025 8:48,878.86,2.8,20092.57,108.34,175.77,0
SHP007859,J.B. Hunt,0,Rail,Boston,Miami,6/6/2025 19:49,214.96,3.07,19356.01,197.75,6.45,0
SHP007860,FedEx,0,Ocean,San Francisco,Chicago,11/18/2025 8:41,1516.02,14.75,28558.15,338.09,303.2,0
SHP007861,UPS,0,Rail,Tampa,Miami,1/15/2025 4:41,830.02,1.96,20229.73,445.33,24.9,0
SHP007862,J.B. Hunt,0,Air,Dallas,San Francisco,8/1/2025 10:48,1565.55,1.18,4175.61,472.02,156.56,0
SHP007863,DHL,0,Air,Dallas,Atlanta,10/11/2025 5:13,2306.13,1.6,12166.42,447.71,230.61,0
SHP007864,XPO Logistics,0,Rail,San Francisco,Boston,6/20/2025 23:15,484.11,4.75,28683.42,198.8,14.52,0
SHP007865,C.H. Robinson,0,Air,Miami,Dallas,9/21/2025 5:08,407.74,1.3,36121.42,262.04,40.77,0
SHP007866,DHL,0,Air,Boston,Atlanta,7/8/2025 9:38,2501.69,2.44,37772.28,454.66,250.17,0
SHP007867,C.H. Robinson,LTL,Road,Tampa,New York,11/22/2025 14:40,605.32,2.08,6076.44,337.77,100.89,0
SHP007868,J.B. Hunt,LTL,Road,Atlanta,Miami,1/5/2025 3:58,623.11,4.98,1955.79,167.87,103.85,0
SHP007869,C.H. Robinson,LTL,Road,New York,Dallas,9/28/2025 3:40,839.33,1.67,4482.47,481.9,139.89,0
SHP007870,J.B. Hunt,0,Rail,Dallas,Tampa,7/1/2025 7:39,1201.4,7.64,29036.44,362.61,36.04,0
SHP007871,C.H. Robinson,0,Rail,New York,Tampa,7/3/2025 17:29,1146.97,2,21028.71,127.08,34.41,0
SHP007872,Old Dominion,0,Air,Tampa,Atlanta,2/2/2025 12:12,2996.42,1.43,9612.09,312.32,299.64,0
SHP007873,DHL,0,Air,Tampa,Dallas,8/13/2025 23:38,1679.56,0.57,5616.56,405.71,167.96,0
SHP007874,UPS,FTL,Road,New York,Tampa,11/6/2025 17:53,606.25,1.09,18877.08,127.32,101.04,0
SHP007875,Old Dominion,LTL,Road,San Francisco,Chicago,1/19/2025 4:29,307.13,5.76,3715.94,24.17,51.19,0
SHP007876,Schneider,0,Rail,Chicago,Boston,1/8/2025 21:24,1752.52,6.56,10549.33,205.04,52.58,0
SHP007877,XPO Logistics,0,Ocean,San Francisco,New York,8/17/2025 20:26,6967.17,9.86,22912.46,267.89,1393.43,0
SHP007878,Old Dominion,LTL,Road,Miami,Boston,3/26/2025 12:51,511.49,3.93,4811.91,11.59,0,767.24
SHP007879,J.B. Hunt,0,Ocean,Dallas,Miami,11/25/2025 3:05,6607.87,4.49,18831.55,290.37,1321.57,0
SHP007880,XPO Logistics,0,Rail,New York,Miami,2/1/2025 14:21,1328.81,3.88,29554.17,66.54,39.86,0
SHP007881,DHL,0,Ocean,New York,Dallas,2/25/2025 8:54,5400.84,20.18,35633.04,290.2,1080.17,0
SHP007882,C.H. Robinson,0,Ocean,San Francisco,New York,10/31/2025 7:01,2846.71,5.59,14149.57,270.45,569.34,0
SHP007883,XPO Logistics,0,Air,Miami,Tampa,5/25/2025 6:32,830.09,3.83,35936.85,17.45,83.01,0
SHP007884,Schneider,FTL,Road,Boston,Chicago,3/10/2025 22:34,696.26,4.79,10192.98,262.42,116.04,0
SHP007885,Old Dominion,0,Air,Tampa,Dallas,9/30/2025 9:42,1396.18,1.19,24782.13,496.85,139.62,0
SHP007886,Schneider,0,Air,Dallas,Atlanta,10/26/2025 9:31,1286.28,2.43,13450.26,438.6,128.63,0
SHP007887,Schneider,0,Rail,Boston,Miami,3/24/2025 20:19,1583.36,2.25,36047.98,76.6,47.5,0
SHP007888,J.B. Hunt,0,Ocean,Chicago,New York,5/28/2025 10:22,1215.8,16.36,15743.21,265.84,243.16,0
SHP007889,C.H. Robinson,FTL,Road,Chicago,Tampa,2/27/2025 9:40,800.46,0.55,12071.65,230.99,0,1200.69
SHP007890,FedEx,LTL,Road,Boston,Dallas,5/24/2025 11:13,356.58,0.53,1003.76,401.07,59.43,0
SHP007891,C.H. Robinson,0,Air,Boston,Atlanta,11/14/2025 17:24,2760.74,1.03,10345.85,326.47,276.07,0
SHP007892,Schneider,0,Rail,Miami,San Francisco,4/1/2025 6:15,1726.83,3.1,34280.94,253.51,51.8,0
SHP007893,DHL,0,Rail,Tampa,New York,12/10/2025 20:57,1730.49,1.95,38960.06,221.05,51.91,0
SHP007894,DHL,0,Air,Atlanta,New York,11/1/2025 10:55,2872.93,2.11,21438.24,402.58,287.29,0
SHP007895,Old Dominion,0,Air,Miami,Atlanta,4/16/2025 14:53,2251.1,2.67,16970.71,396.43,225.11,0
SHP007896,Schneider,0,Rail,New York,Chicago,7/3/2025 5:19,1717.17,1.07,23719.88,433.12,51.52,0
SHP007897,UPS,0,Ocean,Tampa,New York,4/24/2025 3:47,5398.34,19.62,35854.91,375.72,1079.67,0
SHP007898,XPO Logistics,FTL,Road,Atlanta,Tampa,12/8/2025 6:23,874.57,5.8,34615.54,407.87,145.76,0
SHP007899,UPS,0,Ocean,Chicago,Dallas,10/16/2025 20:11,1148.03,7.26,22491.86,355.07,229.61,0
SHP007900,J.B. Hunt,0,Air,New York,Dallas,8/8/2025 18:19,1118.68,0.83,12788.42,385.74,111.87,0
SHP007901,UPS,0,Rail,Boston,San Francisco,9/1/2025 2:29,1603.84,7.39,15465.23,186.9,48.12,0
SHP007902,UPS,0,Rail,Atlanta,Miami,11/8/2025 6:22,850.73,3.63,26814.77,179.8,25.52,0
SHP007903,DHL,FTL,Road,San Francisco,Atlanta,3/31/2025 10:27,73.4,2.77,9354.01,15.37,12.23,0
SHP007904,XPO Logistics,0,Ocean,Dallas,Atlanta,8/6/2025 8:12,4031.32,6.53,18383.3,139.6,806.26,0
SHP007905,DHL,FTL,Road,New York,Boston,11/26/2025 19:39,744.27,5.95,22115.66,323.8,0,1116.4
SHP007906,Old Dominion,0,Ocean,Boston,San Francisco,5/31/2025 4:42,7394.57,10.23,7078.66,142.12,1478.91,0
SHP007907,Old Dominion,0,Ocean,Atlanta,Tampa,6/11/2025 7:25,3520.96,16.19,681.23,426.84,704.19,0
SHP007908,Schneider,0,Rail,Tampa,Miami,10/30/2025 14:55,321.75,7.3,38002.66,495.06,9.65,0
SHP007909,Schneider,FTL,Road,Miami,San Francisco,12/17/2025 20:08,980.94,1.07,28393.6,102.46,163.49,0
SHP007910,C.H. Robinson,0,Ocean,Atlanta,San Francisco,5/21/2025 9:05,7228.46,8.97,13408.44,458.91,1445.69,0
SHP007911,Schneider,0,Air,Dallas,New York,2/20/2025 2:05,335.72,1.18,17166.32,350.66,33.57,0
SHP007912,DHL,0,Ocean,Atlanta,Chicago,1/15/2025 5:24,5356.75,16.73,35260.87,61.39,1071.35,0
SHP007913,C.H. Robinson,LTL,Road,Miami,Atlanta,1/6/2025 22:15,650.49,4.42,6415.77,224.71,108.42,0
SHP007914,UPS,0,Rail,Chicago,New York,12/17/2025 11:47,227.38,1.42,5198.18,172.27,6.82,0
SHP007915,C.H. Robinson,0,Air,Chicago,New York,11/1/2025 21:05,617.66,1.99,7556.36,389.8,61.77,0
SHP007916,FedEx,0,Air,Miami,Tampa,4/13/2025 22:57,2653.02,1.86,20697.6,476.79,265.3,0
SHP007917,UPS,0,Ocean,Dallas,Boston,11/14/2025 16:28,4516.31,23.89,6114.17,431.25,903.26,0
SHP007918,XPO Logistics,0,Air,San Francisco,Miami,6/14/2025 8:19,1642.45,0.58,38902.81,482.56,164.25,0
SHP007919,Old Dominion,LTL,Road,Boston,Atlanta,6/22/2025 21:48,490.76,5.74,1538.94,340.37,81.79,0
SHP007920,J.B. Hunt,0,Ocean,Boston,Chicago,3/4/2025 20:56,1939.47,7.43,31283.83,189.3,387.89,0
SHP007921,UPS,0,Ocean,Atlanta,Boston,2/21/2025 16:13,553.46,11.11,9508.74,341.98,110.69,0
SHP007922,XPO Logistics,0,Ocean,Dallas,New York,3/31/2025 11:14,1958.37,20.53,11050.17,197.12,391.67,0
SHP007923,Schneider,0,Ocean,Dallas,Tampa,6/20/2025 14:47,2735.28,16.17,4495.96,239.57,547.06,0
SHP007924,DHL,0,Ocean,Miami,Dallas,1/29/2025 14:03,3008.41,21.45,3399.78,415.02,601.68,0
SHP007925,FedEx,0,Air,Tampa,San Francisco,7/15/2025 13:27,752.74,0.81,8491.75,52.22,75.27,0
SHP007926,DHL,0,Ocean,Atlanta,Tampa,9/21/2025 11:45,4407.38,23.74,1855.93,231.1,881.48,0
SHP007927,C.H. Robinson,0,Ocean,New York,Tampa,8/4/2025 16:39,3395.53,9.47,13608.61,447.61,679.11,0
SHP007928,J.B. Hunt,0,Air,Atlanta,Boston,4/18/2025 4:24,351.24,3.21,10490.86,192.26,35.12,0
SHP007929,J.B. Hunt,0,Ocean,San Francisco,Boston,2/24/2025 20:45,3651.12,8.7,4195.58,58.05,730.22,0
SHP007930,C.H. Robinson,LTL,Road,San Francisco,Tampa,5/14/2025 6:36,392.85,4.98,1476.08,371.58,65.48,0
SHP007931,FedEx,0,Air,Dallas,Chicago,10/26/2025 12:03,1079.95,3.59,17418.97,86.69,108,0
SHP007932,XPO Logistics,LTL,Road,Chicago,Tampa,9/7/2025 3:24,1183.72,1.27,5741.06,285.07,197.29,0
SHP007933,XPO Logistics,LTL,Road,Chicago,San Francisco,2/18/2025 16:37,478.74,5.72,8462.16,415.08,0,718.11
SHP007934,UPS,FTL,Road,Chicago,Tampa,1/2/2025 3:54,1170.27,2.88,4338.84,382.96,195.04,0
SHP007935,UPS,0,Ocean,Atlanta,Dallas,8/4/2025 23:00,3356.09,6.19,19588.27,462.93,671.22,0
SHP007936,DHL,FTL,Road,Boston,Atlanta,3/6/2025 4:26,247.06,5.13,17019.1,69.26,41.18,0
SHP007937,XPO Logistics,0,Air,New York,Dallas,3/7/2025 21:33,2590.63,3.89,12005.19,152.46,259.06,0
SHP007938,UPS,0,Rail,New York,Boston,7/26/2025 13:21,824.87,6.7,911.48,112.75,24.75,0
SHP007939,Old Dominion,0,Ocean,Boston,New York,2/9/2025 6:05,5794.25,10.92,13546.68,436.27,1158.85,0
SHP007940,Old Dominion,0,Air,Dallas,Tampa,5/3/2025 10:08,2776.8,3.82,11265.75,456.34,277.68,0
SHP007941,XPO Logistics,0,Ocean,Chicago,Boston,6/26/2025 10:39,6027.24,5.39,24605.67,14.14,1205.45,0
SHP007942,DHL,0,Ocean,Miami,Atlanta,7/9/2025 2:05,5812.84,18.14,31678.87,87.09,1162.57,0
SHP007943,Schneider,0,Air,Miami,Boston,8/6/2025 20:49,1996.27,1.13,37892.68,337.83,199.63,0
SHP007944,Schneider,FTL,Road,Dallas,Atlanta,3/28/2025 15:06,159.62,1.33,26706.67,238.86,0,239.43
SHP007945,XPO Logistics,0,Air,Dallas,San Francisco,3/30/2025 17:05,2288,1.48,26487.74,89.3,228.8,0
SHP007946,XPO Logistics,0,Air,New York,Chicago,6/20/2025 0:12,1768.02,3.85,25314.78,25.95,176.8,0
SHP007947,C.H. Robinson,0,Air,Miami,Tampa,8/31/2025 9:37,2969.66,1.05,28863.73,266.73,296.97,0
SHP007948,J.B. Hunt,0,Ocean,Atlanta,Dallas,6/4/2025 20:47,2707.71,5.9,7519.24,429.34,541.54,0
SHP007949,DHL,0,Ocean,Atlanta,Chicago,12/29/2025 8:34,7046.84,12.23,4593.05,442.2,1409.37,0
SHP007950,DHL,FTL,Road,Dallas,Atlanta,12/4/2025 5:06,610.07,2.77,16590.6,183.14,101.68,0
SHP007951,J.B. Hunt,0,Air,Atlanta,San Francisco,10/6/2025 15:30,1720.21,2.62,18924.07,448.43,172.02,0
SHP007952,J.B. Hunt,FTL,Road,Tampa,Chicago,6/24/2025 2:13,415.31,3.58,12348.18,376.92,69.22,0
SHP007953,C.H. Robinson,0,Ocean,Atlanta,Tampa,10/7/2025 22:42,1265.91,6.15,32147.46,92.42,253.18,0
SHP007954,XPO Logistics,0,Air,Miami,San Francisco,10/16/2025 13:44,1989.52,3.9,21154.18,94.51,198.95,0
SHP007955,XPO Logistics,0,Ocean,San Francisco,Chicago,9/3/2025 15:05,2905.18,20.12,14390.61,362.03,581.04,0
SHP007956,XPO Logistics,0,Air,New York,Chicago,6/23/2025 23:15,2398.85,2.25,31436.93,159.13,239.88,0
SHP007957,Old Dominion,0,Air,New York,Tampa,8/6/2025 11:49,1693.63,2.9,7138.89,137.54,169.36,0
SHP007958,DHL,0,Rail,Boston,Dallas,7/15/2025 11:26,1243.26,5.59,19985.45,398,37.3,0
SHP007959,XPO Logistics,FTL,Road,Boston,Atlanta,5/1/2025 19:14,604.36,5.32,29568.19,158.03,0,906.54
SHP007960,J.B. Hunt,0,Ocean,Boston,Miami,12/15/2025 15:29,3464.41,16.69,35830.88,90.18,692.88,0
SHP007961,XPO Logistics,0,Air,New York,Tampa,12/17/2025 17:16,1689.59,0.92,11538.48,343.3,168.96,0
SHP007962,FedEx,0,Ocean,New York,Miami,2/27/2025 16:11,1083.01,16.57,36082.04,484.72,216.6,0
SHP007963,DHL,LTL,Road,San Francisco,Tampa,5/6/2025 10:47,299.13,4.56,9274.75,46.59,49.85,0
SHP007964,DHL,0,Ocean,New York,San Francisco,4/12/2025 21:46,3605.18,22.23,8510.11,466.95,721.04,0
SHP007965,C.H. Robinson,LTL,Road,New York,Miami,7/23/2025 12:18,656.27,0.82,4581.29,163.8,0,984.4
SHP007966,Old Dominion,0,Air,New York,Boston,9/14/2025 8:30,1061.95,2.4,19601.91,241.5,106.2,0
SHP007967,Old Dominion,0,Ocean,San Francisco,Chicago,9/14/2025 20:45,1161.06,19.65,19516.85,410.63,232.21,0
SHP007968,UPS,0,Air,Boston,Atlanta,10/25/2025 15:05,2526.41,1.61,671.68,455.71,252.64,0
SHP007969,UPS,0,Air,New York,San Francisco,11/5/2025 9:26,2353.88,0.88,28218.22,10.99,235.39,0
SHP007970,FedEx,FTL,Road,Chicago,Boston,10/20/2025 11:06,81.92,3.27,4293.48,482.2,13.65,0
SHP007971,C.H. Robinson,0,Rail,Chicago,Boston,9/10/2025 21:33,1630.13,5.55,3016.5,163.09,48.9,0
SHP007972,J.B. Hunt,0,Ocean,Miami,San Francisco,12/5/2025 19:36,3287.92,12.58,7171.66,289.18,657.58,0
SHP007973,Schneider,0,Rail,Tampa,New York,4/28/2025 5:24,897.23,7.63,37479.71,283.17,26.92,0
SHP007974,J.B. Hunt,LTL,Road,Tampa,Dallas,5/14/2025 3:06,791,1.04,2349.73,450.46,131.83,0
SHP007975,UPS,0,Rail,Tampa,Miami,8/15/2025 13:23,1318.67,2.33,23023.31,467.45,39.56,0
SHP007976,Schneider,0,Rail,Dallas,Chicago,4/2/2025 18:18,752.27,2.3,37710,231.17,22.57,0
SHP007977,C.H. Robinson,0,Ocean,Miami,Tampa,5/8/2025 22:40,3629.31,7.89,35717.62,422.96,725.86,0
SHP007978,DHL,LTL,Road,San Francisco,Boston,11/20/2025 21:36,513.44,0.43,4549.52,91.25,85.57,0
SHP007979,C.H. Robinson,0,Ocean,Tampa,Dallas,6/12/2025 6:33,1570.51,10.65,4413.54,478.77,314.1,0
SHP007980,Old Dominion,0,Ocean,Miami,Tampa,3/15/2025 22:48,856.54,10.83,6926.76,344.72,171.31,0
SHP007981,XPO Logistics,0,Ocean,Boston,Dallas,3/19/2025 3:40,1091.09,14.03,31037.51,475.08,218.22,0
SHP007982,UPS,0,Air,San Francisco,Miami,6/14/2025 12:48,2186.02,0.85,3996.56,366.07,218.6,0
SHP007983,XPO Logistics,0,Air,Dallas,Boston,3/3/2025 11:47,881.39,2.07,39076.53,410.13,88.14,0
SHP007984,Schneider,0,Rail,San Francisco,Atlanta,11/25/2025 18:55,1554.55,7.03,24972.04,372.22,46.64,0
SHP007985,Schneider,0,Rail,New York,Chicago,1/26/2025 1:33,774.34,7.99,11545.08,295.41,23.23,0
SHP007986,Old Dominion,FTL,Road,Tampa,Boston,3/31/2025 8:06,374.37,0.89,22919.64,177.32,0,561.56
SHP007987,XPO Logistics,LTL,Road,Miami,Atlanta,5/5/2025 15:46,720.7,3.46,5491.23,62.53,120.12,0
SHP007988,J.B. Hunt,0,Rail,New York,Chicago,6/3/2025 20:09,904.29,6.68,12948.17,222.47,27.13,0
SHP007989,C.H. Robinson,FTL,Road,Boston,Tampa,10/21/2025 15:55,617.91,5.21,26396.19,51,102.98,0
SHP007990,J.B. Hunt,0,Rail,New York,Boston,9/3/2025 15:38,1584.27,6.82,30269.02,233.56,47.53,0
SHP007991,DHL,0,Rail,Chicago,Tampa,1/18/2025 3:31,1412.07,4.35,29596.63,440.17,42.36,0
SHP007992,Schneider,0,Ocean,San Francisco,Atlanta,3/10/2025 2:45,7179.06,12,34444.04,51.63,1435.81,0
SHP007993,C.H. Robinson,FTL,Road,Atlanta,Tampa,9/9/2025 21:36,167.09,3.4,26247.86,77.34,27.85,0
SHP007994,FedEx,0,Rail,New York,Chicago,3/15/2025 8:43,955.49,1.66,24282.93,427.69,28.66,0
SHP007995,C.H. Robinson,0,Air,Miami,Boston,2/11/2025 19:57,2291.63,1.82,39754.85,331.8,229.16,0
SHP007996,Old Dominion,0,Air,New York,Atlanta,7/22/2025 12:10,2501.17,2.84,39581.94,410.86,250.12,0
SHP007997,C.H. Robinson,FTL,Road,Atlanta,Dallas,8/6/2025 10:59,647.34,2.36,27445.12,295.52,0,971.01
SHP007998,Schneider,0,Ocean,Chicago,Boston,4/20/2025 14:32,5220.13,9.55,17434.77,279.49,1044.03,0
SHP007999,DHL,0,Ocean,Boston,Tampa,12/13/2025 14:07,6794.63,18.78,5186.91,123.53,1358.93,0
SHP008000,Old Dominion,LTL,Road,New York,San Francisco,9/2/2025 0:42,80.66,0.3,2360.1,399.86,13.44,0
SHP008001,DHL,LTL,Road,Chicago,New York,10/23/2025 13:49,1090.46,2.5,5697.51,353.32,181.74,0
SHP008002,J.B. Hunt,0,Air,San Francisco,Chicago,4/4/2025 14:32,2872.93,3.7,2759.1,124.83,287.29,0
SHP008003,Old Dominion,0,Rail,Tampa,Miami,1/6/2025 7:38,278.63,5.32,28564.49,154.83,8.36,0
SHP008004,UPS,FTL,Road,San Francisco,Dallas,6/24/2025 18:19,1031.93,2.85,39936.07,1.2,171.99,0
SHP008005,J.B. Hunt,0,Ocean,San Francisco,Atlanta,11/30/2025 16:31,1321.17,8.64,1507.55,391.39,264.23,0
SHP008006,DHL,0,Rail,Chicago,Tampa,4/18/2025 23:37,284.43,6.24,2576.45,127.11,8.53,0
SHP008007,FedEx,0,Rail,Miami,San Francisco,7/26/2025 16:30,1546.04,7.66,16873.79,485,46.38,0
SHP008008,Old Dominion,0,Rail,Boston,Chicago,7/10/2025 23:50,1203.01,3.91,32210.65,148.37,36.09,0
SHP008009,C.H. Robinson,0,Air,San Francisco,Chicago,9/5/2025 22:44,1017.65,2.8,15924.25,68.82,101.77,0
SHP008010,C.H. Robinson,0,Air,Dallas,Tampa,10/24/2025 4:16,480.8,3.26,27198.47,206.49,48.08,0
SHP008011,DHL,0,Air,Dallas,Tampa,9/16/2025 3:14,2719.81,1.94,28556.67,454.65,271.98,0
SHP008012,J.B. Hunt,0,Rail,Chicago,Dallas,8/24/2025 11:01,1545.14,4.58,27385.14,207.42,46.35,0
SHP008013,Schneider,LTL,Road,Chicago,San Francisco,5/3/2025 22:51,794.28,1.73,4432.21,105.56,132.38,0
SHP008014,XPO Logistics,FTL,Road,Atlanta,Chicago,11/28/2025 20:28,93.91,3.63,34644.96,13.76,15.65,0
SHP008015,J.B. Hunt,FTL,Road,Chicago,Miami,8/5/2025 5:09,275.43,2.9,26802.92,86.44,45.91,0
SHP008016,DHL,0,Ocean,Boston,Dallas,1/2/2025 6:35,925.21,13.42,32839.03,18.58,185.04,0
SHP008017,C.H. Robinson,FTL,Road,New York,Tampa,5/11/2025 10:33,451.77,4.07,5664.31,118.74,0,677.65
SHP008018,XPO Logistics,0,Air,New York,Miami,8/24/2025 20:37,1745.83,3.84,11850.03,244.28,174.58,0
SHP008019,XPO Logistics,0,Ocean,Boston,San Francisco,5/6/2025 21:55,3499.48,21.74,3339.65,283.51,699.9,0
SHP008020,Old Dominion,0,Rail,Dallas,Atlanta,4/11/2025 23:12,1553.79,7.92,28099.66,190.59,46.61,0
SHP008021,DHL,0,Ocean,Dallas,Atlanta,7/24/2025 16:37,3588.68,9.74,24342.72,369.96,717.74,0
SHP008022,C.H. Robinson,0,Air,New York,San Francisco,4/18/2025 17:55,2512.56,1.96,28809.99,458.2,251.26,0
SHP008023,Old Dominion,FTL,Road,Atlanta,New York,5/8/2025 10:02,1108.95,4.3,25657.64,266.23,184.83,0
SHP008024,Schneider,0,Rail,Boston,San Francisco,9/9/2025 7:46,493.12,1.87,19685.58,80.56,14.79,0
SHP008025,C.H. Robinson,0,Rail,New York,Atlanta,11/6/2025 16:01,1123.2,5.52,21261.82,19.18,33.7,0
SHP008026,XPO Logistics,0,Air,Miami,Tampa,12/8/2025 6:59,455.87,0.9,6569.01,494.95,45.59,0
SHP008027,FedEx,0,Air,Chicago,Atlanta,11/12/2025 23:22,1230.14,1.52,2564.53,318.02,123.01,0
SHP008028,C.H. Robinson,0,Ocean,Boston,New York,3/20/2025 13:42,5391.43,5.86,36810.04,400.45,1078.29,0
SHP008029,Old Dominion,0,Rail,New York,Tampa,8/19/2025 12:28,568.51,4.4,18606.44,174.91,17.06,0
SHP008030,Old Dominion,0,Ocean,Miami,Dallas,12/10/2025 22:14,6632.26,4.4,16904.91,214.59,1326.45,0
SHP008031,C.H. Robinson,LTL,Road,Tampa,Dallas,8/13/2025 8:58,589.03,5.2,2298.94,52.36,98.17,0
SHP008032,Old Dominion,0,Rail,Dallas,Tampa,7/5/2025 6:44,1188.49,2.22,3459.82,213.9,35.65,0
SHP008033,DHL,0,Air,Tampa,Miami,8/6/2025 5:16,893.05,1.76,10758.59,47.23,89.31,0
SHP008034,DHL,0,Ocean,New York,Tampa,12/30/2025 7:15,4702.6,2.59,38671.83,171.32,940.52,0
SHP008035,UPS,0,Air,Boston,Dallas,4/7/2025 12:22,2176.93,3.34,11524.64,374.62,217.69,0
SHP008036,C.H. Robinson,0,Air,New York,Atlanta,10/2/2025 13:48,2547.54,1.34,39703.54,11.32,254.75,0
SHP008037,Old Dominion,LTL,Road,Chicago,Atlanta,7/24/2025 7:23,299.55,4.74,2062.19,349.43,49.93,0
SHP008038,Schneider,0,Rail,San Francisco,Dallas,7/26/2025 6:38,1568.85,7.71,19232.78,485.58,47.07,0
SHP008039,Schneider,0,Ocean,Chicago,Boston,7/23/2025 21:44,3587.17,6.8,20799.91,325.26,717.43,0
SHP008040,XPO Logistics,LTL,Road,Boston,New York,12/13/2025 22:19,576.66,3.51,4251.63,262.86,96.11,0
SHP008041,C.H. Robinson,0,Air,Tampa,New York,10/24/2025 19:51,2872.01,2.25,10500.6,379.61,287.2,0
SHP008042,Schneider,0,Ocean,Chicago,Boston,12/24/2025 8:41,3031.88,19.96,2745.26,166.76,606.38,0
SHP008043,Old Dominion,FTL,Road,New York,Boston,1/15/2025 9:32,158.51,0.74,26506.39,193.28,26.42,0
SHP008044,J.B. Hunt,0,Rail,Atlanta,Miami,11/7/2025 15:23,1594.37,4.61,12166.06,360.72,47.83,0
SHP008045,J.B. Hunt,0,Rail,San Francisco,Boston,6/14/2025 7:24,1198.43,6.6,25921.74,84.34,35.95,0
SHP008046,Old Dominion,0,Ocean,New York,Miami,2/1/2025 15:31,5527.33,10.61,18794.15,460.86,1105.47,0
SHP008047,C.H. Robinson,0,Ocean,Chicago,New York,3/24/2025 4:44,3199.73,15.46,14857.53,48.27,639.95,0
SHP008048,Schneider,0,Air,Miami,Atlanta,12/12/2025 2:48,1524.52,2.59,16596.38,195.94,152.45,0
SHP008049,FedEx,0,Rail,Dallas,Tampa,1/6/2025 4:31,1512.61,1.21,12175.62,406.07,45.38,0
SHP008050,Old Dominion,0,Rail,Boston,Miami,7/6/2025 23:03,1672.85,3.89,35607.37,100.27,50.19,0
SHP008051,XPO Logistics,0,Ocean,Boston,Miami,12/21/2025 13:44,2160.7,20.62,36178.68,112.18,432.14,0
SHP008052,FedEx,FTL,Road,New York,Dallas,10/11/2025 12:41,118.22,0.77,10824.54,380.96,19.7,0
SHP008053,FedEx,FTL,Road,New York,Chicago,1/20/2025 15:21,636.49,2.87,23573.53,445.22,106.08,0
SHP008054,Schneider,LTL,Road,Miami,San Francisco,11/13/2025 21:05,153.99,4.24,9278.89,107.46,25.67,0
SHP008055,DHL,0,Air,Atlanta,San Francisco,4/23/2025 18:57,2561.99,2.94,1071.51,116.57,256.2,0
SHP008056,Schneider,0,Rail,San Francisco,Chicago,6/13/2025 11:27,1169.35,4.52,21353.48,116.73,35.08,0
SHP008057,J.B. Hunt,0,Rail,Dallas,New York,3/7/2025 3:19,1280.01,2.86,15882.68,185.09,38.4,0
SHP008058,Schneider,0,Air,New York,Chicago,11/15/2025 18:36,2114.47,0.82,8618.91,101.05,211.45,0
SHP008059,UPS,FTL,Road,Miami,San Francisco,4/17/2025 1:15,174.69,1.44,24478.88,366.35,29.11,0
SHP008060,FedEx,0,Air,Miami,San Francisco,6/17/2025 18:58,2082.82,2.16,2571.17,479.54,208.28,0
SHP008061,C.H. Robinson,0,Ocean,Tampa,Dallas,12/4/2025 21:48,1760.57,16.71,36559.18,349.19,352.11,0
SHP008062,UPS,0,Air,New York,Tampa,8/9/2025 6:26,888.73,1.61,1693.13,306.77,88.87,0
SHP008063,UPS,LTL,Road,Boston,Chicago,9/15/2025 20:07,754.94,4.42,258.31,409.1,0,1132.41
SHP008064,XPO Logistics,0,Ocean,Dallas,Tampa,12/18/2025 12:36,6040.33,5.1,14231.25,319.62,1208.07,0
SHP008065,Old Dominion,0,Rail,New York,Dallas,6/10/2025 4:34,993.27,1.81,3950.14,390.95,29.8,0
SHP008066,DHL,0,Ocean,Chicago,Atlanta,10/23/2025 7:00,1669.75,5.79,33321.46,306.46,333.95,0
SHP008067,Schneider,0,Air,Tampa,Dallas,3/15/2025 2:32,1932.73,2.18,22975.3,301.28,193.27,0
SHP008068,UPS,FTL,Road,Miami,Boston,4/8/2025 23:06,1163,1.53,8975.22,29.55,0,1744.5
SHP008069,Schneider,0,Rail,Miami,Tampa,5/15/2025 22:46,1253.12,4.84,4893.95,182.9,37.59,0
SHP008070,J.B. Hunt,0,Ocean,Atlanta,Chicago,11/10/2025 17:04,1839.97,9.29,38074.93,341.98,367.99,0
SHP008071,C.H. Robinson,0,Air,Tampa,Atlanta,5/4/2025 17:53,320.44,1.38,909.28,357.72,32.04,0
SHP008072,DHL,0,Air,San Francisco,Dallas,2/5/2025 19:49,1567.44,3.98,29476.54,259.44,156.74,0
SHP008073,Old Dominion,0,Ocean,Tampa,Miami,7/10/2025 8:32,6535.29,17.51,10129.16,265.6,1307.06,0
SHP008074,DHL,0,Air,Boston,Tampa,6/22/2025 12:24,1801.2,2.08,7578.11,112.46,180.12,0
SHP008075,FedEx,0,Rail,Tampa,Boston,1/25/2025 11:25,649.68,1.07,36719.28,343.36,19.49,0
SHP008076,FedEx,0,Air,San Francisco,Miami,7/20/2025 3:23,2161.97,2.5,27727.78,490.95,216.2,0
SHP008077,C.H. Robinson,LTL,Road,Dallas,Chicago,7/22/2025 20:23,492.93,4.35,3691.36,427.29,0,739.39
SHP008078,FedEx,0,Ocean,Tampa,Boston,7/4/2025 0:22,6935.21,21.85,715.8,149.8,1387.04,0
SHP008079,Old Dominion,0,Air,Atlanta,Miami,8/23/2025 13:21,661.6,2.09,20070.26,128.7,66.16,0
SHP008080,UPS,0,Rail,Boston,San Francisco,12/25/2025 7:37,1357.51,2.89,34228.71,89.65,40.73,0
SHP008081,FedEx,0,Air,Boston,Chicago,4/26/2025 14:09,1291.54,2.68,24410.74,39.94,129.15,0
SHP008082,C.H. Robinson,0,Rail,Atlanta,Boston,3/20/2025 2:44,1554.01,5.19,34859.45,433.95,46.62,0
SHP008083,J.B. Hunt,LTL,Road,Tampa,Chicago,5/20/2025 15:04,677.81,5.49,8506.82,479.1,112.97,0
SHP008084,UPS,0,Rail,San Francisco,Miami,11/30/2025 7:10,1560.8,6.75,19039.74,106.8,46.82,0
SHP008085,XPO Logistics,LTL,Road,Tampa,Chicago,8/2/2025 21:08,1097.32,4.4,2925.22,171.16,182.89,0
SHP008086,XPO Logistics,0,Ocean,Boston,New York,11/20/2025 17:06,5645.59,12.51,3718.56,71.58,1129.12,0
SHP008087,J.B. Hunt,0,Rail,Tampa,Atlanta,10/3/2025 7:06,1393.04,3.3,20552.15,383.54,41.79,0
SHP008088,FedEx,0,Air,Chicago,New York,9/9/2025 17:58,2328.17,1.08,4386.56,295.98,232.82,0
SHP008089,DHL,0,Rail,San Francisco,Dallas,4/22/2025 6:47,1386.61,2.04,15192.23,435.27,41.6,0
SHP008090,Schneider,0,Ocean,San Francisco,Miami,3/20/2025 11:26,7581.67,11.99,3640.88,129.59,1516.33,0
SHP008091,Schneider,0,Ocean,Miami,Dallas,9/30/2025 1:47,2247.27,7.26,20008.33,292.03,449.45,0
SHP008092,Schneider,LTL,Road,Tampa,Miami,10/12/2025 18:42,190.89,5.36,6256.74,299.03,31.81,0
SHP008093,FedEx,0,Rail,New York,Dallas,8/29/2025 11:55,1779.65,5.4,37193.89,143.84,53.39,0
SHP008094,Schneider,FTL,Road,San Francisco,New York,12/19/2025 23:51,326.15,3.22,20590.05,114.02,54.36,0
SHP008095,Old Dominion,0,Ocean,New York,Atlanta,11/22/2025 1:30,5747.42,2.65,27779.9,229.13,1149.48,0
SHP008096,UPS,0,Air,New York,Boston,5/25/2025 16:33,2160.32,2.17,39104.68,168.01,216.03,0
SHP008097,UPS,0,Air,New York,Dallas,5/19/2025 13:26,2952.95,0.73,27508.55,227.66,295.3,0
SHP008098,FedEx,0,Air,San Francisco,Tampa,8/21/2025 2:02,2519.77,3.26,32108.3,48.27,251.98,0
SHP008099,C.H. Robinson,0,Ocean,Atlanta,Dallas,3/14/2025 12:25,6667.74,6.71,1514.37,109.65,1333.55,0
SHP008100,XPO Logistics,0,Air,San Francisco,Boston,6/10/2025 21:21,1594.07,3.1,9135.98,57.39,159.41,0
SHP008101,Schneider,0,Ocean,Dallas,San Francisco,9/12/2025 13:27,5344.75,23.65,24234.38,345.84,1068.95,0
SHP008102,J.B. Hunt,0,Air,Tampa,Chicago,12/6/2025 7:17,1815.15,3.24,39044.27,272.52,181.52,0
SHP008103,C.H. Robinson,0,Rail,Dallas,Boston,10/15/2025 3:53,866.86,7.02,38804.27,65.46,26.01,0
SHP008104,J.B. Hunt,0,Rail,Chicago,San Francisco,8/8/2025 8:32,1125.07,6.55,21566.91,205.19,33.75,0
SHP008105,XPO Logistics,FTL,Road,New York,Dallas,3/24/2025 17:33,803.51,1.8,14290.78,496.15,133.92,0
SHP008106,Schneider,0,Ocean,Dallas,Miami,6/21/2025 17:03,5273.49,21.2,32406.86,326.48,1054.7,0
SHP008107,XPO Logistics,0,Rail,Dallas,Tampa,12/4/2025 11:05,1545.17,3.01,25666.1,295.71,46.36,0
SHP008108,FedEx,LTL,Road,Atlanta,Dallas,2/25/2025 14:57,765.78,1.22,2880.84,144.04,0,1148.67
SHP008109,J.B. Hunt,0,Rail,Boston,San Francisco,5/29/2025 15:12,1163.11,7.81,38185.67,114.37,34.89,0
SHP008110,DHL,0,Air,Boston,Miami,10/23/2025 6:28,1123.08,0.63,16253.22,417.5,112.31,0
SHP008111,Old Dominion,0,Rail,Dallas,Boston,11/14/2025 23:07,1665.2,2.66,10998.88,111.2,49.96,0
SHP008112,DHL,0,Ocean,New York,Atlanta,12/24/2025 13:35,3125.78,19.7,26050.87,393.18,625.16,0
SHP008113,J.B. Hunt,0,Rail,Atlanta,San Francisco,10/7/2025 10:42,1132.85,2.8,9505.77,5.49,33.99,0
SHP008114,Schneider,0,Rail,New York,Chicago,11/21/2025 22:48,1449.57,6.93,30847.16,38.13,43.49,0
SHP008115,Old Dominion,0,Ocean,San Francisco,Tampa,9/28/2025 14:19,6216.66,3.01,4670.93,220.8,1243.33,0
SHP008116,Old Dominion,0,Air,Tampa,Boston,8/20/2025 6:39,1585.6,3.36,27341.31,77.51,158.56,0
SHP008117,Schneider,0,Rail,Miami,Tampa,9/7/2025 11:26,561.83,3,5385.07,144.53,16.85,0
SHP008118,UPS,0,Ocean,Boston,San Francisco,10/20/2025 1:24,5964.49,7.31,33496.71,235.29,1192.9,0
SHP008119,UPS,0,Rail,San Francisco,Chicago,3/18/2025 10:07,716.7,3.89,28525.12,258.88,21.5,0
SHP008120,J.B. Hunt,FTL,Road,San Francisco,Chicago,10/27/2025 21:08,58.37,5.55,3106.84,469.37,9.73,0
SHP008121,J.B. Hunt,FTL,Road,Chicago,Atlanta,5/2/2025 9:35,82.38,4.68,21619.65,253.36,13.73,0
SHP008122,C.H. Robinson,LTL,Road,Miami,Boston,12/10/2025 14:03,133.7,1.62,7808.84,445.74,22.28,0
SHP008123,XPO Logistics,0,Air,New York,Dallas,6/6/2025 10:13,1728.62,1.74,2867.76,341.41,172.86,0
SHP008124,Schneider,0,Ocean,Atlanta,Boston,4/2/2025 0:06,2588.35,3.21,26801.14,243.37,517.67,0
SHP008125,C.H. Robinson,0,Ocean,New York,Dallas,8/11/2025 21:06,589.72,4.44,28118.48,32.77,117.94,0
SHP008126,Old Dominion,0,Air,New York,Dallas,8/31/2025 7:12,2638.1,1.59,4002.33,380.12,263.81,0
SHP008127,J.B. Hunt,0,Ocean,San Francisco,Tampa,11/13/2025 2:12,4433.2,8.75,16540.88,11.68,886.64,0
SHP008128,Schneider,FTL,Road,New York,Tampa,9/7/2025 3:36,812.1,2.35,28704.48,314.46,135.35,0
SHP008129,J.B. Hunt,0,Ocean,New York,Miami,6/3/2025 11:06,5384.41,19.44,25430.74,209.94,1076.88,0
SHP008130,Schneider,0,Air,New York,Dallas,10/26/2025 22:41,1352.8,0.92,31288.01,380.79,135.28,0
SHP008131,FedEx,0,Air,Dallas,Atlanta,9/7/2025 6:24,965.01,3.52,23765.63,239.86,96.5,0
SHP008132,UPS,0,Ocean,Chicago,Atlanta,7/21/2025 13:46,631.22,10.42,25806.5,45.78,126.24,0
SHP008133,J.B. Hunt,FTL,Road,Dallas,Atlanta,2/5/2025 12:52,578.5,5.96,28803.28,273.89,96.42,0
SHP008134,FedEx,0,Rail,Boston,Atlanta,3/28/2025 6:41,1052.85,1.31,38313.92,464.16,31.59,0
SHP008135,Schneider,FTL,Road,Tampa,Boston,7/17/2025 8:16,834.77,0.82,8709.44,92.77,139.13,0
SHP008136,Schneider,LTL,Road,Tampa,Miami,12/10/2025 0:16,647.52,1.44,7003.64,273.07,0,971.28
SHP008137,FedEx,LTL,Road,New York,Boston,4/29/2025 6:03,70.31,4.53,2009.96,412.62,11.72,0
SHP008138,DHL,0,Rail,Boston,Atlanta,7/13/2025 7:45,768.07,3.37,966.78,493.88,23.04,0
SHP008139,C.H. Robinson,0,Ocean,Chicago,New York,4/16/2025 15:14,5090.03,11.3,4316.55,349.87,1018.01,0
SHP008140,C.H. Robinson,0,Air,Tampa,Dallas,4/17/2025 4:58,1063.37,3.96,38046.62,367.91,106.34,0
SHP008141,DHL,FTL,Road,Tampa,Dallas,7/2/2025 6:20,1166.73,0.86,11556.66,127.37,194.46,0
SHP008142,XPO Logistics,0,Rail,Miami,Boston,12/3/2025 11:16,315.22,7.81,2868.98,428.49,9.46,0
SHP008143,Schneider,FTL,Road,Dallas,Atlanta,4/8/2025 9:53,933.39,2.41,1242.89,4.04,155.56,0
SHP008144,C.H. Robinson,LTL,Road,Atlanta,Boston,8/11/2025 9:09,284.59,3.09,4660.41,293.06,47.43,0
SHP008145,Old Dominion,FTL,Road,Tampa,Miami,10/15/2025 19:45,937.75,2.42,6834.37,400.22,0,1406.62
SHP008146,UPS,0,Rail,Boston,Chicago,1/6/2025 22:20,732.31,3.01,30690.33,467.14,21.97,0
SHP008147,UPS,0,Air,Dallas,Tampa,7/18/2025 9:05,2770.4,0.98,20374.75,47.34,277.04,0
SHP008148,DHL,LTL,Road,Miami,Chicago,1/26/2025 20:48,1155.12,1.49,2094.68,444.55,192.52,0
SHP008149,FedEx,0,Air,San Francisco,Boston,3/30/2025 13:02,2913.2,2.94,5279.7,243.44,291.32,0
SHP008150,DHL,0,Ocean,Chicago,Atlanta,11/27/2025 18:42,6624.54,14.59,5737.5,86.77,1324.91,0
SHP008151,Old Dominion,0,Rail,Dallas,Atlanta,5/13/2025 6:23,1582.63,4.69,28380.55,187.16,47.48,0
SHP008152,DHL,0,Rail,Atlanta,San Francisco,6/3/2025 11:56,1051.98,7.84,13523.27,337.72,31.56,0
SHP008153,Old Dominion,0,Rail,Atlanta,Tampa,11/25/2025 15:17,476.01,1.85,31453.78,422.21,14.28,0
SHP008154,Old Dominion,0,Air,Chicago,Atlanta,5/19/2025 19:28,2104.44,1.05,10003.22,455.68,210.44,0
SHP008155,Schneider,0,Air,Miami,Chicago,6/11/2025 3:10,1079.5,3.37,11794.52,469.79,107.95,0
SHP008156,C.H. Robinson,0,Ocean,Dallas,Atlanta,4/7/2025 13:31,7358.4,2.95,30931.35,85.56,1471.68,0
SHP008157,UPS,0,Ocean,Atlanta,Boston,8/21/2025 1:13,2114.54,12.12,23264.57,163.57,422.91,0
SHP008158,Old Dominion,LTL,Road,Chicago,New York,5/6/2025 7:41,711.69,1.23,370.03,286.04,118.62,0
SHP008159,UPS,0,Air,Dallas,Miami,12/15/2025 8:11,1697.02,2.91,26167.97,448.85,169.7,0
SHP008160,Schneider,0,Air,San Francisco,Miami,9/19/2025 6:52,1540.57,0.53,25410.78,337.89,154.06,0
SHP008161,XPO Logistics,0,Air,Atlanta,Boston,8/21/2025 9:36,1708.04,2.91,13281.56,75.26,170.8,0
SHP008162,DHL,0,Ocean,Dallas,Atlanta,12/21/2025 4:23,5484.15,7.39,18524.48,246.32,1096.83,0
SHP008163,XPO Logistics,0,Air,San Francisco,New York,1/19/2025 19:54,1588.44,2.59,1663.42,494.85,158.84,0
SHP008164,Schneider,0,Air,Dallas,Boston,6/23/2025 5:04,2234.04,1.99,8057.54,41.01,223.4,0
SHP008165,FedEx,FTL,Road,Dallas,Miami,7/14/2025 13:54,823.02,2.07,9564.4,190.6,137.17,0
SHP008166,Schneider,0,Ocean,Chicago,Miami,5/11/2025 15:06,4946.92,16.78,25984.22,431.77,989.38,0
SHP008167,FedEx,0,Ocean,Atlanta,Dallas,2/23/2025 0:34,2140.68,16.01,4494.02,274.42,428.14,0
SHP008168,DHL,LTL,Road,Dallas,Boston,4/2/2025 3:45,721.55,1.49,4008.18,413.77,0,1082.32
SHP008169,C.H. Robinson,0,Rail,Atlanta,Chicago,2/24/2025 5:06,437.45,4.04,37342.96,252.55,13.12,0
SHP008170,J.B. Hunt,0,Rail,Chicago,New York,3/20/2025 17:22,1360.21,6.79,8549.09,109.89,40.81,0
SHP008171,C.H. Robinson,FTL,Road,Chicago,New York,4/29/2025 20:08,922.38,4.58,2877.24,161.93,153.73,0
SHP008172,Old Dominion,0,Rail,New York,Dallas,5/16/2025 10:12,837.65,6.8,17163.56,463.04,25.13,0
SHP008173,Old Dominion,FTL,Road,Tampa,Dallas,11/13/2025 12:31,1196.1,4.74,26822.27,196.56,199.35,0
SHP008174,Schneider,0,Ocean,Tampa,Boston,2/10/2025 21:07,1002.8,14.61,14787.34,176.1,200.56,0
SHP008175,DHL,LTL,Road,Chicago,San Francisco,4/6/2025 6:58,840.87,2.92,7558.12,199.69,140.15,0
SHP008176,FedEx,0,Ocean,Dallas,Chicago,7/1/2025 8:26,1631.48,12.15,38064.99,400.96,326.3,0
SHP008177,XPO Logistics,0,Rail,Dallas,Miami,7/18/2025 23:36,529.2,3.74,37147.79,62.73,15.88,0
SHP008178,XPO Logistics,LTL,Road,Atlanta,Dallas,8/21/2025 7:11,342.04,1.76,5773.69,205.96,0,513.06
SHP008179,Old Dominion,FTL,Road,San Francisco,Chicago,8/21/2025 17:46,141.85,3.87,4413.58,303.6,23.64,0
SHP008180,DHL,0,Ocean,Chicago,Miami,7/15/2025 0:56,4302.56,12.86,3166.1,319.97,860.51,0
SHP008181,XPO Logistics,0,Rail,Atlanta,Dallas,5/26/2025 0:43,890.11,3.88,24059.83,303.52,26.7,0
SHP008182,C.H. Robinson,FTL,Road,New York,Atlanta,1/7/2025 15:44,67.29,0.97,9842.47,339.31,11.22,0
SHP008183,XPO Logistics,0,Ocean,Miami,San Francisco,10/20/2025 19:36,4825.56,18.67,29754.01,426.74,965.11,0
SHP008184,C.H. Robinson,LTL,Road,San Francisco,Atlanta,12/16/2025 14:17,483.34,2.23,8335.5,119.56,80.56,0
SHP008185,FedEx,LTL,Road,Dallas,Miami,12/23/2025 21:00,580.35,1.37,9151.33,204.49,0,870.53
SHP008186,Old Dominion,0,Rail,San Francisco,Tampa,7/5/2025 10:07,539.98,5.84,10163.46,471.81,16.2,0
SHP008187,XPO Logistics,0,Air,Miami,New York,8/20/2025 6:21,1292.57,2.83,14137.17,403.82,129.26,0
SHP008188,C.H. Robinson,0,Rail,Chicago,San Francisco,1/18/2025 4:32,1635.08,6.52,34015.71,51.84,49.05,0
SHP008189,J.B. Hunt,0,Ocean,Miami,San Francisco,8/10/2025 17:23,7430.49,15.73,34834.09,342.53,1486.1,0
SHP008190,UPS,0,Rail,New York,Tampa,7/17/2025 5:58,522.96,5.27,4092.38,348.17,15.69,0
SHP008191,J.B. Hunt,FTL,Road,Atlanta,Boston,2/13/2025 9:44,520.35,1.12,39179.58,450.64,86.73,0
SHP008192,Schneider,0,Ocean,Dallas,Boston,11/11/2025 12:46,7201.58,19.35,27833.25,327.88,1440.32,0
SHP008193,Old Dominion,0,Air,Dallas,Tampa,1/10/2025 10:22,586.45,3.65,35304.57,374.18,58.65,0
SHP008194,FedEx,0,Ocean,New York,Miami,1/24/2025 6:43,7454.86,14.17,18181.87,484.01,1490.97,0
SHP008195,Schneider,0,Rail,Boston,Chicago,10/21/2025 13:02,942.61,5.49,15235.95,318.53,28.28,0
SHP008196,J.B. Hunt,0,Ocean,Boston,San Francisco,4/7/2025 10:55,5900.74,15.74,20825.24,150.76,1180.15,0
SHP008197,J.B. Hunt,0,Rail,San Francisco,New York,4/7/2025 3:16,1230.15,7.36,773.05,67.83,36.9,0
SHP008198,C.H. Robinson,0,Air,Chicago,Miami,2/21/2025 5:22,623.39,3.73,26678.53,475.94,62.34,0
SHP008199,UPS,FTL,Road,Chicago,Miami,1/3/2025 19:57,720.24,2.9,31797.55,81.31,120.04,0
SHP008200,Schneider,FTL,Road,Tampa,Miami,11/13/2025 18:07,488.54,2.93,12289.11,186.27,81.42,0
SHP008201,FedEx,FTL,Road,New York,Dallas,1/31/2025 17:22,139.82,1.39,13752.12,398.15,0,209.73
SHP008202,C.H. Robinson,LTL,Road,San Francisco,Dallas,3/24/2025 19:44,259.87,2.24,789.46,279,43.31,0
SHP008203,C.H. Robinson,0,Rail,Miami,Chicago,2/6/2025 5:10,1178,7.06,32855.08,143.4,35.34,0
SHP008204,XPO Logistics,0,Air,Boston,New York,6/13/2025 22:17,669.77,1.05,38774.08,336.94,66.98,0
SHP008205,C.H. Robinson,0,Rail,San Francisco,Chicago,4/19/2025 19:59,268.11,1.96,19689.1,104.71,8.04,0
SHP008206,J.B. Hunt,FTL,Road,Chicago,Dallas,2/12/2025 14:18,974.21,3.55,24698.97,231.95,0,1461.32
SHP008207,C.H. Robinson,0,Rail,Atlanta,Miami,5/2/2025 18:44,609.7,5.13,28820.32,186.1,18.29,0
SHP008208,DHL,0,Air,Chicago,San Francisco,8/10/2025 16:54,1663.35,3.44,6372.93,273.07,166.34,0
SHP008209,J.B. Hunt,LTL,Road,New York,Chicago,7/16/2025 12:07,450.67,4.29,335.28,335.57,0,676
SHP008210,FedEx,0,Rail,Tampa,Atlanta,9/7/2025 0:10,364.64,1.45,29122.62,320.53,10.94,0
SHP008211,Schneider,0,Ocean,Tampa,Atlanta,8/11/2025 21:15,7212.02,13.43,21435.96,353.8,1442.4,0
SHP008212,UPS,FTL,Road,New York,Tampa,11/29/2025 6:15,421.91,0.46,9586.81,119.77,70.32,0
SHP008213,XPO Logistics,0,Ocean,Tampa,Chicago,12/10/2025 11:57,3017.44,22.76,32291.29,468.04,603.49,0
SHP008214,C.H. Robinson,0,Rail,Boston,San Francisco,8/31/2025 0:34,1797.78,4.04,9469.4,280.44,53.93,0
SHP008215,DHL,FTL,Road,Dallas,San Francisco,6/26/2025 17:29,1063.3,2.93,20463.27,68.09,177.22,0
SHP008216,FedEx,0,Air,Dallas,San Francisco,2/14/2025 15:08,1435.23,1.85,14391.7,443.76,143.52,0
SHP008217,DHL,FTL,Road,Dallas,New York,1/4/2025 6:59,118.2,5.84,825.75,472.85,19.7,0
SHP008218,J.B. Hunt,0,Air,Miami,San Francisco,8/1/2025 8:28,1779.73,2.96,7891.75,327.45,177.97,0
SHP008219,C.H. Robinson,LTL,Road,Dallas,Tampa,7/2/2025 2:38,1064.25,1.05,1401.75,152.68,177.38,0
SHP008220,DHL,0,Rail,San Francisco,Atlanta,12/21/2025 9:10,458.76,1.77,27293.6,107.7,13.76,0
SHP008221,XPO Logistics,0,Ocean,Miami,New York,2/14/2025 11:19,5502.61,20.96,26254.98,60.56,1100.52,0
SHP008222,UPS,LTL,Road,Dallas,Miami,6/9/2025 22:36,709.61,2.51,3532.2,159.95,118.27,0
SHP008223,XPO Logistics,0,Rail,New York,Dallas,7/15/2025 20:21,1687.09,6.2,5787.03,238.53,50.61,0
SHP008224,J.B. Hunt,0,Ocean,Miami,Dallas,2/15/2025 6:25,2886.67,23.51,39132.14,160.45,577.33,0
SHP008225,J.B. Hunt,0,Ocean,Dallas,Chicago,2/12/2025 23:59,3140.85,15.19,19432.63,107.34,628.17,0
SHP008226,XPO Logistics,0,Air,Chicago,New York,9/21/2025 20:08,2083.11,1.67,26321.8,192.46,208.31,0
SHP008227,Schneider,0,Rail,Atlanta,Miami,4/21/2025 9:32,1320.34,5.67,20598.1,352.67,39.61,0
SHP008228,J.B. Hunt,0,Rail,Boston,Miami,11/10/2025 18:13,937.55,1.81,7693.2,123.75,28.13,0
SHP008229,XPO Logistics,0,Ocean,Atlanta,Dallas,8/22/2025 10:35,974.22,17.65,15011.91,47.67,194.84,0
SHP008230,Old Dominion,0,Rail,Atlanta,New York,3/3/2025 21:38,1511.93,5.79,18362.86,124.47,45.36,0
SHP008231,XPO Logistics,FTL,Road,San Francisco,Tampa,5/28/2025 2:09,224.51,2.89,35467.21,95.01,37.42,0
SHP008232,XPO Logistics,FTL,Road,San Francisco,Tampa,5/14/2025 14:32,703.96,5.78,25666.1,220.54,0,1055.94
SHP008233,FedEx,FTL,Road,Atlanta,Tampa,4/11/2025 4:31,873.83,4.99,23825.39,436.04,0,1310.75
SHP008234,FedEx,0,Rail,San Francisco,Atlanta,2/28/2025 8:06,1023.35,6.81,38104.76,251.12,30.7,0
SHP008235,XPO Logistics,0,Air,Chicago,San Francisco,11/6/2025 20:25,1933.5,2.63,31366.68,411.66,193.35,0
SHP008236,UPS,0,Ocean,San Francisco,New York,8/26/2025 4:46,704.22,18.13,31460.7,350.51,140.84,0
SHP008237,XPO Logistics,0,Rail,Miami,Chicago,12/17/2025 10:18,1341.91,1.29,17960.53,409.27,40.26,0
SHP008238,Old Dominion,0,Ocean,Boston,Dallas,9/18/2025 20:49,7505.05,7.05,23378.2,402.36,1501.01,0
SHP008239,DHL,0,Ocean,Boston,Atlanta,6/6/2025 12:30,6143.06,15.62,1238.3,362.22,1228.61,0
SHP008240,UPS,0,Ocean,Miami,Atlanta,4/10/2025 0:57,6299.32,17.9,30749.46,216.03,1259.86,0
SHP008241,DHL,0,Rail,Dallas,New York,3/9/2025 15:39,1790,6.4,23357.86,467.16,53.7,0
SHP008242,Old Dominion,FTL,Road,Tampa,Chicago,8/2/2025 21:55,1094.43,4.93,22765.95,264.02,182.41,0
SHP008243,Schneider,FTL,Road,New York,Dallas,5/25/2025 19:06,428.01,1.69,20738.2,289.31,71.33,0
SHP008244,FedEx,FTL,Road,Boston,Chicago,3/5/2025 13:47,331.21,5.55,22512.32,263.73,55.2,0
SHP008245,C.H. Robinson,0,Rail,San Francisco,Atlanta,6/17/2025 22:09,897.02,1.41,35354.85,159.18,26.91,0
SHP008246,Schneider,FTL,Road,Chicago,Boston,9/14/2025 14:36,788.83,3.74,23587.23,263.33,0,1183.25
SHP008247,C.H. Robinson,0,Ocean,New York,Dallas,2/13/2025 0:36,1860.8,8.17,21205.43,394.88,372.16,0
SHP008248,XPO Logistics,0,Ocean,New York,Miami,7/8/2025 19:10,3739.92,6.49,3973.8,331.84,747.98,0
SHP008249,Schneider,0,Rail,Atlanta,Dallas,9/28/2025 19:02,877.34,1.88,27141.44,104.58,26.32,0
SHP008250,Old Dominion,FTL,Road,Tampa,Chicago,12/27/2025 7:18,635.37,2.01,37301.76,114.92,0,953.06
SHP008251,DHL,LTL,Road,Chicago,Tampa,4/19/2025 0:53,532.91,5.77,3289.44,322.65,0,799.37
SHP008252,UPS,0,Rail,Atlanta,Miami,10/21/2025 10:44,706.76,1.77,25288.12,458.1,21.2,0
SHP008253,XPO Logistics,0,Rail,Chicago,Tampa,8/26/2025 4:09,924.1,5.38,24551.49,208.13,27.72,0
SHP008254,Schneider,LTL,Road,Dallas,Chicago,3/18/2025 7:14,757.13,1.74,3873.67,221.72,126.19,0
SHP008255,Old Dominion,LTL,Road,New York,Chicago,11/14/2025 18:31,1043.61,2.25,6406.1,107.49,173.93,0
SHP008256,Old Dominion,0,Rail,Boston,San Francisco,3/22/2025 14:35,604.11,5.54,30611.24,231.6,18.12,0
SHP008257,FedEx,0,Ocean,Boston,San Francisco,3/22/2025 7:25,3013.25,22.03,5864.41,360.64,602.65,0
SHP008258,C.H. Robinson,0,Air,Chicago,New York,10/31/2025 12:51,2163.46,2.92,37449.11,364.37,216.35,0
SHP008259,C.H. Robinson,0,Air,New York,Dallas,5/11/2025 21:16,1114.23,1.74,15948.88,16.37,111.42,0
SHP008260,C.H. Robinson,0,Air,Boston,Chicago,4/12/2025 0:57,2766.48,0.76,28141.87,365.35,276.65,0
SHP008261,J.B. Hunt,0,Rail,Tampa,San Francisco,9/28/2025 2:19,1549.94,4.87,29147.94,152.06,46.5,0
SHP008262,UPS,FTL,Road,Chicago,Tampa,10/30/2025 16:05,907.42,2.22,36162.12,82.53,0,1361.13
SHP008263,XPO Logistics,0,Rail,Tampa,Boston,1/3/2025 16:17,705.21,4.49,31146.1,374.65,21.16,0
SHP008264,UPS,0,Rail,New York,Dallas,2/13/2025 18:45,537.15,2.01,12506.8,242.39,16.11,0
SHP008265,FedEx,FTL,Road,Miami,New York,1/11/2025 20:21,669.86,2.72,26692.06,214.35,111.64,0
SHP008266,J.B. Hunt,0,Ocean,San Francisco,Atlanta,6/23/2025 1:55,7597.47,7.74,25281.2,306.08,1519.49,0
SHP008267,DHL,0,Air,Dallas,Boston,3/29/2025 14:06,1060.25,1.94,14936.21,87.08,106.03,0
SHP008268,C.H. Robinson,LTL,Road,San Francisco,Miami,2/27/2025 13:05,598.89,2.47,1906.43,225.49,99.81,0
SHP008269,FedEx,0,Rail,Miami,Boston,4/2/2025 8:53,874.95,1.92,5681.91,324.11,26.25,0
SHP008270,DHL,0,Air,New York,Miami,11/30/2025 13:14,2207.77,3.79,3936.69,59.81,220.78,0
SHP008271,Schneider,0,Rail,New York,Chicago,9/8/2025 0:57,282.91,4.73,25098.49,202.36,8.49,0
SHP008272,C.H. Robinson,0,Ocean,San Francisco,Tampa,1/20/2025 7:30,6484.27,17.11,39440.7,69.81,1296.85,0
SHP008273,UPS,0,Rail,Chicago,San Francisco,6/21/2025 19:17,293.31,2.92,1252.48,466.37,8.8,0
SHP008274,Schneider,0,Air,Chicago,Dallas,10/1/2025 6:33,1120.67,2.43,13063.75,123.66,112.07,0
SHP008275,J.B. Hunt,FTL,Road,Dallas,Chicago,2/7/2025 3:26,225.22,2.09,24809.05,485.84,37.54,0
SHP008276,Old Dominion,0,Air,Miami,Dallas,9/14/2025 8:51,1806.85,2.36,1892.89,420.21,180.69,0
SHP008277,FedEx,LTL,Road,Chicago,Miami,1/31/2025 3:49,101.57,5.46,5455.92,85.06,16.93,0
SHP008278,Schneider,0,Rail,New York,Dallas,9/24/2025 21:55,922.73,7.96,12550.77,135.46,27.68,0
SHP008279,J.B. Hunt,LTL,Road,Atlanta,San Francisco,3/3/2025 1:06,185.71,3.68,1028.89,383.24,0,278.56
SHP008280,XPO Logistics,0,Ocean,Tampa,Chicago,4/8/2025 23:23,7394.18,22.5,4762.69,279.57,1478.84,0
SHP008281,FedEx,0,Air,Miami,San Francisco,3/25/2025 16:37,562.2,2.5,32691.73,269.36,56.22,0
SHP008282,Schneider,FTL,Road,Tampa,Atlanta,3/13/2025 22:15,1052.86,4.86,11423.66,315.42,0,1579.29
SHP008283,C.H. Robinson,0,Ocean,Dallas,Boston,2/11/2025 12:31,555.59,10.71,9899.43,468.62,111.12,0
SHP008284,DHL,0,Ocean,Tampa,Chicago,8/20/2025 3:25,3540.42,16.39,29413.27,386.83,708.08,0
SHP008285,Old Dominion,0,Ocean,San Francisco,Boston,8/28/2025 16:49,6018.31,8.36,27599.67,274.96,1203.66,0
SHP008286,Old Dominion,LTL,Road,Dallas,Boston,4/28/2025 9:31,736.98,0.25,2693.84,465.41,122.83,0
SHP008287,FedEx,FTL,Road,New York,Tampa,5/11/2025 15:14,383.59,2.77,7873.62,70.16,63.93,0
SHP008288,J.B. Hunt,LTL,Road,Chicago,Tampa,12/27/2025 2:44,289.97,3.43,9202.43,163.77,48.33,0
SHP008289,XPO Logistics,0,Rail,San Francisco,Miami,2/17/2025 23:19,717.45,4.95,14591.34,455.3,21.52,0
SHP008290,J.B. Hunt,FTL,Road,San Francisco,Chicago,8/26/2025 17:40,484.53,3.07,21568.88,391.25,80.75,0
SHP008291,FedEx,0,Rail,Atlanta,San Francisco,7/31/2025 7:19,1102.25,2.67,5397.49,468.95,33.07,0
SHP008292,J.B. Hunt,LTL,Road,Boston,Dallas,11/8/2025 7:15,971.8,0.38,8242.06,295.71,161.97,0
SHP008293,Schneider,0,Air,Tampa,New York,5/13/2025 3:39,1701.01,0.54,31344.13,99.83,170.1,0
SHP008294,C.H. Robinson,LTL,Road,Dallas,Miami,1/14/2025 14:49,887.18,0.34,7994.08,12.5,0,1330.77
SHP008295,UPS,0,Ocean,New York,San Francisco,1/3/2025 12:44,2269.2,7.9,6721.59,241.05,453.84,0
SHP008296,DHL,0,Ocean,Miami,San Francisco,5/18/2025 13:19,2627.66,23.85,23408.77,283.67,525.53,0
SHP008297,UPS,FTL,Road,Chicago,Atlanta,9/25/2025 2:32,304,2.6,5397.13,381.5,50.67,0
SHP008298,J.B. Hunt,0,Ocean,Miami,San Francisco,3/13/2025 7:49,2983.69,18.54,15181.99,494.39,596.74,0
SHP008299,DHL,0,Air,San Francisco,Tampa,6/17/2025 11:28,762.03,0.51,23995.61,476.52,76.2,0
SHP008300,XPO Logistics,0,Air,Boston,Miami,8/25/2025 5:05,2047.05,0.8,21848.98,454.83,204.71,0
SHP008301,UPS,0,Ocean,Dallas,Miami,7/26/2025 4:01,548.8,5.67,32675.18,447.06,109.76,0
SHP008302,J.B. Hunt,0,Ocean,Tampa,Miami,5/20/2025 18:43,5803.7,23.81,4063.53,273.29,1160.74,0
SHP008303,Old Dominion,FTL,Road,Chicago,Boston,11/16/2025 0:04,837.74,4.29,31842.64,458.9,0,1256.61
SHP008304,Old Dominion,FTL,Road,Miami,Boston,7/12/2025 7:52,465.89,0.5,14816.46,336.14,77.65,0
SHP008305,XPO Logistics,0,Rail,New York,Miami,10/7/2025 11:50,541.53,6.67,9180.7,6.02,16.25,0
SHP008306,J.B. Hunt,0,Air,San Francisco,Miami,12/2/2025 1:51,1671.82,3.04,14311.39,374.7,167.18,0
SHP008307,UPS,0,Ocean,Tampa,Boston,7/7/2025 22:29,3788.03,5.78,4077.06,355.58,757.61,0
SHP008308,J.B. Hunt,0,Rail,Miami,Chicago,7/18/2025 11:24,817.14,7.39,21840.07,174.87,24.51,0
SHP008309,Old Dominion,FTL,Road,Atlanta,Dallas,8/23/2025 3:21,451.34,1.01,23954.67,291.5,75.22,0
SHP008310,FedEx,LTL,Road,New York,Chicago,9/11/2025 0:06,969.99,1.41,3014.28,49.52,0,1454.99
SHP008311,Old Dominion,0,Air,Dallas,Boston,7/8/2025 18:27,1097.42,2,38579.12,326.88,109.74,0
SHP008312,Schneider,0,Rail,Miami,New York,7/5/2025 23:55,1452.6,3.28,6208.26,129.1,43.58,0
SHP008313,FedEx,0,Rail,Atlanta,Dallas,8/4/2025 2:22,610.35,5.08,13988.11,428.84,18.31,0
SHP008314,J.B. Hunt,0,Rail,Dallas,Chicago,11/7/2025 20:32,1781.67,3.4,28349.88,329.09,53.45,0
SHP008315,XPO Logistics,FTL,Road,New York,Atlanta,12/9/2025 22:40,273.63,5.53,8377.98,368.74,45.6,0
SHP008316,Old Dominion,FTL,Road,Dallas,Chicago,3/24/2025 18:38,449.75,2.36,18490.24,432.39,74.96,0
SHP008317,FedEx,0,Air,Dallas,New York,3/5/2025 22:44,678.68,0.69,16380.61,28.74,67.87,0
SHP008318,FedEx,LTL,Road,Dallas,Atlanta,4/22/2025 0:36,840.74,4.62,8568.92,372.18,140.12,0
SHP008319,C.H. Robinson,0,Air,Tampa,New York,5/7/2025 15:59,2774.15,3.12,37474.99,97.36,277.42,0
SHP008320,FedEx,0,Air,San Francisco,Boston,12/3/2025 18:42,1649.63,3.98,27422.34,439.44,164.96,0
SHP008321,Schneider,FTL,Road,Tampa,Dallas,1/1/2025 4:53,84.95,5.26,28059.67,86.21,14.16,0
SHP008322,FedEx,0,Ocean,Boston,Tampa,12/11/2025 23:52,692.61,7.72,36673.05,334.4,138.52,0
SHP008323,FedEx,0,Air,Tampa,Chicago,12/16/2025 14:47,2782.57,2.06,37496.77,232.02,278.26,0
SHP008324,UPS,0,Air,Miami,New York,7/22/2025 19:54,851.49,1.03,39755.57,167.6,85.15,0
SHP008325,DHL,LTL,Road,Miami,Chicago,10/4/2025 6:24,234.06,0.3,2962.86,444.67,39.01,0
SHP008326,C.H. Robinson,0,Ocean,Miami,Tampa,7/31/2025 22:12,4505.07,15.91,36934.45,256.91,901.01,0
SHP008327,Schneider,0,Ocean,Boston,Tampa,8/22/2025 22:29,6787.1,9.12,39095.52,40.33,1357.42,0
SHP008328,J.B. Hunt,0,Rail,Miami,Atlanta,12/15/2025 18:45,1359.73,5.62,8071.02,195.03,40.79,0
SHP008329,J.B. Hunt,0,Rail,Miami,San Francisco,2/20/2025 11:54,700.53,1.66,23599.13,496.84,21.02,0
SHP008330,DHL,0,Ocean,New York,Miami,11/22/2025 8:06,4696.91,14,2092.39,70.47,939.38,0
SHP008331,Old Dominion,0,Air,Atlanta,Boston,3/25/2025 14:48,1685.69,3.95,35126.01,170.76,168.57,0
SHP008332,Schneider,FTL,Road,Tampa,Boston,8/30/2025 10:59,674.45,3.43,27571.74,344.2,112.41,0
SHP008333,C.H. Robinson,FTL,Road,Miami,New York,10/1/2025 2:34,958.26,0.39,37775.37,35.96,159.71,0
SHP008334,UPS,0,Ocean,Atlanta,Boston,1/13/2025 3:14,4071.2,22.23,19762.92,32.75,814.24,0
SHP008335,UPS,0,Rail,Boston,Tampa,8/13/2025 8:53,566.78,5.05,3970.53,212.42,17,0
SHP008336,J.B. Hunt,0,Air,Chicago,Tampa,2/21/2025 7:17,1188.55,3.35,4850.21,341.72,118.86,0
SHP008337,J.B. Hunt,0,Rail,Chicago,Atlanta,12/6/2025 2:59,850.54,5.11,8618.5,305.24,25.52,0
SHP008338,XPO Logistics,FTL,Road,Miami,New York,9/30/2025 13:43,825.07,0.65,33061.6,430.77,137.51,0
SHP008339,DHL,0,Air,Boston,Miami,4/5/2025 6:26,471.6,2.61,23963.45,7.22,47.16,0
SHP008340,FedEx,0,Ocean,Dallas,New York,1/25/2025 16:42,3067.6,23.32,22440.3,466.67,613.52,0
SHP008341,J.B. Hunt,0,Rail,San Francisco,Chicago,6/1/2025 9:25,1281.03,1.2,3569.67,361.37,38.43,0
SHP008342,Schneider,0,Rail,Chicago,Boston,2/2/2025 23:02,1087.31,1.89,24755.48,405.33,32.62,0
SHP008343,Old Dominion,0,Air,Miami,San Francisco,8/3/2025 3:31,2333.05,1.36,10698.7,483.95,233.31,0
SHP008344,FedEx,0,Rail,Tampa,Boston,8/30/2025 18:59,1619.85,3.23,33050.15,81.71,48.6,0
SHP008345,Schneider,FTL,Road,Miami,Dallas,8/27/2025 0:38,276.37,1.29,3964.97,427.48,46.06,0
SHP008346,DHL,LTL,Road,Tampa,Chicago,6/29/2025 12:46,715.63,1.74,8509.25,401.52,119.27,0
SHP008347,FedEx,0,Air,Boston,Atlanta,7/23/2025 4:04,572.57,2.75,29012.43,358.2,57.26,0
SHP008348,Schneider,LTL,Road,Tampa,Dallas,10/30/2025 22:21,881.61,1.22,3253.6,422.25,146.94,0
SHP008349,C.H. Robinson,LTL,Road,Tampa,Boston,5/21/2025 2:22,1083.15,1.86,376.74,430.02,180.53,0
SHP008350,DHL,0,Ocean,Dallas,Tampa,7/11/2025 23:28,3328.19,9.25,14206.49,208.43,665.64,0
SHP008351,DHL,0,Ocean,Atlanta,Dallas,3/21/2025 5:01,3337,14.46,3618.14,485.8,667.4,0
SHP008352,FedEx,FTL,Road,Atlanta,San Francisco,10/15/2025 6:36,1126.92,5.62,35231.47,330.5,187.82,0
SHP008353,XPO Logistics,0,Air,Dallas,San Francisco,1/15/2025 3:47,896.99,0.67,4423.18,162.67,89.7,0
SHP008354,DHL,0,Ocean,Miami,Atlanta,1/15/2025 21:29,4279.12,23.85,17700.02,262.8,855.82,0
SHP008355,DHL,LTL,Road,Chicago,Miami,11/8/2025 6:53,849.43,1.29,9338.35,264.99,141.57,0
SHP008356,Old Dominion,0,Rail,Boston,Dallas,7/7/2025 13:31,642.01,7.55,25205.3,242.36,19.26,0
SHP008357,DHL,0,Air,Miami,Dallas,10/7/2025 10:13,1866.42,3.12,6604.25,432.55,186.64,0
SHP008358,DHL,0,Air,New York,Boston,5/31/2025 16:18,2890.67,2.48,27449.7,430.06,289.07,0
SHP008359,J.B. Hunt,0,Ocean,Tampa,San Francisco,8/14/2025 11:30,3311.08,23.84,27379.8,212.58,662.22,0
SHP008360,Old Dominion,0,Ocean,Atlanta,San Francisco,6/23/2025 21:47,5580.03,13.48,4909.84,398.14,1116.01,0
SHP008361,DHL,0,Air,Miami,Boston,6/3/2025 11:05,1823.81,3.29,6619.02,269.64,182.38,0
SHP008362,C.H. Robinson,0,Air,Chicago,San Francisco,10/18/2025 7:16,2369.89,3.96,35433.69,432.31,236.99,0
SHP008363,DHL,0,Rail,Atlanta,Tampa,7/24/2025 11:09,595.94,6.87,7186.61,99.86,17.88,0
SHP008364,Old Dominion,0,Ocean,Dallas,Chicago,2/25/2025 2:35,1325.88,20.87,4776.05,69.92,265.18,0
SHP008365,J.B. Hunt,0,Ocean,Miami,New York,5/13/2025 20:04,2344.15,14.6,35267.12,209.7,468.83,0
SHP008366,Old Dominion,0,Air,Boston,Atlanta,9/6/2025 14:19,1774.97,1.08,11004.86,67.83,177.5,0
SHP008367,UPS,0,Ocean,Dallas,Atlanta,8/17/2025 21:46,3574.39,14.99,11718.77,423.15,714.88,0
SHP008368,C.H. Robinson,LTL,Road,New York,Atlanta,4/2/2025 15:31,1178.42,0.94,325.92,395.1,196.4,0
SHP008369,DHL,FTL,Road,Miami,Dallas,5/25/2025 23:58,269.24,2.28,16072.13,458.38,44.87,0
SHP008370,J.B. Hunt,FTL,Road,Tampa,Miami,6/16/2025 15:34,807.66,0.48,1085,100.58,134.61,0
SHP008371,J.B. Hunt,0,Ocean,Chicago,New York,2/5/2025 12:13,2886.29,12.66,33594.66,158.09,577.26,0
SHP008372,Schneider,0,Ocean,Atlanta,Tampa,9/30/2025 23:25,3324.03,9.25,854.13,477.65,664.81,0
SHP008373,XPO Logistics,FTL,Road,Dallas,Tampa,5/31/2025 2:43,209.85,1.9,5607.48,245.78,0,314.77
SHP008374,C.H. Robinson,0,Rail,Boston,San Francisco,1/25/2025 17:47,1691.47,1.7,17915.43,12.17,50.74,0
SHP008375,C.H. Robinson,0,Ocean,Atlanta,Boston,2/25/2025 20:16,6281.74,16.11,28138.1,236.7,1256.35,0
SHP008376,Schneider,0,Ocean,Tampa,Boston,2/22/2025 15:00,7307.25,11.01,20806.36,347.95,1461.45,0
SHP008377,Schneider,0,Rail,Miami,Dallas,1/19/2025 3:57,1032.9,2.33,13024.29,47.05,30.99,0
SHP008378,DHL,0,Air,Chicago,New York,7/18/2025 9:04,1468.06,2.63,5181.93,315.66,146.81,0
SHP008379,Schneider,0,Air,Miami,Chicago,6/21/2025 4:44,2710.75,1.68,9270.31,446.61,271.07,0
SHP008380,C.H. Robinson,0,Ocean,Boston,Miami,4/11/2025 10:07,5689.59,4.32,16620.42,337.37,1137.92,0
SHP008381,Old Dominion,0,Rail,Chicago,Tampa,4/3/2025 5:51,1119.01,5.33,22901.84,399.23,33.57,0
SHP008382,UPS,LTL,Road,Dallas,Miami,1/26/2025 1:09,418.49,4.32,9912.13,195.59,0,627.74
SHP008383,Schneider,0,Air,Tampa,New York,10/1/2025 8:28,2435.83,1.36,11634.92,467.5,243.58,0
SHP008384,J.B. Hunt,0,Air,Atlanta,Dallas,12/17/2025 15:15,370.03,1.26,19575.37,201.52,37,0
SHP008385,UPS,0,Rail,Chicago,Atlanta,4/3/2025 7:56,1206.67,2.35,3286.61,185.3,36.2,0
SHP008386,XPO Logistics,0,Rail,Chicago,Miami,12/28/2025 2:35,1038.97,4.93,24258.99,274.78,31.17,0
SHP008387,XPO Logistics,0,Ocean,Miami,San Francisco,5/15/2025 19:33,2343.14,18.82,3967.32,99.98,468.63,0
SHP008388,Old Dominion,0,Air,Tampa,Atlanta,5/20/2025 12:38,2296.32,1.48,19992.2,164.27,229.63,0
SHP008389,J.B. Hunt,0,Rail,Chicago,Atlanta,8/21/2025 10:32,1011.17,3.43,39771.22,179.38,30.34,0
SHP008390,XPO Logistics,0,Air,Miami,New York,8/31/2025 3:57,1993.03,3.61,25698.43,283.36,199.3,0
SHP008391,J.B. Hunt,0,Ocean,Tampa,Miami,3/15/2025 8:58,4769.22,12.92,32399.43,26.16,953.84,0
SHP008392,FedEx,0,Ocean,San Francisco,Chicago,10/16/2025 17:39,7138.47,14.9,34030.49,6.19,1427.69,0
SHP008393,XPO Logistics,FTL,Road,Miami,Boston,6/2/2025 14:33,1049.67,0.94,28988.11,208.84,0,1574.51
SHP008394,Old Dominion,FTL,Road,Chicago,Boston,7/27/2025 23:21,833.23,3.86,6954.16,257.79,138.87,0
SHP008395,XPO Logistics,0,Rail,San Francisco,Chicago,6/3/2025 12:58,643.57,4.92,29651.13,41.55,19.31,0
SHP008396,Old Dominion,LTL,Road,San Francisco,Boston,1/22/2025 18:11,643.13,3.8,3059.37,476.55,0,964.69
SHP008397,UPS,0,Air,Dallas,Miami,10/18/2025 1:37,1704.82,1.14,4757.64,271.29,170.48,0
SHP008398,UPS,LTL,Road,Chicago,Tampa,2/7/2025 10:41,481.52,1.36,452.38,283.73,0,722.28
SHP008399,J.B. Hunt,0,Rail,Atlanta,Tampa,4/18/2025 12:32,1157.76,1.99,24268.65,476.03,34.73,0
SHP008400,DHL,FTL,Road,San Francisco,Boston,7/18/2025 21:21,1175.04,5.36,32379.6,105.47,0,1762.56
SHP008401,Old Dominion,0,Rail,Boston,Tampa,1/1/2025 17:55,450.3,4.11,24975.45,425.49,13.51,0
SHP008402,FedEx,0,Ocean,Boston,Chicago,2/9/2025 19:03,2239.72,12.55,26073.89,223.35,447.94,0
SHP008403,XPO Logistics,0,Rail,Chicago,New York,8/9/2025 0:30,926.71,2.58,39473.11,238.12,27.8,0
SHP008404,C.H. Robinson,0,Air,Boston,San Francisco,5/27/2025 7:10,1738.4,1.26,20808.4,128.42,173.84,0
SHP008405,XPO Logistics,0,Ocean,San Francisco,Atlanta,6/8/2025 13:17,2017.52,8.07,609.01,285.51,403.5,0
SHP008406,Schneider,LTL,Road,Dallas,New York,4/29/2025 17:59,495.6,5.42,550.97,22.56,82.6,0
SHP008407,FedEx,0,Air,Dallas,San Francisco,8/11/2025 15:15,2691.86,0.94,585.32,90.28,269.19,0
SHP008408,C.H. Robinson,0,Air,Atlanta,San Francisco,3/31/2025 2:39,2524.47,3.31,13935.22,334.35,252.45,0
SHP008409,DHL,0,Air,Atlanta,San Francisco,11/10/2025 13:34,1669.57,3.67,2728.73,406.78,166.96,0
SHP008410,UPS,0,Rail,San Francisco,New York,2/17/2025 4:43,472.96,3.74,8082.31,351.6,14.19,0
SHP008411,XPO Logistics,0,Rail,Atlanta,Chicago,9/14/2025 16:39,1285.32,4.84,28077.44,320.14,38.56,0
SHP008412,J.B. Hunt,0,Rail,Dallas,Tampa,9/2/2025 17:07,1442.31,2.68,17442.05,76.66,43.27,0
SHP008413,FedEx,LTL,Road,Atlanta,Dallas,7/31/2025 14:57,544.03,4.28,6960.2,355,0,816.04
SHP008414,DHL,0,Ocean,Boston,Miami,11/14/2025 22:43,2815.76,16.57,15014.92,472.3,563.15,0
SHP008415,Old Dominion,0,Air,San Francisco,Miami,6/25/2025 9:47,1227.09,2.61,30130.76,453.3,122.71,0
SHP008416,UPS,0,Air,Boston,Tampa,2/22/2025 7:53,1482.41,1.76,17486.11,162.52,148.24,0
SHP008417,UPS,0,Air,Miami,Boston,9/27/2025 15:13,2065.6,3.76,5479.8,280.9,206.56,0
SHP008418,C.H. Robinson,LTL,Road,San Francisco,New York,6/1/2025 10:38,1082.3,0.83,5014.57,432.75,180.38,0
SHP008419,XPO Logistics,0,Rail,San Francisco,Dallas,9/28/2025 9:23,1640.72,4.6,1485.6,53.71,49.22,0
SHP008420,Old Dominion,LTL,Road,Tampa,Chicago,10/12/2025 21:22,724.72,0.96,1621.77,386.29,120.79,0
SHP008421,Old Dominion,0,Rail,Miami,New York,12/15/2025 5:44,1401.11,6.9,4676.54,99.87,42.03,0
SHP008422,UPS,0,Air,Tampa,Boston,4/6/2025 15:40,2549,3.02,32335.27,494.88,254.9,0
SHP008423,FedEx,0,Rail,Miami,Chicago,4/5/2025 3:47,1583.09,4.64,12775.34,285.27,47.49,0
SHP008424,FedEx,0,Rail,Dallas,Atlanta,8/13/2025 5:59,1221.74,3.35,30952.01,47.28,36.65,0
SHP008425,J.B. Hunt,0,Ocean,Dallas,San Francisco,8/1/2025 23:57,6345.45,2.7,20169.66,430.86,1269.09,0
SHP008426,Schneider,0,Ocean,Tampa,San Francisco,11/29/2025 19:52,1148.71,13.39,6795.96,447.51,229.74,0
SHP008427,XPO Logistics,LTL,Road,Miami,Atlanta,5/17/2025 7:47,1007.2,5.62,8768.58,368.54,167.87,0
SHP008428,FedEx,0,Air,Miami,New York,4/7/2025 18:21,799.2,1.56,20125.78,294.86,79.92,0
SHP008429,FedEx,0,Rail,New York,Tampa,3/3/2025 16:30,1451.49,2.59,5566.96,241.82,43.54,0
SHP008430,Schneider,LTL,Road,Tampa,Atlanta,4/2/2025 4:03,231.52,4.24,5819.96,370.81,38.59,0
SHP008431,XPO Logistics,0,Rail,Chicago,Miami,3/27/2025 1:34,301.5,7.75,500.22,163.4,9.04,0
SHP008432,FedEx,0,Air,Miami,Boston,1/26/2025 16:36,2135.01,0.66,3792.31,39.26,213.5,0
SHP008433,FedEx,0,Air,Miami,Dallas,2/6/2025 14:07,1870.08,3.64,22439.76,302.18,187.01,0
SHP008434,Schneider,FTL,Road,Boston,Miami,5/15/2025 14:52,447.9,0.36,1353.78,444.27,74.65,0
SHP008435,FedEx,LTL,Road,Boston,New York,7/20/2025 13:20,167.96,6,1769.56,337.64,27.99,0
SHP008436,Old Dominion,0,Ocean,Atlanta,Dallas,8/8/2025 1:11,7617.17,9.97,29510.11,176.08,1523.43,0
SHP008437,Schneider,0,Rail,New York,San Francisco,1/11/2025 7:53,687.91,2.41,32926.93,129.44,20.64,0
SHP008438,Old Dominion,LTL,Road,San Francisco,Boston,7/21/2025 6:08,375.63,5.99,3374.01,211.96,62.6,0
SHP008439,J.B. Hunt,FTL,Road,Chicago,Boston,2/15/2025 21:27,1188.56,2.37,14963,414.03,198.09,0
SHP008440,C.H. Robinson,0,Air,Miami,Chicago,7/15/2025 17:26,1142.21,1.32,17216.81,350.62,114.22,0
SHP008441,J.B. Hunt,0,Ocean,Miami,Boston,11/22/2025 21:46,824.32,10.23,14176.67,123.16,164.86,0
SHP008442,J.B. Hunt,0,Ocean,New York,Dallas,3/26/2025 22:32,5407.16,8.38,24465.9,252.66,1081.43,0
SHP008443,Old Dominion,LTL,Road,Tampa,Boston,12/24/2025 3:13,299.77,1.78,1830.41,29.26,0,449.65
SHP008444,UPS,0,Air,Dallas,San Francisco,9/19/2025 8:31,1971.81,2.85,7057,308.08,197.18,0
SHP008445,Schneider,FTL,Road,Dallas,Atlanta,4/8/2025 5:09,1179.4,0.68,19869.65,366.79,196.57,0
SHP008446,DHL,0,Rail,Dallas,San Francisco,8/7/2025 5:41,273.61,6.45,39190.69,45.16,8.21,0
SHP008447,Schneider,0,Rail,Dallas,Chicago,6/18/2025 1:07,1515.57,3.65,6192.59,247.1,45.47,0
SHP008448,Old Dominion,0,Air,New York,San Francisco,9/10/2025 12:23,493.1,2.33,1264.59,364.58,49.31,0
SHP008449,FedEx,0,Ocean,Miami,Tampa,1/22/2025 22:41,4159.77,12.1,8249.56,181.27,831.95,0
SHP008450,C.H. Robinson,LTL,Road,Atlanta,San Francisco,3/4/2025 16:57,259.15,4.48,2110.4,308.76,0,388.72
SHP008451,XPO Logistics,0,Rail,San Francisco,Dallas,11/8/2025 7:39,647.37,5.6,21847.97,212.3,19.42,0
SHP008452,J.B. Hunt,0,Rail,San Francisco,Atlanta,12/7/2025 18:05,1276.8,3.91,32944.14,365.07,38.3,0
SHP008453,Schneider,LTL,Road,Miami,San Francisco,7/19/2025 7:05,671.73,5.29,8314.29,266.39,111.95,0
SHP008454,FedEx,0,Air,Atlanta,Miami,9/27/2025 1:41,484.81,2.48,14532.65,270.52,48.48,0
SHP008455,UPS,0,Ocean,Atlanta,Dallas,6/23/2025 14:21,5353.48,16.19,27104.2,339.96,1070.7,0
SHP008456,DHL,0,Rail,New York,Atlanta,4/25/2025 23:46,374.85,2.34,25406.37,204.68,11.25,0
SHP008457,J.B. Hunt,0,Rail,Boston,Tampa,12/7/2025 23:34,1420.56,1.87,8065.16,279.67,42.62,0
SHP008458,FedEx,0,Air,San Francisco,Dallas,10/2/2025 20:20,1652.02,1.43,16629.56,18.46,165.2,0
SHP008459,UPS,LTL,Road,New York,Chicago,12/13/2025 9:54,92.59,0.8,5831.41,431.99,15.43,0
SHP008460,J.B. Hunt,0,Air,Chicago,Atlanta,4/26/2025 5:25,1002.6,0.62,28490.77,427.82,100.26,0
SHP008461,Old Dominion,0,Air,Boston,Tampa,2/3/2025 15:55,673.07,1.85,6770.11,54.07,67.31,0
SHP008462,UPS,0,Rail,Dallas,Boston,9/7/2025 21:02,1237.07,7.77,27287.54,492.42,37.11,0
SHP008463,Old Dominion,FTL,Road,Atlanta,New York,6/27/2025 9:50,549.55,5.41,8600.83,59.83,91.59,0
SHP008464,DHL,LTL,Road,Boston,San Francisco,11/18/2025 1:34,857.9,2.39,3279.22,335.97,142.98,0
SHP008465,Schneider,0,Ocean,Chicago,Miami,11/28/2025 15:29,3001.13,14.6,12328.48,392.1,600.23,0
SHP008466,UPS,0,Ocean,Tampa,San Francisco,12/22/2025 0:19,2842.91,13.77,1415.46,396.07,568.58,0
SHP008467,C.H. Robinson,0,Ocean,Miami,Tampa,11/9/2025 11:24,5152.53,6.23,9007.25,131.98,1030.51,0
SHP008468,Old Dominion,LTL,Road,Chicago,Atlanta,2/14/2025 22:01,713.01,3.4,2847.56,347.34,118.83,0
SHP008469,XPO Logistics,0,Air,Miami,Chicago,4/23/2025 11:35,2700.41,0.65,16979.27,297.17,270.04,0
SHP008470,UPS,FTL,Road,Atlanta,New York,12/20/2025 12:12,724.4,0.36,8817.36,31.85,120.73,0
SHP008471,UPS,0,Air,Chicago,Atlanta,11/19/2025 18:26,1836.21,2.76,6809.82,167.17,183.62,0
SHP008472,C.H. Robinson,0,Ocean,New York,Miami,9/1/2025 10:41,2973.53,20.04,8189.05,274.61,594.71,0
SHP008473,C.H. Robinson,0,Ocean,Dallas,Chicago,6/12/2025 21:17,6372.02,20.25,26829.36,150.46,1274.4,0
SHP008474,DHL,0,Air,Chicago,New York,1/15/2025 13:51,2522.23,3.1,28326.53,34.6,252.22,0
SHP008475,XPO Logistics,0,Air,Atlanta,San Francisco,5/4/2025 1:00,416.82,2.93,37819.39,387.09,41.68,0
SHP008476,Old Dominion,0,Air,Tampa,Miami,12/26/2025 22:35,2544.98,2.41,12531.15,339.19,254.5,0
SHP008477,J.B. Hunt,0,Air,Miami,Atlanta,5/6/2025 8:47,2222.32,2.86,37895.01,184.22,222.23,0
SHP008478,UPS,LTL,Road,Atlanta,Boston,10/13/2025 17:15,95.61,5.47,1730.92,348.96,15.94,0
SHP008479,Old Dominion,0,Rail,Boston,Atlanta,3/25/2025 14:54,1597.13,3.17,33301.4,166.7,47.91,0
SHP008480,XPO Logistics,0,Rail,San Francisco,Tampa,9/12/2025 18:53,1470.81,1.49,26382.1,338.89,44.12,0
SHP008481,Old Dominion,0,Rail,New York,Atlanta,2/15/2025 12:42,986.28,5.81,36965.75,367.19,29.59,0
SHP008482,FedEx,FTL,Road,Boston,Atlanta,1/4/2025 7:18,1155.49,2.83,21367.48,132.61,0,1733.24
SHP008483,Old Dominion,0,Rail,Tampa,San Francisco,4/23/2025 13:04,1776.96,1.39,14665.51,149.55,53.31,0
SHP008484,UPS,0,Air,Atlanta,Dallas,5/14/2025 3:30,1343.58,3.71,15037.5,458.57,134.36,0
SHP008485,FedEx,0,Air,Tampa,New York,2/1/2025 0:48,1443.01,3.49,21109.13,156.37,144.3,0
SHP008486,UPS,LTL,Road,Dallas,Tampa,12/18/2025 20:10,566.75,2.69,2710.15,145.53,94.46,0
SHP008487,XPO Logistics,0,Air,Tampa,Dallas,1/5/2025 2:05,803.43,1.68,25164.03,193.89,80.34,0
SHP008488,UPS,0,Rail,New York,Dallas,12/5/2025 20:35,1339.72,7.91,15395.49,231.86,40.19,0
SHP008489,J.B. Hunt,0,Rail,Boston,Miami,9/9/2025 4:17,462.58,3.75,29209.88,109.48,13.88,0
SHP008490,C.H. Robinson,0,Rail,Boston,Atlanta,8/4/2025 9:20,491.29,3.63,32836.65,312.2,14.74,0
SHP008491,XPO Logistics,FTL,Road,Miami,San Francisco,2/20/2025 11:57,1151.22,5.45,6469.92,22.23,191.87,0
SHP008492,Old Dominion,0,Rail,Miami,Chicago,11/14/2025 14:19,838.55,4.65,20865.04,67.92,25.16,0
SHP008493,DHL,LTL,Road,San Francisco,Atlanta,12/19/2025 3:38,193.54,0.52,8530.97,473.92,32.26,0
SHP008494,UPS,LTL,Road,Dallas,Atlanta,7/12/2025 11:27,183.04,1.48,1035.15,438.87,30.51,0
SHP008495,C.H. Robinson,0,Ocean,Miami,San Francisco,2/6/2025 4:24,7690.32,7.76,12491.56,181.97,1538.06,0
SHP008496,DHL,0,Ocean,New York,San Francisco,10/21/2025 18:55,4268.48,17.01,20423.43,475.55,853.7,0
SHP008497,C.H. Robinson,0,Ocean,Boston,Atlanta,1/14/2025 21:53,1249.2,19.57,13712.08,189.4,249.84,0
SHP008498,C.H. Robinson,0,Ocean,Atlanta,Dallas,6/1/2025 17:46,5816.22,22.45,28789.93,388.15,1163.24,0
SHP008499,Old Dominion,0,Air,Boston,Dallas,12/6/2025 10:38,2327.1,1.62,30398.75,392.48,232.71,0
SHP008500,FedEx,0,Ocean,Miami,Dallas,4/20/2025 22:42,4500.5,13.81,30508.97,408.7,900.1,0
SHP008501,XPO Logistics,FTL,Road,Atlanta,Tampa,7/30/2025 16:08,437.77,4.86,32661.26,117.83,72.96,0
SHP008502,J.B. Hunt,0,Rail,Boston,New York,4/25/2025 18:15,1347.12,2.31,4175.44,287.7,40.41,0
SHP008503,DHL,0,Ocean,San Francisco,Miami,2/17/2025 21:46,7314.89,2.78,33146.81,253.73,1462.98,0
SHP008504,Schneider,0,Ocean,Boston,San Francisco,9/14/2025 12:52,6956.72,20.56,35073.83,384.67,1391.34,0
SHP008505,Schneider,0,Ocean,Tampa,San Francisco,5/6/2025 20:52,6822.44,5.87,12502.2,122,1364.49,0
SHP008506,Old Dominion,0,Air,Miami,Tampa,7/4/2025 4:05,2304.56,1.04,7698,439.6,230.46,0
SHP008507,Schneider,0,Rail,Chicago,Tampa,5/8/2025 6:00,1329.41,7.13,6004.53,200.09,39.88,0
SHP008508,FedEx,0,Ocean,Chicago,Boston,11/18/2025 16:33,2623.63,2.21,11738.66,190.41,524.73,0
SHP008509,Old Dominion,0,Rail,Chicago,Atlanta,12/3/2025 11:21,347.55,4.97,15635.32,24.18,10.43,0
SHP008510,XPO Logistics,0,Ocean,Dallas,Tampa,9/20/2025 16:34,5779.84,18.04,33461.62,243.28,1155.97,0
SHP008511,UPS,0,Ocean,Tampa,San Francisco,11/3/2025 23:37,7764.94,22.11,22278.39,223.03,1552.99,0
SHP008512,J.B. Hunt,FTL,Road,Chicago,New York,11/29/2025 2:22,53.49,4.34,22815.7,468.83,8.92,0
SHP008513,Old Dominion,0,Rail,San Francisco,Chicago,11/16/2025 2:36,1150.77,7.95,34225.86,476.85,34.52,0
SHP008514,J.B. Hunt,0,Air,Boston,Tampa,11/23/2025 17:56,1184.69,1.02,31976.45,393.31,118.47,0
SHP008515,DHL,0,Ocean,Boston,Tampa,2/27/2025 22:28,2085.87,18.82,23487.95,55.65,417.17,0
SHP008516,J.B. Hunt,0,Air,Atlanta,Boston,10/27/2025 12:15,1654.82,3.76,20505.07,394.56,165.48,0
SHP008517,UPS,0,Rail,Miami,Chicago,1/25/2025 19:16,246.26,6.1,37900.08,250.26,7.39,0
SHP008518,C.H. Robinson,0,Ocean,Chicago,Miami,12/23/2025 22:49,3032.82,16.23,36692.32,89.21,606.56,0
SHP008519,C.H. Robinson,0,Ocean,Chicago,Dallas,1/6/2025 16:38,3527.71,5.44,20117.84,270.67,705.54,0
SHP008520,DHL,0,Rail,Boston,Tampa,2/12/2025 22:15,1710.73,3.89,22894.79,442.75,51.32,0
SHP008521,UPS,FTL,Road,Miami,Dallas,2/2/2025 21:55,419.62,4.13,30407.89,165.93,69.94,0
SHP008522,Schneider,0,Ocean,New York,San Francisco,2/26/2025 0:17,1732.56,13.06,14593.67,133.96,346.51,0
SHP008523,FedEx,0,Rail,Tampa,San Francisco,2/10/2025 16:55,1757.47,4.52,34330.87,98.46,52.72,0
SHP008524,C.H. Robinson,0,Rail,Chicago,Tampa,5/5/2025 3:35,1703.11,6.56,32443.34,195.49,51.09,0
SHP008525,UPS,FTL,Road,Tampa,Chicago,7/17/2025 3:55,608.48,3.66,31695.74,424.68,101.41,0
SHP008526,J.B. Hunt,0,Ocean,Dallas,Chicago,2/16/2025 15:57,1085.34,21.89,37531.12,296.85,217.07,0
SHP008527,UPS,FTL,Road,Miami,Boston,7/6/2025 9:20,264.76,4.96,22169.21,408.78,44.13,0
SHP008528,UPS,0,Rail,Dallas,Boston,4/16/2025 10:23,1503.69,1.61,24477.35,242.09,45.11,0
SHP008529,C.H. Robinson,0,Ocean,San Francisco,Miami,11/14/2025 2:22,7595.9,8.53,8637,448.65,1519.18,0
SHP008530,XPO Logistics,0,Ocean,Dallas,Tampa,12/20/2025 6:24,1615.37,17.1,12350.78,284.36,323.07,0
SHP008531,Schneider,0,Rail,Miami,Atlanta,6/7/2025 16:25,1185.95,3.92,39011.12,66.78,35.58,0
SHP008532,Schneider,LTL,Road,Boston,Chicago,6/16/2025 5:57,500.11,2.72,6365.81,204.22,83.35,0
SHP008533,FedEx,LTL,Road,New York,San Francisco,7/23/2025 8:29,161.59,5.7,4248.38,171.99,26.93,0
SHP008534,Old Dominion,0,Ocean,Miami,San Francisco,8/7/2025 20:49,3850.42,6.77,4458.76,75.14,770.08,0
SHP008535,J.B. Hunt,0,Ocean,New York,Boston,4/17/2025 8:04,1749.91,6.35,17088.43,312.33,349.98,0
SHP008536,C.H. Robinson,0,Air,Chicago,Dallas,5/22/2025 17:59,1998,0.5,36877.83,411.6,199.8,0
SHP008537,FedEx,0,Air,New York,Miami,6/11/2025 6:22,2902.63,1.76,26759.57,84.84,290.26,0
SHP008538,FedEx,FTL,Road,Dallas,Chicago,2/8/2025 16:17,989.59,1.18,13376.44,245.93,164.93,0
SHP008539,J.B. Hunt,0,Ocean,Dallas,Atlanta,3/20/2025 19:45,4958.99,14.31,4532.79,211.42,991.8,0
SHP008540,Old Dominion,0,Ocean,Atlanta,Tampa,4/15/2025 4:58,7421.82,21.19,23835.95,286.59,1484.36,0
SHP008541,DHL,LTL,Road,Tampa,Dallas,10/26/2025 3:55,178.43,1.4,2638.5,244.61,29.74,0
SHP008542,Old Dominion,0,Ocean,San Francisco,Boston,5/1/2025 16:16,5985.17,12.14,5479.41,220.24,1197.03,0
SHP008543,C.H. Robinson,LTL,Road,Chicago,Miami,1/25/2025 19:06,237.03,4.57,1790.03,241.78,0,355.55
SHP008544,XPO Logistics,0,Rail,Dallas,Atlanta,12/13/2025 23:09,1309.46,2.6,3503.19,282.09,39.28,0
SHP008545,C.H. Robinson,0,Ocean,Chicago,Dallas,10/26/2025 7:08,906.52,14.93,30263.19,165.33,181.3,0
SHP008546,DHL,0,Air,Boston,Atlanta,3/3/2025 3:44,1618.54,3.75,19108.8,498.28,161.85,0
SHP008547,XPO Logistics,0,Air,New York,Chicago,9/19/2025 23:58,723.91,2.98,26278.43,436.28,72.39,0
SHP008548,XPO Logistics,LTL,Road,Miami,New York,9/30/2025 3:32,156.31,1.86,1451.97,466.61,26.05,0
SHP008549,UPS,0,Rail,San Francisco,Chicago,3/1/2025 13:31,882.62,7.37,12129.08,64.06,26.48,0
SHP008550,C.H. Robinson,0,Ocean,Boston,Dallas,3/4/2025 21:45,2724.03,15.14,33886.69,193.31,544.81,0
SHP008551,XPO Logistics,FTL,Road,New York,Tampa,11/10/2025 4:15,1102.03,1.65,27894.86,368.12,183.67,0
SHP008552,UPS,0,Air,New York,Chicago,4/18/2025 11:13,1039.7,0.59,14926.88,23.55,103.97,0
SHP008553,Old Dominion,0,Air,Dallas,Chicago,8/10/2025 5:45,2732.04,3.84,29547.51,363.62,273.2,0
SHP008554,J.B. Hunt,0,Rail,San Francisco,Chicago,12/24/2025 20:01,585.43,1.52,32183.13,280.02,17.56,0
SHP008555,C.H. Robinson,FTL,Road,New York,Dallas,12/7/2025 15:05,833.87,4.73,16672.65,73.13,138.98,0
SHP008556,J.B. Hunt,0,Rail,Chicago,Tampa,10/2/2025 20:08,1472.06,4.18,33163.51,219.41,44.16,0
SHP008557,XPO Logistics,0,Air,Miami,San Francisco,3/24/2025 3:25,885.94,1.1,29884.91,287.87,88.59,0
SHP008558,C.H. Robinson,0,Ocean,Chicago,Atlanta,9/7/2025 0:13,3534.52,12.83,22210.72,120.47,706.9,0
SHP008559,XPO Logistics,0,Air,Boston,New York,3/14/2025 22:10,1321.05,1.52,15842.74,250.78,132.1,0
SHP008560,Old Dominion,0,Rail,Chicago,Dallas,3/23/2025 13:12,477.37,3.75,15727.03,143.72,14.32,0
SHP008561,J.B. Hunt,0,Rail,Miami,San Francisco,2/10/2025 5:21,1797.59,1.52,25896.57,88.04,53.93,0
SHP008562,Old Dominion,FTL,Road,Atlanta,New York,9/6/2025 17:17,1015.45,5.51,16358.38,411.92,169.24,0
SHP008563,UPS,0,Air,Tampa,Dallas,5/13/2025 14:18,974.76,0.99,12977.19,171.5,97.48,0
SHP008564,UPS,0,Ocean,Miami,Chicago,4/20/2025 8:17,3480.18,10.21,16740.21,355.31,696.04,0
SHP008565,Schneider,FTL,Road,Boston,San Francisco,1/18/2025 12:44,332.42,0.36,19842.38,224.7,55.4,0
SHP008566,DHL,0,Rail,Atlanta,New York,4/1/2025 18:15,296.1,1.94,20641.88,118.14,8.88,0
SHP008567,XPO Logistics,0,Air,San Francisco,Boston,5/18/2025 21:34,2669.52,1.11,1294.84,224.33,266.95,0
SHP008568,Schneider,0,Air,Atlanta,Tampa,10/23/2025 18:23,2962.64,2.72,14484.17,9.42,296.26,0
SHP008569,UPS,FTL,Road,Boston,Chicago,5/16/2025 15:08,607.69,1.44,26086.29,291.92,101.28,0
SHP008570,Schneider,0,Air,Boston,Tampa,8/8/2025 13:11,1016.08,0.74,30323.26,293.15,101.61,0
SHP008571,Old Dominion,LTL,Road,Miami,New York,6/3/2025 6:42,1018.45,1.74,6580.69,60.22,0,1527.68
SHP008572,Old Dominion,0,Ocean,New York,Dallas,11/10/2025 9:35,2688.57,16.44,33110.46,161.14,537.71,0
SHP008573,C.H. Robinson,0,Rail,San Francisco,Atlanta,5/9/2025 18:08,1478.17,5.74,14272.65,438.32,44.35,0
SHP008574,FedEx,FTL,Road,Chicago,Atlanta,12/17/2025 21:15,635.61,3.98,20077.44,226.91,105.94,0
SHP008575,FedEx,0,Air,Miami,San Francisco,3/10/2025 23:03,2589.54,1.53,1946.85,440.01,258.95,0
SHP008576,FedEx,0,Rail,Tampa,Miami,8/31/2025 20:32,1520.04,3.57,7825.32,338.09,45.6,0
SHP008577,DHL,0,Rail,Chicago,Tampa,10/25/2025 4:22,326.02,3.97,3891.56,299.36,9.78,0
SHP008578,J.B. Hunt,LTL,Road,San Francisco,Boston,11/22/2025 11:43,81.29,3.87,6781.07,244.09,0,121.94
SHP008579,Old Dominion,0,Ocean,New York,Chicago,1/26/2025 23:10,1812.55,4.23,12875.05,233.14,362.51,0
SHP008580,FedEx,0,Rail,Tampa,Chicago,6/11/2025 2:01,1227.53,1.01,28587.02,356.64,36.83,0
SHP008581,DHL,0,Rail,Chicago,San Francisco,11/3/2025 17:59,911.26,3.4,33771.19,392.51,27.34,0
SHP008582,XPO Logistics,0,Air,Boston,San Francisco,10/20/2025 16:57,2954.85,1.8,36319.89,44.61,295.49,0
SHP008583,FedEx,0,Air,San Francisco,New York,3/28/2025 13:50,1410.96,2.13,17914.54,312.92,141.1,0
SHP008584,FedEx,0,Rail,Chicago,Boston,3/29/2025 9:03,472.33,7.07,22294.68,452.2,14.17,0
SHP008585,Old Dominion,0,Ocean,Boston,Atlanta,1/17/2025 0:14,519.74,15.86,16792.08,253.04,103.95,0
SHP008586,DHL,FTL,Road,New York,Boston,7/14/2025 17:20,905.38,1.56,8593.53,351.8,150.9,0
SHP008587,Schneider,0,Air,Miami,Tampa,9/17/2025 16:57,1707.69,1.32,19618.74,230.32,170.77,0
SHP008588,UPS,0,Rail,Tampa,Atlanta,6/17/2025 3:22,1306.31,1.02,23677.03,303.23,39.19,0
SHP008589,C.H. Robinson,0,Rail,Chicago,Miami,9/19/2025 13:58,1392.82,7.22,17887.5,171.92,41.78,0
SHP008590,Old Dominion,LTL,Road,Boston,Atlanta,5/24/2025 3:06,167.67,2.19,824.57,401.61,27.94,0
SHP008591,XPO Logistics,FTL,Road,Tampa,Chicago,9/14/2025 23:31,978.06,2.65,10755.83,59.89,163.01,0
SHP008592,FedEx,0,Ocean,Chicago,Miami,6/26/2025 19:43,6884.28,21.3,11018.44,311.26,1376.86,0
SHP008593,XPO Logistics,LTL,Road,Atlanta,San Francisco,9/17/2025 8:33,347.45,1.54,358.9,289,57.91,0
SHP008594,Old Dominion,0,Air,Dallas,Miami,3/11/2025 18:59,704.84,0.54,4641.62,157.57,70.48,0
SHP008595,DHL,0,Ocean,Boston,Tampa,6/21/2025 9:42,5518.72,6.46,35559.83,144.96,1103.74,0
SHP008596,J.B. Hunt,0,Air,Atlanta,Boston,9/6/2025 2:50,1194.31,1.26,10525.31,37.99,119.43,0
SHP008597,UPS,0,Ocean,Boston,Tampa,1/23/2025 14:05,2710.78,20.91,27692.77,437.76,542.16,0
SHP008598,DHL,LTL,Road,Atlanta,New York,4/25/2025 11:39,170.59,2.87,2408.16,360.89,28.43,0
SHP008599,Schneider,FTL,Road,Chicago,New York,6/23/2025 20:05,1165.77,4.94,1893.49,159.01,194.29,0
SHP008600,J.B. Hunt,0,Air,Miami,Dallas,5/7/2025 3:42,377.17,0.64,3640.85,138.89,37.72,0
SHP008601,Schneider,0,Rail,Boston,Tampa,7/12/2025 3:04,686.72,3.8,16494.78,385.93,20.6,0
SHP008602,Schneider,0,Air,Chicago,Boston,3/1/2025 3:54,681.79,1.05,25250.27,286.3,68.18,0
SHP008603,C.H. Robinson,0,Air,New York,Atlanta,3/17/2025 23:45,715.81,3.48,13497.85,184.12,71.58,0
SHP008604,C.H. Robinson,0,Air,Atlanta,Tampa,9/1/2025 6:14,1435.24,1.63,22519.47,194.94,143.52,0
SHP008605,XPO Logistics,0,Ocean,Miami,Chicago,10/8/2025 3:17,2445.76,21.9,12679.85,349.55,489.15,0
SHP008606,FedEx,LTL,Road,Boston,Chicago,1/1/2025 22:05,449.31,2.75,2474.04,376.41,0,673.97
SHP008607,J.B. Hunt,LTL,Road,Tampa,San Francisco,3/26/2025 5:17,897.78,0.38,742.91,461.27,149.63,0
SHP008608,Schneider,0,Rail,Chicago,San Francisco,6/27/2025 8:58,1622.12,4.54,19987.62,406.4,48.66,0
SHP008609,Old Dominion,LTL,Road,Boston,San Francisco,6/19/2025 10:04,209.22,4.01,4838.43,371.92,34.87,0
SHP008610,FedEx,FTL,Road,San Francisco,Boston,10/24/2025 17:57,84.62,3.66,22490.76,420.58,14.1,0
SHP008611,XPO Logistics,0,Rail,San Francisco,Chicago,11/5/2025 22:16,1282.94,7.16,35547.3,204.67,38.49,0
SHP008612,FedEx,FTL,Road,San Francisco,Tampa,11/8/2025 2:02,208.05,3.87,35012.97,38.4,34.68,0
SHP008613,XPO Logistics,0,Ocean,Atlanta,Dallas,11/10/2025 17:05,4684.42,4.53,1566.34,340.14,936.88,0
SHP008614,DHL,0,Rail,Dallas,Tampa,7/23/2025 15:37,1290.96,5.2,34439.3,41.36,38.73,0
SHP008615,FedEx,0,Ocean,Miami,Chicago,1/9/2025 22:15,1289.45,21.02,20379.43,137.25,257.89,0
SHP008616,FedEx,0,Ocean,Atlanta,Tampa,6/22/2025 18:52,6036.18,21.68,27739.33,396.17,1207.24,0
SHP008617,C.H. Robinson,0,Ocean,San Francisco,Tampa,9/22/2025 3:03,2618.73,8.35,34632.89,307.82,523.75,0
SHP008618,C.H. Robinson,0,Ocean,New York,Tampa,10/22/2025 3:28,2256.22,13.53,27591.49,110.06,451.24,0
SHP008619,FedEx,0,Air,New York,Tampa,6/16/2025 19:10,2068.25,0.65,12495.82,337.31,206.83,0
SHP008620,J.B. Hunt,0,Ocean,Atlanta,New York,9/13/2025 9:37,1620.12,6.89,35224.18,337.49,324.02,0
SHP008621,XPO Logistics,0,Air,Atlanta,Miami,9/30/2025 6:38,1647.08,1.24,13985.68,287.59,164.71,0
SHP008622,XPO Logistics,FTL,Road,Miami,Dallas,6/20/2025 8:56,228.61,3.02,16654.49,238.87,38.1,0
SHP008623,C.H. Robinson,0,Air,Boston,San Francisco,2/24/2025 4:49,585.01,0.87,38582.38,489.7,58.5,0
SHP008624,C.H. Robinson,LTL,Road,Boston,Atlanta,11/19/2025 23:35,540.09,4.79,6609.55,59.34,90.02,0
SHP008625,FedEx,0,Rail,Chicago,Tampa,2/11/2025 19:29,674.69,3.2,24033.09,290.41,20.24,0
SHP008626,Old Dominion,0,Rail,Tampa,San Francisco,11/18/2025 16:07,1677.61,6.53,34345.48,445.72,50.33,0
SHP008627,UPS,0,Ocean,Chicago,New York,3/30/2025 10:21,6509.58,9.32,8993.01,286.31,1301.92,0
SHP008628,Schneider,LTL,Road,Chicago,Miami,8/3/2025 3:56,843,2.47,8506.14,480.32,140.5,0
SHP008629,C.H. Robinson,LTL,Road,Boston,San Francisco,6/9/2025 4:16,704.81,2.88,8452.44,13.11,117.47,0
SHP008630,J.B. Hunt,0,Ocean,Miami,Boston,12/25/2025 0:03,1467.59,20.6,29415.13,208.65,293.52,0
SHP008631,Old Dominion,0,Rail,Atlanta,San Francisco,8/16/2025 13:20,1622.16,3.46,25536.89,317.53,48.66,0
SHP008632,Old Dominion,LTL,Road,Atlanta,Chicago,6/29/2025 17:19,261.98,1.89,9172.67,92.52,43.66,0
SHP008633,FedEx,0,Air,New York,Atlanta,7/20/2025 2:16,768.65,2.18,4141.8,447.42,76.87,0
SHP008634,J.B. Hunt,FTL,Road,Tampa,Miami,1/11/2025 10:19,165.17,3.8,13921.38,402.33,27.53,0
SHP008635,Schneider,0,Air,Miami,New York,11/29/2025 23:59,1892.49,1.86,39362.98,34.05,189.25,0
SHP008636,Old Dominion,0,Rail,New York,San Francisco,6/28/2025 7:35,1124.46,7.93,27792.63,370.15,33.73,0
SHP008637,C.H. Robinson,0,Rail,Tampa,San Francisco,7/26/2025 12:47,251.35,1.15,1926.35,495.87,7.54,0
SHP008638,J.B. Hunt,0,Ocean,Atlanta,Miami,3/19/2025 8:41,7846.4,9.36,11993.78,73.83,1569.28,0
SHP008639,Schneider,0,Rail,Tampa,Boston,5/4/2025 3:53,726.62,3.59,30057.17,433.28,21.8,0
SHP008640,UPS,0,Ocean,Boston,Tampa,7/27/2025 11:50,6100.51,16.22,30753.05,369.51,1220.1,0
SHP008641,XPO Logistics,LTL,Road,San Francisco,Chicago,8/31/2025 14:35,597.11,2.18,2935.39,340,99.52,0
SHP008642,C.H. Robinson,0,Ocean,Dallas,Chicago,1/22/2025 21:51,7694.78,14.78,36544.8,8.1,1538.96,0
SHP008643,XPO Logistics,LTL,Road,Chicago,New York,8/3/2025 13:10,963.64,5.16,6365.29,467.1,160.61,0
SHP008644,Old Dominion,0,Rail,Atlanta,New York,8/3/2025 0:05,1143.86,2.68,9020.83,278.36,34.32,0
SHP008645,UPS,0,Ocean,Chicago,Boston,8/2/2025 10:21,7298.63,3.59,24373.43,385.13,1459.73,0
SHP008646,Schneider,0,Rail,Chicago,Boston,8/11/2025 3:12,384.64,1.82,14962.06,137.67,11.54,0
SHP008647,DHL,0,Air,Chicago,Boston,8/20/2025 0:05,835.45,1.2,5661.43,305.82,83.55,0
SHP008648,FedEx,0,Rail,Dallas,Miami,3/9/2025 20:40,1301,5.92,21527.98,476.5,39.03,0
SHP008649,C.H. Robinson,LTL,Road,Atlanta,Boston,4/25/2025 1:17,1062.61,5.76,3979.64,439.01,177.1,0
SHP008650,Schneider,0,Ocean,San Francisco,Tampa,8/21/2025 3:34,6221.56,9.48,4710.43,341.63,1244.31,0
SHP008651,J.B. Hunt,0,Rail,Dallas,Tampa,2/9/2025 10:25,418.32,3.06,20264.4,340.26,12.55,0
SHP008652,Old Dominion,0,Rail,Atlanta,Boston,8/1/2025 5:53,1681.96,5.15,27020.82,155.7,50.46,0
SHP008653,XPO Logistics,0,Air,Dallas,Miami,2/24/2025 16:16,2155.69,2.03,34348.78,196.83,215.57,0
SHP008654,Schneider,0,Rail,Miami,Chicago,10/16/2025 4:07,949.24,4.03,32539.35,476.9,28.48,0
SHP008655,UPS,0,Rail,Miami,Chicago,7/6/2025 16:29,723.64,4.33,28384.09,447.8,21.71,0
SHP008656,FedEx,0,Ocean,Miami,New York,11/29/2025 19:13,4202.76,4.4,15062.52,275.63,840.55,0
SHP008657,FedEx,0,Rail,Chicago,New York,2/19/2025 13:48,868.04,2.31,1961.09,344.02,26.04,0
SHP008658,UPS,0,Ocean,Tampa,New York,9/20/2025 4:55,7945.53,22.22,27489.2,420.92,1589.11,0
SHP008659,DHL,0,Air,Atlanta,Dallas,5/15/2025 21:05,990.46,2.68,2893.87,353.88,99.05,0
SHP008660,XPO Logistics,0,Air,New York,Chicago,2/23/2025 17:34,2918.66,3.51,21610.41,394.58,291.87,0
SHP008661,UPS,0,Rail,San Francisco,Tampa,11/30/2025 2:30,1710.24,2.51,31833.71,135.65,51.31,0
SHP008662,Schneider,0,Air,San Francisco,Miami,12/30/2025 10:40,2667.76,0.84,7539.63,360.59,266.78,0
SHP008663,C.H. Robinson,0,Ocean,Miami,Atlanta,7/18/2025 18:48,1810.83,5.48,22440.94,417.66,362.17,0
SHP008664,UPS,0,Rail,Atlanta,New York,7/30/2025 14:53,629.55,6.89,32414.16,289.97,18.89,0
SHP008665,Old Dominion,FTL,Road,New York,Miami,4/27/2025 9:23,793.55,0.48,15001.85,132.43,0,1190.32
SHP008666,Schneider,0,Air,New York,Miami,8/16/2025 10:24,705.01,1.86,14518.72,364.72,70.5,0
SHP008667,J.B. Hunt,0,Rail,Dallas,Tampa,1/25/2025 4:11,1156.95,7.39,6243.6,30.81,34.71,0
SHP008668,C.H. Robinson,0,Rail,Chicago,New York,8/19/2025 2:25,1055.37,1.01,31614.9,253.48,31.66,0
SHP008669,Schneider,0,Air,Dallas,New York,12/5/2025 23:12,1617.78,1.77,15311.47,216.14,161.78,0
SHP008670,DHL,FTL,Road,Chicago,Tampa,6/12/2025 4:39,68.44,0.73,20449.4,75.91,0,102.66
SHP008671,XPO Logistics,0,Ocean,Tampa,Boston,11/12/2025 21:37,6340.72,8.04,4367.04,118.37,1268.14,0
SHP008672,UPS,FTL,Road,Boston,Dallas,3/6/2025 1:40,460.66,0.45,6096.18,162.6,76.78,0
SHP008673,UPS,FTL,Road,Dallas,Tampa,1/21/2025 19:55,407.05,4.85,33808.59,97.52,0,610.58
SHP008674,FedEx,FTL,Road,Miami,Tampa,6/19/2025 5:41,192.53,3.9,32282.63,481.9,0,288.8
SHP008675,C.H. Robinson,0,Air,Atlanta,Boston,7/18/2025 13:34,318.35,1.95,29492.52,414.45,31.84,0
SHP008676,Schneider,0,Air,New York,Tampa,4/13/2025 17:53,468.17,2.88,11913.08,38.22,46.82,0
SHP008677,Old Dominion,0,Rail,Boston,Atlanta,11/21/2025 5:08,982.56,2.11,29611.8,370.89,29.48,0
SHP008678,Schneider,0,Rail,Chicago,Miami,11/4/2025 0:10,1547.31,3.64,1025.74,130.61,46.42,0
SHP008679,FedEx,0,Rail,Chicago,Dallas,5/18/2025 16:34,948.5,5.86,15590.6,268.49,28.45,0
SHP008680,Old Dominion,0,Ocean,Miami,San Francisco,12/30/2025 13:22,4431.98,5.63,25110.46,220.19,886.4,0
SHP008681,Schneider,0,Ocean,Miami,Chicago,6/9/2025 6:36,6559.39,17.19,4903.03,244.89,1311.88,0
SHP008682,UPS,0,Rail,New York,Dallas,8/5/2025 7:48,1323.99,1.61,31803.63,111.78,39.72,0
SHP008683,Old Dominion,0,Rail,San Francisco,Chicago,12/17/2025 7:16,1004.94,7.58,23067.7,212.6,30.15,0
SHP008684,J.B. Hunt,0,Air,New York,Tampa,7/27/2025 1:46,318.35,0.97,23357.22,247.42,31.84,0
SHP008685,XPO Logistics,0,Ocean,New York,Atlanta,3/22/2025 4:10,3228.72,22.31,13633.06,269.04,645.74,0
SHP008686,Old Dominion,0,Air,San Francisco,Miami,10/21/2025 9:17,1835.53,2.35,19364.62,169.19,183.55,0
SHP008687,J.B. Hunt,0,Air,San Francisco,Atlanta,7/1/2025 21:25,2753.66,2.08,21373.73,328.58,275.37,0
SHP008688,UPS,0,Air,Atlanta,Tampa,12/25/2025 8:11,482.67,3.23,20744.04,328.93,48.27,0
SHP008689,UPS,0,Air,Boston,New York,11/14/2025 23:37,2384.43,3.56,15992.71,405.9,238.44,0
SHP008690,XPO Logistics,0,Air,Chicago,San Francisco,1/29/2025 15:04,998.86,2.81,4556.94,11,99.89,0
SHP008691,Old Dominion,0,Rail,New York,Dallas,4/30/2025 17:08,353.22,3.24,1728.24,315.62,10.6,0
SHP008692,DHL,0,Ocean,San Francisco,Miami,7/23/2025 3:49,2874.08,18.2,2313.65,109.13,574.82,0
SHP008693,DHL,0,Rail,Atlanta,Chicago,5/16/2025 11:47,852.81,3.68,5674.45,497.07,25.58,0
SHP008694,FedEx,0,Air,New York,Boston,4/17/2025 14:11,1067.99,3.02,9191.05,439.05,106.8,0
SHP008695,FedEx,0,Ocean,Boston,Dallas,11/23/2025 21:13,3408.19,21.82,14002.48,5.31,681.64,0
SHP008696,XPO Logistics,0,Ocean,Tampa,Chicago,11/10/2025 19:46,4377.65,13.55,5233.45,118.25,875.53,0
SHP008697,Old Dominion,0,Air,Miami,San Francisco,7/22/2025 5:03,2415.44,0.63,19836.3,265.67,241.54,0
SHP008698,XPO Logistics,0,Air,Dallas,Atlanta,3/1/2025 19:05,2159.52,0.63,23633.03,2.55,215.95,0
SHP008699,FedEx,0,Rail,New York,Atlanta,4/18/2025 23:20,624.29,4.5,36495.61,64.17,18.73,0
SHP008700,Schneider,0,Ocean,Dallas,Atlanta,9/14/2025 9:34,1769.67,16.72,15307.04,312.09,353.93,0
SHP008701,UPS,0,Air,Tampa,Dallas,1/19/2025 12:32,2993.13,3.95,14471.69,252.46,299.31,0
SHP008702,DHL,0,Air,New York,Miami,2/14/2025 8:26,2742.66,0.82,18366,189.41,274.27,0
SHP008703,UPS,0,Ocean,Atlanta,Dallas,11/21/2025 13:10,2711.62,23.87,29475.2,194.98,542.32,0
SHP008704,DHL,0,Ocean,Miami,New York,12/12/2025 14:56,6717.66,12.77,34976.56,133.92,1343.53,0
SHP008705,J.B. Hunt,0,Air,Dallas,Boston,9/16/2025 3:57,903.72,1.37,21769.98,146.37,90.37,0
SHP008706,J.B. Hunt,0,Air,Atlanta,Dallas,6/29/2025 2:45,697.22,3.98,36067.11,317.87,69.72,0
SHP008707,J.B. Hunt,0,Ocean,Atlanta,New York,11/29/2025 1:04,7186.57,22.58,27206.28,259.82,1437.31,0
SHP008708,J.B. Hunt,0,Air,Miami,Atlanta,4/19/2025 7:34,2681.4,2.49,5508.62,184.06,268.14,0
SHP008709,DHL,0,Air,Atlanta,Chicago,6/20/2025 0:05,1503.99,3.77,26537.83,437.76,150.4,0
SHP008710,J.B. Hunt,0,Rail,Chicago,Tampa,11/12/2025 21:51,1412.15,3.17,28889.01,98.45,42.36,0
SHP008711,FedEx,LTL,Road,New York,Chicago,7/3/2025 19:15,519.37,4.89,6177.5,412.88,86.56,0
SHP008712,DHL,0,Rail,Tampa,Atlanta,12/26/2025 4:41,607.53,6.25,8491.81,273.11,18.23,0
SHP008713,Old Dominion,0,Rail,Tampa,Chicago,6/8/2025 2:51,893.66,4.9,5853.57,181.25,26.81,0
SHP008714,C.H. Robinson,0,Ocean,Miami,Boston,10/31/2025 14:02,5501.78,14.29,22184.31,255.9,1100.36,0
SHP008715,C.H. Robinson,0,Rail,Chicago,Atlanta,3/26/2025 12:45,1710.22,7.54,14725.73,176.6,51.31,0
SHP008716,FedEx,0,Ocean,San Francisco,Tampa,12/17/2025 0:42,4661.74,4.1,12468.76,116.2,932.35,0
SHP008717,J.B. Hunt,0,Ocean,Boston,New York,6/17/2025 22:54,2175.42,16.05,15681.84,86.41,435.08,0
SHP008718,FedEx,0,Ocean,Chicago,Dallas,12/7/2025 19:22,7156.79,21.23,34567.29,195.98,1431.36,0
SHP008719,DHL,LTL,Road,New York,Chicago,4/7/2025 1:07,115.53,0.86,2869.07,110.77,19.25,0
SHP008720,J.B. Hunt,0,Air,Dallas,Chicago,12/17/2025 6:27,2659.76,3.95,32758.61,365.19,265.98,0
SHP008721,C.H. Robinson,0,Ocean,Miami,San Francisco,4/24/2025 14:03,4914.68,18.94,37907.82,301.07,982.94,0
SHP008722,XPO Logistics,0,Ocean,Atlanta,Dallas,6/2/2025 9:01,1659.6,5.6,23562.58,167.4,331.92,0
SHP008723,Schneider,FTL,Road,Chicago,New York,11/14/2025 23:16,1096.78,3.77,27221.46,3.9,0,1645.17
SHP008724,XPO Logistics,0,Ocean,Chicago,Tampa,6/27/2025 11:20,4241.36,11.49,28381.94,191.94,848.27,0
SHP008725,Schneider,0,Rail,New York,San Francisco,11/29/2025 17:53,1762.52,5.69,26566.77,459.75,52.88,0
SHP008726,J.B. Hunt,0,Air,Atlanta,Tampa,3/20/2025 12:52,2987.05,1.19,32516.06,82,298.71,0
SHP008727,C.H. Robinson,0,Air,Tampa,Dallas,9/25/2025 6:46,1534.02,0.85,25123.15,234.79,153.4,0
SHP008728,XPO Logistics,FTL,Road,Chicago,New York,9/15/2025 9:50,773,4.15,24967.57,147.72,128.83,0
SHP008729,FedEx,0,Rail,Miami,Dallas,9/16/2025 18:33,1539.13,4.86,19849.12,493.54,46.17,0
SHP008730,J.B. Hunt,LTL,Road,Miami,Atlanta,4/3/2025 16:22,376.03,3.29,6870.9,63.49,62.67,0
SHP008731,XPO Logistics,0,Air,Dallas,Tampa,6/10/2025 5:42,1256.45,3.31,9851.95,247.15,125.65,0
SHP008732,XPO Logistics,0,Ocean,New York,Dallas,2/18/2025 13:53,5229.73,16.77,29268.26,433.12,1045.95,0
SHP008733,J.B. Hunt,0,Ocean,Tampa,San Francisco,11/23/2025 5:31,3446.45,17.55,29420.9,150.84,689.29,0
SHP008734,Schneider,0,Rail,Tampa,New York,12/4/2025 20:54,1749.05,7.06,11949.52,337.86,52.47,0
SHP008735,XPO Logistics,LTL,Road,San Francisco,Boston,8/15/2025 18:39,875.47,2.73,8657.87,345.42,145.91,0
SHP008736,UPS,0,Ocean,Boston,Atlanta,10/15/2025 16:54,5436.16,6.86,16609.77,217.53,1087.23,0
SHP008737,Schneider,FTL,Road,Atlanta,San Francisco,6/28/2025 19:01,893.71,3.81,3891.49,154.54,0,1340.57
SHP008738,Old Dominion,0,Air,Chicago,Boston,6/1/2025 17:48,1577.23,3.08,29870.98,245.78,157.72,0
SHP008739,UPS,0,Air,Tampa,Dallas,2/23/2025 9:31,615.72,1.53,10560.35,390.73,61.57,0
SHP008740,Old Dominion,0,Air,Tampa,Miami,9/20/2025 16:29,785.96,2.13,26993.39,482.43,78.6,0
SHP008741,DHL,0,Air,New York,Dallas,12/24/2025 12:39,2997.95,3.84,28870.57,373.47,299.8,0
SHP008742,FedEx,0,Rail,New York,Miami,4/13/2025 14:40,1414.74,7.04,38095.53,223.41,42.44,0
SHP008743,C.H. Robinson,FTL,Road,San Francisco,Miami,12/24/2025 15:54,528.99,2.9,26562.78,387.95,0,793.49
SHP008744,J.B. Hunt,0,Rail,Dallas,Tampa,11/16/2025 22:59,1592.87,4.19,14853.22,491.69,47.79,0
SHP008745,DHL,0,Ocean,New York,Dallas,2/22/2025 10:41,2239.16,6.88,28758.59,90.65,447.83,0
SHP008746,Old Dominion,0,Air,Chicago,San Francisco,7/14/2025 15:52,1378.4,1.52,7164.06,290.27,137.84,0
SHP008747,Old Dominion,0,Air,New York,San Francisco,6/22/2025 7:49,1308.48,2.12,8236.59,384.17,130.85,0
SHP008748,Schneider,0,Air,Miami,Atlanta,7/12/2025 14:35,1149.72,1.7,10460.08,217.77,114.97,0
SHP008749,J.B. Hunt,0,Ocean,Dallas,Miami,8/15/2025 3:24,3976.82,13.65,38718.95,452.44,795.36,0
SHP008750,UPS,0,Rail,Miami,Tampa,12/1/2025 22:07,1175.03,1.27,24684.28,45.74,35.25,0
SHP008751,UPS,0,Ocean,Atlanta,San Francisco,7/10/2025 4:19,5827.58,10.58,33589.01,471.32,1165.52,0
SHP008752,Old Dominion,0,Ocean,New York,San Francisco,9/25/2025 15:19,3628.33,12.13,23810.83,99.37,725.67,0
SHP008753,XPO Logistics,0,Rail,Atlanta,Dallas,11/23/2025 7:17,1683.73,4.03,7089.4,381.6,50.51,0
SHP008754,UPS,0,Rail,Atlanta,Tampa,1/6/2025 3:54,550.64,2,22733.45,336.08,16.52,0
SHP008755,UPS,LTL,Road,Dallas,Miami,5/18/2025 18:42,705,4.02,1287.91,238.53,0,1057.5
SHP008756,DHL,0,Air,New York,Tampa,2/13/2025 2:47,1263.95,3.91,2460.15,149.85,126.4,0
SHP008757,UPS,LTL,Road,Boston,Miami,5/13/2025 22:35,1133.14,5.91,8275.28,38.92,188.86,0
SHP008758,J.B. Hunt,0,Air,Boston,San Francisco,8/12/2025 3:37,1815.66,1.9,32354.88,28.46,181.57,0
SHP008759,UPS,0,Rail,Dallas,Boston,9/14/2025 1:11,515.41,4.42,6727.08,346.66,15.46,0
SHP008760,J.B. Hunt,0,Rail,San Francisco,Chicago,12/22/2025 17:09,1513.23,5.93,17891.21,439.32,45.4,0
SHP008761,FedEx,0,Ocean,Tampa,Atlanta,1/13/2025 23:31,1532.65,7.73,19836.82,31.61,306.53,0
SHP008762,J.B. Hunt,0,Rail,Boston,San Francisco,11/26/2025 11:28,353.1,3.78,37783.51,454.3,10.59,0
SHP008763,J.B. Hunt,0,Rail,Miami,Atlanta,5/28/2025 5:21,945.56,2,7535.25,189.4,28.37,0
SHP008764,C.H. Robinson,0,Rail,San Francisco,Miami,8/25/2025 1:11,536.12,1.58,27114.21,291.14,16.08,0
SHP008765,FedEx,FTL,Road,San Francisco,Dallas,11/7/2025 20:08,384.99,4.73,31149.98,246.01,64.17,0
SHP008766,XPO Logistics,0,Ocean,Chicago,Atlanta,8/24/2025 4:08,1223.99,22.21,26912.09,124.28,244.8,0
SHP008767,J.B. Hunt,FTL,Road,Tampa,Atlanta,12/21/2025 7:13,752.02,2.58,25596.31,237.46,125.34,0
SHP008768,FedEx,0,Air,Atlanta,New York,10/26/2025 14:23,1610.77,3.08,24742.17,40.9,161.08,0
SHP008769,Schneider,0,Rail,Tampa,Miami,4/13/2025 16:46,304.6,3.14,17494.72,138.34,9.14,0
SHP008770,FedEx,0,Ocean,Tampa,Chicago,10/13/2025 9:17,5385.95,6.29,28313.57,386.8,1077.19,0
SHP008771,DHL,0,Rail,Boston,San Francisco,4/13/2025 13:44,398.91,5.56,38476.72,97.22,11.97,0
SHP008772,J.B. Hunt,0,Ocean,San Francisco,Atlanta,6/1/2025 3:43,7319.77,15.33,23842.32,26.91,1463.95,0
SHP008773,UPS,0,Ocean,Tampa,Dallas,5/27/2025 14:20,6112.25,12.52,28986.39,404.78,1222.45,0
SHP008774,C.H. Robinson,0,Air,Dallas,San Francisco,11/21/2025 19:10,1714.25,1.42,6092.11,81.09,171.43,0
SHP008775,DHL,FTL,Road,Tampa,Atlanta,3/8/2025 7:43,1046.97,0.96,15695.42,167.8,174.5,0
SHP008776,FedEx,LTL,Road,Tampa,Miami,11/1/2025 15:34,1045.27,3,9965,368.79,174.21,0
SHP008777,J.B. Hunt,0,Ocean,Boston,Atlanta,10/10/2025 4:40,6881.93,4.17,10497.54,68.59,1376.39,0
SHP008778,DHL,0,Ocean,Atlanta,Miami,6/10/2025 6:00,3977.16,17.8,7178.01,65.95,795.43,0
SHP008779,UPS,0,Rail,Chicago,New York,3/3/2025 4:32,1183.37,2.61,19433.34,26.51,35.5,0
SHP008780,XPO Logistics,0,Ocean,Tampa,Chicago,6/13/2025 17:52,5604.6,13.91,26073.2,138.43,1120.92,0
SHP008781,XPO Logistics,0,Rail,Chicago,New York,3/27/2025 15:09,645.76,6.61,28883.21,290.28,19.37,0
SHP008782,C.H. Robinson,0,Air,San Francisco,New York,5/18/2025 2:57,1995.99,0.83,34318.77,385.18,199.6,0
SHP008783,J.B. Hunt,LTL,Road,New York,Dallas,10/27/2025 20:38,729.07,5.53,1811.08,343.64,121.51,0
SHP008784,DHL,0,Rail,Chicago,New York,12/18/2025 6:08,1740.77,3.17,1104.05,367.7,52.22,0
SHP008785,Old Dominion,0,Air,Miami,Boston,7/22/2025 3:38,318.85,3.55,2723.9,326.73,31.89,0
SHP008786,UPS,LTL,Road,New York,Boston,4/11/2025 4:59,483.76,1.42,8997.85,373.38,80.63,0
SHP008787,DHL,0,Rail,Dallas,San Francisco,12/21/2025 10:45,744.7,2.99,29572.49,418.45,22.34,0
SHP008788,DHL,FTL,Road,Atlanta,Miami,6/4/2025 8:28,873.23,3.93,9503.03,426.55,145.54,0
SHP008789,Old Dominion,0,Rail,Boston,Tampa,1/27/2025 8:33,1399.46,4.62,20707.72,285.02,41.98,0
SHP008790,Old Dominion,0,Air,San Francisco,New York,3/31/2025 21:21,2536.35,3.1,34321.68,254.13,253.63,0
SHP008791,Schneider,0,Rail,Tampa,Chicago,9/9/2025 8:32,1199.44,6.98,9676.64,222.57,35.98,0
SHP008792,FedEx,LTL,Road,Boston,Miami,4/24/2025 4:46,763.75,5.51,305.98,107.07,127.29,0
SHP008793,Old Dominion,FTL,Road,Tampa,Boston,10/9/2025 7:00,319.62,2.13,11630.57,295.48,53.27,0
SHP008794,Schneider,0,Ocean,Dallas,San Francisco,12/7/2025 12:30,7142.15,16.01,10040.3,432.01,1428.43,0
SHP008795,Schneider,0,Air,Boston,Dallas,2/17/2025 23:46,2006.52,1.27,14785.83,395.19,200.65,0
SHP008796,XPO Logistics,0,Ocean,Dallas,New York,4/30/2025 10:14,6041.98,14.68,6218.32,401.84,1208.4,0
SHP008797,J.B. Hunt,0,Ocean,Tampa,Chicago,5/7/2025 17:46,2806.57,18.98,26078.87,132.82,561.31,0
SHP008798,UPS,FTL,Road,Miami,San Francisco,12/14/2025 14:24,294.22,1,10056.88,79.76,49.04,0
SHP008799,FedEx,0,Rail,Boston,Atlanta,9/26/2025 3:09,1187.28,5.19,23653.8,321.3,35.62,0
SHP008800,Schneider,0,Ocean,Miami,New York,5/24/2025 17:02,6610.88,22.1,9599.83,294.3,1322.18,0
SHP008801,Old Dominion,0,Rail,Chicago,Dallas,12/3/2025 4:48,325.34,1.84,26346.4,243.8,9.76,0
SHP008802,Old Dominion,0,Air,Miami,Tampa,8/19/2025 22:15,2347.5,1.99,5540.14,436.15,234.75,0
SHP008803,FedEx,0,Rail,Tampa,New York,9/1/2025 23:44,332.62,2.32,11440.59,497.65,9.98,0
SHP008804,Old Dominion,LTL,Road,Boston,Chicago,6/20/2025 22:25,529.39,3.13,7731.51,318.57,88.23,0
SHP008805,FedEx,0,Ocean,San Francisco,Dallas,5/7/2025 11:07,6810.66,12.7,38901.02,398.61,1362.13,0
SHP008806,FedEx,0,Ocean,Boston,Atlanta,6/5/2025 9:16,3510.24,10.39,37214.9,342.52,702.05,0
SHP008807,Old Dominion,0,Ocean,New York,Miami,7/24/2025 15:40,5160.75,18.67,22652.94,80.42,1032.15,0
SHP008808,DHL,LTL,Road,Tampa,Boston,5/27/2025 18:54,417.1,3.46,328.95,219.24,0,625.65
SHP008809,J.B. Hunt,0,Rail,Tampa,New York,10/14/2025 6:14,1409.28,2.15,3050.08,418.18,42.28,0
SHP008810,XPO Logistics,FTL,Road,New York,Boston,6/10/2025 21:01,759.86,1.27,32349.05,329.41,126.64,0
SHP008811,FedEx,0,Rail,Tampa,Boston,4/28/2025 16:54,734.59,3.63,6657.58,417.79,22.04,0
SHP008812,XPO Logistics,0,Rail,Atlanta,Chicago,4/16/2025 3:52,1014.41,4.9,35397.93,8.9,30.43,0
SHP008813,Schneider,0,Ocean,Dallas,Tampa,3/19/2025 22:36,1001.92,5.55,1686.49,329.42,200.38,0
SHP008814,Old Dominion,FTL,Road,New York,Boston,9/13/2025 22:23,778.96,1.46,6401.55,73.7,129.83,0
SHP008815,DHL,0,Rail,Chicago,Miami,4/1/2025 20:37,1725.19,5.85,23624.44,161.92,51.76,0
SHP008816,XPO Logistics,0,Ocean,Tampa,Atlanta,10/30/2025 4:58,3747.82,3.97,39927,377.79,749.56,0
SHP008817,FedEx,0,Ocean,Dallas,Boston,10/23/2025 3:40,5160.9,14.93,20420.42,129.46,1032.18,0
SHP008818,Old Dominion,0,Ocean,Chicago,Tampa,5/22/2025 13:53,2197.93,14.09,3272.93,38.16,439.59,0
SHP008819,C.H. Robinson,0,Ocean,Dallas,Tampa,4/24/2025 17:04,4706.1,22.24,36613.74,6.4,941.22,0
SHP008820,C.H. Robinson,FTL,Road,Miami,Dallas,11/29/2025 12:44,173.5,3.6,34014.79,477.27,0,260.25
SHP008821,UPS,0,Air,San Francisco,Boston,5/21/2025 18:04,2623.57,2.87,8420.74,37.24,262.36,0
SHP008822,DHL,0,Air,New York,Tampa,2/24/2025 10:16,428.29,2.64,1929.45,369.88,42.83,0
SHP008823,FedEx,0,Ocean,Chicago,Dallas,6/21/2025 14:14,5843.53,3.75,36311.58,261.44,1168.71,0
SHP008824,XPO Logistics,LTL,Road,Boston,New York,6/4/2025 5:54,1090.1,5.43,2090.79,190.91,181.68,0
SHP008825,Schneider,LTL,Road,Chicago,Miami,4/3/2025 15:44,204.82,4.71,5115.63,464.47,34.14,0
SHP008826,DHL,0,Rail,New York,Miami,6/26/2025 5:31,533.14,5.82,39574.85,333.03,15.99,0
SHP008827,XPO Logistics,0,Rail,New York,Boston,3/3/2025 22:17,310.04,5.12,7603.79,16.22,9.3,0
SHP008828,XPO Logistics,0,Air,New York,Miami,7/17/2025 12:55,1204.39,1.43,31656.45,187.47,120.44,0
SHP008829,Old Dominion,0,Rail,Miami,Dallas,8/13/2025 11:50,1372.73,1.11,1085.08,15.63,41.18,0
SHP008830,J.B. Hunt,0,Rail,Boston,Dallas,8/27/2025 3:41,550.97,3.62,24509.91,492.97,16.53,0
SHP008831,J.B. Hunt,0,Ocean,Tampa,Dallas,4/7/2025 22:59,3158.07,3.22,8198.56,449.03,631.61,0
SHP008832,FedEx,0,Ocean,Atlanta,Miami,8/14/2025 9:57,5745.34,19.38,5404.64,68.36,1149.07,0
SHP008833,C.H. Robinson,0,Ocean,Dallas,Chicago,12/20/2025 20:34,1341.85,20.86,8793.72,321.93,268.37,0
SHP008834,C.H. Robinson,0,Ocean,New York,San Francisco,12/22/2025 9:48,4371.25,13.98,8219.7,317.99,874.25,0
SHP008835,XPO Logistics,0,Rail,Chicago,Atlanta,2/17/2025 15:30,268.96,7.95,1556.98,26.03,8.07,0
SHP008836,UPS,0,Ocean,Tampa,Dallas,5/4/2025 19:00,2934.86,20.3,10658.97,236.5,586.97,0
SHP008837,XPO Logistics,LTL,Road,Tampa,New York,12/26/2025 15:34,70.67,0.7,6138.47,97.98,11.78,0
SHP008838,Old Dominion,LTL,Road,Miami,New York,5/9/2025 2:37,848.39,4.77,8525.79,67.77,141.4,0
SHP008839,XPO Logistics,LTL,Road,Chicago,New York,9/21/2025 2:39,573.83,5.7,7755.02,59.36,95.64,0
SHP008840,J.B. Hunt,0,Rail,Chicago,New York,9/1/2025 8:41,1004,7.46,17881.53,418.87,30.12,0
SHP008841,J.B. Hunt,0,Air,San Francisco,Miami,12/22/2025 11:46,1638.78,0.87,6340.27,24.29,163.88,0
SHP008842,Old Dominion,0,Air,Boston,New York,8/16/2025 16:58,827.35,3.63,26182.82,369.69,82.74,0
SHP008843,Old Dominion,0,Rail,San Francisco,Chicago,8/13/2025 21:46,1194.66,3.71,9066.01,462.88,35.84,0
SHP008844,Old Dominion,FTL,Road,San Francisco,Tampa,7/20/2025 17:24,642.05,3.02,39846.11,192.58,107.01,0
SHP008845,C.H. Robinson,0,Air,Chicago,Boston,1/3/2025 21:49,2606.14,3.52,9690.47,48.33,260.61,0
SHP008846,Old Dominion,LTL,Road,Boston,Dallas,9/30/2025 5:12,1171.96,2.7,171.87,250.01,195.33,0
SHP008847,XPO Logistics,0,Ocean,New York,Boston,10/15/2025 4:20,5144.75,19.07,37746.21,457.67,1028.95,0
SHP008848,UPS,FTL,Road,Boston,San Francisco,2/5/2025 5:32,1131.16,0.43,28615.08,113.7,0,1696.74
SHP008849,UPS,0,Rail,New York,Chicago,7/27/2025 6:20,500.08,6.6,16976.62,458.38,15,0
SHP008850,C.H. Robinson,0,Air,Miami,Dallas,2/8/2025 1:11,414.57,3.31,5904.96,89.11,41.46,0
SHP008851,XPO Logistics,0,Rail,Chicago,Miami,6/16/2025 23:06,963.76,3.77,19703.81,470.07,28.91,0
SHP008852,J.B. Hunt,0,Rail,Atlanta,Dallas,3/8/2025 16:55,1251.82,3.03,7329.89,210.6,37.55,0
SHP008853,DHL,0,Air,Dallas,San Francisco,12/11/2025 5:51,1519.43,2.6,11007.11,383.99,151.94,0
SHP008854,DHL,0,Air,Tampa,Miami,2/20/2025 5:22,565.84,2.46,25129.5,104.21,56.58,0
SHP008855,DHL,LTL,Road,San Francisco,New York,10/16/2025 2:34,999.91,3.79,6510.36,249.37,0,1499.87
SHP008856,C.H. Robinson,LTL,Road,San Francisco,Dallas,7/23/2025 21:26,1096.03,4.24,3911.08,120.06,182.67,0
SHP008857,DHL,0,Ocean,Dallas,Tampa,4/9/2025 3:31,1032.96,5.64,39710.98,203.98,206.59,0
SHP008858,Old Dominion,0,Air,Tampa,Atlanta,11/9/2025 6:56,2726.46,1.1,17301.75,480.3,272.65,0
SHP008859,J.B. Hunt,0,Air,New York,Chicago,9/7/2025 13:56,546.06,2.58,36807.29,474.89,54.61,0
SHP008860,UPS,FTL,Road,New York,Miami,7/14/2025 15:36,1022.91,5.17,26261.23,110.99,170.48,0
SHP008861,J.B. Hunt,0,Air,Atlanta,Tampa,11/16/2025 4:00,2272.83,3.92,21274.37,131.09,227.28,0
SHP008862,J.B. Hunt,0,Ocean,Atlanta,New York,9/20/2025 10:05,4801.03,17.19,8727.07,359.88,960.21,0
SHP008863,XPO Logistics,FTL,Road,Miami,San Francisco,12/16/2025 11:40,725.55,3.77,12586.52,78.48,120.92,0
SHP008864,DHL,0,Air,Tampa,New York,1/25/2025 14:23,1983.31,2.55,13851.48,148.65,198.33,0
SHP008865,Schneider,0,Ocean,Boston,New York,3/13/2025 10:30,3104.33,12.78,39005.38,382.02,620.87,0
SHP008866,DHL,LTL,Road,Chicago,Dallas,3/2/2025 21:10,1029.5,3.16,5332.32,102.96,171.58,0
SHP008867,Schneider,0,Ocean,Chicago,Dallas,5/18/2025 9:43,5907.84,11.27,29826.65,205.12,1181.57,0
SHP008868,Schneider,0,Air,Tampa,Chicago,12/15/2025 0:28,593,1.11,32557.02,130.05,59.3,0
SHP008869,DHL,0,Rail,Atlanta,Chicago,8/8/2025 15:28,622.97,7.51,26476.61,58.04,18.69,0
SHP008870,XPO Logistics,0,Rail,Miami,Dallas,12/8/2025 15:33,429.74,2.91,23962.83,376.66,12.89,0
SHP008871,C.H. Robinson,FTL,Road,Atlanta,Tampa,10/6/2025 0:25,365.67,5.26,4812.62,104.59,60.95,0
SHP008872,J.B. Hunt,0,Rail,Miami,Boston,9/5/2025 19:59,1752.74,1.94,35580.4,352.26,52.58,0
SHP008873,UPS,LTL,Road,Boston,New York,3/11/2025 5:39,134.05,3.03,5261.95,466.14,22.34,0
SHP008874,C.H. Robinson,0,Ocean,Miami,Chicago,9/30/2025 0:13,3658.28,11.83,4943.11,319.95,731.66,0
SHP008875,UPS,FTL,Road,Atlanta,Chicago,12/14/2025 22:11,292.53,0.7,39878.3,135.55,48.75,0
SHP008876,Schneider,0,Air,Miami,Chicago,1/10/2025 21:53,680.84,2.95,32956.45,32.97,68.08,0
SHP008877,DHL,0,Air,San Francisco,Tampa,11/24/2025 8:36,584.56,0.82,2354.89,330.07,58.46,0
SHP008878,FedEx,0,Rail,Dallas,Boston,6/17/2025 22:25,1141.3,5.64,20473.85,408.94,34.24,0
SHP008879,UPS,0,Rail,Chicago,Boston,10/31/2025 7:22,1074.67,7.43,19683.12,395.54,32.24,0
SHP008880,XPO Logistics,FTL,Road,San Francisco,Atlanta,4/7/2025 13:39,518.46,2.75,34035.19,54.72,86.41,0
SHP008881,J.B. Hunt,FTL,Road,San Francisco,Dallas,8/31/2025 0:42,699.66,4.43,30141.61,296.16,116.61,0
SHP008882,Schneider,0,Rail,Atlanta,Miami,12/24/2025 3:31,916.9,2.83,36422.34,185.52,27.51,0
SHP008883,UPS,0,Rail,New York,San Francisco,3/24/2025 13:59,1478.39,1.22,9670.68,173.45,44.35,0
SHP008884,J.B. Hunt,FTL,Road,Atlanta,Dallas,11/27/2025 2:48,822.31,2.09,2133.87,87.76,137.05,0
SHP008885,FedEx,0,Ocean,Miami,Tampa,4/2/2025 13:21,2443.74,5.87,8547.12,384.71,488.75,0
SHP008886,Old Dominion,0,Ocean,Atlanta,Chicago,9/16/2025 10:12,3590.25,10.91,38680.95,223.9,718.05,0
SHP008887,FedEx,0,Ocean,New York,San Francisco,12/31/2025 13:32,7457.44,8.58,16324.74,198.75,1491.49,0
SHP008888,Old Dominion,0,Ocean,Atlanta,Tampa,2/23/2025 18:35,4595.59,14.85,10300.94,397,919.12,0
SHP008889,DHL,0,Air,San Francisco,Miami,9/1/2025 6:50,1640.62,0.52,23857.96,399.23,164.06,0
SHP008890,J.B. Hunt,FTL,Road,Boston,San Francisco,5/31/2025 10:29,338.04,0.47,32383.56,488.16,56.34,0
SHP008891,Schneider,0,Ocean,Boston,Tampa,7/23/2025 1:33,1074.23,22.64,14691.34,470.78,214.85,0
SHP008892,C.H. Robinson,0,Air,Dallas,Chicago,10/4/2025 11:55,2051.87,3.62,31540.4,14.97,205.19,0
SHP008893,J.B. Hunt,0,Air,Dallas,New York,8/27/2025 22:23,476.69,2.34,5619.95,231.06,47.67,0
SHP008894,UPS,LTL,Road,Atlanta,Dallas,8/31/2025 14:03,1147.82,1.94,4965.79,192.75,191.3,0
SHP008895,UPS,0,Air,Miami,New York,7/19/2025 12:56,2000.53,1.18,10767.6,429.53,200.05,0
SHP008896,FedEx,FTL,Road,Chicago,San Francisco,10/28/2025 4:01,983.04,4.79,30951.32,230.26,163.84,0
SHP008897,J.B. Hunt,0,Air,San Francisco,Dallas,5/2/2025 3:27,2268.01,1.86,4478.03,197.29,226.8,0
SHP008898,J.B. Hunt,0,Ocean,Tampa,San Francisco,12/18/2025 12:40,1689.97,10.6,12248.3,299.98,337.99,0
SHP008899,XPO Logistics,0,Rail,Chicago,New York,9/6/2025 10:21,778.46,5.94,20729.79,459.83,23.35,0
SHP008900,XPO Logistics,0,Rail,Dallas,New York,12/1/2025 2:16,345.64,5.81,27059.68,475.36,10.37,0
SHP008901,DHL,0,Rail,Atlanta,Boston,5/27/2025 16:20,794.48,3.14,7309.54,133.38,23.83,0
SHP008902,Schneider,0,Rail,Tampa,Boston,7/21/2025 13:27,1003.03,6.86,11729.32,79.71,30.09,0
SHP008903,UPS,0,Rail,San Francisco,Dallas,11/9/2025 14:58,635.41,1.71,37104.47,436.44,19.06,0
SHP008904,FedEx,LTL,Road,Tampa,Chicago,2/12/2025 0:02,404.77,1.67,9068.16,1.88,67.46,0
SHP008905,UPS,0,Rail,Chicago,Miami,8/3/2025 12:26,1160.92,7.41,20588.02,2.48,34.83,0
SHP008906,J.B. Hunt,0,Ocean,Tampa,Atlanta,9/19/2025 12:50,2141.54,22.29,1172.39,198,428.31,0
SHP008907,Old Dominion,0,Air,New York,San Francisco,3/15/2025 15:44,2432.31,3.43,19365.51,117.01,243.23,0
SHP008908,J.B. Hunt,0,Ocean,Atlanta,Tampa,3/17/2025 23:38,4997.79,7.8,10582.94,403.99,999.56,0
SHP008909,UPS,0,Rail,Atlanta,Tampa,2/13/2025 4:08,446.83,1.04,13802.62,246,13.4,0
SHP008910,DHL,0,Air,Dallas,Chicago,4/14/2025 14:20,2203.72,3.23,26709.01,313.63,220.37,0
SHP008911,C.H. Robinson,0,Ocean,New York,Atlanta,8/26/2025 12:47,5493.12,7.97,15603.27,308.6,1098.62,0
SHP008912,FedEx,FTL,Road,Chicago,Dallas,4/8/2025 6:33,125.41,1.95,16553.55,267.19,0,188.12
SHP008913,J.B. Hunt,LTL,Road,Boston,Atlanta,8/13/2025 14:48,609.45,4.38,4813.25,452.16,0,914.18
SHP008914,C.H. Robinson,0,Air,Miami,Tampa,10/4/2025 7:18,1326.86,2.34,626.81,155.93,132.69,0
SHP008915,XPO Logistics,0,Air,New York,San Francisco,6/15/2025 0:29,2639.75,1.67,10500.86,272.22,263.98,0
SHP008916,J.B. Hunt,LTL,Road,Dallas,New York,6/13/2025 21:14,140.54,3.31,3141.11,192.17,0,210.81
SHP008917,UPS,0,Ocean,Miami,New York,2/22/2025 15:18,6435.24,16.56,18121.19,289.18,1287.05,0
SHP008918,C.H. Robinson,LTL,Road,Boston,Chicago,2/24/2025 12:17,931.89,4.54,1975.42,151.16,0,1397.84
SHP008919,XPO Logistics,0,Ocean,Chicago,New York,11/9/2025 22:29,3111.78,6.13,980.38,87.81,622.36,0
SHP008920,J.B. Hunt,0,Rail,Boston,San Francisco,7/21/2025 1:10,1493.19,4.82,13995.49,304.56,44.8,0
SHP008921,FedEx,0,Ocean,Dallas,Chicago,7/7/2025 11:41,6048.76,9.8,18909.96,33.04,1209.75,0
SHP008922,Schneider,LTL,Road,New York,Miami,10/18/2025 2:16,736.65,2.3,4420.21,211.88,122.77,0
SHP008923,XPO Logistics,0,Rail,Atlanta,New York,6/22/2025 18:23,1211.85,5.01,17173.19,9.46,36.36,0
SHP008924,J.B. Hunt,LTL,Road,Miami,Chicago,9/7/2025 1:21,764.11,5.31,7730.08,490.83,127.35,0
SHP008925,UPS,0,Air,Atlanta,Miami,12/6/2025 18:36,675.5,1.28,21801.06,118.7,67.55,0
SHP008926,FedEx,0,Air,Atlanta,New York,2/6/2025 0:08,393.28,1.91,11861.97,132.62,39.33,0
SHP008927,XPO Logistics,0,Rail,Boston,Tampa,11/20/2025 14:04,1725.08,2.67,5612.59,63.53,51.75,0
SHP008928,DHL,0,Ocean,Tampa,Boston,5/28/2025 4:04,6547.43,17.73,5614.7,110.66,1309.49,0
SHP008929,Schneider,LTL,Road,Tampa,Dallas,9/6/2025 19:30,909.44,1.83,9818.19,270.74,151.57,0
SHP008930,C.H. Robinson,0,Rail,New York,Tampa,1/31/2025 16:18,507.21,7.01,13119.28,145.11,15.22,0
SHP008931,C.H. Robinson,0,Air,San Francisco,New York,6/27/2025 21:21,1184.09,3.19,7341.91,191.51,118.41,0
SHP008932,Schneider,0,Ocean,Chicago,New York,3/26/2025 19:03,731.25,20.19,13958.39,124.84,146.25,0
SHP008933,FedEx,0,Air,San Francisco,Boston,2/18/2025 14:05,1865.71,2.97,32609.39,174.54,186.57,0
SHP008934,DHL,0,Air,Miami,Dallas,4/20/2025 19:46,2493.21,2.13,4495.12,423.31,249.32,0
SHP008935,FedEx,0,Rail,Miami,Boston,10/21/2025 1:29,1076.22,5.22,37530.91,280.02,32.29,0
SHP008936,DHL,0,Ocean,San Francisco,Miami,9/22/2025 20:31,541.88,21.15,11747.67,251.38,108.38,0
SHP008937,Schneider,0,Rail,Atlanta,Boston,9/26/2025 23:12,527.82,3.08,27622.63,215.36,15.83,0
SHP008938,FedEx,FTL,Road,Atlanta,Miami,6/5/2025 14:30,771.2,4.99,13962.47,284.6,0,1156.8
SHP008939,Old Dominion,FTL,Road,Dallas,Miami,8/17/2025 12:08,944.23,4.36,21823.82,192.31,0,1416.35
SHP008940,DHL,0,Rail,Chicago,Dallas,6/25/2025 6:34,852,4.03,14279.4,349.84,25.56,0
SHP008941,C.H. Robinson,0,Ocean,San Francisco,New York,10/13/2025 7:09,1440.61,23.28,31269.93,149.78,288.12,0
SHP008942,XPO Logistics,0,Rail,Chicago,Dallas,1/30/2025 13:55,268.08,5.98,29507.18,481.85,8.04,0
SHP008943,DHL,0,Air,Dallas,San Francisco,5/1/2025 23:43,985.01,0.79,36647.82,130.07,98.5,0
SHP008944,C.H. Robinson,0,Rail,Tampa,New York,5/14/2025 13:16,1354.45,1.42,30543.1,64.39,40.63,0
SHP008945,FedEx,0,Ocean,Atlanta,Boston,1/16/2025 7:33,5716.9,13.71,38241.78,19.42,1143.38,0
SHP008946,DHL,0,Air,San Francisco,Tampa,10/5/2025 10:44,1088.53,0.74,35228.31,297.36,108.85,0
SHP008947,FedEx,LTL,Road,Boston,Tampa,3/3/2025 22:59,665.22,1.01,4966.97,199.95,110.87,0
SHP008948,FedEx,0,Air,San Francisco,New York,4/22/2025 1:23,1152.53,3.2,2920.4,323.7,115.25,0
SHP008949,FedEx,LTL,Road,San Francisco,Tampa,7/29/2025 22:01,996.44,5.47,7497.28,141.95,166.07,0
SHP008950,C.H. Robinson,0,Ocean,Miami,San Francisco,5/30/2025 21:33,5003.81,5.11,5123.89,319.67,1000.76,0
SHP008951,DHL,0,Air,Atlanta,San Francisco,12/10/2025 9:09,2597.99,0.74,4687.15,283.24,259.8,0
SHP008952,Schneider,0,Air,Chicago,Boston,8/26/2025 14:24,889.17,2.64,8974.48,59.12,88.92,0
SHP008953,J.B. Hunt,0,Ocean,Atlanta,Chicago,12/21/2025 13:53,4591.81,20.97,27562.32,409.54,918.36,0
SHP008954,Schneider,0,Air,Chicago,Atlanta,3/31/2025 15:31,1019.1,3.6,15393.05,426.37,101.91,0
SHP008955,Old Dominion,LTL,Road,Dallas,New York,3/8/2025 22:26,591.85,1.79,2713.55,284.27,98.64,0
SHP008956,C.H. Robinson,0,Air,San Francisco,New York,4/6/2025 5:05,513.33,3.76,11222.81,168.48,51.33,0
SHP008957,UPS,0,Ocean,Tampa,Atlanta,7/1/2025 5:12,2249.76,2.07,27855.73,295.69,449.95,0
SHP008958,FedEx,0,Air,Boston,Tampa,12/19/2025 9:11,2486.04,0.64,37181.9,166.11,248.6,0
SHP008959,XPO Logistics,0,Rail,Atlanta,Dallas,9/13/2025 14:39,1660.91,1.75,29884.86,290.1,49.83,0
SHP008960,XPO Logistics,LTL,Road,San Francisco,Tampa,5/6/2025 16:24,461.92,0.71,6106.65,14.19,76.99,0
SHP008961,Old Dominion,0,Ocean,Chicago,Boston,4/28/2025 2:58,4259.62,15.29,29434.69,495.68,851.92,0
SHP008962,XPO Logistics,0,Air,Atlanta,New York,4/22/2025 23:29,1002.25,1.63,13975.24,366.06,100.23,0
SHP008963,FedEx,0,Air,Boston,Dallas,11/29/2025 13:13,2815.91,3.91,37859.55,439.81,281.59,0
SHP008964,Old Dominion,0,Ocean,Atlanta,San Francisco,7/2/2025 16:09,7932.33,10.27,37958.69,380.75,1586.47,0
SHP008965,UPS,0,Ocean,Atlanta,Chicago,11/19/2025 12:54,1763.45,3,8972.12,389.6,352.69,0
SHP008966,XPO Logistics,0,Air,Boston,New York,11/22/2025 0:40,2005.58,1.29,29805.9,71.52,200.56,0
SHP008967,J.B. Hunt,0,Ocean,Atlanta,San Francisco,2/22/2025 8:42,6663.81,19.47,38916.75,75.99,1332.76,0
SHP008968,UPS,0,Rail,Dallas,San Francisco,9/30/2025 14:26,1650.58,3.39,16934.36,234.75,49.52,0
SHP008969,Schneider,FTL,Road,Atlanta,Tampa,2/10/2025 3:59,770.94,5.97,24198.37,463.43,128.49,0
SHP008970,J.B. Hunt,0,Air,Atlanta,Boston,2/19/2025 1:31,988.58,1.89,20427.73,162.13,98.86,0
SHP008971,FedEx,FTL,Road,Miami,Tampa,10/12/2025 16:38,1173.4,4.42,19415.81,375.9,0,1760.1
SHP008972,FedEx,FTL,Road,New York,Miami,3/6/2025 18:29,587.56,0.35,21956.14,312.97,97.93,0
SHP008973,C.H. Robinson,LTL,Road,Miami,San Francisco,3/1/2025 11:48,1178.39,0.48,5194.16,49.98,196.4,0
SHP008974,Schneider,0,Rail,San Francisco,New York,1/31/2025 12:03,438.39,5.27,9646.92,374.84,13.15,0
SHP008975,FedEx,LTL,Road,Miami,San Francisco,9/4/2025 13:39,641.33,1.5,5013.85,1.44,106.89,0
SHP008976,C.H. Robinson,0,Air,San Francisco,New York,6/20/2025 4:54,2629.4,0.54,776.89,306.14,262.94,0
SHP008977,UPS,0,Rail,New York,Atlanta,6/2/2025 22:28,1757.63,6.99,10454.75,99.14,52.73,0
SHP008978,Old Dominion,LTL,Road,Dallas,New York,2/23/2025 1:52,770.03,4.98,3716.47,216.74,128.34,0
SHP008979,DHL,0,Rail,Chicago,Dallas,8/20/2025 11:39,384.78,2.07,22949.89,52.23,11.54,0
SHP008980,FedEx,LTL,Road,Dallas,Boston,4/14/2025 9:32,282.35,1.6,4522.66,23.76,0,423.53
SHP008981,UPS,0,Air,Miami,Atlanta,5/9/2025 6:56,1649.38,3.75,1466.31,315.86,164.94,0
SHP008982,J.B. Hunt,0,Ocean,Chicago,Boston,2/10/2025 23:03,6768.82,8.87,5694.98,22.63,1353.76,0
SHP008983,C.H. Robinson,0,Ocean,Dallas,Boston,2/4/2025 2:33,5329.27,14.15,9557.15,415.98,1065.85,0
SHP008984,Old Dominion,0,Ocean,Tampa,Miami,2/4/2025 18:34,6016.3,8.08,30257.84,123.25,1203.26,0
SHP008985,J.B. Hunt,0,Rail,Atlanta,Tampa,12/16/2025 10:19,1280.43,1.83,27843.46,120.15,38.41,0
SHP008986,UPS,0,Air,Dallas,Tampa,10/8/2025 3:14,1845.67,1.1,29175.69,31.38,184.57,0
SHP008987,Old Dominion,0,Rail,Atlanta,Chicago,8/15/2025 0:59,464.67,2.29,2133.07,372.76,13.94,0
SHP008988,FedEx,0,Rail,San Francisco,Boston,2/22/2025 7:22,1769.52,6.45,34494.96,4,53.09,0
SHP008989,C.H. Robinson,0,Air,San Francisco,Miami,1/4/2025 14:57,618.25,2.46,39125.82,330.7,61.83,0
SHP008990,C.H. Robinson,0,Air,Boston,Tampa,11/29/2025 17:53,1310.17,1.01,6537.01,182.01,131.02,0
SHP008991,UPS,0,Rail,San Francisco,New York,7/29/2025 17:44,1342.1,1.22,34161.01,470.83,40.26,0
SHP008992,J.B. Hunt,0,Rail,New York,Dallas,6/20/2025 7:48,1622.11,7.39,1105.9,488.92,48.66,0
SHP008993,J.B. Hunt,FTL,Road,Chicago,Boston,8/14/2025 17:54,471.31,5.25,7878.95,223.82,0,706.97
SHP008994,DHL,0,Air,San Francisco,Chicago,10/2/2025 9:03,419.24,0.64,37759.41,405.49,41.92,0
SHP008995,FedEx,0,Rail,Chicago,San Francisco,9/5/2025 12:43,1047.72,4.68,30075.81,171.49,31.43,0
SHP008996,C.H. Robinson,0,Rail,New York,Atlanta,1/28/2025 13:48,1418.99,4.4,25697.74,482.45,42.57,0
SHP008997,XPO Logistics,0,Ocean,Chicago,Dallas,4/1/2025 14:37,4034.87,11.2,36277.09,451.39,806.97,0
SHP008998,FedEx,0,Air,San Francisco,Chicago,6/29/2025 3:45,2979.53,2.43,14098.33,120.95,297.95,0
SHP008999,UPS,0,Ocean,Boston,Dallas,6/2/2025 20:09,755.72,17.99,9722.31,303.71,151.14,0
SHP009000,Old Dominion,LTL,Road,Tampa,San Francisco,5/22/2025 9:12,1104.08,5.71,193.44,159.22,184.01,0
SHP009001,XPO Logistics,LTL,Road,San Francisco,New York,6/27/2025 8:11,1012.98,3.33,8103.96,426.81,168.83,0
SHP009002,Old Dominion,0,Ocean,Dallas,Chicago,4/18/2025 22:16,3819.7,9.9,18489.61,326.74,763.94,0
SHP009003,XPO Logistics,0,Rail,San Francisco,Atlanta,8/3/2025 16:39,787.45,6.42,36207.72,141.87,23.62,0
SHP009004,DHL,0,Rail,Chicago,Dallas,4/24/2025 10:01,1743.98,5.36,35187.67,52.85,52.32,0
SHP009005,FedEx,0,Rail,Boston,Dallas,5/14/2025 20:25,602.4,3.25,12461.47,86.76,18.07,0
SHP009006,UPS,0,Rail,Dallas,Atlanta,5/11/2025 15:55,1589.12,3.93,38543.64,292.15,47.67,0
SHP009007,Old Dominion,0,Rail,Boston,Tampa,6/23/2025 16:56,421.43,4.82,39745.03,283.02,12.64,0
SHP009008,UPS,0,Ocean,Atlanta,New York,3/25/2025 5:50,514.02,22.53,9778.33,344.58,102.8,0
SHP009009,DHL,0,Rail,Tampa,New York,6/6/2025 0:40,1024.13,3.28,11664.26,464.45,30.72,0
SHP009010,Old Dominion,0,Rail,San Francisco,New York,1/25/2025 6:14,1659.08,4.59,10710.56,52.07,49.77,0
SHP009011,FedEx,0,Rail,San Francisco,Chicago,4/18/2025 11:53,450.52,4.66,12659.28,21.99,13.52,0
SHP009012,XPO Logistics,LTL,Road,New York,Dallas,7/30/2025 7:34,573.44,4.54,8933.2,293.06,95.57,0
SHP009013,XPO Logistics,0,Ocean,Miami,Dallas,10/17/2025 8:40,5924.69,10.01,20101.41,365.08,1184.94,0
SHP009014,J.B. Hunt,0,Ocean,Atlanta,San Francisco,7/12/2025 23:39,5957.44,11.34,21974.86,462,1191.49,0
SHP009015,J.B. Hunt,FTL,Road,Atlanta,Boston,4/23/2025 22:41,776.8,3.94,31492.5,58.5,129.47,0
SHP009016,DHL,0,Air,Atlanta,Miami,6/14/2025 7:44,1711.79,3.86,14785.59,148.17,171.18,0
SHP009017,Schneider,0,Ocean,Boston,Dallas,4/8/2025 15:54,5009.06,6.86,22459.83,78.67,1001.81,0
SHP009018,C.H. Robinson,0,Air,Chicago,Atlanta,4/18/2025 2:32,1865.44,2.61,17026.82,191.99,186.54,0
SHP009019,FedEx,FTL,Road,Miami,Dallas,6/3/2025 5:50,332.28,2.15,20184.67,124.58,55.38,0
SHP009020,J.B. Hunt,LTL,Road,Atlanta,Chicago,7/14/2025 16:11,950.26,4.33,2802.66,49.62,158.38,0
SHP009021,UPS,0,Ocean,Boston,Tampa,7/2/2025 21:16,501.35,15.13,8848.87,7.28,100.27,0
SHP009022,C.H. Robinson,FTL,Road,Tampa,Boston,11/26/2025 8:31,462.95,5.78,27752.74,429.02,77.16,0
SHP009023,J.B. Hunt,0,Air,New York,Chicago,8/6/2025 15:43,690.8,0.76,955.43,477.88,69.08,0
SHP009024,XPO Logistics,FTL,Road,Atlanta,Boston,2/21/2025 6:32,395.23,2.89,16083.68,365.5,65.87,0
SHP009025,XPO Logistics,0,Air,Atlanta,Dallas,3/26/2025 18:13,1136.91,2.37,39825.5,222.59,113.69,0
SHP009026,DHL,0,Air,Atlanta,Dallas,6/19/2025 3:21,1788.43,2.26,32225.85,134.15,178.84,0
SHP009027,J.B. Hunt,0,Rail,Dallas,Boston,1/27/2025 19:52,472.7,6.28,16916.92,456.95,14.18,0
SHP009028,Old Dominion,0,Ocean,Miami,Tampa,6/25/2025 18:27,5331.19,14.42,3283.05,365.48,1066.24,0
SHP009029,J.B. Hunt,0,Ocean,Atlanta,Miami,8/10/2025 2:10,5645.3,16.08,11082.43,473.42,1129.06,0
SHP009030,J.B. Hunt,0,Rail,Dallas,Boston,6/2/2025 8:06,714.65,2.07,39494.45,373.38,21.44,0
SHP009031,XPO Logistics,0,Ocean,Boston,Miami,10/24/2025 12:37,3610.9,22.59,4099.14,44.74,722.18,0
SHP009032,J.B. Hunt,0,Rail,Atlanta,Miami,3/26/2025 19:06,1291.92,2.25,36727.01,420.34,38.76,0
SHP009033,DHL,0,Rail,Boston,New York,6/23/2025 20:41,690.19,7.22,2194.06,274.77,20.71,0
SHP009034,C.H. Robinson,LTL,Road,New York,Boston,12/26/2025 12:44,1125.9,5.17,3657.32,92.25,187.65,0
SHP009035,C.H. Robinson,0,Ocean,San Francisco,Boston,5/15/2025 14:33,2079.05,13.32,24072.53,17.37,415.81,0
SHP009036,UPS,0,Ocean,Dallas,New York,1/2/2025 14:04,3601.64,20.27,18050.99,85.42,720.33,0
SHP009037,C.H. Robinson,FTL,Road,San Francisco,Chicago,12/6/2025 17:09,1148.09,1.78,32037.92,97.7,191.35,0
SHP009038,UPS,0,Ocean,New York,Atlanta,8/28/2025 21:03,3673.8,12.79,20275.09,258.72,734.76,0
SHP009039,Old Dominion,0,Air,Dallas,Miami,10/20/2025 17:43,907.36,2.31,19527.65,105.15,90.74,0
SHP009040,UPS,0,Air,Tampa,Dallas,5/20/2025 2:36,2968.12,3.53,35559.27,343.1,296.81,0
SHP009041,Old Dominion,0,Air,Atlanta,Miami,3/4/2025 3:58,731.72,2.49,32946.87,20.33,73.17,0
SHP009042,DHL,0,Air,Chicago,San Francisco,2/10/2025 9:08,1638.78,1.89,8878.93,189.75,163.88,0
SHP009043,DHL,0,Ocean,San Francisco,Tampa,6/1/2025 11:05,7876.23,17.91,12331.71,303.07,1575.25,0
SHP009044,XPO Logistics,0,Rail,Atlanta,Boston,9/14/2025 18:41,594.65,5.28,35898.58,278.88,17.84,0
SHP009045,XPO Logistics,0,Ocean,Tampa,Atlanta,3/1/2025 1:47,6000.05,11.97,21202.89,347.84,1200.01,0
SHP009046,UPS,0,Air,Boston,Atlanta,5/22/2025 7:58,2493.49,2.81,39110.93,410.09,249.35,0
SHP009047,C.H. Robinson,LTL,Road,Tampa,Dallas,10/26/2025 5:16,943.73,5.11,2919.93,216.59,157.29,0
SHP009048,Old Dominion,LTL,Road,Chicago,Atlanta,5/13/2025 21:41,699.13,2.91,8497.46,14.51,116.52,0
SHP009049,Schneider,0,Rail,Miami,Boston,4/27/2025 3:41,534.68,7.17,2834.46,114.27,16.04,0
SHP009050,DHL,LTL,Road,Tampa,Atlanta,8/15/2025 1:17,453.94,4.57,5667.78,477.35,75.66,0
SHP009051,J.B. Hunt,0,Air,Boston,San Francisco,1/10/2025 6:20,915.26,3.55,11675.08,123.5,91.53,0
SHP009052,Schneider,FTL,Road,San Francisco,New York,9/28/2025 5:14,623.13,0.66,15680.13,178.48,103.86,0
SHP009053,C.H. Robinson,0,Air,Boston,Dallas,11/15/2025 21:05,732.27,3.51,15742.64,490.98,73.23,0
SHP009054,XPO Logistics,0,Air,San Francisco,Tampa,3/31/2025 2:09,2729.21,1.18,20452.33,301.3,272.92,0
SHP009055,XPO Logistics,0,Air,Miami,Tampa,6/29/2025 19:57,2511.19,3.6,25148.71,18.53,251.12,0
SHP009056,DHL,0,Ocean,Tampa,Miami,7/20/2025 4:29,4109.57,21.47,28706.54,435.2,821.91,0
SHP009057,XPO Logistics,0,Rail,Atlanta,New York,7/20/2025 8:45,1278.53,1.31,38736.26,459.09,38.36,0
SHP009058,Old Dominion,0,Ocean,New York,Tampa,5/6/2025 16:50,1449.35,4.48,21793.6,378.77,289.87,0
SHP009059,J.B. Hunt,FTL,Road,Boston,Tampa,8/10/2025 5:53,489.5,1.03,20666.97,169.45,81.58,0
SHP009060,FedEx,0,Ocean,Atlanta,Chicago,9/15/2025 15:02,3138.29,16.19,35481.52,279.74,627.66,0
SHP009061,J.B. Hunt,0,Ocean,San Francisco,Dallas,3/2/2025 8:24,5657.02,16.52,22270.27,156.07,1131.4,0
SHP009062,C.H. Robinson,0,Rail,Atlanta,Dallas,1/23/2025 3:27,804.47,3.21,36741.17,413.48,24.13,0
SHP009063,Schneider,0,Air,Miami,Dallas,8/14/2025 16:38,1864.24,3.69,35513.14,463.92,186.42,0
SHP009064,Schneider,0,Rail,Chicago,Dallas,11/13/2025 14:49,554.84,6.02,24564.37,367.18,16.65,0
SHP009065,UPS,0,Rail,Dallas,Tampa,4/27/2025 20:25,621.41,5.86,16688.23,417.21,18.64,0
SHP009066,C.H. Robinson,0,Rail,Chicago,San Francisco,1/12/2025 7:50,1472.59,2.48,7762.28,359.15,44.18,0
SHP009067,XPO Logistics,FTL,Road,Boston,Atlanta,5/27/2025 4:55,683.05,3.45,30224.36,427.63,113.84,0
SHP009068,XPO Logistics,0,Ocean,Dallas,San Francisco,9/26/2025 0:43,2292.23,14.22,33243.71,436.52,458.45,0
SHP009069,Schneider,0,Ocean,New York,San Francisco,2/7/2025 17:27,2655.57,4.29,9696.52,472.8,531.11,0
SHP009070,J.B. Hunt,FTL,Road,San Francisco,Dallas,12/20/2025 4:02,581.85,2.66,1016.83,26.46,96.98,0
SHP009071,C.H. Robinson,0,Ocean,Atlanta,Chicago,6/17/2025 12:20,5515.22,14.98,23233.37,56.05,1103.04,0
SHP009072,XPO Logistics,0,Ocean,Dallas,Miami,7/17/2025 23:48,3140.46,19.87,7408.99,441.46,628.09,0
SHP009073,UPS,0,Ocean,Dallas,Miami,10/10/2025 21:48,1411.09,5.72,19371.12,472.7,282.22,0
SHP009074,DHL,0,Rail,Chicago,Boston,12/4/2025 4:56,727.28,5.61,23752.51,75.66,21.82,0
SHP009075,XPO Logistics,0,Rail,Tampa,Dallas,4/4/2025 3:03,597.07,7.51,7800.77,347.81,17.91,0
SHP009076,Old Dominion,0,Ocean,Chicago,Tampa,6/4/2025 20:34,7735.21,4.63,16267.69,112.74,1547.04,0
SHP009077,XPO Logistics,0,Rail,Boston,Atlanta,1/24/2025 2:11,554.5,1.83,26157.27,373.43,16.63,0
SHP009078,XPO Logistics,0,Rail,Atlanta,Boston,8/18/2025 22:36,1282.87,7.47,6254.31,160.6,38.49,0
SHP009079,UPS,0,Ocean,Boston,Atlanta,6/27/2025 19:00,3084.3,7.11,6117.1,243.87,616.86,0
SHP009080,DHL,0,Rail,Chicago,Atlanta,12/15/2025 19:08,1535.1,7.68,5608.95,411.76,46.05,0
SHP009081,Old Dominion,LTL,Road,Dallas,New York,5/27/2025 10:56,998.27,2.49,1233.79,495.01,166.38,0
SHP009082,Old Dominion,0,Air,Tampa,Miami,10/10/2025 10:03,2070.1,3.94,19604.39,198.2,207.01,0
SHP009083,DHL,0,Air,New York,Tampa,4/26/2025 19:09,967.4,3.94,10503.66,12.86,96.74,0
SHP009084,XPO Logistics,0,Rail,Miami,San Francisco,8/5/2025 23:19,1019.95,3.64,10824.61,317.67,30.6,0
SHP009085,FedEx,0,Rail,Miami,San Francisco,4/25/2025 2:15,782.83,3.82,1410.3,294.95,23.48,0
SHP009086,Old Dominion,LTL,Road,Dallas,Atlanta,5/1/2025 13:47,190.38,1.48,7213.61,157.31,0,285.57
SHP009087,J.B. Hunt,0,Rail,Miami,Tampa,6/3/2025 23:03,461.14,5.04,8988.73,136.22,13.83,0
SHP009088,Schneider,0,Ocean,Miami,Tampa,11/7/2025 9:56,5160.04,18.28,29716.56,241.64,1032.01,0
SHP009089,UPS,0,Ocean,New York,Miami,6/13/2025 17:06,3907.23,19.33,8124.87,76.95,781.45,0
SHP009090,DHL,LTL,Road,Miami,Atlanta,11/5/2025 9:42,814.4,2.6,7143.48,129.04,135.73,0
SHP009091,Old Dominion,0,Rail,Chicago,New York,2/2/2025 23:39,719.8,7.28,17155.43,295.89,21.59,0
SHP009092,UPS,0,Air,Dallas,Miami,11/29/2025 4:02,588.04,1.13,1917.57,212.76,58.8,0
SHP009093,DHL,LTL,Road,Tampa,San Francisco,3/17/2025 23:51,1187.26,5.27,6384.15,430.69,0,1780.89
SHP009094,FedEx,0,Ocean,San Francisco,Miami,8/14/2025 16:15,4956.27,10.11,7355.08,326.87,991.25,0
SHP009095,J.B. Hunt,FTL,Road,San Francisco,Tampa,10/2/2025 6:19,272.01,2.65,33119.17,65.49,0,408.01
SHP009096,DHL,0,Air,Chicago,Dallas,5/8/2025 15:18,648.36,1.29,22300.73,126.61,64.84,0
SHP009097,J.B. Hunt,0,Air,San Francisco,Tampa,9/11/2025 16:21,1658.63,1.56,20496.57,139.54,165.86,0
SHP009098,DHL,0,Ocean,Boston,Tampa,3/21/2025 6:37,7850.09,12.84,29873.92,350.57,1570.02,0
SHP009099,Old Dominion,0,Rail,New York,Tampa,11/5/2025 2:23,984.89,2.67,20673.37,340.8,29.55,0
SHP009100,DHL,LTL,Road,Tampa,Dallas,10/31/2025 14:49,578.91,0.72,327.13,164.61,96.48,0
SHP009101,DHL,0,Rail,San Francisco,Tampa,1/15/2025 21:47,440.36,7.34,7445.39,197.75,13.21,0
SHP009102,C.H. Robinson,0,Air,Chicago,Dallas,1/24/2025 10:38,2222.61,3.35,19369.67,91.39,222.26,0
SHP009103,J.B. Hunt,0,Rail,New York,Tampa,7/12/2025 5:27,633.43,3.93,14901.49,174.99,19,0
SHP009104,C.H. Robinson,0,Air,New York,Atlanta,8/28/2025 14:50,656.01,3.7,1675.39,220.56,65.6,0
SHP009105,Old Dominion,0,Ocean,New York,Miami,8/29/2025 13:40,7852.41,16.51,14538.72,73.9,1570.48,0
SHP009106,Old Dominion,0,Rail,Miami,New York,1/11/2025 9:10,1742.2,1.1,27414.81,440.19,52.27,0
SHP009107,J.B. Hunt,0,Air,New York,Tampa,2/17/2025 22:57,367.93,3.04,39954.09,320.18,36.79,0
SHP009108,DHL,LTL,Road,Tampa,Atlanta,3/18/2025 11:58,526.88,5.28,5608.67,374.97,87.81,0
SHP009109,Old Dominion,0,Rail,Tampa,San Francisco,6/26/2025 3:07,1140.45,1.27,8919.23,40.3,34.21,0
SHP009110,DHL,0,Ocean,Chicago,Boston,6/16/2025 3:20,1300.16,2.34,17136.02,90.15,260.03,0
SHP009111,C.H. Robinson,LTL,Road,San Francisco,Atlanta,1/13/2025 11:17,1034.05,4.56,5795.79,245.02,172.34,0
SHP009112,Schneider,FTL,Road,Tampa,Atlanta,11/26/2025 18:47,344.25,2.98,25828.56,391.33,57.38,0
SHP009113,XPO Logistics,FTL,Road,Tampa,Dallas,1/26/2025 9:30,143.93,4.32,29837.83,279.93,0,215.9
SHP009114,DHL,FTL,Road,Boston,Chicago,7/17/2025 7:10,296.47,3.35,20356.84,238.38,49.41,0
SHP009115,XPO Logistics,0,Air,San Francisco,Tampa,4/30/2025 7:43,1543.73,0.89,7724.25,49.57,154.37,0
SHP009116,UPS,0,Air,Tampa,Boston,3/31/2025 21:59,954.69,1.42,10180.5,106.25,95.47,0
SHP009117,XPO Logistics,LTL,Road,Boston,Atlanta,1/15/2025 4:15,895.74,4.96,3372.03,153.26,149.29,0
SHP009118,DHL,0,Air,Chicago,New York,6/19/2025 0:27,2578.89,2.68,12090.81,357.09,257.89,0
SHP009119,Schneider,0,Ocean,San Francisco,Miami,2/12/2025 23:51,3084.45,14.9,39709.04,151.5,616.89,0
SHP009120,C.H. Robinson,0,Ocean,Tampa,Atlanta,9/29/2025 6:10,7478.95,9.05,21841.32,230.53,1495.79,0
SHP009121,J.B. Hunt,FTL,Road,New York,San Francisco,4/26/2025 10:53,950.63,0.6,25271.33,380.57,0,1425.94
SHP009122,DHL,0,Rail,San Francisco,Atlanta,2/27/2025 22:48,955.43,1.74,10169.8,340.16,28.66,0
SHP009123,J.B. Hunt,0,Air,Atlanta,Miami,6/11/2025 14:46,2717.68,1.98,22636.28,114.96,271.77,0
SHP009124,FedEx,0,Ocean,San Francisco,Miami,4/30/2025 6:14,3591.6,9.41,26393.26,492.36,718.32,0
SHP009125,Schneider,0,Air,Tampa,Chicago,1/23/2025 21:42,2495.92,1.17,23318.3,34.14,249.59,0
SHP009126,FedEx,LTL,Road,Atlanta,Miami,6/29/2025 7:21,333.95,1.24,3455.12,339.73,55.66,0
SHP009127,FedEx,0,Ocean,Chicago,Atlanta,3/19/2025 11:53,4245.45,22.52,8903.58,182.74,849.09,0
SHP009128,XPO Logistics,0,Air,New York,Atlanta,12/2/2025 8:49,1190.6,1.33,39730.25,194.23,119.06,0
SHP009129,XPO Logistics,0,Ocean,Dallas,New York,4/20/2025 2:11,7553.82,10.59,8561.62,60.48,1510.76,0
SHP009130,FedEx,0,Ocean,Atlanta,Chicago,7/26/2025 17:21,6916.72,2.71,38593.59,209.68,1383.34,0
SHP009131,Schneider,0,Rail,Chicago,Tampa,11/23/2025 17:01,595.8,5.32,5750.06,37,17.87,0
SHP009132,DHL,0,Rail,San Francisco,Boston,9/11/2025 21:43,1524.45,3.97,20971.07,89.17,45.73,0
SHP009133,J.B. Hunt,0,Ocean,Atlanta,Tampa,4/19/2025 5:49,960.68,10.09,20492.78,382.95,192.14,0
SHP009134,Schneider,0,Ocean,Atlanta,Tampa,10/7/2025 6:43,4257.89,19.22,5059.59,32.92,851.58,0
SHP009135,J.B. Hunt,FTL,Road,Miami,Tampa,1/23/2025 3:46,232.69,4.69,30493.54,71.54,38.78,0
SHP009136,UPS,FTL,Road,Dallas,Chicago,8/19/2025 14:50,85.64,4.19,34283.63,377.3,0,128.46
SHP009137,XPO Logistics,0,Ocean,Tampa,New York,1/16/2025 17:46,2020.99,14.84,30415.95,128.66,404.2,0
SHP009138,DHL,FTL,Road,Dallas,Chicago,10/17/2025 13:12,656.88,2.06,9410.23,484.83,109.48,0
SHP009139,Old Dominion,FTL,Road,Atlanta,New York,5/4/2025 19:50,1099.47,2.81,5902.73,364.23,183.25,0
SHP009140,C.H. Robinson,0,Air,Dallas,Tampa,9/11/2025 10:08,990.39,1.09,15570.4,265.4,99.04,0
SHP009141,FedEx,LTL,Road,Chicago,Dallas,11/25/2025 21:03,162.06,3.54,301.18,446.04,27.01,0
SHP009142,Schneider,0,Rail,Atlanta,San Francisco,4/12/2025 15:53,1673.19,6.13,18928.7,128.19,50.2,0
SHP009143,Old Dominion,LTL,Road,Atlanta,Tampa,4/5/2025 4:35,905.73,5.61,1711.56,233.45,150.96,0
SHP009144,Schneider,0,Air,Tampa,Miami,9/29/2025 18:31,1151.21,1.75,16527.43,475.95,115.12,0
SHP009145,UPS,0,Ocean,San Francisco,Boston,3/11/2025 7:22,2439.78,12.84,38083.76,238.55,487.96,0
SHP009146,DHL,LTL,Road,Miami,Chicago,11/22/2025 9:37,1043.14,0.59,9537.35,94.58,0,1564.71
SHP009147,J.B. Hunt,0,Air,New York,San Francisco,4/30/2025 22:17,2945.82,1.11,18052.45,155,294.58,0
SHP009148,C.H. Robinson,0,Ocean,Boston,Atlanta,10/30/2025 5:31,3749.24,7.51,38630.04,153.56,749.85,0
SHP009149,UPS,0,Rail,Chicago,Tampa,6/27/2025 11:53,1245.24,1.96,33063.31,271.71,37.36,0
SHP009150,XPO Logistics,0,Air,Boston,Tampa,5/9/2025 11:55,2944.5,1.98,8220.19,173.66,294.45,0
SHP009151,J.B. Hunt,0,Rail,Tampa,Dallas,4/23/2025 8:39,1379.14,5.61,31244.72,37.66,41.37,0
SHP009152,XPO Logistics,FTL,Road,Chicago,Miami,8/29/2025 9:18,717.42,5.61,4762.13,48.07,119.57,0
SHP009153,FedEx,0,Rail,Boston,New York,2/27/2025 8:40,1346.57,3.21,26513.88,273.15,40.4,0
SHP009154,UPS,0,Rail,Tampa,Chicago,1/11/2025 1:34,1777.71,7.22,27283.87,131.58,53.33,0
SHP009155,Schneider,LTL,Road,New York,Tampa,6/3/2025 0:31,351.19,5.32,5915.61,394.85,0,526.78
SHP009156,C.H. Robinson,0,Air,Boston,San Francisco,8/12/2025 5:04,1514.63,0.86,13641.12,81.41,151.46,0
SHP009157,J.B. Hunt,0,Rail,San Francisco,Atlanta,6/6/2025 23:47,1450.93,5.9,3992.31,311.07,43.53,0
SHP009158,J.B. Hunt,0,Rail,Tampa,Dallas,4/20/2025 9:59,1598.62,5.88,20688.92,156.62,47.96,0
SHP009159,XPO Logistics,0,Ocean,Atlanta,Chicago,1/11/2025 16:09,7153.23,11.3,34288.05,391.72,1430.65,0
SHP009160,UPS,0,Rail,New York,San Francisco,2/11/2025 7:29,1505.96,7.93,30075.96,17.99,45.18,0
SHP009161,Old Dominion,0,Air,Tampa,San Francisco,4/26/2025 4:58,854.67,0.62,8001.59,31.66,85.47,0
SHP009162,J.B. Hunt,FTL,Road,Miami,New York,5/31/2025 4:34,626.86,0.41,19166.87,449.52,104.48,0
SHP009163,Old Dominion,0,Ocean,Miami,New York,11/20/2025 22:58,6114.32,22.77,9452.55,266.01,1222.86,0
SHP009164,XPO Logistics,0,Rail,Tampa,Chicago,3/27/2025 6:33,709.73,4.46,22504.5,19.06,21.29,0
SHP009165,J.B. Hunt,0,Rail,Chicago,San Francisco,2/1/2025 9:39,573.21,5.93,31030.66,285.16,17.2,0
SHP009166,DHL,0,Rail,Chicago,San Francisco,12/22/2025 9:01,633.33,3.84,4293.45,476.64,19,0
SHP009167,DHL,0,Ocean,Atlanta,Chicago,10/9/2025 10:39,7015.08,3.44,7076.38,290.97,1403.02,0
SHP009168,XPO Logistics,0,Air,Atlanta,San Francisco,1/26/2025 5:15,927.56,3.77,30345.83,137.37,92.76,0
SHP009169,FedEx,LTL,Road,New York,Atlanta,5/24/2025 23:34,57.02,4.85,4327.28,321.55,9.5,0
SHP009170,DHL,0,Air,New York,Dallas,5/1/2025 21:33,1074.83,1,27174.81,225.71,107.48,0
SHP009171,FedEx,0,Ocean,Dallas,San Francisco,11/22/2025 8:57,2263.77,5.03,23428.94,363.05,452.75,0
SHP009172,UPS,0,Air,San Francisco,Dallas,2/16/2025 17:55,1066.49,3.07,7733.33,169.87,106.65,0
SHP009173,UPS,0,Rail,Chicago,Dallas,1/20/2025 13:09,1391.81,5.62,11185.68,61.95,41.75,0
SHP009174,J.B. Hunt,0,Air,Miami,Tampa,4/29/2025 6:22,414.68,3.43,3468.11,58.31,41.47,0
SHP009175,DHL,0,Ocean,Dallas,Boston,5/7/2025 15:03,2282.83,11.8,31696.59,124.49,456.57,0
SHP009176,J.B. Hunt,0,Air,Atlanta,Chicago,12/20/2025 12:12,1767.47,0.82,18848.18,89.64,176.75,0
SHP009177,UPS,FTL,Road,New York,Boston,6/30/2025 14:29,292.87,2.36,30573.23,372.25,48.81,0
SHP009178,XPO Logistics,FTL,Road,San Francisco,Atlanta,12/5/2025 20:59,527.22,0.93,11587.32,253.17,0,790.83
SHP009179,Schneider,0,Ocean,Miami,Chicago,3/11/2025 17:40,7020.59,23.3,25680.1,175.99,1404.12,0
SHP009180,Schneider,FTL,Road,New York,Atlanta,4/3/2025 14:17,847.47,2.18,25206.2,122.64,0,1271.2
SHP009181,DHL,0,Ocean,San Francisco,Chicago,7/30/2025 11:54,2502.42,3.65,17095.58,309.47,500.48,0
SHP009182,Old Dominion,0,Air,Tampa,San Francisco,8/8/2025 6:14,2429.75,3.34,39701.56,44.79,242.98,0
SHP009183,XPO Logistics,0,Rail,Miami,Chicago,4/14/2025 11:48,989.02,4.65,32279.07,133.91,29.67,0
SHP009184,XPO Logistics,0,Ocean,New York,Chicago,2/20/2025 9:25,1020.29,8.9,39365.15,449.82,204.06,0
SHP009185,XPO Logistics,FTL,Road,Tampa,Miami,11/8/2025 10:33,504.53,5.29,1793.8,157.79,84.09,0
SHP009186,DHL,FTL,Road,Chicago,Boston,10/4/2025 12:13,885.83,1.52,8336.44,431.04,147.64,0
SHP009187,Schneider,0,Rail,New York,Tampa,4/1/2025 12:22,1185.53,7.92,5819.45,178.71,35.57,0
SHP009188,XPO Logistics,0,Ocean,San Francisco,Dallas,5/16/2025 21:18,2834.1,21.36,10584.21,177.38,566.82,0
SHP009189,UPS,0,Ocean,Miami,Dallas,4/27/2025 10:09,1571.25,19.06,9889.28,35.09,314.25,0
SHP009190,DHL,0,Ocean,Tampa,Atlanta,5/7/2025 9:02,3763.32,10.61,7515.56,67.67,752.66,0
SHP009191,XPO Logistics,0,Ocean,San Francisco,Boston,1/2/2025 19:13,7224.18,3.49,4422.78,123.28,1444.84,0
SHP009192,XPO Logistics,0,Air,Miami,Chicago,9/1/2025 19:59,2872.67,0.8,32732.59,446.13,287.27,0
SHP009193,C.H. Robinson,0,Air,Dallas,Atlanta,12/30/2025 10:55,1320.24,1.53,27256.42,351.61,132.02,0
SHP009194,C.H. Robinson,0,Rail,New York,Miami,6/16/2025 9:09,1447.96,6.81,11101.62,343.79,43.44,0
SHP009195,DHL,0,Rail,Miami,Dallas,2/11/2025 16:34,415.85,4.58,24709.03,81.7,12.48,0
SHP009196,UPS,0,Ocean,Boston,Tampa,2/15/2025 6:27,1073.8,6.28,17113.26,444.03,214.76,0
SHP009197,Old Dominion,FTL,Road,Miami,Dallas,3/14/2025 3:44,661.7,4.55,7378.71,53.88,110.28,0
SHP009198,J.B. Hunt,0,Ocean,Atlanta,San Francisco,5/22/2025 2:19,2297.13,8.91,22150.03,440.74,459.43,0
SHP009199,J.B. Hunt,0,Ocean,Boston,Atlanta,4/2/2025 0:49,3695.69,13.41,682.23,17.62,739.14,0
SHP009200,C.H. Robinson,0,Air,Dallas,New York,8/15/2025 23:50,526.18,2.95,19704.56,97.29,52.62,0
SHP009201,C.H. Robinson,0,Ocean,New York,Miami,8/11/2025 4:29,4944.5,13.98,4007.57,320.57,988.9,0
SHP009202,FedEx,0,Rail,San Francisco,New York,10/22/2025 13:42,1427.45,3.01,27655.81,100.66,42.82,0
SHP009203,DHL,0,Ocean,Dallas,Tampa,1/20/2025 14:37,6175.47,22.06,17953.75,123.07,1235.09,0
SHP009204,UPS,0,Rail,Dallas,Miami,10/12/2025 18:56,838.68,2.75,548.96,325.58,25.16,0
SHP009205,Schneider,0,Ocean,Boston,Miami,4/15/2025 21:40,818.95,6.63,29036.76,333.2,163.79,0
SHP009206,Old Dominion,0,Ocean,Dallas,Atlanta,4/5/2025 2:06,1049.97,16.52,37257.71,38.18,209.99,0
SHP009207,Old Dominion,FTL,Road,Chicago,San Francisco,10/21/2025 16:30,528.04,4.44,26875.06,114.03,88.01,0
SHP009208,FedEx,0,Rail,Atlanta,Miami,12/11/2025 3:59,460.91,6.49,38271.66,384.02,13.83,0
SHP009209,C.H. Robinson,0,Air,Boston,New York,6/3/2025 9:49,2900.65,2.62,37199.4,345.53,290.06,0
SHP009210,J.B. Hunt,0,Air,Tampa,New York,11/14/2025 9:28,2753.99,1.07,32714.83,99.18,275.4,0
SHP009211,UPS,0,Ocean,Chicago,Atlanta,4/30/2025 20:25,705.72,13.39,13070.95,22.72,141.14,0
SHP009212,FedEx,0,Ocean,Miami,Boston,3/20/2025 23:44,7852.28,16.66,36121.58,499.54,1570.46,0
SHP009213,C.H. Robinson,0,Ocean,Chicago,Atlanta,7/21/2025 17:56,3439.75,7.6,7763.43,258.08,687.95,0
SHP009214,C.H. Robinson,0,Rail,Miami,Atlanta,9/8/2025 14:52,1169.73,4.31,15796.45,84.97,35.09,0
SHP009215,Old Dominion,0,Rail,Miami,Dallas,4/28/2025 11:08,906.98,1.6,34669.39,24.4,27.21,0
SHP009216,Schneider,0,Rail,Miami,Tampa,1/10/2025 14:23,809.03,1.7,31111.73,157.06,24.27,0
SHP009217,XPO Logistics,FTL,Road,Tampa,Miami,2/28/2025 22:12,180.07,3.31,36692.94,454.41,30.01,0
SHP009218,DHL,LTL,Road,New York,San Francisco,3/18/2025 17:41,337.1,4.39,448.3,66.79,56.18,0
SHP009219,C.H. Robinson,FTL,Road,Tampa,San Francisco,11/25/2025 18:42,624.39,1.57,32031.34,465.61,104.06,0
SHP009220,FedEx,LTL,Road,Atlanta,Dallas,8/1/2025 13:16,54.98,1.59,4479.6,281.98,9.16,0
SHP009221,DHL,0,Rail,Tampa,Chicago,10/15/2025 0:09,1665.44,7.24,25668.22,129.44,49.96,0
SHP009222,C.H. Robinson,0,Rail,San Francisco,Chicago,7/18/2025 13:05,1453.26,2.42,38624.31,3.91,43.6,0
SHP009223,C.H. Robinson,0,Air,New York,San Francisco,12/24/2025 11:35,1838.38,0.81,16600.18,317.83,183.84,0
SHP009224,FedEx,0,Ocean,Miami,New York,7/26/2025 11:31,5671.99,19.28,23936.44,126.41,1134.4,0
SHP009225,DHL,0,Air,Dallas,Atlanta,9/29/2025 6:12,2700.98,3.34,6822.07,413.43,270.1,0
SHP009226,UPS,0,Rail,San Francisco,Tampa,11/15/2025 18:45,1756.23,5.46,11631.31,303.69,52.69,0
SHP009227,J.B. Hunt,0,Rail,Miami,San Francisco,2/9/2025 14:25,748.06,5.73,22019.6,464.82,22.44,0
SHP009228,XPO Logistics,0,Air,Boston,Dallas,6/1/2025 5:28,1968.35,1.25,29141.84,151.14,196.84,0
SHP009229,Old Dominion,0,Air,San Francisco,Tampa,12/14/2025 21:43,1035.46,1.87,973.87,484.6,103.55,0
SHP009230,J.B. Hunt,FTL,Road,San Francisco,Dallas,11/14/2025 4:27,662.18,4.7,10685.16,373.56,0,993.27
SHP009231,Old Dominion,0,Ocean,Atlanta,Boston,3/14/2025 18:26,4753.78,11.33,38841.43,247.43,950.76,0
SHP009232,UPS,0,Air,Boston,Tampa,9/14/2025 19:53,2075.14,0.55,12407.48,444.46,207.51,0
SHP009233,UPS,0,Ocean,Miami,San Francisco,1/23/2025 15:14,6192.19,13.81,36056.31,243.62,1238.44,0
SHP009234,FedEx,LTL,Road,New York,San Francisco,8/29/2025 12:24,701.48,2.45,6257.39,160.18,116.91,0
SHP009235,C.H. Robinson,LTL,Road,Chicago,Tampa,5/8/2025 22:44,493.32,5.81,1246.39,53.52,0,739.98
SHP009236,XPO Logistics,0,Air,Chicago,New York,9/19/2025 5:08,416.95,1.62,16230.06,48.16,41.7,0
SHP009237,J.B. Hunt,0,Air,Atlanta,New York,3/14/2025 0:38,1782.65,2.54,30165.55,488.01,178.27,0
SHP009238,UPS,LTL,Road,San Francisco,Chicago,7/25/2025 5:40,762.26,0.89,1021.96,389,127.04,0
SHP009239,FedEx,0,Rail,Tampa,Chicago,7/4/2025 8:52,1240.53,2.13,10507.72,375.37,37.22,0
SHP009240,C.H. Robinson,0,Air,New York,Tampa,4/7/2025 18:50,1828.62,2.55,8795.34,314.9,182.86,0
SHP009241,Schneider,0,Air,San Francisco,Chicago,3/23/2025 10:44,2380.7,3.6,29600.33,288.61,238.07,0
SHP009242,C.H. Robinson,FTL,Road,Miami,Chicago,11/11/2025 17:14,824.25,3.04,9462.48,441.22,137.38,0
SHP009243,DHL,0,Air,Atlanta,Tampa,11/3/2025 20:56,1738.08,2.58,39609.3,492.52,173.81,0
SHP009244,Old Dominion,0,Ocean,Chicago,Atlanta,11/12/2025 15:23,4897.33,2.75,16147.83,468.71,979.47,0
SHP009245,UPS,0,Rail,Tampa,Miami,12/6/2025 23:12,661.29,7.99,3830.54,284.49,19.84,0
SHP009246,J.B. Hunt,0,Air,Dallas,Boston,1/6/2025 12:06,1691.71,1.39,37969.98,309.97,169.17,0
SHP009247,J.B. Hunt,0,Rail,Chicago,Atlanta,9/14/2025 11:33,568.37,3.69,28988.56,149.55,17.05,0
SHP009248,FedEx,0,Ocean,Tampa,Atlanta,12/4/2025 18:52,7097.05,5.64,10947.95,73.3,1419.41,0
SHP009249,Old Dominion,0,Ocean,New York,Atlanta,10/17/2025 4:14,1281.34,8.61,39967.56,48.07,256.27,0
SHP009250,UPS,LTL,Road,San Francisco,Chicago,9/11/2025 3:42,294.95,1.81,6248.43,372.93,49.16,0
SHP009251,FedEx,0,Rail,Miami,Chicago,8/6/2025 17:39,1403.09,1.06,26248.09,315.74,42.09,0
SHP009252,FedEx,0,Ocean,Boston,San Francisco,6/10/2025 17:59,4382.41,10.34,31999.05,172.6,876.48,0
SHP009253,Old Dominion,0,Rail,New York,Chicago,11/26/2025 14:50,568.02,3.17,17866.09,107.81,17.04,0
SHP009254,Schneider,FTL,Road,Dallas,Miami,9/13/2025 10:04,748.71,5.33,24020.67,223.89,124.79,0
SHP009255,FedEx,0,Rail,San Francisco,New York,10/23/2025 14:41,1474.99,6.24,14998.8,302.47,44.25,0
SHP009256,FedEx,0,Rail,Boston,Atlanta,9/10/2025 6:14,1367.75,2.72,14967.82,53.78,41.03,0
SHP009257,C.H. Robinson,FTL,Road,New York,Dallas,4/10/2025 5:41,1185.83,0.74,7159.94,240.44,197.64,0
SHP009258,DHL,0,Air,San Francisco,Tampa,1/5/2025 8:49,2636.23,1.75,30859.55,338.34,263.62,0
SHP009259,C.H. Robinson,0,Rail,Chicago,Tampa,1/18/2025 22:55,1221.86,6.92,1059.73,464.65,36.66,0
SHP009260,XPO Logistics,0,Air,Miami,New York,12/23/2025 22:12,2538.91,3.78,31846.72,439.42,253.89,0
SHP009261,J.B. Hunt,0,Air,Boston,San Francisco,2/4/2025 19:14,848.31,1.62,12951.23,55.47,84.83,0
SHP009262,J.B. Hunt,0,Rail,New York,Tampa,5/26/2025 14:41,1367.33,1.95,2574.11,387.95,41.02,0
SHP009263,Schneider,0,Ocean,Boston,Chicago,9/7/2025 7:10,7284.97,18.81,33101.41,298.22,1456.99,0
SHP009264,XPO Logistics,FTL,Road,New York,Dallas,2/5/2025 14:59,1070.91,3.11,39538.74,52.6,178.49,0
SHP009265,DHL,LTL,Road,San Francisco,New York,10/25/2025 14:36,980.56,3.94,5869.36,363.18,0,1470.84
SHP009266,UPS,0,Air,Boston,Miami,12/23/2025 22:25,2568.79,3.52,7427.55,99.32,256.88,0
SHP009267,XPO Logistics,0,Ocean,San Francisco,Tampa,4/27/2025 10:40,621.25,4.9,10923.36,360.8,124.25,0
SHP009268,Old Dominion,LTL,Road,Atlanta,Dallas,5/19/2025 3:54,597.13,4.61,4942.38,278.24,99.52,0
SHP009269,Old Dominion,0,Rail,Boston,New York,5/19/2025 1:25,377.71,6.44,30446,154.47,11.33,0
SHP009270,XPO Logistics,0,Air,San Francisco,Tampa,4/27/2025 5:24,1187.16,1.27,32646.67,373.76,118.72,0
SHP009271,DHL,LTL,Road,Atlanta,Tampa,10/10/2025 20:48,750.52,1.62,1842.76,26.08,125.09,0
SHP009272,UPS,0,Rail,Dallas,Tampa,10/30/2025 4:09,272.98,2.31,4471.04,278.5,8.19,0
SHP009273,Schneider,0,Rail,Dallas,San Francisco,1/16/2025 8:42,772.94,4.11,23965.65,329.89,23.19,0
SHP009274,FedEx,LTL,Road,Miami,Tampa,11/14/2025 9:12,795.43,1.75,8124.83,458.94,132.57,0
SHP009275,J.B. Hunt,0,Ocean,Chicago,Atlanta,8/23/2025 6:49,2869.54,2.38,36016.59,461.85,573.91,0
SHP009276,UPS,0,Air,New York,Chicago,10/21/2025 11:52,437.56,0.52,32747.99,151.43,43.76,0
SHP009277,C.H. Robinson,0,Ocean,Chicago,Atlanta,6/21/2025 10:34,7359.37,6.77,34515.61,35.25,1471.87,0
SHP009278,DHL,0,Ocean,Dallas,Tampa,7/14/2025 1:41,2454.78,23.41,9632.27,67.37,490.96,0
SHP009279,Old Dominion,0,Ocean,Miami,New York,6/1/2025 17:59,6927.91,4.59,4349.52,162.39,1385.58,0
SHP009280,DHL,0,Ocean,Atlanta,Miami,7/20/2025 23:06,5264.96,17.64,35308.93,270.91,1052.99,0
SHP009281,FedEx,FTL,Road,Atlanta,Chicago,3/22/2025 3:06,502.43,2.31,33952.66,362.18,83.74,0
SHP009282,C.H. Robinson,0,Air,Dallas,Tampa,7/23/2025 3:21,2744.66,3.87,12352.01,265.31,274.47,0
SHP009283,Old Dominion,0,Ocean,Boston,Atlanta,10/11/2025 21:21,5238.66,5.6,2607.21,434.01,1047.73,0
SHP009284,UPS,LTL,Road,San Francisco,Tampa,3/8/2025 19:09,665.85,3.53,5615.91,377.73,0,998.78
SHP009285,DHL,FTL,Road,Chicago,Boston,11/19/2025 21:20,217.33,3.78,19044.44,448.58,36.22,0
SHP009286,Schneider,0,Air,Boston,San Francisco,7/24/2025 10:44,1702.98,3.8,14453.49,483.48,170.3,0
SHP009287,J.B. Hunt,0,Air,Atlanta,Tampa,9/14/2025 10:20,2662.93,2.54,14471.54,188.59,266.29,0
SHP009288,XPO Logistics,0,Air,Tampa,San Francisco,10/21/2025 1:19,2386.43,2.53,16362.71,318.39,238.64,0
SHP009289,J.B. Hunt,0,Ocean,San Francisco,Atlanta,11/24/2025 17:55,5999.25,2.5,4049.58,48.15,1199.85,0
SHP009290,C.H. Robinson,0,Air,Tampa,San Francisco,1/20/2025 4:50,926.22,1.99,32244.17,176.2,92.62,0
SHP009291,FedEx,FTL,Road,San Francisco,Tampa,11/26/2025 4:06,70.1,3.03,39866.83,175.16,11.68,0
SHP009292,XPO Logistics,0,Rail,Tampa,Boston,9/12/2025 14:31,1738.01,1.71,7337.44,362.34,52.14,0
SHP009293,XPO Logistics,LTL,Road,Atlanta,New York,10/24/2025 7:13,626.39,4.65,8656.05,126.29,0,939.59
SHP009294,Old Dominion,0,Ocean,Boston,Dallas,2/1/2025 11:09,5621.22,15.37,34530.63,215.62,1124.24,0
SHP009295,DHL,0,Rail,Atlanta,New York,10/4/2025 9:06,282.99,5.02,38375.69,8.3,8.49,0
SHP009296,XPO Logistics,0,Ocean,New York,Boston,4/25/2025 4:23,2301.93,8.95,30750.64,162.32,460.39,0
SHP009297,J.B. Hunt,0,Rail,Chicago,Miami,7/3/2025 16:48,582.53,5.54,2333.01,86.13,17.48,0
SHP009298,UPS,FTL,Road,New York,San Francisco,5/21/2025 5:08,519.23,2.29,14213.05,55.17,0,778.85
SHP009299,J.B. Hunt,0,Rail,New York,Tampa,6/16/2025 9:41,777.34,6.59,16846.85,293.5,23.32,0
SHP009300,C.H. Robinson,0,Air,Atlanta,Tampa,3/16/2025 21:19,741.66,0.74,35258.26,166.35,74.17,0
SHP009301,UPS,LTL,Road,New York,San Francisco,2/17/2025 0:31,452.89,5.3,7121.55,378.38,75.48,0
SHP009302,Old Dominion,0,Rail,Boston,Dallas,12/14/2025 18:54,1291.21,1.74,38340.83,454.66,38.74,0
SHP009303,UPS,0,Rail,Tampa,Atlanta,11/21/2025 20:21,577.95,6.63,16671.16,342.2,17.34,0
SHP009304,Old Dominion,0,Air,Miami,Tampa,8/17/2025 6:55,747.13,2.38,5501.34,268.55,74.71,0
SHP009305,DHL,0,Rail,Tampa,Dallas,1/21/2025 7:40,589.75,4.17,26884.79,438.66,17.69,0
SHP009306,DHL,0,Air,Tampa,Dallas,6/5/2025 0:06,746.28,3.63,15906.49,422.05,74.63,0
SHP009307,J.B. Hunt,FTL,Road,Atlanta,Dallas,11/24/2025 6:57,639.43,5.21,26681.55,254.85,106.57,0
SHP009308,FedEx,0,Rail,Miami,Tampa,5/21/2025 10:23,700.06,7.78,32135.46,191.21,21,0
SHP009309,C.H. Robinson,LTL,Road,Tampa,Dallas,3/23/2025 16:27,241.73,4.73,9900.95,140.21,40.29,0
SHP009310,C.H. Robinson,0,Ocean,Boston,Dallas,6/26/2025 12:18,7368.97,4.76,38112.15,372.92,1473.79,0
SHP009311,J.B. Hunt,0,Rail,Miami,New York,4/16/2025 4:02,754.55,3.13,25915.7,297.16,22.64,0
SHP009312,FedEx,FTL,Road,Atlanta,New York,10/26/2025 18:42,1106.78,4.66,21844.41,463.86,0,1660.17
SHP009313,Old Dominion,0,Ocean,Tampa,New York,6/5/2025 12:07,4945.48,20.69,33717.23,459.68,989.1,0
SHP009314,C.H. Robinson,LTL,Road,Boston,Atlanta,11/15/2025 4:17,127.74,3.61,4763.67,245.78,21.29,0
SHP009315,C.H. Robinson,0,Ocean,Dallas,Tampa,6/6/2025 22:50,3949.33,20.42,13078.1,231.91,789.87,0
SHP009316,DHL,0,Air,Chicago,Dallas,1/15/2025 16:51,841.84,1.38,26586.59,59.35,84.18,0
SHP009317,C.H. Robinson,0,Rail,Chicago,Boston,5/16/2025 20:12,500.51,4.7,2229.03,64.34,15.02,0
SHP009318,Old Dominion,0,Ocean,San Francisco,Miami,12/10/2025 14:43,6975.15,20.62,14237.16,174.65,1395.03,0
SHP009319,DHL,0,Rail,Chicago,New York,9/9/2025 5:16,1698.42,1.18,23421.67,299.1,50.95,0
SHP009320,FedEx,0,Rail,New York,Chicago,4/29/2025 4:19,1460.62,7.66,14555.19,219.48,43.82,0
SHP009321,J.B. Hunt,0,Ocean,New York,Atlanta,7/26/2025 21:39,5534.74,23.28,35686.3,333.86,1106.95,0
SHP009322,DHL,0,Ocean,Tampa,Dallas,7/22/2025 18:52,6925.43,3.87,15396.51,7.53,1385.09,0
SHP009323,C.H. Robinson,0,Ocean,San Francisco,Chicago,1/14/2025 11:46,1831.04,15.87,35479.68,316.76,366.21,0
SHP009324,UPS,0,Air,Chicago,San Francisco,2/12/2025 13:47,2093.17,0.86,26761.99,227.72,209.32,0
SHP009325,UPS,0,Rail,San Francisco,New York,11/18/2025 16:43,1242.3,3.28,23468.69,212.61,37.27,0
SHP009326,C.H. Robinson,0,Rail,Atlanta,San Francisco,1/25/2025 5:20,1093.82,2.03,16135.08,187.77,32.81,0
SHP009327,C.H. Robinson,0,Rail,New York,Atlanta,8/15/2025 8:30,1378.23,5.94,36399.92,316.4,41.35,0
SHP009328,DHL,FTL,Road,San Francisco,Tampa,5/17/2025 3:18,411.73,4.75,20131.41,97.55,68.62,0
SHP009329,C.H. Robinson,0,Ocean,Atlanta,Dallas,3/21/2025 13:04,6105.59,4.92,7537.06,379.62,1221.12,0
SHP009330,J.B. Hunt,FTL,Road,Miami,Chicago,1/14/2025 14:10,935.67,4.8,12086.34,433.43,155.94,0
SHP009331,Schneider,0,Ocean,Miami,Dallas,12/20/2025 0:58,5920.01,20.35,28489.92,290.22,1184,0
SHP009332,Old Dominion,0,Rail,New York,Boston,4/22/2025 19:45,375.03,5.98,27773.2,156.93,11.25,0
SHP009333,XPO Logistics,0,Rail,Boston,Chicago,9/2/2025 12:24,1377.31,4.85,22596.55,184.43,41.32,0
SHP009334,DHL,0,Ocean,Boston,Atlanta,9/4/2025 5:19,1375.89,6.77,30868.85,136.45,275.18,0
SHP009335,UPS,0,Air,Chicago,San Francisco,9/19/2025 9:50,306.08,3.99,8821.95,328.04,30.61,0
SHP009336,DHL,0,Rail,Boston,Atlanta,7/31/2025 3:08,1683.08,5.2,32061.71,488.21,50.49,0
SHP009337,Old Dominion,0,Ocean,New York,Chicago,5/24/2025 22:37,6952.73,14.27,14866.27,241.75,1390.55,0
SHP009338,J.B. Hunt,0,Ocean,San Francisco,Miami,9/16/2025 2:37,6813.7,20.77,33911.27,299.01,1362.74,0
SHP009339,FedEx,FTL,Road,New York,Chicago,6/27/2025 12:05,598.5,2.04,632.75,382.48,99.75,0
SHP009340,XPO Logistics,0,Air,Tampa,Atlanta,8/6/2025 15:53,1047.9,1.65,33817.51,27.07,104.79,0
SHP009341,J.B. Hunt,0,Rail,Atlanta,Boston,9/24/2025 12:32,1684.19,1.01,37597.18,227.92,50.53,0
SHP009342,Schneider,LTL,Road,Miami,Boston,8/24/2025 2:24,167.44,4.13,8974.19,219.6,0,251.16
SHP009343,C.H. Robinson,0,Ocean,Dallas,Miami,12/24/2025 17:47,5685.18,23.55,10007.68,410.4,1137.04,0
SHP009344,UPS,0,Air,New York,Chicago,1/14/2025 10:16,1097.14,1.99,11629.75,223.56,109.71,0
SHP009345,C.H. Robinson,0,Air,Chicago,Atlanta,1/14/2025 23:30,313.74,1.56,18089.12,316.49,31.37,0
SHP009346,C.H. Robinson,0,Air,Boston,Miami,9/5/2025 0:07,2020.88,2.54,12074.76,473.75,202.09,0
SHP009347,XPO Logistics,0,Ocean,Chicago,Tampa,3/19/2025 21:15,3439.77,6.77,22403.26,374.72,687.95,0
SHP009348,XPO Logistics,0,Ocean,Chicago,San Francisco,1/16/2025 12:23,591.75,8.08,33086.63,254,118.35,0
SHP009349,XPO Logistics,LTL,Road,Boston,San Francisco,7/18/2025 22:08,519.76,5.6,1031.92,308.17,86.63,0
SHP009350,UPS,0,Air,San Francisco,Boston,4/26/2025 11:41,1223.91,0.75,8942.91,314.34,122.39,0
SHP009351,C.H. Robinson,0,Rail,Tampa,Dallas,7/4/2025 17:51,245.24,5.15,38295.59,397.75,7.36,0
SHP009352,J.B. Hunt,0,Rail,Atlanta,Boston,11/5/2025 11:08,752.96,1.97,18870.05,197.08,22.59,0
SHP009353,FedEx,FTL,Road,Tampa,New York,6/11/2025 2:47,1167.49,5.94,16718.09,75.24,194.58,0
SHP009354,FedEx,0,Ocean,Miami,Boston,7/28/2025 0:23,7329.57,19.46,20695.33,183.31,1465.91,0
SHP009355,UPS,0,Air,Chicago,Miami,5/14/2025 6:37,1510.05,3.66,7793.42,403.58,151,0
SHP009356,Old Dominion,0,Air,Dallas,New York,3/21/2025 11:52,349.11,3.72,20261.74,114.15,34.91,0
SHP009357,FedEx,LTL,Road,New York,Tampa,7/19/2025 12:42,53.28,3.47,2558.21,316,8.88,0
SHP009358,C.H. Robinson,0,Rail,Chicago,Atlanta,2/17/2025 8:39,649.87,1.62,20449.54,282.68,19.5,0
SHP009359,UPS,0,Air,Miami,Boston,12/3/2025 18:42,1521.99,2.1,23791.18,263.65,152.2,0
SHP009360,XPO Logistics,0,Ocean,New York,Boston,7/7/2025 8:43,1494.26,6.34,6100.75,346.95,298.85,0
SHP009361,XPO Logistics,0,Ocean,New York,Miami,2/5/2025 10:15,4464.49,11.46,32034.39,163.57,892.9,0
SHP009362,XPO Logistics,0,Rail,Miami,Dallas,11/24/2025 9:18,1108.97,1.52,29903.96,347.9,33.27,0
SHP009363,XPO Logistics,0,Air,Boston,Atlanta,5/25/2025 7:03,2466.42,3.6,30442.12,422.4,246.64,0
SHP009364,J.B. Hunt,0,Air,Chicago,San Francisco,8/27/2025 17:47,1233.27,1.7,37799.88,457.37,123.33,0
SHP009365,Schneider,0,Air,Miami,Dallas,2/3/2025 3:49,1780.94,1.78,34707.06,162.38,178.09,0
SHP009366,C.H. Robinson,0,Air,Miami,San Francisco,11/27/2025 2:57,714.81,2.74,2183.56,190.17,71.48,0
SHP009367,C.H. Robinson,FTL,Road,San Francisco,Miami,8/13/2025 16:31,978.81,1.95,37286.96,477.96,0,1468.21
SHP009368,DHL,0,Ocean,Tampa,Boston,2/8/2025 15:59,6618.62,23.73,21465.18,285.03,1323.72,0
SHP009369,Old Dominion,0,Ocean,New York,Boston,5/26/2025 23:40,6771.25,12.84,16565.44,307.76,1354.25,0
SHP009370,FedEx,0,Rail,Tampa,San Francisco,5/30/2025 17:46,1252.26,6.26,26893.93,373.12,37.57,0
SHP009371,DHL,0,Rail,Boston,San Francisco,9/12/2025 23:45,1279.3,4.36,5829.92,392.94,38.38,0
SHP009372,C.H. Robinson,0,Ocean,Dallas,Tampa,2/27/2025 18:57,730.84,23.84,33224.11,335.78,146.17,0
SHP009373,Old Dominion,0,Air,Miami,Boston,7/10/2025 4:06,2909.84,2.64,2729.1,280.13,290.98,0
SHP009374,J.B. Hunt,0,Air,Atlanta,Miami,7/20/2025 10:35,1048.45,1.79,18653.61,387.53,104.85,0
SHP009375,XPO Logistics,0,Rail,Miami,San Francisco,6/1/2025 9:53,1004.69,4.32,12427.9,270.4,30.14,0
SHP009376,Schneider,FTL,Road,San Francisco,Tampa,7/11/2025 14:57,335.65,1.75,30411.72,171.93,55.94,0
SHP009377,C.H. Robinson,0,Air,Boston,New York,10/11/2025 2:21,438.78,1.7,25723.6,407.18,43.88,0
SHP009378,Schneider,0,Ocean,Boston,Atlanta,3/9/2025 16:05,7714.53,18.42,17439.64,150.26,1542.91,0
SHP009379,XPO Logistics,0,Ocean,New York,Chicago,11/29/2025 0:08,1472.22,15.81,20640.39,339.17,294.44,0
SHP009380,UPS,0,Rail,Boston,Miami,7/26/2025 6:38,579.41,3.27,12037.77,399.03,17.38,0
SHP009381,Old Dominion,0,Ocean,San Francisco,Boston,11/5/2025 15:13,1784.22,15.39,2528.52,275.21,356.84,0
SHP009382,C.H. Robinson,0,Ocean,Boston,Atlanta,12/22/2025 12:23,979.35,5.87,4964.5,174.02,195.87,0
SHP009383,Old Dominion,0,Air,Boston,Tampa,10/1/2025 2:43,1228.07,3.39,9414.65,44.11,122.81,0
SHP009384,UPS,0,Air,Dallas,Chicago,1/20/2025 18:27,1929.48,2.91,12145.53,301.8,192.95,0
SHP009385,C.H. Robinson,0,Ocean,Atlanta,Tampa,2/14/2025 15:20,6320.42,9.65,21251.48,74.17,1264.08,0
SHP009386,FedEx,0,Rail,San Francisco,Boston,5/24/2025 1:26,237.83,7.87,12339.37,140.17,7.13,0
SHP009387,C.H. Robinson,0,Rail,New York,Tampa,10/29/2025 3:56,1757.19,6.1,23619.27,349.96,52.72,0
SHP009388,Old Dominion,0,Rail,Miami,San Francisco,8/1/2025 19:26,1335.88,6.34,3153.97,207,40.08,0
SHP009389,XPO Logistics,0,Rail,Boston,Miami,9/16/2025 22:53,672.21,1.49,16797.66,308.47,20.17,0
SHP009390,XPO Logistics,0,Rail,Chicago,Boston,4/2/2025 12:59,485.6,3.14,25747.25,290.08,14.57,0
SHP009391,DHL,0,Ocean,Dallas,Tampa,10/17/2025 13:50,7015.89,19.41,38641.64,299,1403.18,0
SHP009392,DHL,0,Air,Dallas,San Francisco,10/25/2025 16:04,2185.86,3.51,33679.7,359.64,218.59,0
SHP009393,C.H. Robinson,LTL,Road,Miami,Dallas,11/11/2025 14:10,625.29,1.82,8790.58,388.55,104.21,0
SHP009394,J.B. Hunt,0,Ocean,New York,Dallas,8/5/2025 18:05,6784.3,5.1,12935.11,213.02,1356.86,0
SHP009395,XPO Logistics,0,Ocean,Tampa,New York,3/22/2025 19:52,6787.64,21.64,11753.26,343.53,1357.53,0
SHP009396,C.H. Robinson,0,Air,Atlanta,Chicago,2/10/2025 12:17,510.1,1.93,19723.43,383.05,51.01,0
SHP009397,C.H. Robinson,FTL,Road,New York,Dallas,8/9/2025 20:44,1075.77,2.19,21345.69,324.08,0,1613.65
SHP009398,FedEx,0,Air,Chicago,Atlanta,6/19/2025 6:03,1187.46,3.95,35093.09,148.91,118.75,0
SHP009399,C.H. Robinson,0,Air,Atlanta,Chicago,8/29/2025 22:41,1671.45,1.31,20822.9,341.98,167.15,0
SHP009400,FedEx,0,Air,Chicago,New York,3/19/2025 4:55,530.91,3.55,23952.96,494.81,53.09,0
SHP009401,J.B. Hunt,FTL,Road,Atlanta,Miami,9/2/2025 20:28,79.43,5.03,31782.54,67.29,13.24,0
SHP009402,FedEx,FTL,Road,San Francisco,New York,2/12/2025 16:42,435.6,5.34,20978.94,201.24,72.6,0
SHP009403,Old Dominion,0,Rail,San Francisco,New York,1/1/2025 22:24,1648.79,1.65,19188.35,326.53,49.46,0
SHP009404,C.H. Robinson,0,Rail,New York,San Francisco,1/15/2025 8:53,1173.67,2.85,22750.86,354.57,35.21,0
SHP009405,UPS,0,Ocean,Boston,Atlanta,1/15/2025 21:51,4886.64,17.06,10615.11,416.59,977.33,0
SHP009406,Old Dominion,0,Ocean,Miami,New York,3/5/2025 2:27,3872.67,23.72,1419.77,190.78,774.53,0
SHP009407,XPO Logistics,LTL,Road,Dallas,Tampa,12/23/2025 10:32,257.55,3.44,2545.57,369,42.93,0
SHP009408,UPS,0,Ocean,Atlanta,San Francisco,11/8/2025 17:00,7113.99,6.64,6846.77,437.8,1422.8,0
SHP009409,XPO Logistics,0,Ocean,Miami,Chicago,10/7/2025 21:06,3209.54,11.56,9228.3,213.23,641.91,0
SHP009410,DHL,0,Ocean,Miami,Atlanta,3/25/2025 5:48,2234.75,16.65,20205.62,394.24,446.95,0
SHP009411,FedEx,FTL,Road,New York,Miami,2/21/2025 7:54,409.64,3.16,10751.17,467.3,0,614.46
SHP009412,XPO Logistics,0,Air,Tampa,Boston,10/20/2025 12:53,1709.23,1.11,11274.24,42.37,170.92,0
SHP009413,UPS,0,Air,Boston,San Francisco,4/10/2025 9:33,375.1,2.34,13816.36,481.92,37.51,0
SHP009414,J.B. Hunt,0,Air,Miami,Tampa,12/11/2025 17:09,762.59,3.28,12980.87,112.55,76.26,0
SHP009415,J.B. Hunt,0,Ocean,San Francisco,Tampa,8/28/2025 18:44,7772.28,19.66,25409.53,348.86,1554.46,0
SHP009416,Old Dominion,0,Rail,San Francisco,Chicago,5/26/2025 3:42,1786.21,5.15,4525.07,33.37,53.59,0
SHP009417,C.H. Robinson,0,Air,Miami,Dallas,7/17/2025 2:53,2099.84,2.8,30052.86,55.28,209.98,0
SHP009418,DHL,0,Rail,New York,Chicago,3/29/2025 7:37,1711.84,4.86,26157.44,18.39,51.36,0
SHP009419,C.H. Robinson,0,Air,Tampa,New York,12/12/2025 18:30,2894.63,2.47,22752.84,471.83,289.46,0
SHP009420,FedEx,LTL,Road,Dallas,New York,7/20/2025 10:54,1118.75,1.52,9321.32,368.57,186.46,0
SHP009421,FedEx,0,Ocean,Chicago,San Francisco,12/9/2025 15:43,641.76,7.28,16812.72,291.83,128.35,0
SHP009422,XPO Logistics,0,Air,New York,Miami,2/28/2025 19:14,2193.59,1.24,33549.67,423.01,219.36,0
SHP009423,Old Dominion,LTL,Road,San Francisco,Chicago,2/14/2025 12:42,780.25,5.55,8157.88,111.59,130.04,0
SHP009424,DHL,0,Rail,New York,Atlanta,5/5/2025 0:17,1477.88,7.67,5935.45,489.37,44.34,0
SHP009425,XPO Logistics,LTL,Road,Atlanta,San Francisco,6/29/2025 5:30,78.74,3.25,7772.85,395.43,0,118.11
SHP009426,DHL,LTL,Road,Boston,Dallas,7/30/2025 15:59,894.87,3.29,6562,350.27,149.15,0
SHP009427,Schneider,0,Rail,San Francisco,Tampa,3/22/2025 16:24,991.26,5.17,33931.54,157.13,29.74,0
SHP009428,DHL,LTL,Road,San Francisco,Tampa,12/13/2025 18:22,651.69,0.3,6921.25,98.5,0,977.54
SHP009429,J.B. Hunt,0,Rail,Chicago,Dallas,10/27/2025 5:44,969.6,2.47,1429.58,242.13,29.09,0
SHP009430,UPS,0,Air,San Francisco,Tampa,7/24/2025 13:59,1447.05,1.99,8747.84,473.66,144.71,0
SHP009431,Old Dominion,0,Air,Chicago,Miami,3/7/2025 4:03,309.47,3.62,29607.63,86.86,30.95,0
SHP009432,XPO Logistics,0,Ocean,San Francisco,Boston,10/4/2025 12:04,4041.44,23.75,25926.08,64.56,808.29,0
SHP009433,UPS,0,Rail,Atlanta,Boston,6/22/2025 22:37,932.23,4.28,32189.4,458.17,27.97,0
SHP009434,Old Dominion,0,Air,Dallas,New York,2/8/2025 3:45,522.05,1.6,12288.31,498.03,52.2,0
SHP009435,Schneider,0,Rail,San Francisco,Chicago,7/13/2025 23:03,1094.76,7.16,17328.3,361.64,32.84,0
SHP009436,Old Dominion,LTL,Road,Tampa,Atlanta,10/10/2025 13:07,379.57,5.49,4633.19,402.06,63.26,0
SHP009437,Old Dominion,FTL,Road,New York,Chicago,9/23/2025 22:19,344.19,4.24,16503.76,16.69,57.37,0
SHP009438,Schneider,0,Rail,Chicago,Dallas,3/21/2025 1:56,860.81,4.85,6494.58,92.77,25.82,0
SHP009439,Schneider,0,Ocean,Tampa,Miami,4/25/2025 13:23,3986.47,9.54,17909.25,230.95,797.29,0
SHP009440,DHL,0,Rail,Atlanta,Dallas,1/14/2025 15:46,424.12,2.27,34002.53,82.2,12.72,0
SHP009441,C.H. Robinson,0,Ocean,Chicago,Atlanta,1/1/2025 22:16,5494.36,11.21,38745.35,33.99,1098.87,0
SHP009442,FedEx,LTL,Road,Boston,New York,11/29/2025 7:30,1004.95,3.08,202.72,132.57,167.49,0
SHP009443,UPS,0,Rail,Miami,Atlanta,2/6/2025 12:31,852.31,3.2,14816.75,458.42,25.57,0
SHP009444,DHL,0,Ocean,Boston,New York,9/12/2025 1:09,3207.01,11.21,30564.7,397.12,641.4,0
SHP009445,UPS,0,Air,New York,Tampa,3/26/2025 13:10,527.04,2.96,19561.59,67.79,52.7,0
SHP009446,UPS,LTL,Road,Tampa,Atlanta,4/6/2025 0:48,354.42,0.51,3698.34,128.45,59.07,0
SHP009447,J.B. Hunt,0,Air,Dallas,Miami,3/4/2025 18:15,1331.68,2.53,29427.41,303.07,133.17,0
SHP009448,DHL,FTL,Road,Dallas,Tampa,12/28/2025 16:38,830.13,5.23,35016.07,430.5,138.35,0
SHP009449,Old Dominion,0,Rail,Tampa,San Francisco,4/29/2025 2:14,445.07,2.76,20341.85,180.01,13.35,0
SHP009450,Old Dominion,0,Rail,Boston,Miami,4/2/2025 16:28,410.67,3.01,39029.44,174.12,12.32,0
SHP009451,C.H. Robinson,LTL,Road,Tampa,Dallas,4/29/2025 16:30,531.75,0.29,7236.24,207.36,0,797.62
SHP009452,C.H. Robinson,LTL,Road,Tampa,Miami,12/12/2025 23:29,168.61,5.82,7807.72,363.35,28.1,0
SHP009453,FedEx,0,Air,Chicago,Miami,8/24/2025 14:47,2886.26,1.93,28882.07,103.9,288.63,0
SHP009454,UPS,0,Ocean,Atlanta,New York,7/11/2025 7:53,5728.4,2.31,5489.06,213.2,1145.68,0
SHP009455,UPS,0,Rail,Atlanta,Boston,6/7/2025 2:14,219.35,4.23,21150.27,311.18,6.58,0
SHP009456,Schneider,0,Ocean,San Francisco,Chicago,10/3/2025 21:41,1252.9,5.98,24724.69,329.44,250.58,0
SHP009457,J.B. Hunt,FTL,Road,San Francisco,Chicago,12/10/2025 7:13,79.79,3.36,31506.78,35.48,13.3,0
SHP009458,Schneider,0,Air,Tampa,Chicago,7/10/2025 22:35,1415.57,1.64,36589.79,93.72,141.56,0
SHP009459,DHL,0,Air,New York,Tampa,9/27/2025 16:38,1159.57,3.64,13560.81,266.14,115.96,0
SHP009460,Schneider,FTL,Road,New York,Tampa,12/7/2025 14:17,87.99,5.91,33085.39,317.57,14.66,0
SHP009461,C.H. Robinson,0,Rail,New York,Dallas,11/5/2025 20:50,297.21,1.52,22026.46,143.25,8.92,0
SHP009462,Old Dominion,0,Air,Miami,Atlanta,1/6/2025 17:47,1981.53,2.59,33626.73,141.41,198.15,0
SHP009463,Schneider,0,Rail,Atlanta,Chicago,9/13/2025 15:31,1124.58,6.44,19885.53,415.49,33.74,0
SHP009464,XPO Logistics,0,Rail,New York,Miami,8/19/2025 13:34,410.04,6.14,37747.79,166.61,12.3,0
SHP009465,UPS,0,Air,Dallas,New York,5/21/2025 15:33,1289.11,0.79,25838.96,276.67,128.91,0
SHP009466,Old Dominion,LTL,Road,New York,Boston,2/28/2025 19:33,96.4,4.58,8318.45,453.65,16.07,0
SHP009467,C.H. Robinson,0,Air,San Francisco,Dallas,10/25/2025 6:05,1773.48,2.08,35107.42,199.95,177.35,0
SHP009468,FedEx,FTL,Road,New York,San Francisco,2/28/2025 22:39,803.76,3.79,15200.36,44.36,133.96,0
SHP009469,UPS,0,Ocean,Tampa,Miami,5/19/2025 8:21,660.62,11.42,19507.46,411.52,132.12,0
SHP009470,FedEx,0,Ocean,San Francisco,Boston,10/22/2025 5:15,3608.09,8.19,18752.81,119.76,721.62,0
SHP009471,Old Dominion,0,Ocean,Miami,Tampa,11/12/2025 0:07,1185.2,4.49,13106.6,7.33,237.04,0
SHP009472,C.H. Robinson,0,Air,San Francisco,New York,6/13/2025 5:17,894.55,3.26,9767.38,56.25,89.45,0
SHP009473,J.B. Hunt,0,Ocean,New York,Atlanta,4/22/2025 1:24,7618.1,15.69,2871.03,32.06,1523.62,0
SHP009474,Old Dominion,0,Ocean,Dallas,Miami,10/24/2025 0:49,5090.92,13.88,3200.8,112.93,1018.18,0
SHP009475,XPO Logistics,0,Air,Dallas,Chicago,10/1/2025 20:36,2808.42,2.5,17892.85,125.83,280.84,0
SHP009476,Schneider,0,Rail,San Francisco,New York,6/18/2025 21:38,413.92,3.82,36933.48,25.31,12.42,0
SHP009477,Schneider,LTL,Road,Dallas,New York,7/29/2025 23:38,1189.63,1.44,4176.36,23.48,0,1784.45
SHP009478,C.H. Robinson,0,Air,Dallas,New York,5/6/2025 5:17,1878.91,2.19,26834.93,271.8,187.89,0
SHP009479,Old Dominion,0,Rail,Atlanta,Chicago,3/5/2025 13:39,837.08,6.16,1488.33,270.97,25.11,0
SHP009480,DHL,0,Rail,Boston,Miami,8/31/2025 15:50,382.2,4.05,31749.45,72.09,11.47,0
SHP009481,J.B. Hunt,FTL,Road,Dallas,Atlanta,3/3/2025 16:32,1126.18,5.36,16888.75,3.98,187.7,0
SHP009482,C.H. Robinson,0,Rail,Boston,Miami,2/26/2025 23:24,1463.59,7.17,7402.15,458.18,43.91,0
SHP009483,XPO Logistics,0,Air,Miami,Chicago,7/1/2025 11:46,2768.06,2.15,32022.38,223.03,276.81,0
SHP009484,C.H. Robinson,0,Rail,San Francisco,Tampa,4/15/2025 8:31,1102.47,3.24,6799.04,373.52,33.07,0
SHP009485,J.B. Hunt,0,Ocean,San Francisco,Miami,7/9/2025 22:17,510.45,14.75,34655.1,111.42,102.09,0
SHP009486,DHL,FTL,Road,Miami,San Francisco,10/30/2025 23:19,432.83,3.63,10251.37,423.9,72.14,0
SHP009487,XPO Logistics,0,Air,Dallas,New York,9/21/2025 6:25,1289.83,2.54,9431.79,21.65,128.98,0
SHP009488,UPS,LTL,Road,New York,Tampa,10/4/2025 15:11,249.76,0.52,4765.75,293.73,41.63,0
SHP009489,FedEx,0,Rail,Dallas,Miami,1/9/2025 5:02,271.48,1.63,19678.24,399.79,8.14,0
SHP009490,DHL,0,Air,Miami,Atlanta,11/28/2025 10:28,1995.62,0.87,35557.92,458.81,199.56,0
SHP009491,FedEx,0,Rail,Miami,Atlanta,3/5/2025 13:46,719.93,5.31,19946.92,471.07,21.6,0
SHP009492,C.H. Robinson,FTL,Road,New York,Atlanta,5/5/2025 23:59,635.06,5.77,8374.03,173.42,0,952.59
SHP009493,FedEx,0,Air,Tampa,Miami,7/31/2025 18:21,2409.63,3.24,29421.24,429.95,240.96,0
SHP009494,Old Dominion,0,Air,New York,Atlanta,6/8/2025 1:18,2196.87,2.73,18627.54,234.08,219.69,0
SHP009495,UPS,0,Ocean,Dallas,Chicago,1/19/2025 7:51,3546.21,15.64,16563.23,74.6,709.24,0
SHP009496,XPO Logistics,0,Air,Boston,Miami,5/31/2025 2:24,587.63,3.74,1477.19,53.63,58.76,0
SHP009497,XPO Logistics,0,Rail,Chicago,Atlanta,6/10/2025 11:26,912.49,2.84,16531.03,59.61,27.37,0
SHP009498,DHL,0,Rail,Miami,Dallas,12/6/2025 0:52,409.45,6.6,30484.8,53.02,12.28,0
SHP009499,DHL,0,Rail,Atlanta,New York,2/17/2025 15:40,1268.46,5.27,28677.83,237.75,38.05,0
SHP009500,Schneider,LTL,Road,Chicago,Atlanta,5/7/2025 0:52,360.48,4.07,3807.87,110.26,60.08,0
SHP009501,UPS,LTL,Road,Chicago,San Francisco,1/10/2025 11:57,519.92,4.64,4836.56,150.63,0,779.88
SHP009502,FedEx,0,Air,Boston,Miami,11/17/2025 18:26,2546.05,3.59,17613.39,187.97,254.61,0
SHP009503,J.B. Hunt,0,Air,Miami,New York,5/5/2025 6:02,1954.29,0.7,27807.26,391.36,195.43,0
SHP009504,J.B. Hunt,0,Ocean,Boston,Dallas,9/21/2025 16:21,3480.81,5.84,1638.33,318.99,696.16,0
SHP009505,J.B. Hunt,0,Rail,San Francisco,Boston,11/26/2025 12:51,630.39,4.25,15761.04,88.27,18.91,0
SHP009506,XPO Logistics,0,Air,Chicago,Atlanta,6/15/2025 8:25,1672.6,2.11,25153.83,126.69,167.26,0
SHP009507,XPO Logistics,0,Ocean,Dallas,New York,4/23/2025 0:02,2109.79,19.92,28236.59,386.33,421.96,0
SHP009508,J.B. Hunt,FTL,Road,Boston,Tampa,7/27/2025 4:15,191.78,1.54,23233.49,428.74,31.96,0
SHP009509,DHL,0,Rail,Atlanta,New York,11/27/2025 1:07,1627.38,6.82,2214.22,410.62,48.82,0
SHP009510,Schneider,FTL,Road,Tampa,Boston,2/15/2025 4:37,1083.95,0.58,16943.1,268.77,0,1625.93
SHP009511,UPS,0,Rail,Tampa,San Francisco,12/6/2025 23:32,572.4,4.62,35495.25,433.6,17.17,0
SHP009512,C.H. Robinson,0,Ocean,San Francisco,Tampa,6/5/2025 12:22,7548.78,12.65,16717.39,333.23,1509.76,0
SHP009513,J.B. Hunt,0,Ocean,Dallas,San Francisco,1/23/2025 15:02,3625.7,2.92,28936.9,141.21,725.14,0
SHP009514,UPS,0,Rail,Boston,New York,8/22/2025 22:23,278.54,1.14,37288.77,126.79,8.36,0
SHP009515,J.B. Hunt,0,Air,Dallas,Chicago,5/3/2025 10:22,1509.33,3.83,18966.92,40.23,150.93,0
SHP009516,J.B. Hunt,0,Ocean,Chicago,New York,3/20/2025 21:34,4639.52,3.94,4255.97,425.89,927.9,0
SHP009517,Old Dominion,0,Ocean,Miami,Dallas,1/19/2025 1:39,2670.66,16.93,20602.51,111.94,534.13,0
SHP009518,C.H. Robinson,0,Air,Tampa,Atlanta,2/16/2025 20:09,1698.11,0.74,14214.89,261.9,169.81,0
SHP009519,Schneider,LTL,Road,Atlanta,San Francisco,2/21/2025 9:06,312.65,4.05,660.35,242.92,0,468.97
SHP009520,C.H. Robinson,0,Air,Tampa,New York,6/9/2025 16:38,2230.49,2,35046.16,316.46,223.05,0
SHP009521,Schneider,0,Air,Miami,Tampa,10/10/2025 8:24,2887.93,1.49,37582.18,303.8,288.79,0
SHP009522,Old Dominion,0,Air,San Francisco,Atlanta,6/10/2025 12:47,2311.98,3.66,22272.29,431.23,231.2,0
SHP009523,XPO Logistics,0,Ocean,Atlanta,Chicago,8/8/2025 2:10,4562.73,15.18,18081.39,73.67,912.55,0
SHP009524,DHL,0,Air,Tampa,New York,2/11/2025 22:20,1794.46,3.92,31593.85,374,179.45,0
SHP009525,Schneider,0,Rail,Tampa,Dallas,1/13/2025 20:05,1229.29,3.44,7199.8,113.05,36.88,0
SHP009526,UPS,FTL,Road,Miami,New York,5/19/2025 5:01,57.27,4.12,32569.16,135.19,9.54,0
SHP009527,J.B. Hunt,0,Rail,New York,San Francisco,3/11/2025 5:02,346.96,3.35,12036.02,225.99,10.41,0
SHP009528,DHL,0,Rail,San Francisco,New York,4/6/2025 0:33,622.56,3.38,36348.41,168.08,18.68,0
SHP009529,Schneider,0,Air,New York,Miami,11/3/2025 17:41,2420.9,2.69,13832.75,409.08,242.09,0
SHP009530,J.B. Hunt,0,Ocean,Boston,Atlanta,9/20/2025 15:13,4963.07,2.19,3214.76,376.57,992.61,0
SHP009531,Schneider,LTL,Road,Boston,New York,12/26/2025 14:14,563.51,2.58,1586.4,79.5,93.92,0
SHP009532,UPS,0,Ocean,New York,Miami,4/19/2025 12:47,6483.14,20.24,22620.1,148.27,1296.63,0
SHP009533,Schneider,0,Ocean,Boston,Chicago,10/23/2025 15:32,7495.26,15.73,31967.36,2.64,1499.05,0
SHP009534,XPO Logistics,0,Rail,Atlanta,New York,6/14/2025 17:20,920.51,7.1,13860.21,363.55,27.62,0
SHP009535,UPS,0,Air,Atlanta,Miami,11/13/2025 18:21,2075.72,1.03,31108.7,57.15,207.57,0
SHP009536,FedEx,0,Air,San Francisco,Tampa,5/30/2025 7:26,2265.37,3.97,38340.27,400.32,226.54,0
SHP009537,J.B. Hunt,0,Air,Dallas,Atlanta,9/10/2025 4:56,1743.2,2.86,29260.28,5.19,174.32,0
SHP009538,C.H. Robinson,0,Rail,Tampa,Atlanta,9/20/2025 9:35,363.79,5.18,758.11,454.54,10.91,0
SHP009539,DHL,FTL,Road,San Francisco,Miami,6/2/2025 9:47,613.11,1.73,16055.94,425.54,0,919.66
SHP009540,XPO Logistics,0,Air,Tampa,Atlanta,12/13/2025 12:37,2803.42,0.91,31229.45,289.54,280.34,0
SHP009541,FedEx,0,Rail,Boston,Chicago,12/25/2025 15:36,1136.8,6.46,9302.37,265.99,34.1,0
SHP009542,Schneider,FTL,Road,Atlanta,Tampa,1/1/2025 13:12,417.26,0.79,4650.64,69.1,69.54,0
SHP009543,Schneider,0,Air,Atlanta,Chicago,6/27/2025 0:40,1960.23,0.87,23019.1,294.56,196.02,0
SHP009544,J.B. Hunt,0,Rail,Miami,Chicago,5/3/2025 15:02,1646.23,5.38,39430.72,16.47,49.39,0
SHP009545,Schneider,0,Ocean,Miami,Atlanta,9/15/2025 1:38,5781.1,2.58,29310.41,193.54,1156.22,0
SHP009546,XPO Logistics,0,Ocean,Dallas,Chicago,1/28/2025 11:06,5084.81,8.81,6784.65,362.03,1016.96,0
SHP009547,Schneider,0,Air,San Francisco,Tampa,4/4/2025 14:23,2742.48,1.14,36867.77,70.95,274.25,0
SHP009548,J.B. Hunt,0,Air,Boston,Atlanta,1/28/2025 3:58,2286.29,3.86,6321.15,218.11,228.63,0
SHP009549,C.H. Robinson,0,Rail,Atlanta,Tampa,5/4/2025 20:12,739.93,3.72,30249.02,330.93,22.2,0
SHP009550,DHL,0,Rail,Miami,San Francisco,4/26/2025 9:02,1749.9,2.3,21958.8,225.11,52.5,0
SHP009551,J.B. Hunt,LTL,Road,Tampa,Dallas,10/20/2025 16:02,1106.68,0.31,9893.33,240.39,184.45,0
SHP009552,J.B. Hunt,0,Ocean,Tampa,San Francisco,7/4/2025 6:58,5191.55,9.92,34174.8,281.43,1038.31,0
SHP009553,C.H. Robinson,0,Rail,Tampa,Atlanta,8/5/2025 13:55,1260.5,5.54,14877.29,38.92,37.81,0
SHP009554,FedEx,0,Rail,San Francisco,Atlanta,3/5/2025 13:24,1492.33,3.03,34032.74,304.71,44.77,0
SHP009555,FedEx,0,Air,Atlanta,Dallas,8/19/2025 6:54,1255,2.58,25996.96,353.64,125.5,0
SHP009556,C.H. Robinson,0,Air,Atlanta,Chicago,11/23/2025 9:12,2520.31,1.06,37793.7,206.01,252.03,0
SHP009557,XPO Logistics,0,Rail,Dallas,New York,2/11/2025 19:40,1576.72,2.54,1646.64,287.1,47.3,0
SHP009558,FedEx,LTL,Road,New York,Miami,3/5/2025 3:43,423.37,5.91,1178.87,24.6,0,635.06
SHP009559,FedEx,0,Rail,Boston,Dallas,4/8/2025 23:58,272.03,2.52,23378.05,253.28,8.16,0
SHP009560,C.H. Robinson,FTL,Road,Boston,Miami,11/4/2025 16:06,452.59,0.76,9732.62,92.89,75.43,0
SHP009561,J.B. Hunt,0,Ocean,Tampa,Miami,8/2/2025 12:27,6092.5,19.16,31192.05,484.55,1218.5,0
SHP009562,XPO Logistics,0,Rail,Dallas,Tampa,8/10/2025 10:02,1614.78,4.48,16889.97,457.97,48.44,0
SHP009563,J.B. Hunt,0,Rail,New York,Miami,4/3/2025 15:08,1177.96,3.06,22796.33,496.08,35.34,0
SHP009564,J.B. Hunt,LTL,Road,San Francisco,Tampa,4/13/2025 19:14,1026.89,1.87,9536.6,490.75,171.15,0
SHP009565,J.B. Hunt,0,Ocean,San Francisco,Dallas,12/3/2025 7:32,2233.75,21.7,35386.51,20.84,446.75,0
SHP009566,Schneider,0,Rail,Atlanta,Boston,4/20/2025 15:11,1271.5,3.14,27147.2,456.87,38.14,0
SHP009567,C.H. Robinson,LTL,Road,Atlanta,Boston,7/8/2025 16:18,623.6,2.63,9227.08,487.08,103.93,0
SHP009568,XPO Logistics,0,Rail,Tampa,New York,4/15/2025 5:53,299.58,7.46,3769.36,169.31,8.99,0
SHP009569,C.H. Robinson,LTL,Road,Tampa,New York,11/8/2025 4:24,926.96,4.72,7299.35,20.52,154.49,0
SHP009570,Schneider,LTL,Road,Boston,New York,6/15/2025 22:23,202.91,5.63,952.39,40.19,33.82,0
SHP009571,UPS,0,Air,Tampa,Dallas,2/18/2025 20:34,2556.24,2.74,14390.41,83.69,255.62,0
SHP009572,C.H. Robinson,0,Ocean,Miami,Boston,2/16/2025 9:10,7131.28,23.75,2473.88,277.5,1426.26,0
SHP009573,Old Dominion,0,Ocean,Chicago,Dallas,6/6/2025 7:26,2459.78,20.31,14169.89,357.6,491.96,0
SHP009574,UPS,0,Ocean,Tampa,Boston,5/12/2025 20:49,4546.43,13.91,34390.98,235.73,909.29,0
SHP009575,C.H. Robinson,LTL,Road,Tampa,New York,4/2/2025 20:55,1022.44,2.34,1871.61,228.28,170.41,0
SHP009576,Old Dominion,0,Air,New York,Chicago,6/14/2025 21:37,1645.56,2.17,32429.05,282.77,164.56,0
SHP009577,DHL,0,Air,Atlanta,Dallas,5/17/2025 4:23,2698.8,2.3,9376.25,65.62,269.88,0
SHP009578,Old Dominion,0,Ocean,Atlanta,Miami,4/20/2025 2:28,7012.72,3.24,5145.58,32.77,1402.54,0
SHP009579,Schneider,LTL,Road,Atlanta,Boston,3/31/2025 11:26,537.29,3.31,345.77,258.28,89.55,0
SHP009580,XPO Logistics,0,Ocean,Dallas,New York,9/12/2025 6:16,3453.2,19.02,33283.29,342.8,690.64,0
SHP009581,FedEx,0,Air,New York,Atlanta,1/31/2025 0:48,1578.44,1.26,33961.04,171.49,157.84,0
SHP009582,Old Dominion,LTL,Road,San Francisco,New York,2/6/2025 4:28,459.74,5.52,9759.63,449.17,0,689.61
SHP009583,Schneider,0,Ocean,Tampa,San Francisco,7/23/2025 4:23,7986.76,21.12,28322.12,147.62,1597.35,0
SHP009584,DHL,0,Ocean,Boston,Chicago,6/2/2025 3:06,7647.18,21.29,10009.5,245.09,1529.44,0
SHP009585,DHL,0,Air,San Francisco,New York,2/17/2025 15:47,489.15,3.84,23124.35,123.36,48.91,0
SHP009586,J.B. Hunt,0,Ocean,San Francisco,Boston,11/20/2025 4:04,2692.99,23.57,24816.76,210.92,538.6,0
SHP009587,C.H. Robinson,FTL,Road,Boston,San Francisco,12/10/2025 2:12,624.82,0.82,3463.4,296.76,104.14,0
SHP009588,J.B. Hunt,0,Ocean,New York,San Francisco,2/5/2025 20:26,4340.03,9.9,22861.5,37.27,868.01,0
SHP009589,DHL,LTL,Road,Miami,Boston,9/29/2025 22:51,1135.59,1.94,857.02,85.58,189.26,0
SHP009590,Schneider,0,Ocean,San Francisco,Tampa,6/6/2025 11:41,1216.05,5.93,16961.79,369.29,243.21,0
SHP009591,Old Dominion,FTL,Road,Dallas,Boston,4/11/2025 1:38,363.2,2.76,37185.91,148.62,60.53,0
SHP009592,Schneider,LTL,Road,Chicago,Miami,3/29/2025 18:34,963.93,1.16,1906.47,228.62,160.66,0
SHP009593,XPO Logistics,0,Rail,Boston,Tampa,5/30/2025 19:28,574.56,7.32,2504.72,299.04,17.24,0
SHP009594,J.B. Hunt,0,Air,San Francisco,Chicago,7/19/2025 6:51,1931.42,0.73,29436.29,234.98,193.14,0
SHP009595,Schneider,0,Ocean,San Francisco,Dallas,5/12/2025 18:27,5923.05,20.19,13254.52,242.76,1184.61,0
SHP009596,DHL,LTL,Road,New York,Tampa,7/10/2025 4:53,349.87,1.41,155.86,481.85,0,524.81
SHP009597,DHL,LTL,Road,Atlanta,Boston,10/4/2025 17:04,557.07,0.33,238.04,144.89,92.85,0
SHP009598,C.H. Robinson,0,Rail,Miami,Boston,10/15/2025 16:26,222.3,3.62,2986.07,20.59,6.67,0
SHP009599,XPO Logistics,LTL,Road,Dallas,New York,7/10/2025 3:04,819.79,5.46,4182.46,418.55,136.63,0
SHP009600,J.B. Hunt,0,Air,Chicago,New York,6/15/2025 23:16,379.02,3.22,2980.6,419.38,37.9,0
SHP009601,C.H. Robinson,0,Air,Boston,Tampa,4/18/2025 2:30,2682.39,3.25,32919.59,281.18,268.24,0
SHP009602,FedEx,LTL,Road,New York,Boston,3/23/2025 8:30,354.62,3.95,4479.49,3.66,59.1,0
SHP009603,UPS,0,Ocean,Dallas,Tampa,9/19/2025 3:18,4076.19,16.33,1048.4,311.06,815.24,0
SHP009604,J.B. Hunt,0,Air,Chicago,New York,8/13/2025 11:28,2061.84,1.05,17527.43,482.2,206.18,0
SHP009605,Old Dominion,0,Air,San Francisco,Boston,7/11/2025 20:07,2687.31,1.94,14318.93,62.92,268.73,0
SHP009606,J.B. Hunt,0,Rail,Dallas,Tampa,2/4/2025 13:21,256.3,3.08,37641.19,479.35,7.69,0
SHP009607,Schneider,0,Ocean,Miami,Chicago,8/18/2025 16:05,6593.9,9.72,6173.24,298.17,1318.78,0
SHP009608,UPS,FTL,Road,Miami,Boston,11/22/2025 21:59,793.48,2.69,27820.05,373.59,132.25,0
SHP009609,DHL,0,Ocean,Chicago,Boston,10/13/2025 12:16,6372.96,13.05,31769.81,13.71,1274.59,0
SHP009610,Old Dominion,LTL,Road,Miami,Tampa,9/3/2025 2:19,832.47,1.6,2814.62,46.56,138.75,0
SHP009611,J.B. Hunt,0,Rail,Chicago,Boston,12/12/2025 4:38,507.83,7.94,16907.91,463.95,15.23,0
SHP009612,Schneider,0,Air,Dallas,Tampa,10/16/2025 12:45,739.83,1.21,22533.63,175.42,73.98,0
SHP009613,FedEx,FTL,Road,San Francisco,Boston,2/20/2025 17:42,790.5,2.68,32558.09,216.35,131.75,0
SHP009614,Schneider,0,Air,San Francisco,Boston,1/6/2025 0:33,1845.34,1.62,28309.62,327.71,184.53,0
SHP009615,DHL,0,Rail,Tampa,Miami,12/6/2025 19:17,835.2,2.93,24757.12,471.63,25.06,0
SHP009616,Old Dominion,FTL,Road,Miami,Atlanta,11/11/2025 18:02,202.54,4.84,21948.18,263.25,0,303.81
SHP009617,XPO Logistics,0,Ocean,Atlanta,Miami,10/22/2025 22:05,7712.63,15.33,33305.45,257.72,1542.53,0
SHP009618,UPS,LTL,Road,Boston,Tampa,12/6/2025 16:29,337.33,4.24,9243.29,420.77,56.22,0
SHP009619,UPS,0,Air,Boston,Chicago,12/22/2025 18:59,835.58,1.61,20916.79,286.23,83.56,0
SHP009620,Old Dominion,0,Ocean,Boston,Tampa,8/5/2025 10:27,1953.61,7.06,30473.83,365.43,390.72,0
SHP009621,UPS,FTL,Road,Miami,Dallas,10/7/2025 17:21,1015.09,5.61,12676.31,429.94,169.18,0
SHP009622,Schneider,0,Ocean,Chicago,Tampa,4/14/2025 17:59,5495.09,23.07,11246.93,135.57,1099.02,0
SHP009623,FedEx,0,Rail,Atlanta,Dallas,11/10/2025 9:51,1326.87,7.5,33069.96,363.79,39.81,0
SHP009624,Schneider,FTL,Road,San Francisco,Miami,7/8/2025 0:25,495.41,4.38,32143.28,376.89,0,743.12
SHP009625,XPO Logistics,LTL,Road,New York,Tampa,9/8/2025 17:31,828.33,0.52,6648.19,239.67,138.06,0
SHP009626,J.B. Hunt,0,Air,Tampa,Atlanta,6/14/2025 3:44,2896.24,2.63,24524.98,497.03,289.62,0
SHP009627,UPS,0,Ocean,Miami,Dallas,7/11/2025 14:42,1201.91,8.08,26415.14,158.3,240.38,0
SHP009628,UPS,0,Ocean,Atlanta,Chicago,1/13/2025 4:12,3096.13,21.64,23384.48,52.33,619.23,0
SHP009629,XPO Logistics,0,Rail,San Francisco,New York,12/18/2025 12:35,697.38,1.53,22467.13,87.46,20.92,0
SHP009630,Schneider,0,Ocean,Atlanta,Dallas,2/18/2025 7:52,6928.36,14.7,2845.34,151.14,1385.67,0
SHP009631,J.B. Hunt,0,Ocean,Tampa,New York,2/24/2025 13:35,5122.53,9.38,20770.48,454.77,1024.51,0
SHP009632,J.B. Hunt,0,Air,New York,Miami,3/16/2025 5:46,1245.1,1.68,32880.4,160.06,124.51,0
SHP009633,XPO Logistics,LTL,Road,Dallas,Atlanta,10/2/2025 19:43,139.65,1.29,9495.68,466.71,23.28,0
SHP009634,FedEx,LTL,Road,New York,Dallas,7/20/2025 1:17,308.53,3.43,1503.08,337.66,51.42,0
SHP009635,DHL,0,Ocean,Chicago,Miami,8/5/2025 4:57,1889.79,3.1,33083.42,163.37,377.96,0
SHP009636,XPO Logistics,0,Rail,Atlanta,Boston,10/18/2025 22:22,373.64,6.84,30614.7,342.2,11.21,0
SHP009637,Schneider,0,Ocean,Miami,New York,3/2/2025 0:46,7334.37,12.76,5558.23,31.61,1466.87,0
SHP009638,DHL,0,Rail,Chicago,Miami,8/16/2025 4:28,709.51,1.61,21652.62,8.24,21.29,0
SHP009639,FedEx,FTL,Road,Miami,Dallas,5/21/2025 18:41,560.33,1.28,15046.59,337.84,93.39,0
SHP009640,Schneider,0,Air,Boston,New York,1/9/2025 7:29,1247.6,1.69,39634.65,359.69,124.76,0
SHP009641,FedEx,0,Rail,Boston,Miami,5/11/2025 11:50,1022.18,5.06,24997.21,13.26,30.67,0
SHP009642,DHL,0,Rail,Tampa,Miami,7/25/2025 17:52,328.42,5.54,14896.52,28.67,9.85,0
SHP009643,C.H. Robinson,0,Air,New York,Boston,8/15/2025 1:17,1103.29,0.96,36694.4,102.26,110.33,0
SHP009644,UPS,0,Ocean,Chicago,Atlanta,6/2/2025 4:28,1577.68,15.78,21115.52,288.39,315.54,0
SHP009645,J.B. Hunt,FTL,Road,Dallas,San Francisco,9/25/2025 0:02,551.34,2.94,31262.5,110.74,91.89,0
SHP009646,DHL,0,Ocean,Chicago,Tampa,3/27/2025 22:46,3473.97,23.07,8004.44,147.59,694.79,0
SHP009647,Old Dominion,0,Rail,Boston,San Francisco,9/7/2025 0:49,506.51,1.14,11158.28,24.19,15.2,0
SHP009648,DHL,0,Ocean,Tampa,Boston,2/5/2025 10:42,1660.14,9.98,1318.49,376.73,332.03,0
SHP009649,FedEx,0,Air,Chicago,Dallas,5/26/2025 7:05,2448.09,1.94,39394.31,339.82,244.81,0
SHP009650,XPO Logistics,0,Rail,Dallas,Boston,3/15/2025 3:01,1389.95,2.35,33578.79,472.58,41.7,0
SHP009651,DHL,0,Ocean,Boston,Atlanta,5/16/2025 1:02,2272.33,17.1,30004.17,153.28,454.47,0
SHP009652,XPO Logistics,0,Air,San Francisco,New York,9/12/2025 0:50,1582.52,0.84,7337.24,31.72,158.25,0
SHP009653,Old Dominion,LTL,Road,Tampa,Chicago,4/7/2025 0:58,694.19,3.85,9173.78,271.55,115.7,0
SHP009654,DHL,FTL,Road,Dallas,Tampa,6/7/2025 11:01,349.7,0.59,35455.65,239.95,58.28,0
SHP009655,C.H. Robinson,0,Ocean,Atlanta,Miami,11/3/2025 17:51,6029.91,2.32,19781.49,163.54,1205.98,0
SHP009656,J.B. Hunt,0,Air,New York,Atlanta,9/10/2025 8:32,381.89,3.21,20759.62,167.26,38.19,0
SHP009657,XPO Logistics,0,Ocean,Boston,Chicago,10/7/2025 4:10,6543.49,11.83,638.17,472.28,1308.7,0
SHP009658,J.B. Hunt,0,Rail,Miami,Chicago,3/26/2025 10:00,609.09,6.81,32748.41,82.02,18.27,0
SHP009659,Old Dominion,0,Ocean,San Francisco,Dallas,2/17/2025 22:53,4055.02,2.88,14504.79,365.76,811,0
SHP009660,J.B. Hunt,0,Air,Chicago,San Francisco,7/5/2025 17:34,940.09,0.91,20531.38,268.96,94.01,0
SHP009661,FedEx,FTL,Road,Miami,Boston,3/18/2025 8:22,827.2,4.62,27984.48,422.86,0,1240.8
SHP009662,J.B. Hunt,LTL,Road,Miami,Atlanta,2/21/2025 5:51,306.34,3.53,3696.94,481.09,0,459.51
SHP009663,UPS,LTL,Road,New York,Miami,8/22/2025 12:11,556.32,5.77,7725.3,359.51,92.72,0
SHP009664,J.B. Hunt,FTL,Road,Chicago,San Francisco,2/17/2025 12:35,615.3,2.8,21298.65,147.52,102.55,0
SHP009665,C.H. Robinson,0,Ocean,Chicago,Miami,1/10/2025 5:03,7283.82,19.48,32155.14,217.14,1456.76,0
SHP009666,FedEx,0,Rail,New York,Boston,6/9/2025 2:51,313.74,5.78,15289.34,435.34,9.41,0
SHP009667,Schneider,0,Rail,San Francisco,Chicago,4/20/2025 5:37,1448.54,2.02,24267.77,346.41,43.46,0
SHP009668,C.H. Robinson,0,Air,Tampa,Miami,6/26/2025 13:54,1833.97,2.3,9500.59,118.72,183.4,0
SHP009669,Old Dominion,0,Air,Chicago,Atlanta,7/21/2025 23:07,2373.62,0.57,31266.95,263.87,237.36,0
SHP009670,Old Dominion,0,Rail,San Francisco,Boston,8/23/2025 4:51,1697.96,7.98,26707.64,206.72,50.94,0
SHP009671,FedEx,0,Rail,New York,Atlanta,10/12/2025 18:31,960.14,2.43,4419.76,289.8,28.8,0
SHP009672,FedEx,0,Ocean,Tampa,Dallas,5/17/2025 12:09,6541.21,7.76,17076.29,277.83,1308.24,0
SHP009673,Old Dominion,0,Rail,Boston,Chicago,5/28/2025 23:22,1652.64,1.97,9856.89,459.35,49.58,0
SHP009674,UPS,LTL,Road,Miami,Atlanta,5/25/2025 22:09,95.47,4.02,6449.33,192.24,15.91,0
SHP009675,Old Dominion,0,Air,Chicago,Tampa,2/20/2025 8:01,1564.04,3.49,7016.79,116.55,156.4,0
SHP009676,FedEx,LTL,Road,Miami,Atlanta,6/9/2025 19:08,639.2,2.61,5807.57,460.5,106.53,0
SHP009677,J.B. Hunt,0,Ocean,Tampa,Chicago,9/23/2025 7:54,7378.27,7.06,12434.71,81.87,1475.65,0
SHP009678,DHL,0,Rail,Boston,Tampa,4/23/2025 23:16,1684.46,3.79,18263.35,401.52,50.53,0
SHP009679,J.B. Hunt,0,Air,Boston,Tampa,8/2/2025 21:57,1685.03,0.92,17795.02,315.63,168.5,0
SHP009680,Old Dominion,0,Rail,Chicago,Boston,3/7/2025 10:44,1350.73,5.52,5207.64,152.87,40.52,0
SHP009681,Schneider,FTL,Road,San Francisco,Tampa,5/24/2025 16:57,893.6,5.31,2363.86,22.07,148.93,0
SHP009682,J.B. Hunt,0,Rail,San Francisco,Tampa,5/17/2025 7:40,1229.45,4.84,6635.89,274.6,36.88,0
SHP009683,Old Dominion,0,Air,Miami,Chicago,7/29/2025 12:13,2931.12,2.71,18241.08,413.94,293.11,0
SHP009684,XPO Logistics,LTL,Road,New York,Chicago,1/23/2025 12:13,294.75,2.63,5348.51,252.77,49.12,0
SHP009685,Old Dominion,0,Air,Boston,Chicago,11/22/2025 18:39,2786.63,1.52,2731.9,458.27,278.66,0
SHP009686,C.H. Robinson,0,Air,Boston,Chicago,7/27/2025 14:22,886.08,1.83,21470.22,487.96,88.61,0
SHP009687,C.H. Robinson,0,Air,Miami,Atlanta,8/5/2025 15:24,1745.22,2.07,23553.72,485.43,174.52,0
SHP009688,UPS,0,Ocean,San Francisco,Atlanta,2/17/2025 7:19,6634.58,5.72,32228.77,420.71,1326.92,0
SHP009689,DHL,0,Ocean,San Francisco,Tampa,4/19/2025 5:19,5680.21,16.46,17914.64,321.21,1136.04,0
SHP009690,Schneider,0,Rail,New York,San Francisco,12/26/2025 8:47,1380.12,1.86,10664.53,97.85,41.4,0
SHP009691,J.B. Hunt,0,Rail,Chicago,Boston,12/14/2025 9:46,1545.94,5.76,18305.75,413.2,46.38,0
SHP009692,FedEx,0,Rail,New York,Dallas,7/24/2025 3:00,1346.85,7.4,3533.88,255.07,40.41,0
SHP009693,FedEx,0,Air,Dallas,Chicago,11/14/2025 1:53,2208.22,1.23,13421.49,210.07,220.82,0
SHP009694,C.H. Robinson,0,Air,New York,Boston,11/13/2025 17:12,2444.68,2.23,19968.37,216.01,244.47,0
SHP009695,FedEx,0,Air,New York,Boston,5/30/2025 12:37,917.19,3.73,13053.14,284.17,91.72,0
SHP009696,Schneider,0,Air,New York,Atlanta,4/27/2025 15:26,701.71,2.02,36200.24,497.74,70.17,0
SHP009697,Old Dominion,0,Rail,Boston,San Francisco,1/17/2025 1:20,778.8,2.08,12920.84,164.29,23.36,0
SHP009698,Old Dominion,0,Rail,San Francisco,Tampa,1/9/2025 17:03,1231.21,4.47,30854.16,350.95,36.94,0
SHP009699,XPO Logistics,0,Air,Tampa,Atlanta,6/19/2025 1:42,978.53,3.24,33974.74,299.6,97.85,0
SHP009700,C.H. Robinson,0,Air,San Francisco,Chicago,2/27/2025 6:58,2804.7,3.24,24018.14,453.18,280.47,0
SHP009701,J.B. Hunt,0,Air,Tampa,Chicago,12/24/2025 19:56,1920.97,2.32,14572.2,441.55,192.1,0
SHP009702,Schneider,0,Rail,Chicago,Miami,1/23/2025 21:43,396.36,4.31,21727.83,277.82,11.89,0
SHP009703,UPS,0,Air,Tampa,Chicago,2/21/2025 4:50,2060.1,2.27,10644.32,428.62,206.01,0
SHP009704,Schneider,0,Air,Atlanta,San Francisco,7/2/2025 18:39,2075.32,3.5,11403.72,318.89,207.53,0
SHP009705,UPS,0,Rail,San Francisco,Tampa,11/8/2025 22:28,1342.68,3.68,32583.64,2.25,40.28,0
SHP009706,FedEx,0,Ocean,Miami,Chicago,6/15/2025 6:24,4961.9,15.5,21586.8,315.39,992.38,0
SHP009707,FedEx,LTL,Road,New York,Miami,1/1/2025 6:08,242.31,4.19,3457.52,226.57,40.38,0
SHP009708,XPO Logistics,0,Rail,Chicago,Miami,7/1/2025 6:34,732.97,4.32,25051.98,419.33,21.99,0
SHP009709,UPS,0,Ocean,New York,Dallas,5/17/2025 22:45,4125.76,9.11,19773.7,344.71,825.15,0
SHP009710,Schneider,0,Ocean,Chicago,Boston,2/6/2025 20:26,3100.26,11.11,22732.17,147.71,620.05,0
SHP009711,Old Dominion,FTL,Road,New York,Boston,5/31/2025 13:35,290.45,1.06,14428.09,25.12,0,435.67
SHP009712,Old Dominion,0,Rail,Miami,Tampa,3/2/2025 15:15,1133.57,2.23,15407.09,135.34,34.01,0
SHP009713,XPO Logistics,LTL,Road,New York,Dallas,5/12/2025 11:02,774.95,5.14,6388.02,271.71,129.16,0
SHP009714,Old Dominion,0,Air,Atlanta,Miami,10/27/2025 19:25,2106.53,0.6,5352.36,48.37,210.65,0
SHP009715,UPS,0,Rail,New York,Chicago,12/7/2025 3:09,357.12,2.82,21516.06,58.23,10.71,0
SHP009716,J.B. Hunt,0,Rail,New York,Miami,4/5/2025 9:12,1696.19,6.98,38879.95,22.21,50.89,0
SHP009717,UPS,0,Ocean,Miami,Atlanta,7/18/2025 4:53,6885.52,19.68,36133.18,264.44,1377.1,0
SHP009718,J.B. Hunt,0,Rail,Miami,New York,2/10/2025 10:14,1460.62,1.36,3497.17,60.15,43.82,0
SHP009719,J.B. Hunt,0,Air,Tampa,Boston,7/16/2025 0:04,2769.93,0.71,4455.91,465.27,276.99,0
SHP009720,J.B. Hunt,0,Ocean,New York,Miami,3/9/2025 0:21,1305.44,21.13,31676.2,21.1,261.09,0
SHP009721,XPO Logistics,0,Air,San Francisco,Dallas,7/10/2025 7:39,358.99,2.37,39888.43,439.54,35.9,0
SHP009722,UPS,0,Ocean,Tampa,New York,9/3/2025 9:33,2825.19,10.5,15822.29,367.36,565.04,0
SHP009723,XPO Logistics,0,Rail,Dallas,Chicago,5/1/2025 6:44,745.81,2.03,30010.74,229.55,22.37,0
SHP009724,FedEx,0,Ocean,San Francisco,Tampa,8/15/2025 11:07,1075.84,19.38,23619.79,245.2,215.17,0
SHP009725,J.B. Hunt,FTL,Road,Atlanta,Dallas,3/14/2025 10:20,824.34,3.16,26112.6,433.88,137.39,0
SHP009726,XPO Logistics,0,Rail,Miami,San Francisco,7/12/2025 2:09,1181.62,5.62,24747.31,266.06,35.45,0
SHP009727,Old Dominion,0,Air,Boston,San Francisco,1/2/2025 10:00,764.33,1.67,27877.8,213.31,76.43,0
SHP009728,DHL,0,Rail,Tampa,Miami,11/2/2025 1:30,849.81,6.31,719.97,339.82,25.49,0
SHP009729,C.H. Robinson,0,Air,Atlanta,Dallas,5/8/2025 12:27,1620.91,1.82,13951.2,87.26,162.09,0
SHP009730,C.H. Robinson,0,Ocean,Dallas,Tampa,4/20/2025 19:47,3006.89,10.61,17779.23,336.48,601.38,0
SHP009731,Old Dominion,0,Rail,Miami,New York,4/15/2025 17:36,925.71,6.57,25769.65,95.61,27.77,0
SHP009732,UPS,0,Air,San Francisco,Dallas,1/12/2025 3:42,1048.37,0.78,37856.01,443.39,104.84,0
SHP009733,XPO Logistics,0,Rail,New York,Dallas,4/11/2025 22:22,335.67,5.02,38435.87,373.82,10.07,0
SHP009734,DHL,0,Rail,San Francisco,New York,8/16/2025 5:32,986.9,2.69,11521.96,368.38,29.61,0
SHP009735,FedEx,FTL,Road,Miami,Chicago,7/15/2025 0:18,947.66,3.29,5277.47,467,157.94,0
SHP009736,FedEx,0,Rail,Boston,Chicago,6/6/2025 14:29,1551.62,1.98,2740.74,268.4,46.55,0
SHP009737,Schneider,0,Ocean,San Francisco,Atlanta,2/10/2025 6:15,2631.07,8.23,3945.25,476.74,526.21,0
SHP009738,J.B. Hunt,0,Ocean,Chicago,Atlanta,10/29/2025 4:17,6726.25,4.5,35125.65,341.8,1345.25,0
SHP009739,J.B. Hunt,0,Rail,Dallas,Chicago,1/23/2025 12:34,720.71,7.1,24121.88,424.49,21.62,0
SHP009740,C.H. Robinson,0,Rail,Dallas,Atlanta,4/25/2025 21:53,950.83,4.5,11994.9,194.46,28.52,0
SHP009741,XPO Logistics,FTL,Road,Chicago,Boston,10/5/2025 22:09,702.91,5.7,24204.65,74.54,117.15,0
SHP009742,Old Dominion,LTL,Road,San Francisco,Dallas,9/15/2025 21:42,58.05,5.14,3738.61,158.17,9.67,0
SHP009743,FedEx,0,Air,Atlanta,Boston,5/12/2025 11:26,2461.97,3.81,30047.78,87.75,246.2,0
SHP009744,C.H. Robinson,0,Rail,New York,Miami,11/22/2025 17:26,826.21,6.32,36323.57,499.3,24.79,0
SHP009745,J.B. Hunt,0,Air,Chicago,San Francisco,11/2/2025 19:56,1681.21,3.38,2341.95,143.63,168.12,0
SHP009746,DHL,LTL,Road,Miami,Chicago,5/26/2025 16:53,477.24,5.86,183.43,154.7,79.54,0
SHP009747,Schneider,0,Ocean,Boston,Tampa,10/17/2025 23:46,7478.09,8.75,9390.14,365.31,1495.62,0
SHP009748,J.B. Hunt,LTL,Road,San Francisco,Tampa,4/27/2025 12:19,907.14,2.97,9477.14,102.15,151.19,0
SHP009749,J.B. Hunt,0,Ocean,Boston,New York,10/24/2025 3:07,7350.62,18.62,15044.23,403.65,1470.12,0
SHP009750,FedEx,0,Air,Tampa,Miami,3/1/2025 8:28,659.65,0.96,37232.52,48.3,65.97,0
SHP009751,C.H. Robinson,0,Rail,Dallas,Tampa,12/17/2025 18:50,206.53,3.72,4602.11,431.66,6.2,0
SHP009752,J.B. Hunt,FTL,Road,Chicago,Dallas,10/7/2025 4:43,1111.1,3.02,17306.13,269.98,185.18,0
SHP009753,FedEx,0,Air,Chicago,San Francisco,3/2/2025 20:51,910.73,1.54,4488.6,223.78,91.07,0
SHP009754,Schneider,0,Air,Atlanta,Chicago,11/10/2025 2:11,1951.57,3.76,29693.39,361.81,195.16,0
SHP009755,J.B. Hunt,LTL,Road,New York,Miami,9/2/2025 9:48,404.2,5.36,9477.51,466.2,67.37,0
SHP009756,UPS,0,Ocean,Atlanta,Dallas,4/28/2025 12:21,791.02,15.3,25907.39,148.24,158.2,0
SHP009757,DHL,0,Rail,Boston,Tampa,6/5/2025 14:02,1787.86,3.04,9056.16,242.59,53.64,0
SHP009758,DHL,0,Rail,Boston,Miami,3/5/2025 20:44,717.04,7.47,17883.03,205.66,21.51,0
SHP009759,DHL,0,Air,Tampa,San Francisco,9/18/2025 5:07,1989.83,0.78,30390.95,384.43,198.98,0
SHP009760,Old Dominion,LTL,Road,Atlanta,San Francisco,5/4/2025 19:40,595.13,5.75,5856.49,347.92,0,892.69
SHP009761,DHL,0,Air,New York,Atlanta,12/16/2025 13:40,2795.73,2.83,17557.13,13.36,279.57,0
SHP009762,Schneider,0,Air,Atlanta,New York,5/16/2025 1:23,2266.41,3.88,19074.29,170.54,226.64,0
SHP009763,Schneider,0,Ocean,Chicago,New York,7/5/2025 19:04,4394.45,18.03,527.27,443.72,878.89,0
SHP009764,Old Dominion,0,Air,Chicago,Boston,3/28/2025 19:09,2693.18,2.39,5333.96,336.23,269.32,0
SHP009765,J.B. Hunt,0,Ocean,Tampa,Chicago,7/6/2025 20:37,1533.84,13.17,4198.38,294.94,306.77,0
SHP009766,FedEx,0,Air,Atlanta,Chicago,5/26/2025 4:10,1158.79,3.41,32097.87,499.24,115.88,0
SHP009767,Old Dominion,0,Air,San Francisco,Miami,9/15/2025 23:57,995.26,0.72,17998.63,42.62,99.53,0
SHP009768,C.H. Robinson,0,Rail,New York,Chicago,11/4/2025 16:42,485.6,5.18,23889.17,22.62,14.57,0
SHP009769,XPO Logistics,0,Ocean,Dallas,New York,11/30/2025 11:43,3821.79,13.66,11086.96,436.15,764.36,0
SHP009770,XPO Logistics,0,Ocean,Tampa,Boston,11/20/2025 13:47,1708.24,7.59,6701.28,59.16,341.65,0
SHP009771,Old Dominion,0,Rail,Dallas,Tampa,1/2/2025 20:04,1606.37,2.95,29039.7,214.56,48.19,0
SHP009772,Schneider,FTL,Road,Atlanta,Boston,8/9/2025 6:08,781.25,5.59,33862.01,35.42,130.21,0
SHP009773,Old Dominion,FTL,Road,Miami,New York,6/28/2025 22:27,1021.98,2.85,14330.76,336.52,0,1532.97
SHP009774,Old Dominion,0,Air,Miami,New York,9/12/2025 9:52,2865.56,0.83,30839.04,102.55,286.56,0
SHP009775,FedEx,LTL,Road,Tampa,Chicago,5/5/2025 16:27,487.16,5.27,5526.12,34.66,81.19,0
SHP009776,UPS,0,Rail,Miami,Atlanta,9/19/2025 14:52,1012.88,6.53,21390.78,84.28,30.39,0
SHP009777,XPO Logistics,0,Ocean,Atlanta,San Francisco,5/13/2025 0:21,3837.81,22.34,26499.06,365.21,767.56,0
SHP009778,Old Dominion,FTL,Road,Atlanta,San Francisco,4/6/2025 16:32,953.83,0.77,23470.69,188.58,158.97,0
SHP009779,C.H. Robinson,0,Ocean,New York,San Francisco,3/22/2025 14:17,1543.69,6.46,31355.84,81.58,308.74,0
SHP009780,DHL,LTL,Road,Dallas,Chicago,7/11/2025 17:50,409.28,1.89,629.01,231.62,0,613.92
SHP009781,Old Dominion,0,Ocean,Tampa,Boston,5/1/2025 11:05,6244.47,2.49,4945.78,360.37,1248.89,0
SHP009782,FedEx,FTL,Road,Boston,Chicago,1/11/2025 19:30,732.62,4.36,9589.11,402.08,122.1,0
SHP009783,Old Dominion,0,Ocean,San Francisco,Miami,5/13/2025 1:51,4099.03,15.43,4140.06,103.31,819.81,0
SHP009784,Schneider,LTL,Road,Atlanta,New York,8/3/2025 3:06,939.36,1.54,1061.42,299,156.56,0
SHP009785,DHL,0,Air,Atlanta,New York,5/14/2025 20:01,1779.43,2.63,24923.07,250.6,177.94,0
SHP009786,UPS,0,Ocean,Chicago,Tampa,2/28/2025 11:35,4203.3,22.33,21588.33,309.03,840.66,0
SHP009787,XPO Logistics,LTL,Road,Tampa,Atlanta,4/27/2025 19:22,357.01,5.26,390.03,279.06,59.5,0
SHP009788,UPS,LTL,Road,Miami,Atlanta,11/22/2025 21:53,491.43,3.72,3697.69,359.13,81.91,0
SHP009789,FedEx,0,Air,Chicago,New York,4/16/2025 8:20,354.89,1.92,33334.91,125.85,35.49,0
SHP009790,XPO Logistics,0,Ocean,Tampa,Miami,9/3/2025 2:57,895.63,12.92,39073.07,33.02,179.13,0
SHP009791,FedEx,0,Ocean,Miami,Dallas,8/28/2025 0:42,1025.42,15.09,10377.67,205.71,205.08,0
SHP009792,FedEx,0,Ocean,Tampa,San Francisco,1/28/2025 10:45,6728.8,6.37,28912.35,252.74,1345.76,0
SHP009793,XPO Logistics,0,Ocean,San Francisco,Tampa,7/1/2025 3:05,7287.18,23.41,19655.95,292.74,1457.44,0
SHP009794,J.B. Hunt,0,Rail,San Francisco,Tampa,12/24/2025 23:06,1393.35,3.23,9456.24,482.38,41.8,0
SHP009795,XPO Logistics,0,Air,Tampa,San Francisco,11/14/2025 0:17,1468.06,0.51,33589.87,300.23,146.81,0
SHP009796,DHL,0,Rail,Atlanta,New York,2/21/2025 14:12,469.69,1.21,12013.56,464.02,14.09,0
SHP009797,DHL,0,Air,Miami,Tampa,6/29/2025 21:22,2820.43,1.59,33519.27,221.48,282.04,0
SHP009798,XPO Logistics,0,Rail,San Francisco,Miami,12/30/2025 2:04,1246.95,3.34,20880.92,147.6,37.41,0
SHP009799,C.H. Robinson,0,Air,New York,Dallas,10/10/2025 3:08,465.01,0.99,11981.64,488.15,46.5,0
SHP009800,Schneider,0,Rail,Miami,Chicago,10/4/2025 22:14,1745.08,6.79,9683.99,221.36,52.35,0
SHP009801,C.H. Robinson,0,Rail,Boston,New York,10/2/2025 6:54,903.65,3.71,2272.77,267.73,27.11,0
SHP009802,Schneider,0,Air,Miami,Tampa,7/29/2025 19:17,496.59,3.31,27806.63,177.02,49.66,0
SHP009803,XPO Logistics,0,Ocean,San Francisco,Dallas,1/27/2025 19:54,5353.52,7.13,10977.38,157.75,1070.7,0
SHP009804,UPS,FTL,Road,Boston,San Francisco,8/8/2025 10:36,966.56,1.46,22729.86,101.03,161.09,0
SHP009805,J.B. Hunt,0,Rail,Dallas,Atlanta,5/10/2025 8:52,656.06,2.65,25977.68,263.84,19.68,0
SHP009806,J.B. Hunt,0,Rail,Tampa,San Francisco,11/30/2025 22:35,1354.08,2.54,861.37,340.57,40.62,0
SHP009807,FedEx,0,Air,Boston,Miami,9/15/2025 8:16,610.11,1.36,12574.6,373.65,61.01,0
SHP009808,J.B. Hunt,0,Rail,Dallas,Tampa,9/3/2025 15:07,1201.43,2.29,24116.57,354.37,36.04,0
SHP009809,DHL,0,Ocean,Atlanta,Miami,1/17/2025 20:43,3416.73,7.41,27319.82,305.83,683.35,0
SHP009810,XPO Logistics,0,Ocean,Tampa,Boston,2/8/2025 2:32,1084.34,16.67,19796.46,376.93,216.87,0
SHP009811,UPS,0,Ocean,Miami,Boston,11/12/2025 2:02,1930.38,7.68,21960.85,241.39,386.08,0
SHP009812,Old Dominion,LTL,Road,Boston,San Francisco,2/26/2025 1:18,494.32,4.54,5712.8,355.43,0,741.48
SHP009813,XPO Logistics,FTL,Road,San Francisco,Miami,5/11/2025 10:54,226.24,4.44,18730.36,17.85,37.71,0
SHP009814,UPS,0,Rail,Atlanta,Dallas,8/29/2025 4:05,575.19,1.18,18546.54,163.61,17.26,0
SHP009815,Schneider,0,Air,New York,Tampa,1/4/2025 18:17,2966.11,3.54,33114,251.06,296.61,0
SHP009816,DHL,0,Rail,Miami,Chicago,9/26/2025 20:59,1491.34,2.87,22645.65,197.07,44.74,0
SHP009817,FedEx,FTL,Road,Atlanta,Chicago,8/11/2025 5:43,247.04,0.67,22549.63,49.72,0,370.56
SHP009818,Old Dominion,LTL,Road,Boston,Atlanta,2/24/2025 9:15,875.7,5.55,1746.75,236,145.95,0
SHP009819,Schneider,0,Ocean,Chicago,New York,4/2/2025 16:23,6040.81,8.31,36870.2,444.34,1208.16,0
SHP009820,Schneider,0,Ocean,Dallas,Tampa,5/23/2025 18:14,1278.16,2.6,39070.11,478.28,255.63,0
SHP009821,Old Dominion,0,Air,New York,Miami,1/23/2025 23:59,1440.17,0.68,24945.58,147.41,144.02,0
SHP009822,UPS,0,Rail,Chicago,San Francisco,8/2/2025 22:54,1698.76,6.56,26158.95,142.97,50.96,0
SHP009823,DHL,LTL,Road,Boston,Dallas,2/15/2025 3:00,856.46,1.91,520.67,254.71,142.74,0
SHP009824,XPO Logistics,0,Air,Dallas,Boston,8/21/2025 21:20,1619.45,3.17,34694.12,177.88,161.95,0
SHP009825,Schneider,0,Rail,Atlanta,San Francisco,6/10/2025 3:44,919.16,4.29,13306.85,371.95,27.57,0
SHP009826,C.H. Robinson,FTL,Road,San Francisco,Tampa,9/11/2025 8:59,650.42,5.51,26187.28,106.74,108.4,0
SHP009827,UPS,0,Ocean,Chicago,New York,10/28/2025 14:49,1736.06,10.19,14203.6,204.16,347.21,0
SHP009828,FedEx,LTL,Road,New York,Boston,1/25/2025 14:24,261.13,5.87,1585.24,326.67,43.52,0
SHP009829,Old Dominion,0,Air,Atlanta,Chicago,10/2/2025 21:40,335.29,1.92,12712.74,191.63,33.53,0
SHP009830,C.H. Robinson,FTL,Road,Chicago,Dallas,8/13/2025 14:26,622.79,3.7,23548.7,315.73,103.8,0
SHP009831,C.H. Robinson,0,Ocean,Dallas,New York,7/11/2025 8:37,6834.11,21.51,29621.39,40.39,1366.82,0
SHP009832,Old Dominion,0,Ocean,Tampa,Boston,9/6/2025 0:11,7709.69,22.84,28612.3,259.2,1541.94,0
SHP009833,FedEx,0,Rail,Boston,Miami,3/7/2025 6:35,600.99,6.29,35175.48,332.93,18.03,0
SHP009834,C.H. Robinson,0,Air,Boston,Tampa,3/21/2025 3:25,1998.5,1.18,14632.96,361.84,199.85,0
SHP009835,DHL,0,Rail,Miami,Atlanta,7/17/2025 16:40,227.04,5.49,30783.48,168.02,6.81,0
SHP009836,FedEx,0,Ocean,Dallas,Chicago,3/28/2025 16:36,1071.26,20.02,6102.55,186.03,214.25,0
SHP009837,J.B. Hunt,0,Air,Chicago,San Francisco,10/5/2025 10:47,2209.59,3.36,34564.09,265.68,220.96,0
SHP009838,C.H. Robinson,0,Air,Miami,Boston,1/2/2025 20:41,1584.85,3.47,22741.55,289.75,158.49,0
SHP009839,XPO Logistics,0,Air,Dallas,New York,2/6/2025 19:04,1471.73,1.8,19481.36,183.06,147.17,0
SHP009840,Old Dominion,0,Rail,Tampa,Dallas,6/2/2025 4:06,749.67,7.96,13780.43,128.94,22.49,0
SHP009841,Schneider,0,Air,Dallas,Chicago,12/20/2025 17:49,1255.6,2.57,36484.12,394.14,125.56,0
SHP009842,J.B. Hunt,0,Ocean,San Francisco,Boston,6/29/2025 23:00,6816.81,20.9,36860.87,118.3,1363.36,0
SHP009843,J.B. Hunt,0,Air,Miami,New York,5/13/2025 0:54,1537.59,1.85,15584.14,326.49,153.76,0
SHP009844,C.H. Robinson,0,Air,New York,San Francisco,4/21/2025 2:27,1384.87,2.66,15600.03,156.25,138.49,0
SHP009845,XPO Logistics,0,Air,New York,San Francisco,1/29/2025 1:03,1253.31,3.31,24241.52,487.02,125.33,0
SHP009846,Old Dominion,0,Rail,Boston,San Francisco,1/9/2025 8:53,1532.25,4.4,10073.87,337.28,45.97,0
SHP009847,FedEx,0,Air,Chicago,Tampa,3/9/2025 23:58,2261.94,2.12,9581.92,279.06,226.19,0
SHP009848,FedEx,0,Ocean,Miami,Tampa,7/11/2025 21:48,2403.72,22.68,25340.93,146.67,480.74,0
SHP009849,UPS,0,Air,Miami,San Francisco,1/4/2025 4:46,882.47,3.01,28457.83,298.97,88.25,0
SHP009850,Old Dominion,0,Ocean,Tampa,Atlanta,9/17/2025 16:00,5107.26,15.29,14724.09,468.77,1021.45,0
SHP009851,XPO Logistics,0,Rail,San Francisco,New York,2/1/2025 15:21,966.85,1.14,14260.27,66.01,29.01,0
SHP009852,C.H. Robinson,FTL,Road,Boston,New York,11/3/2025 13:49,467.89,3.75,1395.25,435.23,0,701.84
SHP009853,C.H. Robinson,0,Ocean,Dallas,Chicago,11/14/2025 10:56,5077.32,8.5,12792.6,233.37,1015.46,0
SHP009854,Schneider,LTL,Road,Atlanta,Miami,9/28/2025 11:50,335.31,0.27,411.59,179.51,0,502.97
SHP009855,Schneider,0,Air,New York,Miami,5/30/2025 22:24,635.4,0.58,34441.14,137.79,63.54,0
SHP009856,Old Dominion,FTL,Road,Boston,Miami,3/28/2025 3:09,628.59,1.28,2345.64,372.69,104.77,0
SHP009857,Old Dominion,FTL,Road,Chicago,San Francisco,3/4/2025 16:26,193.7,0.4,23695.6,7.72,0,290.55
SHP009858,FedEx,FTL,Road,Dallas,Boston,8/31/2025 4:56,551.73,1.91,13117.01,2.95,91.95,0
SHP009859,UPS,FTL,Road,San Francisco,Atlanta,6/11/2025 8:29,1159,3.22,23114.23,333.4,193.17,0
SHP009860,UPS,0,Rail,Dallas,New York,12/7/2025 10:35,1476.03,5.26,30606.83,224.92,44.28,0
SHP009861,FedEx,0,Ocean,Dallas,Chicago,10/11/2025 2:14,3284.56,20.11,34679.77,69.77,656.91,0
SHP009862,C.H. Robinson,FTL,Road,Dallas,San Francisco,7/10/2025 20:58,674.06,4.18,3802.15,464.87,112.34,0
SHP009863,FedEx,FTL,Road,Dallas,Miami,11/5/2025 21:15,648.13,3.96,7540.59,132.95,108.02,0
SHP009864,DHL,0,Air,New York,Atlanta,9/13/2025 22:24,626.7,1.42,19949.67,416.98,62.67,0
SHP009865,FedEx,0,Air,Tampa,Dallas,8/8/2025 12:05,1741.05,1.36,2262.53,311.36,174.11,0
SHP009866,Schneider,LTL,Road,Miami,Atlanta,12/26/2025 2:36,533.18,5.91,7830.63,404.37,88.86,0
SHP009867,C.H. Robinson,FTL,Road,New York,Atlanta,3/18/2025 18:44,64.07,4.72,8187.23,293.31,10.68,0
SHP009868,Schneider,0,Air,Dallas,San Francisco,7/17/2025 3:19,1508.04,2.5,5771.02,228.99,150.8,0
SHP009869,Old Dominion,LTL,Road,New York,Atlanta,7/5/2025 1:14,92.49,0.49,6628.72,475.9,15.41,0
SHP009870,Schneider,0,Air,Dallas,San Francisco,11/27/2025 2:11,2398.96,2.14,2706.89,23.47,239.9,0
SHP009871,UPS,FTL,Road,Chicago,Boston,7/18/2025 3:58,231.58,5.86,16247.11,421.86,38.6,0
SHP009872,UPS,0,Rail,San Francisco,Tampa,6/17/2025 22:10,1328.23,5.24,37939.13,115.98,39.85,0
SHP009873,XPO Logistics,0,Rail,New York,Boston,12/1/2025 20:39,927.82,7.05,22294.57,123.98,27.83,0
SHP009874,C.H. Robinson,0,Rail,Boston,New York,1/9/2025 1:43,534.27,6.27,1005.16,457.18,16.03,0
SHP009875,Schneider,LTL,Road,Chicago,Boston,9/16/2025 18:28,71.18,3.88,6106.77,289.63,11.86,0
SHP009876,J.B. Hunt,0,Ocean,Dallas,San Francisco,8/25/2025 11:27,4057.57,20.75,26543.65,391.15,811.51,0
SHP009877,Schneider,LTL,Road,San Francisco,Chicago,9/3/2025 4:49,182.85,0.54,431.01,74.46,0,274.27
SHP009878,J.B. Hunt,0,Air,Tampa,Chicago,9/11/2025 12:16,2100.92,2.23,30213.96,96.67,210.09,0
SHP009879,Schneider,LTL,Road,Dallas,Tampa,9/20/2025 8:46,472.01,5.36,9366.79,460.94,78.67,0
SHP009880,J.B. Hunt,0,Air,Chicago,Miami,3/11/2025 11:20,2509.42,2.91,36590.28,357.38,250.94,0
SHP009881,UPS,0,Air,Chicago,New York,9/18/2025 10:55,2875.63,0.59,36904.86,278.31,287.56,0
SHP009882,DHL,0,Air,New York,Chicago,7/20/2025 23:12,601.85,1.25,34160.29,253.55,60.19,0
SHP009883,XPO Logistics,0,Air,Atlanta,San Francisco,8/9/2025 3:15,2953.61,0.91,16793.89,166.61,295.36,0
SHP009884,XPO Logistics,0,Rail,Dallas,Tampa,6/28/2025 13:06,1025.82,5.43,26634.36,1.65,30.77,0
SHP009885,XPO Logistics,LTL,Road,New York,Miami,5/5/2025 15:08,152.3,0.45,8666.3,157.33,25.38,0
SHP009886,DHL,0,Ocean,Boston,Atlanta,12/19/2025 19:03,3252.98,11.91,34047.52,8.07,650.6,0
SHP009887,UPS,LTL,Road,Atlanta,Miami,3/19/2025 2:52,186.41,4.19,9644.34,321.75,31.07,0
SHP009888,Old Dominion,LTL,Road,Tampa,Atlanta,12/6/2025 23:03,350.29,3.24,9753.56,264.51,58.38,0
SHP009889,UPS,0,Rail,Dallas,New York,1/24/2025 19:41,797.61,3.68,38697.82,359.74,23.93,0
SHP009890,C.H. Robinson,0,Rail,New York,Miami,11/27/2025 19:35,1299.48,2.62,22599.64,179.02,38.98,0
SHP009891,C.H. Robinson,LTL,Road,Tampa,Boston,9/19/2025 4:35,326.23,5.4,3924.08,142.11,54.37,0
SHP009892,C.H. Robinson,LTL,Road,San Francisco,New York,6/12/2025 20:51,1121.48,1.38,7493.22,326.72,186.91,0
SHP009893,FedEx,0,Rail,Dallas,Chicago,9/16/2025 22:35,1672.78,6.82,28359.16,157.97,50.18,0
SHP009894,FedEx,0,Air,Boston,Dallas,12/4/2025 18:27,1638.04,3.81,1416.5,397.37,163.8,0
SHP009895,DHL,0,Ocean,Miami,San Francisco,9/11/2025 18:03,2388.58,6.07,9672.87,30.82,477.72,0
SHP009896,XPO Logistics,0,Air,San Francisco,Dallas,5/14/2025 8:10,2978.35,3.54,21081.71,357.84,297.83,0
SHP009897,DHL,0,Air,Miami,Chicago,9/21/2025 8:01,1802.81,3.34,33868.23,117.16,180.28,0
SHP009898,Old Dominion,0,Ocean,Tampa,Chicago,10/23/2025 1:51,3948.11,15.97,39148.41,341.66,789.62,0
SHP009899,FedEx,0,Air,San Francisco,New York,3/20/2025 20:16,2723.61,3.46,23491.49,446.93,272.36,0
SHP009900,C.H. Robinson,FTL,Road,Boston,Dallas,10/9/2025 6:52,484.03,2.43,31348.14,68.14,80.67,0
SHP009901,C.H. Robinson,0,Rail,New York,Dallas,11/15/2025 12:22,689.32,5.26,17092.59,470.42,20.68,0
SHP009902,J.B. Hunt,0,Ocean,New York,Dallas,1/28/2025 7:53,7688.8,13.06,21792.94,362.59,1537.76,0
SHP009903,Old Dominion,0,Air,Atlanta,Chicago,6/16/2025 7:26,1534.62,1.17,30005.28,369.16,153.46,0
SHP009904,Schneider,0,Rail,Chicago,San Francisco,4/8/2025 6:16,591.97,6.83,24739.14,118.91,17.76,0
SHP009905,Old Dominion,0,Ocean,Tampa,Atlanta,12/9/2025 2:04,5390.29,7.14,10976.7,424.16,1078.06,0
SHP009906,J.B. Hunt,0,Air,Miami,Dallas,2/14/2025 22:18,2809.63,1.4,37158.02,120.16,280.96,0
SHP009907,FedEx,0,Ocean,Miami,Chicago,9/23/2025 21:17,1379.51,3.28,10063.47,193.24,275.9,0
SHP009908,C.H. Robinson,0,Air,Boston,Tampa,1/26/2025 15:02,2804.38,1.35,14935.88,367.34,280.44,0
SHP009909,XPO Logistics,LTL,Road,San Francisco,Boston,4/1/2025 5:42,397.39,4.19,4405.97,99.03,0,596.09
SHP009910,Schneider,0,Air,Miami,Tampa,7/13/2025 11:33,2281.96,0.59,12047.23,178.73,228.2,0
SHP009911,J.B. Hunt,0,Air,Chicago,New York,10/28/2025 11:01,1537.19,2.88,18646.5,297.57,153.72,0
SHP009912,J.B. Hunt,0,Air,Dallas,San Francisco,1/10/2025 23:17,1908.6,1.81,37391.86,477.97,190.86,0
SHP009913,Schneider,0,Ocean,New York,Atlanta,2/25/2025 15:18,4863.88,3.58,19899.54,93.03,972.78,0
SHP009914,C.H. Robinson,0,Ocean,Atlanta,Dallas,7/26/2025 16:08,4124.11,6.15,28302.28,41.13,824.82,0
SHP009915,FedEx,0,Rail,Miami,San Francisco,12/24/2025 21:00,1725.29,2.37,26595.93,458.56,51.76,0
SHP009916,Schneider,0,Ocean,Dallas,Miami,1/25/2025 7:27,2359.15,22.55,15852.65,480.3,471.83,0
SHP009917,J.B. Hunt,FTL,Road,Boston,Chicago,5/9/2025 6:12,1167.07,1.33,33327.95,97.52,194.51,0
SHP009918,XPO Logistics,FTL,Road,Tampa,Dallas,1/16/2025 3:44,310.41,0.73,6683.21,316.48,51.74,0
SHP009919,UPS,0,Rail,Dallas,Boston,5/29/2025 7:47,918.8,6.54,13613.87,484.34,27.56,0
SHP009920,C.H. Robinson,0,Ocean,Chicago,Miami,9/7/2025 22:18,874.04,3.38,28204.31,443.88,174.81,0
SHP009921,J.B. Hunt,0,Rail,New York,Atlanta,9/17/2025 11:15,1472.8,4.43,11150.83,7.71,44.18,0
SHP009922,Schneider,LTL,Road,Miami,Tampa,1/25/2025 3:21,635.87,2.98,3540.82,289.46,105.98,0
SHP009923,UPS,0,Rail,Miami,New York,3/28/2025 6:58,1366.1,5.91,10898.49,293.07,40.98,0
SHP009924,C.H. Robinson,FTL,Road,Atlanta,Dallas,12/19/2025 17:18,221.09,0.95,31541.31,347.18,36.85,0
SHP009925,UPS,0,Rail,Tampa,Dallas,5/29/2025 4:01,1428.69,2.07,36627.43,67.42,42.86,0
SHP009926,XPO Logistics,FTL,Road,Miami,Boston,8/29/2025 5:25,1050.54,2.28,4664.65,144.1,175.09,0
SHP009927,J.B. Hunt,0,Air,Tampa,New York,9/18/2025 17:05,789.91,2.22,38014.94,164.61,78.99,0
SHP009928,UPS,0,Ocean,Boston,Atlanta,5/12/2025 3:35,5090.74,21.62,25387.92,181.74,1018.15,0
SHP009929,UPS,0,Rail,Boston,Tampa,11/28/2025 11:57,1785.34,2.31,21168.61,398.56,53.56,0
SHP009930,DHL,0,Rail,New York,Atlanta,5/19/2025 16:10,201.04,5.91,11026.71,85.69,6.03,0
SHP009931,J.B. Hunt,0,Ocean,Miami,Atlanta,4/23/2025 8:13,2556.46,23.27,35731.44,107.66,511.29,0
SHP009932,C.H. Robinson,0,Ocean,Dallas,Chicago,8/17/2025 23:06,1377.7,10.01,23897.29,433.71,275.54,0
SHP009933,Old Dominion,0,Rail,Atlanta,Chicago,8/30/2025 7:53,1745.74,6.26,24160.78,72.02,52.37,0
SHP009934,Old Dominion,0,Air,Atlanta,Dallas,2/26/2025 9:53,499.88,2.59,21793.03,423.2,49.99,0
SHP009935,XPO Logistics,0,Rail,Boston,Chicago,12/12/2025 23:29,716.17,1.28,17236.48,484.62,21.49,0
SHP009936,UPS,LTL,Road,Boston,Tampa,4/8/2025 13:28,964.91,0.44,8765.59,236.37,0,1447.37
SHP009937,DHL,0,Rail,New York,Dallas,7/1/2025 8:59,783.63,3.43,24008.2,265.77,23.51,0
SHP009938,Old Dominion,0,Rail,Boston,New York,10/29/2025 21:37,1250.6,5.02,6185.81,129.36,37.52,0
SHP009939,Schneider,0,Ocean,Tampa,Dallas,12/14/2025 3:16,6807.72,16.59,18211.82,92.12,1361.54,0
SHP009940,DHL,0,Ocean,New York,Chicago,7/22/2025 8:12,557.68,8.86,2666.45,241.66,111.54,0
SHP009941,DHL,0,Rail,Atlanta,San Francisco,1/17/2025 12:15,1514.88,3,33986.29,352.58,45.45,0
SHP009942,J.B. Hunt,0,Ocean,Boston,Chicago,6/23/2025 8:46,1439.47,16.18,6491.35,327.74,287.89,0
SHP009943,Old Dominion,LTL,Road,San Francisco,New York,1/2/2025 21:38,214.12,2.51,5730.95,26.14,0,321.18
SHP009944,C.H. Robinson,0,Air,Boston,Dallas,12/30/2025 0:04,713.93,1.62,18761.64,429.39,71.39,0
SHP009945,DHL,0,Ocean,Miami,Atlanta,8/15/2025 18:13,1904.55,9.64,19293.16,148.59,380.91,0
SHP009946,Old Dominion,0,Ocean,Dallas,San Francisco,11/23/2025 22:02,5193.11,7.65,31007.84,253.07,1038.62,0
SHP009947,XPO Logistics,FTL,Road,Chicago,Boston,12/4/2025 23:36,149.25,3.86,22985.12,169.96,0,223.88
SHP009948,DHL,0,Rail,New York,Tampa,2/25/2025 6:25,217.85,2.4,16525.53,100.76,6.54,0
SHP009949,Schneider,0,Air,Tampa,Atlanta,4/8/2025 2:39,1859.23,2.99,34312.7,323.84,185.92,0
SHP009950,J.B. Hunt,0,Rail,Miami,Chicago,7/22/2025 15:18,1302.41,5.26,39426.7,131.24,39.07,0
SHP009951,DHL,0,Air,Miami,Atlanta,4/9/2025 23:46,1018.9,0.94,19684.53,48.98,101.89,0
SHP009952,C.H. Robinson,0,Rail,Atlanta,Tampa,7/7/2025 9:41,632.23,4.38,38325.03,481.94,18.97,0
SHP009953,Schneider,0,Ocean,San Francisco,Atlanta,10/12/2025 0:48,6078.05,10.56,34673.87,437.85,1215.61,0
SHP009954,FedEx,0,Air,San Francisco,Dallas,5/27/2025 5:00,2757.53,2.74,8470.82,46.45,275.75,0
SHP009955,Old Dominion,0,Rail,Chicago,New York,6/5/2025 7:42,1663.64,1.39,12187.66,243.99,49.91,0
SHP009956,FedEx,FTL,Road,Chicago,Boston,4/9/2025 21:32,75.27,5.46,11841.28,15.22,12.54,0
SHP009957,DHL,LTL,Road,Boston,Miami,12/4/2025 8:38,1192.63,2.04,8786.13,227.28,198.77,0
SHP009958,C.H. Robinson,0,Air,Tampa,Boston,10/20/2025 12:38,2090.44,1.34,20363.58,129.57,209.04,0
SHP009959,Schneider,0,Air,Boston,New York,9/28/2025 21:56,2867.93,0.71,11349.62,446.66,286.79,0
SHP009960,DHL,0,Rail,Boston,Chicago,2/25/2025 5:59,968.06,5.2,26241.89,36.39,29.04,0
SHP009961,FedEx,FTL,Road,Chicago,Tampa,6/12/2025 18:43,70.4,5.64,11224.36,190.78,11.73,0
SHP009962,J.B. Hunt,0,Air,Miami,Tampa,4/1/2025 5:09,2141.65,1.33,29456.32,229.66,214.17,0
SHP009963,UPS,0,Ocean,Tampa,Chicago,3/28/2025 20:58,6924.57,8.13,8550.99,416.01,1384.91,0
SHP009964,C.H. Robinson,0,Rail,Dallas,San Francisco,10/1/2025 0:03,722.12,3.88,31851.46,318.15,21.66,0
SHP009965,DHL,0,Air,Tampa,Atlanta,12/18/2025 13:17,1492.66,1.37,30685.94,91.04,149.27,0
SHP009966,XPO Logistics,0,Rail,Atlanta,Chicago,7/7/2025 1:28,1685.25,2.05,32294.88,212.7,50.56,0
SHP009967,DHL,0,Rail,Tampa,New York,12/19/2025 22:46,497.61,3.82,9251.3,68.86,14.93,0
SHP009968,UPS,0,Rail,San Francisco,Chicago,12/15/2025 22:37,582.65,7.07,4684.72,486.3,17.48,0
SHP009969,Schneider,0,Rail,Tampa,Miami,7/16/2025 3:00,208,5.61,34332.22,467.04,6.24,0
SHP009970,XPO Logistics,0,Air,Boston,Tampa,5/24/2025 3:37,688.76,2.94,4740.29,176.95,68.88,0
SHP009971,Schneider,0,Ocean,San Francisco,Tampa,7/15/2025 8:06,5989.45,9.61,12878.3,58.91,1197.89,0
SHP009972,DHL,LTL,Road,Chicago,New York,2/27/2025 7:42,126.4,0.91,8773.43,6.59,0,189.6
SHP009973,DHL,0,Air,Tampa,New York,1/14/2025 4:15,2170.74,3.19,22931.59,365.66,217.07,0
SHP009974,DHL,0,Rail,Chicago,Miami,3/3/2025 6:36,1243.63,4.19,15617.06,470.72,37.31,0
SHP009975,Schneider,0,Air,New York,Dallas,4/6/2025 15:14,2924.23,2.78,8293.3,224.5,292.42,0
SHP009976,UPS,LTL,Road,Chicago,Tampa,11/13/2025 2:25,621.02,4.61,6727.6,257.89,103.5,0
SHP009977,Old Dominion,LTL,Road,Atlanta,New York,2/17/2025 0:21,832.42,0.39,7799.86,106.6,138.74,0
SHP009978,J.B. Hunt,0,Air,Chicago,Boston,12/5/2025 17:05,2072.3,0.9,5021.2,18.79,207.23,0
SHP009979,J.B. Hunt,0,Rail,Atlanta,Boston,3/3/2025 22:41,1656.37,5.23,14797.5,394.1,49.69,0
SHP009980,UPS,FTL,Road,New York,San Francisco,1/12/2025 21:06,769.99,3.82,19738.19,4.96,128.33,0
SHP009981,Old Dominion,FTL,Road,San Francisco,Boston,2/28/2025 13:44,347.23,0.88,26665.19,125.06,57.87,0
SHP009982,DHL,LTL,Road,San Francisco,Tampa,1/1/2025 9:43,567.69,2.28,1560.51,479.23,94.62,0
SHP009983,FedEx,FTL,Road,San Francisco,Miami,3/16/2025 20:40,1123.43,0.74,33180.93,244.7,187.24,0
SHP009984,XPO Logistics,LTL,Road,Chicago,Miami,8/10/2025 11:09,939.8,1.12,1452.9,445.49,156.63,0
SHP009985,DHL,0,Ocean,Chicago,Dallas,11/23/2025 23:44,7233.65,12.25,34871.23,334.06,1446.73,0
SHP009986,UPS,FTL,Road,Miami,Chicago,8/26/2025 19:45,262.76,2.14,5874.4,387.2,43.79,0
SHP009987,J.B. Hunt,0,Ocean,Boston,Miami,2/6/2025 4:29,7889.38,14.02,26406.64,373.3,1577.88,0
SHP009988,Old Dominion,0,Air,Tampa,New York,4/27/2025 0:22,905.5,1.68,16786.69,297.7,90.55,0
SHP009989,DHL,0,Rail,Atlanta,Boston,4/14/2025 7:41,1560.79,2.78,19100.11,376.02,46.82,0
SHP009990,XPO Logistics,0,Air,Boston,Miami,1/23/2025 14:42,535.94,2.3,6203,270.04,53.59,0
SHP009991,C.H. Robinson,FTL,Road,Miami,Boston,8/30/2025 17:53,933,1.61,34054.4,168.07,155.5,0
SHP009992,Schneider,LTL,Road,Tampa,Miami,3/11/2025 22:09,269.4,2.93,8779.34,35.4,44.9,0
SHP009993,UPS,0,Air,Tampa,Dallas,1/8/2025 4:25,1184.44,2.79,14624.44,36.34,118.44,0
SHP009994,Schneider,0,Ocean,Miami,Boston,9/24/2025 21:16,2989.99,20.06,38737.48,20.85,598,0
SHP009995,Schneider,LTL,Road,Atlanta,Boston,12/1/2025 4:10,704.68,0.86,6851.91,4.94,117.45,0
SHP009996,J.B. Hunt,0,Air,New York,Atlanta,1/10/2025 13:00,339.8,3.22,3440.2,153.29,33.98,0
SHP009997,J.B. Hunt,0,Air,Chicago,Miami,8/13/2025 17:04,2886.71,3.95,6875.41,280.89,288.67,0
SHP009998,J.B. Hunt,0,Ocean,Tampa,Dallas,12/6/2025 23:27,4693.62,11.95,37025.66,377.26,938.72,0
SHP009999,UPS,0,Ocean,New York,Boston,9/5/2025 4:37,6233.95,7.93,17655.63,244.22,1246.79,0
