employee_id,worksite_location,home_zip_code,round_trip_distance_miles,days_onsite_per_week,occupancy,commute_mode,vehicle_id,vehicle_type,vehicle_model_year,fuel_type,invoice_amount_usd
EMP00000,Sheltair Aviation,34110,29.35,1,1,Car,V328,SUV,2000,Diesel,17.61
EMP00001,Airside C,34420,16.92,5,9,Shuttle,S003,Shuttle Bus,1979,Diesel,12.69
EMP00002,Airside C,34649,43.91,2,2,Carpool,V833,SUV,2010,Electric,26.35
EMP00003,Airside F,33543,13.92,5,1,Bus,N/A,N/A,,N/A,13.92
EMP00004,Airside A,33543,11.5,4,4,Carpool,V320,SUV,1982,Hybrid,6.9
EMP00005,Airside C,33698,61.3,4,1,Car,V967,Truck,2007,Hybrid,147.12
EMP00006,Rental Car Center,33576,14.29,1,5,Rideshare,V487,Sedan,1974,Gasoline,1.71
EMP00007,Sky Connect,33623,6.34,5,4,Rideshare,V821,SUV,1973,Gasoline,4.75
EMP00008,Airside A,34092,51.93,2,20,Shuttle,S006,Shuttle Bus,2001,Diesel,15.58
EMP00009,Airside C,33608,9.25,3,1,Bus,N/A,N/A,,N/A,5.55
EMP00010,Sheltair Aviation,34283,16.82,2,4,Rideshare,V786,SUV,1992,Hybrid,5.05
EMP00011,Sheltair Aviation,33850,45.14,1,17,Shuttle,S035,Shuttle Bus,1993,Diesel,6.77
EMP00012,Airside E,33584,5.14,4,1,Bus,N/A,N/A,,N/A,4.11
EMP00013,Sheltair Aviation,33637,6.5,5,11,Shuttle,S021,Shuttle Bus,1998,Diesel,4.88
EMP00014,Airside F,34321,44.77,3,1,Car,V167,Truck,2013,Diesel,80.59
EMP00015,Rental Car Center,33633,8.03,3,11,Shuttle,S032,Shuttle Bus,1987,Electric,3.61
EMP00016,Sheltair Aviation,33583,9.66,2,1,Bus,N/A,N/A,,N/A,3.86
EMP00017,Airside E,33562,10.89,5,4,Carpool,V470,Minivan,2022,Diesel,8.17
EMP00018,Airside E,33733,25.3,4,1,Train,N/A,N/A,,Electric,30.36
EMP00019,Airside A,33827,68.91,2,1,Car,V710,Minivan,1974,Gasoline,82.69
EMP00020,Main Terminal & Airside Shopping,34521,22.2,5,1,Bus,N/A,N/A,,N/A,22.2
EMP00021,Sky Connect,33734,49.22,5,2,Rideshare,V887,Truck,1980,Hybrid,73.83
EMP00022,Airside C,33608,9.23,4,3,Rideshare,V839,Sedan,1975,Hybrid,7.38
EMP00023,Sky Connect,34111,66.24,5,2,Carpool,V256,SUV,1985,Hybrid,99.36
EMP00024,Airside E,33501,42.34,5,1,Train,N/A,N/A,,Electric,63.51
EMP00025,Rental Car Center,33792,24.8,4,2,Rideshare,V999,Truck,1973,Hybrid,29.76
EMP00026,Airside F,34661,49.48,2,1,Car,V187,Sedan,2018,Electric,59.38
EMP00027,Airside C,33762,37.33,2,1,Train,N/A,N/A,,Electric,22.4
EMP00028,Sheltair Aviation,33894,17.2,5,1,Bus,N/A,N/A,,N/A,17.2
EMP00029,Airside D,34366,43.33,5,1,Train,N/A,N/A,,Electric,64.99
EMP00030,Airside F,34194,16.93,2,1,Train,N/A,N/A,,Electric,10.16
EMP00031,Main Terminal & Airside Shopping,34559,30.42,3,15,Shuttle,S029,Shuttle Bus,2021,Diesel,13.69
EMP00032,Airside F,33543,48.06,1,4,Carpool,V702,SUV,1973,Diesel,7.21
EMP00033,Airside A,33968,32.64,1,1,Car,V132,Sedan,2013,Hybrid,19.58
EMP00034,Airside C,34070,32.71,2,1,Train,N/A,N/A,,Electric,19.63
EMP00035,Sheltair Aviation,33619,5.63,2,1,Bus,N/A,N/A,,N/A,2.25
EMP00036,Airside E,34468,59.75,5,17,Shuttle,S016,Shuttle Bus,2015,Electric,44.81
EMP00037,Main Terminal & Airside Shopping,34382,66.07,1,2,Carpool,V533,Truck,2007,Electric,19.82
EMP00038,Main Terminal Information Desk,33701,43.86,1,18,Shuttle,S004,Shuttle Bus,2019,Electric,6.58
EMP00039,Main Terminal Restaurants,33939,26.23,2,1,Car,V649,SUV,1985,Electric,31.48
EMP00040,Airside E,33585,8.92,2,1,Bus,N/A,N/A,,N/A,3.57
EMP00041,Main Terminal Information Desk,33620,7.94,1,5,Carpool,V151,Sedan,2011,Gasoline,0.95
EMP00042,Airside C,34494,59.89,2,5,Carpool,V318,Minivan,2016,Electric,14.37
EMP00043,Airside A,34362,22.64,4,2,Carpool,V902,Truck,1995,Electric,27.17
EMP00044,Airside D,33570,12.14,5,1,Bus,N/A,N/A,,N/A,12.14
EMP00045,Airside E,33682,23.26,3,3,Carpool,V865,Sedan,2016,Hybrid,13.96
EMP00046,Airside A,33569,14.16,5,1,Car,V158,SUV,1986,Gasoline,42.48
EMP00047,Airside E,33695,15.74,5,1,Car,V513,SUV,1996,Gasoline,47.22
EMP00048,Rental Car Center,33667,69.15,5,2,Carpool,V773,Minivan,1995,Hybrid,103.73
EMP00049,Airside D,34043,30.67,3,3,Carpool,V234,Minivan,1979,Hybrid,18.4
EMP00050,Main Terminal Information Desk,33608,5.36,1,2,Rideshare,V175,Sedan,1982,Diesel,1.61
EMP00051,Sky Connect,33696,17.92,2,4,Rideshare,V478,SUV,1979,Hybrid,5.38
EMP00052,Airside E,34175,19.58,5,1,Bus,N/A,N/A,,N/A,19.58
EMP00053,Rental Car Center,34635,55.13,5,8,Shuttle,S020,Shuttle Bus,1976,Diesel,41.35
EMP00054,Airside E,34633,65.21,1,2,Rideshare,V378,SUV,2012,Hybrid,19.56
EMP00055,Rental Car Center,34040,64.47,3,3,Carpool,V357,Minivan,1980,Gasoline,38.68
EMP00056,Airside C,33590,45.51,4,12,Shuttle,S001,Shuttle Bus,2005,Electric,27.31
EMP00057,Airside E,33564,11.2,3,10,Shuttle,S036,Shuttle Bus,1994,Electric,5.04
EMP00058,Sky Connect,33654,48.47,1,1,Car,V658,SUV,2008,Gasoline,29.08
EMP00059,Main Terminal Restaurants,33803,39.18,5,1,Train,N/A,N/A,,Electric,58.77
EMP00060,Main Terminal & Airside Shopping,34246,46.44,1,4,Carpool,V466,Sedan,1998,Diesel,6.97
EMP00061,Sheltair Aviation,34646,41.48,1,4,Carpool,V735,Minivan,2006,Diesel,6.22
EMP00062,Airside F,33511,12.77,2,5,Carpool,V854,SUV,1985,Hybrid,3.06
EMP00063,Main Terminal & Airside Shopping,33826,60.18,2,12,Shuttle,S045,Shuttle Bus,1976,Diesel,18.05
EMP00064,Main Terminal & Airside Shopping,33955,41.48,4,1,Car,V936,SUV,1985,Electric,99.55
EMP00065,Main Terminal Restaurants,33548,37.1,2,3,Rideshare,V508,SUV,1980,Hybrid,14.84
EMP00066,Airside D,34219,51.19,3,1,Car,V795,Minivan,1997,Hybrid,92.14
EMP00067,Airside A,33572,6.65,3,1,Car,V139,Truck,1984,Gasoline,11.97
EMP00068,Rental Car Center,33590,9.03,3,1,Bus,N/A,N/A,,N/A,5.42
EMP00069,Main Terminal & Airside Shopping,33736,45.83,5,1,Train,N/A,N/A,,Electric,68.74
EMP00070,Main Terminal & Airside Shopping,34068,29.01,2,1,Train,N/A,N/A,,Electric,17.41
EMP00071,Airside A,34564,41.61,4,8,Shuttle,S035,Shuttle Bus,1975,Diesel,24.97
EMP00072,Main Terminal Restaurants,34239,23.15,1,1,Bus,N/A,N/A,,N/A,4.63
EMP00073,Rental Car Center,34601,21.2,1,4,Rideshare,V782,Truck,2016,Electric,3.18
EMP00074,Main Terminal Restaurants,33816,15.8,3,1,Bus,N/A,N/A,,N/A,9.48
EMP00075,Airside F,33636,9.06,4,1,Bus,N/A,N/A,,N/A,7.25
EMP00076,Airside E,34116,47.71,5,1,Train,N/A,N/A,,Electric,71.56
EMP00077,Main Terminal & Airside Shopping,34122,33.95,1,1,Train,N/A,N/A,,Electric,10.19
EMP00078,Airside D,34452,50.16,4,4,Carpool,V552,Minivan,1999,Diesel,30.1
EMP00079,Sky Connect,33736,23.59,2,1,Bus,N/A,N/A,,N/A,9.44
EMP00080,Airside D,34186,42.32,5,1,Train,N/A,N/A,,Electric,63.48
EMP00081,Airside C,33907,46.17,3,3,Carpool,V125,SUV,1977,Gasoline,27.7
EMP00082,Airside F,33517,14.13,5,1,Bus,N/A,N/A,,N/A,14.13
EMP00083,Main Terminal Information Desk,33574,9.37,5,1,Bus,N/A,N/A,,N/A,9.37
EMP00084,Main Terminal & Airside Shopping,33539,13.33,4,1,Bus,N/A,N/A,,N/A,10.66
EMP00085,Airside E,33718,62.41,1,20,Shuttle,S050,Shuttle Bus,1999,Electric,9.36
EMP00086,Airside F,33649,28.16,5,5,Carpool,V968,SUV,2004,Gasoline,16.9
EMP00087,Main Terminal Information Desk,34469,22.69,4,4,Carpool,V950,Minivan,1998,Electric,13.61
EMP00088,Airside E,34030,32.76,4,15,Shuttle,S049,Shuttle Bus,1984,Diesel,19.66
EMP00089,Sheltair Aviation,33989,60.95,5,5,Rideshare,V550,Truck,2010,Gasoline,36.57
EMP00090,Airside D,34210,15.7,3,4,Carpool,V241,Sedan,1998,Diesel,7.06
EMP00091,Airside F,33535,13.35,2,1,Bus,N/A,N/A,,N/A,5.34
EMP00092,Airside C,33592,9.44,4,1,Bus,N/A,N/A,,N/A,7.55
EMP00093,Sky Connect,33557,7.4,4,1,Bus,N/A,N/A,,N/A,5.92
EMP00094,Airside F,33510,11.75,4,1,Bus,N/A,N/A,,N/A,9.4
EMP00095,Rental Car Center,33575,23.86,4,1,Bus,N/A,N/A,,N/A,19.09
EMP00096,Main Terminal Restaurants,34649,26.01,4,5,Rideshare,V599,SUV,2003,Diesel,12.48
EMP00097,Airside D,33615,16.16,4,1,Bus,N/A,N/A,,N/A,12.93
EMP00098,Main Terminal & Airside Shopping,34457,31.25,4,3,Rideshare,V737,SUV,2020,Gasoline,25
EMP00099,Main Terminal & Airside Shopping,33618,20.16,5,1,Train,N/A,N/A,,Electric,30.24
EMP00100,Airside C,34508,21.05,4,10,Shuttle,S012,Shuttle Bus,2010,Diesel,12.63
EMP00101,Airside D,33535,14.94,3,1,Bus,N/A,N/A,,N/A,8.96
EMP00102,Main Terminal Information Desk,34132,24.56,3,5,Rideshare,V358,Minivan,2020,Gasoline,8.84
EMP00103,Main Terminal Information Desk,33606,69.85,5,1,Car,V329,Truck,2020,Gasoline,209.55
EMP00104,Sheltair Aviation,34006,68.48,1,1,Car,V959,SUV,1999,Gasoline,41.09
EMP00105,Rental Car Center,33610,8.35,2,3,Carpool,V677,Sedan,2008,Diesel,3.34
EMP00106,Main Terminal Information Desk,34302,27.43,3,20,Shuttle,S011,Shuttle Bus,1972,Diesel,12.34
EMP00107,Airside E,34201,20.57,1,2,Rideshare,V506,Minivan,1973,Diesel,6.17
EMP00108,Airside C,33708,31.24,2,1,Train,N/A,N/A,,Electric,18.74
EMP00109,Airside D,33747,34.11,5,20,Shuttle,S037,Shuttle Bus,1977,Diesel,25.58
EMP00110,Main Terminal Restaurants,34314,19.68,4,1,Train,N/A,N/A,,Electric,23.62
EMP00111,Airside C,33525,36.89,3,1,Train,N/A,N/A,,Electric,33.2
EMP00112,Main Terminal & Airside Shopping,34450,20.23,1,1,Bus,N/A,N/A,,N/A,4.05
EMP00113,Main Terminal Restaurants,33876,20.45,4,19,Shuttle,S028,Shuttle Bus,2009,Diesel,12.27
EMP00114,Sky Connect,34649,28.91,3,17,Shuttle,S050,Shuttle Bus,2005,Electric,13.01
EMP00115,Main Terminal Information Desk,34105,17.67,5,1,Bus,N/A,N/A,,N/A,17.67
EMP00116,Main Terminal Restaurants,34423,39.83,1,4,Carpool,V868,SUV,2019,Electric,5.97
EMP00117,Rental Car Center,34188,41.93,4,1,Train,N/A,N/A,,Electric,50.32
EMP00118,Airside A,33573,8.01,3,1,Bus,N/A,N/A,,N/A,4.81
EMP00119,Main Terminal Information Desk,34197,38.03,3,4,Carpool,V710,Truck,1987,Hybrid,17.11
EMP00120,Sky Connect,33574,7.65,5,1,Car,V347,Sedan,1991,Electric,22.95
EMP00121,Main Terminal Information Desk,34538,23.04,2,1,Train,N/A,N/A,,Electric,13.82
EMP00122,Sheltair Aviation,33591,19.32,4,15,Shuttle,S006,Shuttle Bus,1997,Electric,11.59
EMP00123,Airside F,34183,15.24,2,1,Bus,N/A,N/A,,N/A,6.1
EMP00124,Sheltair Aviation,34525,19.06,3,1,Train,N/A,N/A,,Electric,17.15
EMP00125,Sky Connect,34371,35.81,3,1,Train,N/A,N/A,,Electric,32.23
EMP00126,Sky Connect,34110,16.33,3,5,Rideshare,V357,Truck,2004,Diesel,5.88
EMP00127,Airside C,33744,30.84,2,13,Shuttle,S048,Shuttle Bus,2010,Diesel,9.25
EMP00128,Airside F,34574,65.89,4,4,Carpool,V202,Truck,1972,Diesel,39.53
EMP00129,Airside D,34119,48.92,3,3,Carpool,V825,Sedan,1996,Diesel,29.35
EMP00130,Airside D,34154,18.59,1,1,Car,V753,SUV,2002,Electric,11.15
EMP00131,Airside C,34082,62.03,5,1,Car,V590,Minivan,2006,Electric,186.09
EMP00132,Main Terminal Restaurants,34534,19.86,1,4,Carpool,V941,Sedan,1987,Gasoline,2.98
EMP00133,Main Terminal & Airside Shopping,33672,21.34,1,1,Bus,N/A,N/A,,N/A,4.27
EMP00134,Airside E,33674,41.09,5,4,Carpool,V221,SUV,2020,Electric,30.82
EMP00135,Rental Car Center,34018,19.67,5,1,Train,N/A,N/A,,Electric,29.51
EMP00136,Sky Connect,33606,6.86,4,1,Bus,N/A,N/A,,N/A,5.49
EMP00137,Airside D,34125,45.89,4,1,Train,N/A,N/A,,Electric,55.07
EMP00138,Rental Car Center,33703,46.02,1,1,Train,N/A,N/A,,Electric,13.81
EMP00139,Airside F,33666,46.15,2,12,Shuttle,S011,Shuttle Bus,1980,Diesel,13.84
EMP00140,Airside E,33883,21.15,1,1,Train,N/A,N/A,,Electric,6.34
EMP00141,Airside A,34518,19.01,4,1,Bus,N/A,N/A,,N/A,15.21
EMP00142,Airside D,34090,60.03,2,1,Car,V819,Truck,1991,Electric,72.04
EMP00143,Airside C,33905,62.66,2,12,Shuttle,S028,Shuttle Bus,2004,Diesel,18.8
EMP00144,Sky Connect,33791,46.73,2,4,Carpool,V161,Sedan,1982,Diesel,14.02
EMP00145,Airside D,34091,47.43,5,1,Train,N/A,N/A,,Electric,71.14
EMP00146,Main Terminal Information Desk,34122,56.05,4,1,Car,V378,Minivan,2011,Electric,134.52
EMP00147,Main Terminal Information Desk,33581,44.42,5,1,Car,V852,Minivan,2006,Hybrid,133.26
EMP00148,Rental Car Center,34015,29.2,1,2,Rideshare,V883,Sedan,1996,Hybrid,8.76
EMP00149,Rental Car Center,34463,48.13,2,1,Car,V384,Minivan,2000,Diesel,57.76
EMP00150,Rental Car Center,33519,10.68,4,1,Bus,N/A,N/A,,N/A,8.54
EMP00151,Main Terminal Information Desk,34220,24.85,4,4,Rideshare,V978,Sedan,1973,Diesel,14.91
EMP00152,Main Terminal Restaurants,34146,18.84,4,1,Bus,N/A,N/A,,N/A,15.07
EMP00153,Sheltair Aviation,33631,18.04,5,1,Bus,N/A,N/A,,N/A,18.04
EMP00154,Main Terminal Information Desk,34072,19.58,3,1,Car,V218,Truck,2004,Electric,35.24
EMP00155,Sky Connect,33609,6.17,5,1,Car,V155,Minivan,1985,Diesel,18.51
EMP00156,Sky Connect,34452,26.15,5,5,Rideshare,V308,Sedan,1991,Hybrid,15.69
EMP00157,Sky Connect,34539,28.82,3,5,Carpool,V129,Sedan,1979,Diesel,10.38
EMP00158,Airside E,34631,60.2,5,2,Rideshare,V195,Minivan,1988,Diesel,90.3
EMP00159,Airside C,33527,11.16,1,1,Bus,N/A,N/A,,N/A,2.23
EMP00160,Main Terminal Information Desk,34059,40.27,3,16,Shuttle,S027,Shuttle Bus,2022,Electric,18.12
EMP00161,Main Terminal Information Desk,34285,46.36,4,3,Carpool,V713,SUV,1993,Diesel,37.09
EMP00162,Airside C,34602,20.86,4,4,Rideshare,V940,Truck,2009,Gasoline,12.52
EMP00163,Airside D,34687,68.63,3,17,Shuttle,S043,Shuttle Bus,2022,Electric,30.88
EMP00164,Airside E,34554,22.84,5,1,Bus,N/A,N/A,,N/A,22.84
EMP00165,Main Terminal Restaurants,34432,46.02,5,5,Rideshare,V990,Truck,2005,Diesel,27.61
EMP00166,Airside F,34041,24,4,1,Train,N/A,N/A,,Electric,28.8
EMP00167,Main Terminal & Airside Shopping,34468,46.93,3,1,Car,V495,Minivan,2018,Diesel,84.47
EMP00168,Main Terminal Information Desk,34528,37.01,2,1,Car,V990,Truck,1976,Gasoline,44.41
EMP00169,Main Terminal Information Desk,34491,19.96,5,1,Car,V839,Sedan,2019,Diesel,59.88
EMP00170,Main Terminal & Airside Shopping,34524,23.25,2,9,Shuttle,S017,Shuttle Bus,2006,Electric,6.97
EMP00171,Rental Car Center,33664,54.96,4,18,Shuttle,S022,Shuttle Bus,1988,Electric,32.98
EMP00172,Main Terminal Restaurants,33573,69.65,4,16,Shuttle,S040,Shuttle Bus,2001,Diesel,41.79
EMP00173,Airside F,33685,67.01,3,11,Shuttle,S028,Shuttle Bus,1977,Diesel,30.15
EMP00174,Sheltair Aviation,33887,29.06,1,15,Shuttle,S045,Shuttle Bus,2012,Electric,4.36
EMP00175,Airside A,33614,66.95,3,1,Car,V467,Truck,2000,Hybrid,120.51
EMP00176,Main Terminal & Airside Shopping,34659,32.83,2,5,Carpool,V274,SUV,2002,Diesel,7.88
EMP00177,Airside C,33993,48.54,4,1,Train,N/A,N/A,,Electric,58.25
EMP00178,Main Terminal Information Desk,33975,44.12,2,1,Train,N/A,N/A,,Electric,26.47
EMP00179,Main Terminal Information Desk,34085,24.14,3,15,Shuttle,S043,Shuttle Bus,1992,Diesel,10.86
EMP00180,Main Terminal Information Desk,33707,17.41,5,3,Rideshare,V453,Minivan,2004,Hybrid,17.41
EMP00181,Sheltair Aviation,33566,11.34,3,1,Bus,N/A,N/A,,N/A,6.8
EMP00182,Airside D,33774,16.02,4,5,Carpool,V490,SUV,1996,Hybrid,7.69
EMP00183,Rental Car Center,34310,30.65,3,2,Rideshare,V108,Truck,1974,Gasoline,27.58
EMP00184,Rental Car Center,33971,42.05,4,12,Shuttle,S039,Shuttle Bus,1995,Electric,25.23
EMP00185,Airside F,34069,18.58,2,17,Shuttle,S044,Shuttle Bus,2018,Diesel,5.57
EMP00186,Sheltair Aviation,34132,69.35,1,1,Car,V134,Minivan,1973,Hybrid,41.61
EMP00187,Airside E,34232,21.52,3,1,Car,V279,Minivan,2013,Diesel,38.74
EMP00188,Airside E,34587,45.09,3,1,Train,N/A,N/A,,Electric,40.58
EMP00189,Sky Connect,34486,53.15,2,4,Rideshare,V864,Truck,2004,Hybrid,15.94
EMP00190,Airside C,33568,7.73,1,1,Bus,N/A,N/A,,N/A,1.55
EMP00191,Airside F,34641,51.08,4,20,Shuttle,S024,Shuttle Bus,2010,Diesel,30.65
EMP00192,Main Terminal & Airside Shopping,33816,24.08,3,1,Car,V477,Minivan,1997,Hybrid,43.34
EMP00193,Rental Car Center,33784,21.2,3,1,Bus,N/A,N/A,,N/A,12.72
EMP00194,Sheltair Aviation,34649,61.36,4,2,Carpool,V724,Truck,1984,Diesel,73.63
EMP00195,Sheltair Aviation,33546,10.3,4,1,Car,V219,Minivan,1978,Diesel,24.72
EMP00196,Airside A,34508,37.6,3,1,Car,V199,Sedan,2016,Diesel,67.68
EMP00197,Sky Connect,34315,17.63,4,5,Carpool,V701,Minivan,1979,Diesel,8.46
EMP00198,Main Terminal & Airside Shopping,34335,50.63,1,15,Shuttle,S018,Shuttle Bus,1987,Diesel,7.59
EMP00199,Main Terminal Restaurants,33580,8.3,4,5,Carpool,V201,Truck,2022,Hybrid,3.98
EMP00200,Sky Connect,34362,26.97,3,8,Shuttle,S018,Shuttle Bus,1999,Diesel,12.14
EMP00201,Airside C,33990,16.58,1,1,Bus,N/A,N/A,,N/A,3.32
EMP00202,Sheltair Aviation,33603,33.5,5,8,Shuttle,S022,Shuttle Bus,1993,Diesel,25.12
EMP00203,Airside E,33703,23.13,2,1,Train,N/A,N/A,,Electric,13.88
EMP00204,Sky Connect,34033,15.08,5,3,Carpool,V892,Truck,1993,Diesel,15.08
EMP00205,Rental Car Center,33796,43.4,3,1,Car,V653,SUV,1993,Hybrid,78.12
EMP00206,Airside E,33832,21.27,1,1,Car,V466,Sedan,2013,Diesel,12.76
EMP00207,Rental Car Center,34043,58.47,1,3,Rideshare,V229,Sedan,2014,Electric,11.69
EMP00208,Sky Connect,33568,13.26,1,1,Car,V896,Minivan,2004,Hybrid,7.96
EMP00209,Sky Connect,34425,43.11,1,1,Train,N/A,N/A,,Electric,12.93
EMP00210,Sky Connect,34630,22.65,5,2,Carpool,V569,Truck,2015,Gasoline,33.97
EMP00211,Airside A,34429,17.46,4,1,Bus,N/A,N/A,,N/A,13.97
EMP00212,Sheltair Aviation,33564,10.55,4,1,Car,V182,Sedan,2016,Hybrid,25.32
EMP00213,Rental Car Center,34119,17.63,1,3,Carpool,V490,Truck,2001,Hybrid,3.53
EMP00214,Main Terminal Information Desk,34381,31.63,5,1,Train,N/A,N/A,,Electric,47.44
EMP00215,Airside C,34629,46.43,1,18,Shuttle,S047,Shuttle Bus,1987,Diesel,6.96
EMP00216,Main Terminal & Airside Shopping,34410,24.52,2,1,Bus,N/A,N/A,,N/A,9.81
EMP00217,Main Terminal Restaurants,34407,15.33,4,1,Bus,N/A,N/A,,N/A,12.26
EMP00218,Airside C,34069,25.99,4,4,Rideshare,V256,Truck,1988,Electric,15.59
EMP00219,Airside C,33690,30.92,1,1,Car,V198,Minivan,1990,Hybrid,18.55
EMP00220,Airside E,34222,27.56,1,1,Train,N/A,N/A,,Electric,8.27
EMP00221,Sheltair Aviation,33553,10.1,4,1,Car,V988,Minivan,2008,Gasoline,24.24
EMP00222,Airside D,34276,17.37,3,1,Train,N/A,N/A,,Electric,15.63
EMP00223,Airside C,33535,13.23,5,1,Train,N/A,N/A,,Electric,19.84
EMP00224,Airside E,33721,32.84,4,11,Shuttle,S023,Shuttle Bus,1983,Electric,19.7
EMP00225,Airside C,34378,31.58,5,3,Rideshare,V723,Sedan,1972,Hybrid,31.58
EMP00226,Airside A,34195,33.75,3,4,Carpool,V106,Truck,2003,Diesel,15.19
EMP00227,Airside E,33642,31.97,4,1,Train,N/A,N/A,,Electric,38.36
EMP00228,Airside E,34586,51.45,1,9,Shuttle,S014,Shuttle Bus,2011,Electric,7.72
EMP00229,Main Terminal & Airside Shopping,33885,23.69,3,1,Bus,N/A,N/A,,N/A,14.21
EMP00230,Main Terminal Restaurants,33607,46.49,3,2,Rideshare,V261,SUV,2010,Gasoline,41.84
EMP00231,Sheltair Aviation,34407,47.71,3,1,Car,V597,Minivan,1976,Electric,85.88
EMP00232,Main Terminal & Airside Shopping,34206,44.76,2,2,Rideshare,V213,Minivan,1974,Hybrid,26.86
EMP00233,Sheltair Aviation,34642,21.1,5,15,Shuttle,S043,Shuttle Bus,1987,Electric,15.82
EMP00234,Airside A,33571,15.31,4,2,Carpool,V408,SUV,1993,Diesel,18.37
EMP00235,Airside E,33565,5.94,3,4,Rideshare,V609,Sedan,1985,Electric,2.67
EMP00236,Airside E,33572,10.97,4,3,Carpool,V173,Truck,2018,Electric,8.78
EMP00237,Airside A,33608,5.81,1,1,Bus,N/A,N/A,,N/A,1.16
EMP00238,Airside C,34674,60.6,5,5,Rideshare,V826,Minivan,1976,Electric,36.36
EMP00239,Airside D,33542,35.82,4,1,Car,V275,Truck,1997,Electric,85.97
EMP00240,Main Terminal Restaurants,33716,54.62,4,1,Car,V546,SUV,1992,Electric,131.09
EMP00241,Sky Connect,34135,35.78,4,1,Car,V326,Truck,2004,Hybrid,85.87
EMP00242,Airside E,33733,35.2,5,1,Car,V894,SUV,2008,Hybrid,105.6
EMP00243,Main Terminal Restaurants,33710,30.9,2,11,Shuttle,S010,Shuttle Bus,1981,Electric,9.27
EMP00244,Airside F,33654,66.69,5,3,Carpool,V891,SUV,2007,Electric,66.69
EMP00245,Main Terminal Information Desk,33565,11.81,5,1,Train,N/A,N/A,,Electric,17.71
EMP00246,Sheltair Aviation,34224,24.98,5,1,Train,N/A,N/A,,Electric,37.47
EMP00247,Sheltair Aviation,33639,45.68,2,5,Rideshare,V552,Minivan,2003,Hybrid,10.96
EMP00248,Airside D,34220,44.26,1,1,Train,N/A,N/A,,Electric,13.28
EMP00249,Sky Connect,34445,47.82,3,1,Car,V138,Minivan,1975,Gasoline,86.08
EMP00250,Main Terminal Restaurants,34538,45.03,1,2,Rideshare,V573,Minivan,1987,Gasoline,13.51
EMP00251,Main Terminal Information Desk,34158,35.7,2,1,Train,N/A,N/A,,Electric,21.42
EMP00252,Rental Car Center,33569,5.53,5,1,Bus,N/A,N/A,,N/A,5.53
EMP00253,Airside A,34259,16.72,1,1,Bus,N/A,N/A,,N/A,3.34
EMP00254,Airside C,33580,47.61,2,1,Train,N/A,N/A,,Electric,28.57
EMP00255,Airside F,34573,42.41,4,15,Shuttle,S034,Shuttle Bus,2021,Diesel,25.45
EMP00256,Main Terminal Restaurants,34337,42.27,3,5,Rideshare,V795,Truck,2004,Gasoline,15.22
EMP00257,Sheltair Aviation,34175,34.79,3,9,Shuttle,S007,Shuttle Bus,2022,Electric,15.66
EMP00258,Airside D,34182,58.34,5,3,Rideshare,V696,Sedan,1983,Diesel,58.34
EMP00259,Main Terminal Restaurants,33673,30.1,4,3,Rideshare,V672,Truck,2004,Electric,24.08
EMP00260,Sheltair Aviation,34367,47.35,2,2,Rideshare,V118,Truck,2014,Hybrid,28.41
EMP00261,Airside D,34551,17.73,2,4,Carpool,V331,SUV,1984,Diesel,5.32
EMP00262,Airside E,33763,18.95,3,1,Car,V777,Sedan,2017,Hybrid,34.11
EMP00263,Rental Car Center,33569,6.18,5,5,Carpool,V285,SUV,2022,Diesel,3.71
EMP00264,Main Terminal Information Desk,34246,45.19,4,1,Car,V554,SUV,1994,Hybrid,108.46
EMP00265,Main Terminal Information Desk,33589,9.63,5,3,Carpool,V955,Minivan,1979,Diesel,9.63
EMP00266,Main Terminal Restaurants,34445,30.05,5,15,Shuttle,S050,Shuttle Bus,1981,Electric,22.54
EMP00267,Main Terminal & Airside Shopping,33561,10.93,5,1,Train,N/A,N/A,,Electric,16.39
EMP00268,Airside E,34012,57.94,5,3,Carpool,V756,Sedan,2012,Electric,57.94
EMP00269,Main Terminal Restaurants,34603,29.84,1,1,Train,N/A,N/A,,Electric,8.95
EMP00270,Airside C,34058,50.04,1,3,Rideshare,V625,Minivan,2021,Diesel,10.01
EMP00271,Main Terminal & Airside Shopping,34423,45.88,2,1,Car,V127,Truck,2000,Electric,55.06
EMP00272,Airside A,33597,5.78,5,1,Bus,N/A,N/A,,N/A,5.78
EMP00273,Airside F,33555,13.36,1,1,Bus,N/A,N/A,,N/A,2.67
EMP00274,Airside F,33702,67.89,3,1,Car,V910,Truck,2007,Diesel,122.2
EMP00275,Airside E,34523,16.53,3,1,Car,V877,SUV,1980,Electric,29.75
EMP00276,Main Terminal Information Desk,33662,32.74,1,1,Train,N/A,N/A,,Electric,9.82
EMP00277,Airside A,34623,42.44,2,3,Rideshare,V213,Minivan,2006,Hybrid,16.98
EMP00278,Airside F,33988,31.82,1,2,Rideshare,V754,Minivan,1989,Electric,9.55
EMP00279,Airside C,33596,21.25,4,1,Car,V835,SUV,2003,Diesel,51
EMP00280,Airside D,33553,11.82,1,1,Bus,N/A,N/A,,N/A,2.36
EMP00281,Airside F,33883,47.23,4,1,Train,N/A,N/A,,Electric,56.68
EMP00282,Sheltair Aviation,34238,60.8,1,16,Shuttle,S005,Shuttle Bus,2020,Diesel,9.12
EMP00283,Main Terminal & Airside Shopping,34348,18.6,1,1,Bus,N/A,N/A,,N/A,3.72
EMP00284,Main Terminal Restaurants,33638,53.09,1,4,Rideshare,V346,Truck,2006,Gasoline,7.96
EMP00285,Rental Car Center,33513,11.7,3,10,Shuttle,S023,Shuttle Bus,1988,Electric,5.26
EMP00286,Sheltair Aviation,33873,39.73,4,5,Carpool,V164,SUV,1991,Electric,19.07
EMP00287,Airside A,33908,58.72,2,2,Rideshare,V423,Sedan,1993,Hybrid,35.23
EMP00288,Sky Connect,33568,10.95,5,1,Bus,N/A,N/A,,N/A,10.95
EMP00289,Airside D,33544,11.5,2,1,Car,V982,Truck,2007,Gasoline,13.8
EMP00290,Sheltair Aviation,33597,5.7,3,2,Rideshare,V509,Minivan,2012,Electric,5.13
EMP00291,Main Terminal & Airside Shopping,34518,60.06,2,5,Rideshare,V916,Truck,1980,Hybrid,14.41
EMP00292,Airside C,34428,25.76,4,9,Shuttle,S039,Shuttle Bus,1985,Diesel,15.46
EMP00293,Sky Connect,33663,48.99,3,2,Rideshare,V776,Truck,1990,Hybrid,44.09
EMP00294,Airside D,33562,14.86,5,1,Bus,N/A,N/A,,N/A,14.86
EMP00295,Airside E,33565,10.41,4,13,Shuttle,S003,Shuttle Bus,1976,Electric,6.25
EMP00296,Rental Car Center,33515,10.86,3,1,Bus,N/A,N/A,,N/A,6.52
EMP00297,Airside C,34597,26.36,4,13,Shuttle,S048,Shuttle Bus,1992,Diesel,15.82
EMP00298,Airside A,33571,53.9,5,5,Carpool,V168,SUV,1994,Diesel,32.34
EMP00299,Sheltair Aviation,34661,55.78,3,5,Rideshare,V719,Sedan,2010,Diesel,20.08
EMP00300,Sheltair Aviation,33597,6.82,3,1,Bus,N/A,N/A,,N/A,4.09
EMP00301,Main Terminal Information Desk,33781,37.14,5,1,Car,V507,Truck,2010,Hybrid,111.42
EMP00302,Sheltair Aviation,33553,69.74,2,2,Rideshare,V611,SUV,1976,Electric,41.84
EMP00303,Sky Connect,34033,52.91,3,1,Car,V319,Minivan,2000,Hybrid,95.24
EMP00304,Main Terminal Information Desk,33698,27.81,1,3,Carpool,V276,Minivan,1989,Electric,5.56
EMP00305,Airside C,34211,67.96,3,18,Shuttle,S046,Shuttle Bus,1980,Diesel,30.58
EMP00306,Sky Connect,34114,40.46,3,1,Train,N/A,N/A,,Electric,36.41
EMP00307,Airside E,34240,45.18,2,20,Shuttle,S033,Shuttle Bus,2009,Diesel,13.55
EMP00308,Airside C,33571,10.47,2,3,Carpool,V469,Sedan,1984,Hybrid,4.19
EMP00309,Main Terminal Information Desk,33732,18.9,2,1,Train,N/A,N/A,,Electric,11.34
EMP00310,Airside C,34576,30.78,4,5,Rideshare,V887,Minivan,1998,Electric,14.77
EMP00311,Rental Car Center,34149,50.91,2,1,Car,V560,Sedan,1976,Electric,61.09
EMP00312,Sheltair Aviation,33762,30.53,3,1,Train,N/A,N/A,,Electric,27.48
EMP00313,Sky Connect,33827,20.16,5,10,Shuttle,S028,Shuttle Bus,1979,Diesel,15.12
EMP00314,Airside C,34185,24.97,2,1,Train,N/A,N/A,,Electric,14.98
EMP00315,Airside E,34255,29.09,3,3,Carpool,V966,Truck,1988,Gasoline,17.45
EMP00316,Airside D,33756,66.57,5,4,Carpool,V729,Truck,1996,Gasoline,49.93
EMP00317,Sky Connect,34689,43.47,2,17,Shuttle,S010,Shuttle Bus,2007,Diesel,13.04
EMP00318,Sheltair Aviation,34238,25.05,5,1,Train,N/A,N/A,,Electric,37.57
EMP00319,Rental Car Center,33518,10.43,1,1,Car,V756,Sedan,2015,Hybrid,6.26
EMP00320,Sheltair Aviation,33562,41.3,5,5,Carpool,V742,Minivan,1998,Hybrid,24.78
EMP00321,Sheltair Aviation,34394,21.17,4,3,Rideshare,V564,Truck,1990,Gasoline,16.94
EMP00322,Airside A,33569,12.23,4,5,Carpool,V308,Minivan,1974,Hybrid,5.87
EMP00323,Rental Car Center,34270,21.49,3,4,Carpool,V233,Minivan,2021,Hybrid,9.67
EMP00324,Sky Connect,34200,28.75,1,1,Train,N/A,N/A,,Electric,8.62
EMP00325,Airside F,33584,6.13,1,1,Bus,N/A,N/A,,N/A,1.23
EMP00326,Main Terminal Information Desk,33514,12.72,2,2,Carpool,V493,Truck,2012,Electric,7.63
EMP00327,Airside F,33888,53.37,3,4,Carpool,V610,SUV,1974,Electric,24.02
EMP00328,Main Terminal Information Desk,33684,42.92,4,2,Rideshare,V617,Minivan,2020,Electric,51.5
EMP00329,Airside F,33514,10.39,5,4,Carpool,V388,Sedan,2004,Electric,7.79
EMP00330,Rental Car Center,33572,19.53,4,12,Shuttle,S007,Shuttle Bus,1977,Electric,11.72
EMP00331,Airside E,34249,57.14,3,5,Rideshare,V510,Sedan,2016,Gasoline,20.57
EMP00332,Rental Car Center,34242,48.8,2,1,Train,N/A,N/A,,Electric,29.28
EMP00333,Sky Connect,33614,7.81,1,5,Rideshare,V882,Minivan,1992,Hybrid,0.94
EMP00334,Rental Car Center,33566,7.82,5,9,Shuttle,S007,Shuttle Bus,1992,Electric,5.87
EMP00335,Main Terminal Restaurants,33795,69.54,5,4,Rideshare,V716,SUV,2008,Electric,52.16
EMP00336,Sky Connect,33642,21.44,1,1,Car,V830,SUV,1990,Hybrid,12.86
EMP00337,Main Terminal Information Desk,33805,48.77,4,1,Train,N/A,N/A,,Electric,58.52
EMP00338,Rental Car Center,34171,30.92,2,1,Train,N/A,N/A,,Electric,18.55
EMP00339,Rental Car Center,34112,45.91,2,5,Rideshare,V619,Truck,1985,Electric,11.02
EMP00340,Rental Car Center,34317,24.14,4,2,Rideshare,V789,Truck,1972,Gasoline,28.97
EMP00341,Main Terminal & Airside Shopping,33554,35.1,3,1,Train,N/A,N/A,,Electric,31.59
EMP00342,Rental Car Center,34022,16.69,3,1,Bus,N/A,N/A,,N/A,10.01
EMP00343,Airside A,33849,46.05,4,1,Train,N/A,N/A,,Electric,55.26
EMP00344,Sky Connect,33598,7.95,5,20,Shuttle,S010,Shuttle Bus,1983,Diesel,5.96
EMP00345,Airside A,33890,48.35,1,1,Train,N/A,N/A,,Electric,14.5
EMP00346,Airside A,33603,6.16,3,1,Bus,N/A,N/A,,N/A,3.7
EMP00347,Airside E,33560,12.89,2,1,Bus,N/A,N/A,,N/A,5.16
EMP00348,Sky Connect,33515,14.27,4,1,Train,N/A,N/A,,Electric,17.12
EMP00349,Airside E,34228,23.43,2,1,Train,N/A,N/A,,Electric,14.06
EMP00350,Sheltair Aviation,33598,8.39,5,1,Bus,N/A,N/A,,N/A,8.39
EMP00351,Main Terminal Restaurants,34618,47.05,4,4,Carpool,V792,Truck,1979,Hybrid,28.23
EMP00352,Rental Car Center,33539,12.07,2,1,Bus,N/A,N/A,,N/A,4.83
EMP00353,Airside D,33960,33.35,3,1,Train,N/A,N/A,,Electric,30.02
EMP00354,Airside D,33548,10.05,2,5,Rideshare,V457,Minivan,2012,Hybrid,2.41
EMP00355,Airside D,34340,21.9,5,1,Car,V938,Minivan,1998,Hybrid,65.7
EMP00356,Airside E,33661,50.38,1,4,Rideshare,V552,Truck,1988,Hybrid,7.56
EMP00357,Main Terminal Information Desk,34119,23.18,2,4,Carpool,V211,SUV,1991,Diesel,6.95
EMP00358,Airside F,33962,44.18,5,1,Car,V153,SUV,2019,Gasoline,132.54
EMP00359,Main Terminal & Airside Shopping,33837,15.57,4,2,Rideshare,V663,Sedan,2017,Diesel,18.68
EMP00360,Main Terminal & Airside Shopping,33633,9.95,4,15,Shuttle,S013,Shuttle Bus,1977,Electric,5.97
EMP00361,Main Terminal Restaurants,34675,66.74,1,2,Rideshare,V647,SUV,1976,Gasoline,20.02
EMP00362,Airside E,33630,17.27,2,1,Bus,N/A,N/A,,N/A,6.91
EMP00363,Main Terminal & Airside Shopping,33545,13.36,2,1,Bus,N/A,N/A,,N/A,5.34
EMP00364,Airside A,34663,65.63,3,1,Car,V443,Sedan,2021,Hybrid,118.13
EMP00365,Main Terminal Information Desk,34511,40.85,5,16,Shuttle,S009,Shuttle Bus,1976,Electric,30.64
EMP00366,Airside D,33570,6.71,1,4,Carpool,V763,Minivan,2004,Hybrid,1.01
EMP00367,Airside E,34104,55.54,3,1,Car,V279,SUV,1989,Electric,99.97
EMP00368,Main Terminal & Airside Shopping,33677,49.49,3,1,Train,N/A,N/A,,Electric,44.54
EMP00369,Main Terminal & Airside Shopping,33525,14.78,1,10,Shuttle,S031,Shuttle Bus,1992,Electric,2.22
EMP00370,Airside F,34285,53.72,3,1,Car,V557,SUV,1996,Hybrid,96.7
EMP00371,Main Terminal Restaurants,34035,68.04,5,2,Rideshare,V809,Truck,1998,Diesel,102.06
EMP00372,Airside A,34128,41.99,1,15,Shuttle,S011,Shuttle Bus,2004,Electric,6.3
EMP00373,Sheltair Aviation,33787,28.75,3,1,Train,N/A,N/A,,Electric,25.88
EMP00374,Sheltair Aviation,33948,31.96,3,3,Rideshare,V589,SUV,1972,Diesel,19.18
EMP00375,Main Terminal Information Desk,33603,5.89,5,13,Shuttle,S045,Shuttle Bus,1977,Electric,4.42
EMP00376,Sky Connect,34006,49.96,2,20,Shuttle,S044,Shuttle Bus,1976,Diesel,14.99
EMP00377,Sky Connect,34303,24.99,5,1,Bus,N/A,N/A,,N/A,24.99
EMP00378,Airside C,33626,49.87,1,1,Train,N/A,N/A,,Electric,14.96
EMP00379,Sky Connect,34672,32.22,2,1,Train,N/A,N/A,,Electric,19.33
EMP00380,Sky Connect,34565,54.98,2,4,Carpool,V219,Minivan,2008,Diesel,16.49
EMP00381,Rental Car Center,34608,20.14,1,1,Bus,N/A,N/A,,N/A,4.03
EMP00382,Main Terminal Information Desk,33817,29.56,4,1,Car,V567,Minivan,1992,Gasoline,70.94
EMP00383,Sky Connect,33510,14.01,3,1,Bus,N/A,N/A,,N/A,8.41
EMP00384,Main Terminal & Airside Shopping,33517,13.4,1,3,Rideshare,V533,Sedan,2022,Hybrid,2.68
EMP00385,Airside C,33704,20.99,1,1,Train,N/A,N/A,,Electric,6.3
EMP00386,Main Terminal Information Desk,34393,18.47,3,1,Car,V887,SUV,1972,Diesel,33.25
EMP00387,Sheltair Aviation,34283,48.66,4,13,Shuttle,S029,Shuttle Bus,2003,Electric,29.2
EMP00388,Main Terminal & Airside Shopping,33567,8.05,5,1,Car,V221,Truck,2002,Diesel,24.15
EMP00389,Sky Connect,33566,7.27,5,1,Bus,N/A,N/A,,N/A,7.27
EMP00390,Airside F,34111,48.65,1,1,Car,V789,Minivan,2005,Electric,29.19
EMP00391,Sky Connect,33539,14.52,2,1,Bus,N/A,N/A,,N/A,5.81
EMP00392,Main Terminal Information Desk,33886,59.04,2,4,Rideshare,V132,Sedan,2021,Electric,17.71
EMP00393,Rental Car Center,33922,60.39,2,1,Car,V203,Sedan,2015,Gasoline,72.47
EMP00394,Main Terminal Information Desk,34001,32.44,1,1,Train,N/A,N/A,,Electric,9.73
EMP00395,Airside A,34042,22.53,4,1,Bus,N/A,N/A,,N/A,18.02
EMP00396,Sky Connect,34531,31.23,1,3,Carpool,V339,Truck,2019,Hybrid,6.25
EMP00397,Rental Car Center,34032,29.2,3,1,Train,N/A,N/A,,Electric,26.28
EMP00398,Airside D,34346,32.33,5,3,Carpool,V381,Truck,2008,Gasoline,32.33
EMP00399,Sky Connect,34374,34.81,2,1,Train,N/A,N/A,,Electric,20.89
EMP00400,Sky Connect,34261,19.08,1,1,Bus,N/A,N/A,,N/A,3.82
EMP00401,Sheltair Aviation,34630,18.84,4,20,Shuttle,S021,Shuttle Bus,2009,Electric,11.3
EMP00402,Main Terminal & Airside Shopping,33876,45.12,3,5,Carpool,V346,Minivan,2005,Diesel,16.24
EMP00403,Airside D,34495,27.79,2,20,Shuttle,S004,Shuttle Bus,2005,Electric,8.34
EMP00404,Main Terminal & Airside Shopping,33774,35.47,5,1,Train,N/A,N/A,,Electric,53.2
EMP00405,Main Terminal & Airside Shopping,34176,41.06,3,3,Carpool,V560,Sedan,2022,Hybrid,24.64
EMP00406,Airside C,33605,46.17,2,1,Train,N/A,N/A,,Electric,27.7
EMP00407,Airside D,33513,11.97,5,1,Bus,N/A,N/A,,N/A,11.97
EMP00408,Airside C,34481,38.41,5,3,Carpool,V990,SUV,1995,Hybrid,38.41
EMP00409,Airside D,33889,64.18,2,1,Car,V864,Sedan,2001,Electric,77.02
EMP00410,Airside F,33918,45.44,5,19,Shuttle,S026,Shuttle Bus,2022,Diesel,34.08
EMP00411,Sky Connect,34454,50.35,3,5,Rideshare,V415,Truck,2000,Hybrid,18.13
EMP00412,Main Terminal Restaurants,34510,15.88,4,1,Train,N/A,N/A,,Electric,19.06
EMP00413,Airside C,34155,65.23,4,20,Shuttle,S014,Shuttle Bus,1981,Electric,39.14
EMP00414,Main Terminal Restaurants,34016,20.38,1,1,Bus,N/A,N/A,,N/A,4.08
EMP00415,Airside E,33620,9.31,3,1,Car,V402,Minivan,1976,Diesel,16.76
EMP00416,Airside F,34666,68.7,2,5,Rideshare,V611,SUV,1973,Hybrid,16.49
EMP00417,Airside D,33566,11.58,4,1,Bus,N/A,N/A,,N/A,9.26
EMP00418,Airside E,33786,46.17,3,10,Shuttle,S047,Shuttle Bus,2019,Electric,20.78
EMP00419,Airside E,34636,23.66,1,1,Train,N/A,N/A,,Electric,7.1
EMP00420,Airside A,33513,39.92,1,1,Car,V240,Minivan,1994,Diesel,23.95
EMP00421,Airside C,33535,13.32,2,8,Shuttle,S033,Shuttle Bus,2002,Electric,4
EMP00422,Main Terminal Restaurants,34489,31.02,5,1,Car,V116,Minivan,1987,Gasoline,93.06
EMP00423,Sky Connect,33524,35.63,4,1,Train,N/A,N/A,,Electric,42.76
EMP00424,Airside A,34143,17.28,3,1,Train,N/A,N/A,,Electric,15.55
EMP00425,Airside A,33930,23.83,4,1,Train,N/A,N/A,,Electric,28.6
EMP00426,Airside C,33804,63.29,5,1,Car,V296,SUV,1974,Hybrid,189.87
EMP00427,Main Terminal Restaurants,34264,38.49,4,2,Rideshare,V570,Minivan,2003,Diesel,46.19
EMP00428,Airside F,33747,16.2,1,2,Rideshare,V488,Minivan,2022,Electric,4.86
EMP00429,Sky Connect,33631,5.82,1,1,Bus,N/A,N/A,,N/A,1.16
EMP00430,Airside A,34579,15.98,2,9,Shuttle,S028,Shuttle Bus,1999,Electric,4.79
EMP00431,Rental Car Center,33634,27.6,5,1,Car,V316,SUV,1993,Electric,82.8
EMP00432,Airside D,33543,10.77,1,1,Car,V283,Sedan,1972,Hybrid,6.46
EMP00433,Airside A,34315,39.74,5,3,Carpool,V406,Sedan,1983,Diesel,39.74
EMP00434,Rental Car Center,34235,18.41,5,5,Carpool,V873,Minivan,2005,Diesel,11.05
EMP00435,Airside C,33665,15.15,3,1,Train,N/A,N/A,,Electric,13.63
EMP00436,Airside C,33517,11.6,2,1,Bus,N/A,N/A,,N/A,4.64
EMP00437,Main Terminal Restaurants,34375,22.86,5,1,Train,N/A,N/A,,Electric,34.29
EMP00438,Main Terminal Restaurants,33565,11,3,1,Car,V333,Minivan,2018,Hybrid,19.8
EMP00439,Sky Connect,33936,17.56,4,1,Bus,N/A,N/A,,N/A,14.05
EMP00440,Sheltair Aviation,33518,13.27,4,1,Train,N/A,N/A,,Electric,15.92
EMP00441,Rental Car Center,33668,61.78,2,2,Rideshare,V257,Truck,2019,Electric,37.07
EMP00442,Sheltair Aviation,33596,8.97,4,4,Carpool,V193,Sedan,1997,Gasoline,5.38
EMP00443,Airside D,34115,22.37,3,1,Bus,N/A,N/A,,N/A,13.42
EMP00444,Airside C,33563,10.49,1,3,Carpool,V670,Minivan,2006,Electric,2.1
EMP00445,Airside C,34280,16.99,1,1,Car,V711,Sedan,1986,Hybrid,10.19
EMP00446,Main Terminal & Airside Shopping,34347,39.88,3,1,Car,V897,Minivan,1993,Gasoline,71.78
EMP00447,Sky Connect,34342,20.35,5,3,Carpool,V242,SUV,1999,Hybrid,20.35
EMP00448,Airside D,33676,28.98,4,3,Rideshare,V545,SUV,1995,Hybrid,23.18
EMP00449,Main Terminal & Airside Shopping,34239,51.83,4,2,Rideshare,V352,Truck,1997,Electric,62.2
EMP00450,Rental Car Center,33566,11.47,2,1,Train,N/A,N/A,,Electric,6.88
EMP00451,Airside C,34373,21.41,3,2,Carpool,V961,Truck,1978,Electric,19.27
EMP00452,Main Terminal Restaurants,34437,18.74,3,1,Bus,N/A,N/A,,N/A,11.24
EMP00453,Sheltair Aviation,34115,43.78,2,1,Train,N/A,N/A,,Electric,26.27
EMP00454,Main Terminal Restaurants,34481,39.98,2,1,Train,N/A,N/A,,Electric,23.99
EMP00455,Main Terminal Restaurants,33587,6.98,4,4,Carpool,V689,Minivan,1989,Diesel,4.19
EMP00456,Main Terminal Restaurants,33558,13.95,3,1,Bus,N/A,N/A,,N/A,8.37
EMP00457,Main Terminal Restaurants,33909,39.62,5,1,Car,V798,SUV,1986,Gasoline,118.86
EMP00458,Main Terminal Information Desk,33545,11.82,2,15,Shuttle,S045,Shuttle Bus,2008,Diesel,3.55
EMP00459,Main Terminal & Airside Shopping,34176,16.85,4,10,Shuttle,S016,Shuttle Bus,2010,Electric,10.11
EMP00460,Sheltair Aviation,33698,25.94,4,5,Carpool,V712,Minivan,2010,Electric,12.45
EMP00461,Rental Car Center,33614,6.78,5,1,Bus,N/A,N/A,,N/A,6.78
EMP00462,Main Terminal & Airside Shopping,34236,31.41,1,1,Train,N/A,N/A,,Electric,9.42
EMP00463,Sky Connect,33779,19.33,1,1,Train,N/A,N/A,,Electric,5.8
EMP00464,Airside F,33637,27.29,3,10,Shuttle,S037,Shuttle Bus,1996,Electric,12.28
EMP00465,Main Terminal Restaurants,33577,18.58,1,1,Bus,N/A,N/A,,N/A,3.72
EMP00466,Airside C,34412,56.3,2,3,Rideshare,V500,Truck,2016,Electric,22.52
EMP00467,Sheltair Aviation,33855,29.18,5,1,Train,N/A,N/A,,Electric,43.77
EMP00468,Main Terminal Restaurants,33714,42.97,4,1,Car,V525,Truck,1993,Gasoline,103.13
EMP00469,Airside C,34138,43.14,2,13,Shuttle,S022,Shuttle Bus,1979,Electric,12.94
EMP00470,Airside F,34213,33.46,4,1,Train,N/A,N/A,,Electric,40.15
EMP00471,Main Terminal Information Desk,34426,41.69,4,1,Car,V168,Truck,2013,Hybrid,100.06
EMP00472,Airside A,34265,23.45,1,8,Shuttle,S042,Shuttle Bus,1977,Diesel,3.52
EMP00473,Sheltair Aviation,34630,63.48,2,3,Carpool,V438,SUV,2005,Electric,25.39
EMP00474,Main Terminal Information Desk,33944,20.88,4,3,Carpool,V505,Minivan,2016,Gasoline,16.7
EMP00475,Rental Car Center,34343,26.47,4,5,Carpool,V821,Sedan,2004,Diesel,12.71
EMP00476,Airside F,33618,5.49,1,2,Rideshare,V474,SUV,1992,Hybrid,1.65
EMP00477,Airside F,33583,8.06,1,1,Bus,N/A,N/A,,N/A,1.61
EMP00478,Sheltair Aviation,33631,9.92,5,1,Bus,N/A,N/A,,N/A,9.92
EMP00479,Main Terminal Restaurants,34359,16.43,4,1,Train,N/A,N/A,,Electric,19.72
EMP00480,Rental Car Center,34276,17.13,3,1,Car,V732,Minivan,2001,Diesel,30.83
EMP00481,Sheltair Aviation,33729,16.27,3,17,Shuttle,S044,Shuttle Bus,1980,Diesel,7.32
EMP00482,Main Terminal Restaurants,33547,10.22,2,1,Car,V287,Sedan,2022,Hybrid,12.26
EMP00483,Airside E,33561,10.73,4,1,Train,N/A,N/A,,Electric,12.88
EMP00484,Rental Car Center,34366,50.3,5,5,Carpool,V598,SUV,1995,Diesel,30.18
EMP00485,Sky Connect,33525,12.28,4,4,Carpool,V422,SUV,1973,Electric,7.37
EMP00486,Rental Car Center,33519,42.44,3,1,Car,V239,Minivan,1982,Diesel,76.39
EMP00487,Main Terminal & Airside Shopping,34513,44.62,5,1,Train,N/A,N/A,,Electric,66.93
EMP00488,Main Terminal & Airside Shopping,34409,58.11,4,14,Shuttle,S032,Shuttle Bus,2020,Diesel,34.87
EMP00489,Airside C,33998,29.63,1,1,Train,N/A,N/A,,Electric,8.89
EMP00490,Airside D,33960,51.99,3,1,Car,V272,Truck,1973,Electric,93.58
EMP00491,Rental Car Center,34546,41.19,4,16,Shuttle,S008,Shuttle Bus,1979,Diesel,24.71
EMP00492,Airside D,34657,29.06,3,1,Train,N/A,N/A,,Electric,26.15
EMP00493,Airside A,33947,59.51,4,16,Shuttle,S028,Shuttle Bus,1976,Diesel,35.71
EMP00494,Sheltair Aviation,34477,17.16,3,2,Carpool,V456,Truck,1975,Gasoline,15.44
EMP00495,Main Terminal Information Desk,33929,32.65,2,1,Car,V981,Truck,2004,Electric,39.18
EMP00496,Airside E,33923,39.45,2,1,Train,N/A,N/A,,Electric,23.67
EMP00497,Airside F,34218,39.44,5,1,Car,V711,Truck,1972,Diesel,118.32
EMP00498,Main Terminal Restaurants,34672,44.69,3,12,Shuttle,S018,Shuttle Bus,2009,Diesel,20.11
EMP00499,Airside E,34123,16.62,1,1,Bus,N/A,N/A,,N/A,3.32
EMP00500,Sheltair Aviation,33855,15.03,2,3,Carpool,V948,Truck,2007,Diesel,6.01
EMP00501,Sheltair Aviation,33526,11.41,4,1,Bus,N/A,N/A,,N/A,9.13
EMP00502,Rental Car Center,34348,43.6,3,18,Shuttle,S025,Shuttle Bus,1977,Electric,19.62
EMP00503,Airside C,34602,26.88,1,14,Shuttle,S048,Shuttle Bus,1981,Electric,4.03
EMP00504,Main Terminal Restaurants,34226,15.97,4,1,Bus,N/A,N/A,,N/A,12.78
EMP00505,Rental Car Center,34438,40.68,1,1,Car,V970,Truck,1973,Gasoline,24.41
EMP00506,Sky Connect,33562,11.45,2,1,Bus,N/A,N/A,,N/A,4.58
EMP00507,Airside F,34224,21.2,3,1,Bus,N/A,N/A,,N/A,12.72
EMP00508,Airside D,34556,21.55,5,3,Rideshare,V798,Truck,2008,Gasoline,21.55
EMP00509,Airside A,33552,5.18,4,1,Car,V978,Sedan,1980,Diesel,12.43
EMP00510,Main Terminal Information Desk,34432,16.91,1,1,Bus,N/A,N/A,,N/A,3.38
EMP00511,Airside F,34118,35.65,2,18,Shuttle,S011,Shuttle Bus,2006,Electric,10.69
EMP00512,Airside C,33715,27.68,3,12,Shuttle,S024,Shuttle Bus,2020,Diesel,12.46
EMP00513,Airside A,34042,22.01,3,1,Bus,N/A,N/A,,N/A,13.21
EMP00514,Main Terminal & Airside Shopping,33694,53.49,1,19,Shuttle,S001,Shuttle Bus,2021,Diesel,8.02
EMP00515,Main Terminal Information Desk,33536,13.08,2,1,Car,V109,Minivan,1982,Gasoline,15.7
EMP00516,Main Terminal Restaurants,33770,65.99,4,1,Car,V172,Minivan,1983,Diesel,158.38
EMP00517,Main Terminal & Airside Shopping,33758,29.65,1,1,Car,V476,Truck,1972,Hybrid,17.79
EMP00518,Airside E,33848,19.82,2,1,Bus,N/A,N/A,,N/A,7.93
EMP00519,Airside C,33517,32.98,5,1,Train,N/A,N/A,,Electric,49.47
EMP00520,Rental Car Center,34219,59.72,2,15,Shuttle,S047,Shuttle Bus,1979,Diesel,17.92
EMP00521,Sheltair Aviation,34406,58.82,2,14,Shuttle,S014,Shuttle Bus,2008,Diesel,17.65
EMP00522,Airside C,34275,18.11,1,5,Carpool,V422,Minivan,2001,Diesel,2.17
EMP00523,Airside F,34633,58.63,1,3,Rideshare,V897,Truck,2008,Gasoline,11.73
EMP00524,Sheltair Aviation,34302,57.95,2,3,Rideshare,V761,Truck,1985,Gasoline,23.18
EMP00525,Airside F,33786,15.46,4,1,Bus,N/A,N/A,,N/A,12.37
EMP00526,Airside F,33517,12.18,5,1,Bus,N/A,N/A,,N/A,12.18
EMP00527,Sky Connect,34148,62.02,3,1,Car,V496,SUV,1996,Electric,111.64
EMP00528,Main Terminal Restaurants,34464,37.32,2,1,Train,N/A,N/A,,Electric,22.39
EMP00529,Airside C,33638,34.38,5,1,Car,V368,Sedan,2011,Diesel,103.14
EMP00530,Airside A,34584,29.5,4,1,Car,V743,Truck,2022,Electric,70.8
EMP00531,Main Terminal & Airside Shopping,34598,45.57,4,9,Shuttle,S035,Shuttle Bus,2004,Diesel,27.34
EMP00532,Airside D,33661,53.59,3,1,Car,V927,SUV,1986,Diesel,96.46
EMP00533,Sky Connect,34135,42.54,4,2,Rideshare,V847,Minivan,1988,Diesel,51.05
EMP00534,Airside A,33737,63.47,1,5,Carpool,V726,Minivan,1973,Gasoline,7.62
EMP00535,Airside D,33525,40.33,2,9,Shuttle,S046,Shuttle Bus,2011,Diesel,12.1
EMP00536,Airside A,34627,19.89,4,4,Carpool,V270,Truck,2010,Hybrid,11.93
EMP00537,Airside E,33523,12.6,3,19,Shuttle,S050,Shuttle Bus,1977,Diesel,5.67
EMP00538,Main Terminal Restaurants,33575,11.66,3,1,Bus,N/A,N/A,,N/A,7
EMP00539,Airside C,34516,52.49,5,2,Rideshare,V623,Minivan,2013,Hybrid,78.73
EMP00540,Airside A,33571,7.79,5,1,Bus,N/A,N/A,,N/A,7.79
EMP00541,Main Terminal Restaurants,34675,56.61,3,2,Carpool,V333,Sedan,2000,Gasoline,50.95
EMP00542,Airside A,33594,37.2,2,1,Car,V472,Minivan,2001,Electric,44.64
EMP00543,Airside E,33959,63.1,1,5,Carpool,V354,Truck,2007,Electric,7.57
EMP00544,Main Terminal Restaurants,33744,69.85,1,4,Rideshare,V283,Sedan,2004,Diesel,10.48
EMP00545,Sky Connect,33641,50.95,4,1,Car,V986,Minivan,1998,Hybrid,122.28
EMP00546,Airside D,33516,53.36,1,5,Rideshare,V305,Truck,1975,Hybrid,6.4
EMP00547,Rental Car Center,34450,42.04,5,3,Rideshare,V705,Truck,1981,Electric,42.04
EMP00548,Airside F,34002,37.11,5,20,Shuttle,S010,Shuttle Bus,1981,Diesel,27.83
EMP00549,Main Terminal & Airside Shopping,34656,27.24,2,1,Car,V751,Truck,2009,Gasoline,32.69
EMP00550,Main Terminal Restaurants,34129,39.87,4,1,Car,V310,Sedan,2018,Diesel,95.69
EMP00551,Main Terminal & Airside Shopping,33854,21.93,1,1,Bus,N/A,N/A,,N/A,4.39
EMP00552,Airside D,33537,13.29,1,1,Car,V817,Minivan,1986,Hybrid,7.97
EMP00553,Main Terminal Information Desk,33695,56.82,1,17,Shuttle,S033,Shuttle Bus,1976,Diesel,8.52
EMP00554,Sheltair Aviation,33515,14.73,1,1,Bus,N/A,N/A,,N/A,2.95
EMP00555,Main Terminal & Airside Shopping,34097,31.58,2,11,Shuttle,S017,Shuttle Bus,2016,Electric,9.47
EMP00556,Main Terminal & Airside Shopping,34427,51.8,3,13,Shuttle,S018,Shuttle Bus,2002,Diesel,23.31
EMP00557,Airside C,33818,43.9,2,2,Carpool,V268,Sedan,2007,Electric,26.34
EMP00558,Main Terminal Information Desk,34597,40.28,4,2,Rideshare,V888,Truck,2014,Diesel,48.34
EMP00559,Main Terminal Information Desk,33745,43.94,4,4,Rideshare,V261,Sedan,1991,Hybrid,26.36
EMP00560,Rental Car Center,34227,16.8,2,1,Car,V193,SUV,1981,Diesel,20.16
EMP00561,Main Terminal Restaurants,33514,11.85,5,1,Bus,N/A,N/A,,N/A,11.85
EMP00562,Sheltair Aviation,33619,19.78,3,3,Rideshare,V975,Minivan,1994,Electric,11.87
EMP00563,Sky Connect,33693,35.03,5,11,Shuttle,S030,Shuttle Bus,2017,Diesel,26.27
EMP00564,Airside E,33626,44.97,1,1,Car,V233,SUV,1997,Diesel,26.98
EMP00565,Main Terminal & Airside Shopping,33653,43.1,1,4,Rideshare,V166,Sedan,1989,Diesel,6.46
EMP00566,Sheltair Aviation,33744,17.23,2,1,Bus,N/A,N/A,,N/A,6.89
EMP00567,Main Terminal Restaurants,33609,6.18,1,1,Car,V272,Sedan,2014,Electric,3.71
EMP00568,Main Terminal & Airside Shopping,34346,23.64,1,1,Bus,N/A,N/A,,N/A,4.73
EMP00569,Sheltair Aviation,34280,16.3,2,1,Bus,N/A,N/A,,N/A,6.52
EMP00570,Airside F,34413,50.28,3,4,Carpool,V135,SUV,2008,Diesel,22.63
EMP00571,Sheltair Aviation,34627,50.97,4,5,Rideshare,V162,Minivan,2013,Gasoline,24.47
EMP00572,Airside D,34421,20.42,2,1,Bus,N/A,N/A,,N/A,8.17
EMP00573,Airside F,34660,29.34,5,11,Shuttle,S002,Shuttle Bus,1980,Electric,22
EMP00574,Main Terminal Restaurants,33570,13.48,5,1,Bus,N/A,N/A,,N/A,13.48
EMP00575,Main Terminal Restaurants,34158,39.46,5,1,Train,N/A,N/A,,Electric,59.19
EMP00576,Main Terminal & Airside Shopping,34153,65.73,2,2,Rideshare,V130,SUV,1993,Hybrid,39.44
EMP00577,Airside A,34295,23.21,5,1,Bus,N/A,N/A,,N/A,23.21
EMP00578,Rental Car Center,33539,12.98,2,2,Carpool,V372,SUV,2008,Gasoline,7.79
EMP00579,Airside F,34226,49.39,4,1,Train,N/A,N/A,,Electric,59.27
EMP00580,Airside E,34234,59.53,2,4,Carpool,V820,Sedan,1994,Hybrid,17.86
EMP00581,Rental Car Center,34653,46.83,2,1,Train,N/A,N/A,,Electric,28.1
EMP00582,Airside F,34195,22.4,5,1,Bus,N/A,N/A,,N/A,22.4
EMP00583,Airside E,33740,15.38,1,1,Bus,N/A,N/A,,N/A,3.08
EMP00584,Airside A,33540,43.43,5,3,Carpool,V100,Minivan,1992,Hybrid,43.43
EMP00585,Rental Car Center,33910,29.65,2,4,Carpool,V160,Truck,1980,Gasoline,8.89
EMP00586,Airside E,33783,18.22,2,1,Train,N/A,N/A,,Electric,10.93
EMP00587,Sky Connect,34310,56.21,1,4,Rideshare,V444,Sedan,1997,Hybrid,8.43
EMP00588,Main Terminal Restaurants,34544,26.68,2,5,Carpool,V278,Truck,1996,Hybrid,6.4
EMP00589,Airside F,34274,61.13,5,10,Shuttle,S020,Shuttle Bus,2009,Electric,45.85
EMP00590,Airside E,33613,27.51,1,5,Carpool,V716,SUV,1989,Hybrid,3.3
EMP00591,Rental Car Center,34516,36.25,5,2,Carpool,V439,SUV,1998,Gasoline,54.38
EMP00592,Airside F,33681,34.39,3,3,Rideshare,V557,Truck,2014,Gasoline,20.63
EMP00593,Airside D,33594,7.14,2,2,Carpool,V905,Truck,2022,Gasoline,4.28
EMP00594,Airside A,34460,21.13,4,1,Car,V270,Minivan,1996,Electric,50.71
EMP00595,Main Terminal Information Desk,33577,14.97,3,1,Bus,N/A,N/A,,N/A,8.98
EMP00596,Main Terminal & Airside Shopping,34683,32.23,4,1,Car,V266,SUV,1995,Electric,77.35
EMP00597,Airside C,33588,25.25,3,1,Car,V367,Truck,2000,Gasoline,45.45
EMP00598,Airside C,33829,42.74,2,5,Rideshare,V660,Sedan,1993,Gasoline,10.26
EMP00599,Main Terminal Restaurants,34544,18.8,5,1,Train,N/A,N/A,,Electric,28.2
EMP00600,Airside A,33627,9.25,2,1,Bus,N/A,N/A,,N/A,3.7
EMP00601,Main Terminal & Airside Shopping,34178,38.49,1,2,Carpool,V294,SUV,1988,Electric,11.55
EMP00602,Sky Connect,34076,67.47,5,12,Shuttle,S020,Shuttle Bus,2020,Diesel,50.6
EMP00603,Airside C,34670,41.22,4,1,Car,V257,Minivan,1993,Gasoline,98.93
EMP00604,Main Terminal Restaurants,33519,10.55,4,1,Car,V943,Truck,2011,Electric,25.32
EMP00605,Airside F,33923,37.64,1,1,Car,V753,SUV,1972,Hybrid,22.58
EMP00606,Airside C,33547,11.2,1,1,Bus,N/A,N/A,,N/A,2.24
EMP00607,Main Terminal & Airside Shopping,33541,12.95,4,1,Bus,N/A,N/A,,N/A,10.36
EMP00608,Airside C,33878,32.74,5,14,Shuttle,S024,Shuttle Bus,1990,Electric,24.56
EMP00609,Main Terminal Restaurants,34086,27.71,4,2,Carpool,V576,Minivan,2001,Hybrid,33.25
EMP00610,Airside F,33865,17.39,5,2,Rideshare,V187,Sedan,2016,Hybrid,26.08
EMP00611,Sky Connect,33537,12.55,5,1,Bus,N/A,N/A,,N/A,12.55
EMP00612,Sky Connect,34570,59.38,4,1,Car,V648,Minivan,1990,Electric,142.51
EMP00613,Rental Car Center,33560,9.27,4,4,Carpool,V974,Minivan,1985,Gasoline,5.56
EMP00614,Sky Connect,34670,38.56,5,1,Train,N/A,N/A,,Electric,57.84
EMP00615,Sheltair Aviation,33746,31.11,2,1,Train,N/A,N/A,,Electric,18.67
EMP00616,Main Terminal Information Desk,33894,39.74,2,3,Carpool,V143,SUV,2020,Electric,15.9
EMP00617,Airside C,33802,31.05,4,11,Shuttle,S039,Shuttle Bus,2009,Electric,18.63
EMP00618,Main Terminal Restaurants,34294,54.75,1,9,Shuttle,S036,Shuttle Bus,1975,Electric,8.21
EMP00619,Sky Connect,33581,16.83,3,5,Rideshare,V215,Minivan,2000,Electric,6.06
EMP00620,Airside E,33563,9.91,5,2,Carpool,V904,Sedan,1974,Hybrid,14.86
EMP00621,Sky Connect,34331,29.27,4,4,Rideshare,V685,Minivan,1981,Electric,17.56
EMP00622,Airside A,33794,63.33,3,5,Carpool,V139,Minivan,2005,Electric,22.8
EMP00623,Main Terminal Restaurants,34473,31.57,2,8,Shuttle,S018,Shuttle Bus,1994,Electric,9.47
EMP00624,Airside A,34074,68.63,3,4,Rideshare,V978,Minivan,2003,Gasoline,30.88
EMP00625,Airside F,34157,51.54,3,5,Carpool,V846,Truck,2000,Electric,18.55
EMP00626,Rental Car Center,34404,31.52,1,11,Shuttle,S014,Shuttle Bus,1974,Electric,4.73
EMP00627,Main Terminal Information Desk,33671,19.24,3,1,Train,N/A,N/A,,Electric,17.32
EMP00628,Sky Connect,34537,48.67,1,4,Carpool,V238,Minivan,1979,Gasoline,7.3
EMP00629,Airside E,33539,11.77,2,2,Carpool,V567,Sedan,2018,Gasoline,7.06
EMP00630,Main Terminal Restaurants,34254,42.01,2,12,Shuttle,S030,Shuttle Bus,2022,Electric,12.6
EMP00631,Sheltair Aviation,33995,47.43,1,1,Car,V600,Truck,2018,Electric,28.46
EMP00632,Airside E,34272,19.42,5,1,Bus,N/A,N/A,,N/A,19.42
EMP00633,Main Terminal Restaurants,34083,57.35,3,2,Carpool,V495,Sedan,1995,Gasoline,51.61
EMP00634,Airside E,33953,38.89,2,1,Train,N/A,N/A,,Electric,23.33
EMP00635,Sheltair Aviation,34338,60.62,2,4,Carpool,V985,Sedan,2014,Gasoline,18.19
EMP00636,Main Terminal Information Desk,33958,67.57,2,2,Carpool,V722,Truck,2008,Hybrid,40.54
EMP00637,Sheltair Aviation,33552,14.17,4,5,Rideshare,V358,Minivan,1985,Diesel,6.8
EMP00638,Main Terminal Information Desk,33772,24.05,5,5,Rideshare,V623,Sedan,2019,Hybrid,14.43
EMP00639,Sky Connect,33544,10.65,5,17,Shuttle,S020,Shuttle Bus,1981,Diesel,7.99
EMP00640,Main Terminal Information Desk,33543,10.56,3,1,Car,V982,Truck,1994,Hybrid,19.01
EMP00641,Airside D,33807,60.13,3,11,Shuttle,S034,Shuttle Bus,2019,Diesel,27.06
EMP00642,Airside A,34210,17.26,4,1,Train,N/A,N/A,,Electric,20.71
EMP00643,Sheltair Aviation,34105,42.9,1,5,Carpool,V528,Truck,1989,Electric,5.15
EMP00644,Main Terminal & Airside Shopping,34671,63.02,1,17,Shuttle,S013,Shuttle Bus,2018,Electric,9.45
EMP00645,Airside F,34474,45.61,5,18,Shuttle,S043,Shuttle Bus,1982,Electric,34.21
EMP00646,Sky Connect,34164,21.86,2,3,Rideshare,V582,Sedan,1973,Diesel,8.74
EMP00647,Airside D,33921,28.6,5,20,Shuttle,S044,Shuttle Bus,1983,Electric,21.45
EMP00648,Sheltair Aviation,34227,58.99,2,1,Car,V862,SUV,2008,Hybrid,70.79
EMP00649,Main Terminal & Airside Shopping,34699,31.61,3,4,Rideshare,V574,Truck,2001,Gasoline,14.22
EMP00650,Main Terminal Information Desk,33692,28.58,5,1,Car,V299,Minivan,2015,Gasoline,85.74
EMP00651,Sheltair Aviation,33588,9.39,5,1,Bus,N/A,N/A,,N/A,9.39
EMP00652,Main Terminal & Airside Shopping,33781,68.35,2,1,Car,V450,SUV,2015,Electric,82.02
EMP00653,Rental Car Center,33590,7.8,2,1,Bus,N/A,N/A,,N/A,3.12
EMP00654,Airside E,34181,61.45,4,1,Car,V420,SUV,2017,Gasoline,147.48
EMP00655,Airside A,33534,14.42,3,1,Bus,N/A,N/A,,N/A,8.65
EMP00656,Airside E,34558,17.28,2,1,Train,N/A,N/A,,Electric,10.37
EMP00657,Airside C,34379,36.51,5,5,Carpool,V539,Minivan,1988,Electric,21.91
EMP00658,Main Terminal & Airside Shopping,33971,22.46,1,1,Car,V114,Truck,2011,Hybrid,13.48
EMP00659,Sky Connect,34009,50.42,1,2,Carpool,V810,SUV,1996,Hybrid,15.13
EMP00660,Airside D,34593,21.76,1,5,Carpool,V271,Truck,1993,Gasoline,2.61
EMP00661,Airside A,34565,59.27,3,5,Rideshare,V544,Truck,1975,Diesel,21.34
EMP00662,Main Terminal Restaurants,33574,7.65,3,1,Bus,N/A,N/A,,N/A,4.59
EMP00663,Airside E,34030,23.01,1,1,Bus,N/A,N/A,,N/A,4.6
EMP00664,Airside F,33544,49.93,2,11,Shuttle,S038,Shuttle Bus,2008,Diesel,14.98
EMP00665,Airside C,33631,6.2,1,5,Rideshare,V889,Truck,1989,Gasoline,0.74
EMP00666,Rental Car Center,33540,39.43,1,1,Car,V806,Sedan,2013,Gasoline,23.66
EMP00667,Main Terminal & Airside Shopping,33809,16.53,4,1,Bus,N/A,N/A,,N/A,13.22
EMP00668,Sky Connect,33983,22.81,4,3,Rideshare,V408,Sedan,1988,Electric,18.25
EMP00669,Sheltair Aviation,34052,31.34,5,1,Car,V528,SUV,2009,Gasoline,94.02
EMP00670,Sky Connect,34078,58.93,5,9,Shuttle,S008,Shuttle Bus,1994,Diesel,44.2
EMP00671,Main Terminal Information Desk,33541,11.93,5,3,Carpool,V466,SUV,1993,Electric,11.93
EMP00672,Airside D,33534,13.9,1,5,Carpool,V438,Minivan,2002,Diesel,1.67
EMP00673,Airside A,33726,61.8,1,1,Car,V252,Minivan,2011,Gasoline,37.08
EMP00674,Sky Connect,34087,21.3,1,1,Car,V567,SUV,2016,Hybrid,12.78
EMP00675,Airside D,33760,18.3,1,1,Bus,N/A,N/A,,N/A,3.66
EMP00676,Airside E,34293,16.4,3,1,Car,V536,Truck,2016,Gasoline,29.52
EMP00677,Airside C,33783,59.48,1,1,Car,V436,SUV,1992,Hybrid,35.69
EMP00678,Main Terminal Information Desk,33737,25.33,3,1,Train,N/A,N/A,,Electric,22.8
EMP00679,Main Terminal Restaurants,34320,38.73,2,2,Rideshare,V567,Minivan,1973,Hybrid,23.24
EMP00680,Main Terminal & Airside Shopping,34419,15.81,4,20,Shuttle,S042,Shuttle Bus,2014,Diesel,9.49
EMP00681,Airside C,33768,16.98,1,3,Carpool,V704,Minivan,2007,Electric,3.4
EMP00682,Rental Car Center,34277,55.11,4,10,Shuttle,S050,Shuttle Bus,2000,Electric,33.07
EMP00683,Rental Car Center,34489,30.3,2,1,Car,V215,Minivan,2011,Electric,36.36
EMP00684,Main Terminal Information Desk,34035,33.42,1,1,Car,V112,Truck,2007,Diesel,20.05
EMP00685,Sheltair Aviation,34386,51.74,5,2,Rideshare,V593,SUV,2010,Hybrid,77.61
EMP00686,Sheltair Aviation,34643,44.68,4,10,Shuttle,S040,Shuttle Bus,2005,Diesel,26.81
EMP00687,Airside A,34461,30.78,2,16,Shuttle,S032,Shuttle Bus,1995,Diesel,9.23
EMP00688,Airside C,34056,23.74,3,1,Bus,N/A,N/A,,N/A,14.24
EMP00689,Main Terminal Restaurants,34627,52.62,1,3,Rideshare,V512,Minivan,2004,Diesel,10.52
EMP00690,Airside C,33565,10.4,4,1,Bus,N/A,N/A,,N/A,8.32
EMP00691,Airside C,34203,15.8,4,1,Bus,N/A,N/A,,N/A,12.64
EMP00692,Airside C,33563,8.24,1,1,Bus,N/A,N/A,,N/A,1.65
EMP00693,Main Terminal & Airside Shopping,33563,21.83,1,1,Bus,N/A,N/A,,N/A,4.37
EMP00694,Airside C,34123,43.86,5,1,Train,N/A,N/A,,Electric,65.79
EMP00695,Sky Connect,34434,48.21,2,1,Train,N/A,N/A,,Electric,28.93
EMP00696,Main Terminal Restaurants,34486,15.05,1,3,Rideshare,V673,Truck,1980,Electric,3.01
EMP00697,Sheltair Aviation,33699,55.11,4,2,Rideshare,V102,SUV,1980,Hybrid,66.13
EMP00698,Main Terminal Restaurants,33616,9.88,3,16,Shuttle,S024,Shuttle Bus,1988,Diesel,4.45
EMP00699,Airside A,34338,31.83,4,3,Carpool,V360,Sedan,2014,Diesel,25.46
EMP00700,Airside F,33941,43.89,4,1,Car,V944,Minivan,1996,Diesel,105.34
EMP00701,Main Terminal Restaurants,33658,21.02,4,1,Car,V890,Sedan,1974,Electric,50.45
EMP00702,Main Terminal Information Desk,33525,10.05,5,16,Shuttle,S032,Shuttle Bus,2015,Diesel,7.54
EMP00703,Sky Connect,34386,50.16,1,16,Shuttle,S038,Shuttle Bus,2001,Electric,7.52
EMP00704,Sky Connect,33566,5.34,5,3,Carpool,V496,Sedan,1983,Hybrid,5.34
EMP00705,Sky Connect,33539,12.22,4,1,Bus,N/A,N/A,,N/A,9.78
EMP00706,Airside D,33587,6.83,3,1,Bus,N/A,N/A,,N/A,4.1
EMP00707,Main Terminal Information Desk,34549,64.63,2,5,Carpool,V963,Truck,1988,Hybrid,15.51
EMP00708,Sky Connect,33929,66.77,2,11,Shuttle,S040,Shuttle Bus,2020,Electric,20.03
EMP00709,Sheltair Aviation,34587,17.03,2,3,Rideshare,V827,Truck,1987,Gasoline,6.81
EMP00710,Main Terminal Restaurants,34693,44.92,4,1,Train,N/A,N/A,,Electric,53.9
EMP00711,Rental Car Center,34593,52.59,4,18,Shuttle,S019,Shuttle Bus,1992,Electric,31.55
EMP00712,Airside A,33551,40.36,1,1,Train,N/A,N/A,,Electric,12.11
EMP00713,Main Terminal & Airside Shopping,33909,52.07,1,2,Carpool,V868,Truck,1987,Diesel,15.62
EMP00714,Airside D,33627,60.2,3,10,Shuttle,S045,Shuttle Bus,1996,Electric,27.09
EMP00715,Airside F,34234,46.13,1,1,Train,N/A,N/A,,Electric,13.84
EMP00716,Main Terminal Information Desk,34650,47.03,5,1,Car,V860,SUV,1997,Electric,141.09
EMP00717,Airside F,33514,12.06,3,1,Train,N/A,N/A,,Electric,10.85
EMP00718,Main Terminal & Airside Shopping,34196,18.4,4,1,Bus,N/A,N/A,,N/A,14.72
EMP00719,Sky Connect,33582,7.87,1,1,Car,V735,SUV,1987,Electric,4.72
EMP00720,Airside F,34619,65.14,3,20,Shuttle,S048,Shuttle Bus,1994,Diesel,29.31
EMP00721,Airside F,33652,41.13,4,3,Rideshare,V277,SUV,1993,Gasoline,32.9
EMP00722,Main Terminal & Airside Shopping,34071,64.51,4,1,Car,V233,Truck,1985,Diesel,154.82
EMP00723,Rental Car Center,33567,12.83,1,4,Rideshare,V140,SUV,1978,Diesel,1.92
EMP00724,Main Terminal Restaurants,34179,21.89,1,1,Train,N/A,N/A,,Electric,6.57
EMP00725,Main Terminal Information Desk,34233,46.98,5,1,Train,N/A,N/A,,Electric,70.47
EMP00726,Airside C,33950,68.12,3,16,Shuttle,S012,Shuttle Bus,1994,Diesel,30.65
EMP00727,Sky Connect,33688,56.7,4,5,Carpool,V326,Truck,2002,Diesel,27.22
EMP00728,Sheltair Aviation,34101,61.03,3,4,Rideshare,V870,SUV,2010,Electric,27.46
EMP00729,Sky Connect,34208,34.58,1,9,Shuttle,S029,Shuttle Bus,2013,Diesel,5.19
EMP00730,Sheltair Aviation,33999,35.78,5,1,Train,N/A,N/A,,Electric,53.67
EMP00731,Airside A,33732,47.26,3,14,Shuttle,S025,Shuttle Bus,1995,Electric,21.27
EMP00732,Sky Connect,34614,19.95,3,8,Shuttle,S050,Shuttle Bus,2016,Electric,8.98
EMP00733,Sky Connect,33570,13.08,4,1,Train,N/A,N/A,,Electric,15.7
EMP00734,Airside A,34552,50.26,2,4,Rideshare,V198,Sedan,2011,Diesel,15.08
EMP00735,Sky Connect,33681,27.64,1,1,Train,N/A,N/A,,Electric,8.29
EMP00736,Airside F,34368,31.29,2,18,Shuttle,S007,Shuttle Bus,2010,Diesel,9.39
EMP00737,Sky Connect,33694,25.49,4,18,Shuttle,S048,Shuttle Bus,2020,Diesel,15.29
EMP00738,Airside A,33633,15.77,3,1,Bus,N/A,N/A,,N/A,9.46
EMP00739,Airside C,33864,48.01,1,1,Car,V671,Truck,1984,Gasoline,28.81
EMP00740,Rental Car Center,34294,45.68,3,5,Carpool,V745,Minivan,1987,Electric,16.44
EMP00741,Main Terminal & Airside Shopping,33742,32.74,1,5,Rideshare,V756,Sedan,2015,Gasoline,3.93
EMP00742,Rental Car Center,34295,20.14,1,1,Car,V396,Sedan,2006,Hybrid,12.08
EMP00743,Rental Car Center,34396,61.56,3,1,Car,V504,Minivan,2001,Gasoline,110.81
EMP00744,Main Terminal Information Desk,33567,5.02,5,3,Carpool,V915,Minivan,1984,Hybrid,5.02
EMP00745,Sheltair Aviation,33522,39.38,3,4,Carpool,V226,SUV,2003,Gasoline,17.72
EMP00746,Airside A,34307,47.3,5,1,Train,N/A,N/A,,Electric,70.95
EMP00747,Sky Connect,33547,12.8,1,1,Train,N/A,N/A,,Electric,3.84
EMP00748,Airside F,33602,5.62,3,11,Shuttle,S042,Shuttle Bus,2000,Diesel,2.53
EMP00749,Airside E,33897,54.87,2,4,Carpool,V285,Sedan,2000,Gasoline,16.46
EMP00750,Sky Connect,33559,5.75,5,1,Bus,N/A,N/A,,N/A,5.75
EMP00751,Airside D,33701,36.19,1,12,Shuttle,S013,Shuttle Bus,1987,Electric,5.43
EMP00752,Main Terminal Restaurants,33704,61.79,2,3,Rideshare,V734,Truck,2018,Gasoline,24.72
EMP00753,Airside F,34172,30.89,4,5,Rideshare,V810,Truck,2001,Diesel,14.83
EMP00754,Rental Car Center,34194,26.71,3,1,Train,N/A,N/A,,Electric,24.04
EMP00755,Main Terminal & Airside Shopping,34004,32.39,1,4,Carpool,V829,SUV,1976,Electric,4.86
EMP00756,Airside D,34482,52.6,2,4,Rideshare,V556,Minivan,2020,Hybrid,15.78
EMP00757,Airside D,33563,7.21,5,1,Bus,N/A,N/A,,N/A,7.21
EMP00758,Airside E,34121,28.05,5,9,Shuttle,S009,Shuttle Bus,2001,Diesel,21.04
EMP00759,Airside D,33654,60.43,1,19,Shuttle,S002,Shuttle Bus,1989,Diesel,9.06
EMP00760,Rental Car Center,33991,19.34,4,1,Train,N/A,N/A,,Electric,23.21
EMP00761,Airside A,33577,11.68,3,1,Train,N/A,N/A,,Electric,10.51
EMP00762,Sky Connect,33596,5.36,2,1,Bus,N/A,N/A,,N/A,2.14
EMP00763,Main Terminal & Airside Shopping,33774,69.2,5,4,Carpool,V613,Minivan,1980,Gasoline,51.9
EMP00764,Main Terminal & Airside Shopping,33538,12.12,5,2,Rideshare,V875,SUV,1995,Diesel,18.18
EMP00765,Main Terminal Information Desk,33569,13.09,2,3,Carpool,V141,Truck,2008,Diesel,5.24
EMP00766,Main Terminal Information Desk,34256,56.11,1,4,Carpool,V143,SUV,2014,Diesel,8.42
EMP00767,Sky Connect,34431,43.26,4,5,Rideshare,V140,Sedan,2010,Hybrid,20.76
EMP00768,Airside C,34060,62.14,5,18,Shuttle,S048,Shuttle Bus,2017,Electric,46.6
EMP00769,Rental Car Center,33856,34.03,5,1,Train,N/A,N/A,,Electric,51.05
EMP00770,Main Terminal & Airside Shopping,33659,63.74,4,13,Shuttle,S034,Shuttle Bus,2005,Electric,38.24
EMP00771,Main Terminal & Airside Shopping,34278,15.86,5,5,Carpool,V598,Truck,1975,Electric,9.52
EMP00772,Rental Car Center,33847,20.06,5,1,Car,V269,Minivan,1991,Diesel,60.18
EMP00773,Airside C,33933,43.51,3,1,Train,N/A,N/A,,Electric,39.16
EMP00774,Airside E,33798,19.99,2,4,Carpool,V524,SUV,2022,Hybrid,6
EMP00775,Airside C,34537,15.25,4,1,Bus,N/A,N/A,,N/A,12.2
EMP00776,Airside F,34397,19.23,2,1,Train,N/A,N/A,,Electric,11.54
EMP00777,Airside A,33885,16.47,1,3,Carpool,V744,SUV,1997,Gasoline,3.29
EMP00778,Rental Car Center,33583,7.39,1,3,Carpool,V629,SUV,1974,Electric,1.48
EMP00779,Rental Car Center,34080,43.05,1,1,Train,N/A,N/A,,Electric,12.91
EMP00780,Airside C,34486,57.05,4,5,Carpool,V324,SUV,2018,Electric,27.38
EMP00781,Rental Car Center,34602,19.06,5,3,Carpool,V271,Truck,1980,Hybrid,19.06
EMP00782,Main Terminal Information Desk,33640,47.11,5,1,Train,N/A,N/A,,Electric,70.66
EMP00783,Airside F,33833,24.9,4,1,Bus,N/A,N/A,,N/A,19.92
EMP00784,Airside C,34626,16.3,2,1,Car,V946,Minivan,2013,Diesel,19.56
EMP00785,Rental Car Center,34474,38.49,2,1,Car,V998,Sedan,1989,Gasoline,46.19
EMP00786,Airside C,33558,18.92,2,1,Bus,N/A,N/A,,N/A,7.57
EMP00787,Sheltair Aviation,33561,15,4,16,Shuttle,S024,Shuttle Bus,2003,Diesel,9
EMP00788,Sky Connect,33569,14.27,2,1,Bus,N/A,N/A,,N/A,5.71
EMP00789,Main Terminal & Airside Shopping,34371,45.49,5,2,Rideshare,V360,SUV,2018,Electric,68.23
EMP00790,Airside F,33626,7.27,3,1,Car,V363,Minivan,1975,Diesel,13.09
EMP00791,Airside A,34570,42.71,1,17,Shuttle,S008,Shuttle Bus,2005,Diesel,6.41
EMP00792,Main Terminal & Airside Shopping,34146,34.73,2,19,Shuttle,S027,Shuttle Bus,1974,Electric,10.42
EMP00793,Airside C,34098,22.74,4,4,Carpool,V678,Minivan,2000,Hybrid,13.64
EMP00794,Rental Car Center,34346,62.77,4,3,Rideshare,V283,Minivan,1996,Hybrid,50.22
EMP00795,Sky Connect,34019,44.09,4,1,Train,N/A,N/A,,Electric,52.91
EMP00796,Airside D,33558,11.42,3,1,Train,N/A,N/A,,Electric,10.28
EMP00797,Airside E,34017,26.39,1,19,Shuttle,S029,Shuttle Bus,1996,Diesel,3.96
EMP00798,Airside C,34193,40.81,5,5,Carpool,V264,Sedan,2005,Electric,24.49
EMP00799,Sheltair Aviation,33797,31.55,1,1,Car,V714,Minivan,1986,Electric,18.93
EMP00800,Airside C,33578,5.33,3,1,Car,V181,Truck,1976,Gasoline,9.59
EMP00801,Main Terminal & Airside Shopping,33633,5.98,5,1,Bus,N/A,N/A,,N/A,5.98
EMP00802,Sky Connect,33858,39.62,5,2,Rideshare,V549,Minivan,2008,Gasoline,59.43
EMP00803,Airside F,33954,19.31,5,12,Shuttle,S003,Shuttle Bus,1984,Diesel,14.48
EMP00804,Rental Car Center,33989,63.14,1,4,Carpool,V261,Sedan,1984,Gasoline,9.47
EMP00805,Airside D,34372,22.02,3,1,Bus,N/A,N/A,,N/A,13.21
EMP00806,Main Terminal & Airside Shopping,34607,29.81,2,1,Train,N/A,N/A,,Electric,17.89
EMP00807,Airside A,34625,36.24,1,9,Shuttle,S019,Shuttle Bus,2000,Electric,5.44
EMP00808,Main Terminal Restaurants,34431,63.92,2,3,Rideshare,V688,Minivan,1974,Gasoline,25.57
EMP00809,Airside D,34691,27.61,4,2,Carpool,V615,Sedan,2005,Hybrid,33.13
EMP00810,Main Terminal Restaurants,34027,40.35,5,1,Car,V810,Truck,1984,Electric,121.05
EMP00811,Main Terminal & Airside Shopping,34061,20.68,4,1,Train,N/A,N/A,,Electric,24.82
EMP00812,Main Terminal Restaurants,33619,22.57,4,1,Bus,N/A,N/A,,N/A,18.06
EMP00813,Main Terminal Information Desk,33638,56.83,3,1,Car,V748,Minivan,2011,Diesel,102.29
EMP00814,Sheltair Aviation,34209,20.94,2,20,Shuttle,S027,Shuttle Bus,2019,Electric,6.28
EMP00815,Sky Connect,34039,38.33,1,1,Train,N/A,N/A,,Electric,11.5
EMP00816,Airside F,34200,59.41,1,5,Rideshare,V667,Sedan,1996,Diesel,7.13
EMP00817,Main Terminal Information Desk,34674,65.46,3,3,Rideshare,V287,Truck,2007,Diesel,39.28
EMP00818,Main Terminal Information Desk,33995,45.21,2,11,Shuttle,S017,Shuttle Bus,2009,Diesel,13.56
EMP00819,Airside F,33875,17.3,2,4,Carpool,V222,Sedan,1976,Gasoline,5.19
EMP00820,Sheltair Aviation,33513,62.26,4,17,Shuttle,S049,Shuttle Bus,2022,Diesel,37.36
EMP00821,Main Terminal Information Desk,34508,62.14,5,4,Rideshare,V602,Truck,2013,Diesel,46.6
EMP00822,Sky Connect,33524,13.38,4,3,Rideshare,V638,Sedan,2014,Electric,10.7
EMP00823,Main Terminal Information Desk,34585,19.15,1,1,Train,N/A,N/A,,Electric,5.74
EMP00824,Main Terminal Restaurants,34499,23.17,2,1,Bus,N/A,N/A,,N/A,9.27
EMP00825,Airside C,33590,5.07,5,15,Shuttle,S045,Shuttle Bus,1973,Diesel,3.8
EMP00826,Airside A,34689,59.09,2,14,Shuttle,S007,Shuttle Bus,2000,Electric,17.73
EMP00827,Main Terminal Restaurants,33946,20.35,3,1,Train,N/A,N/A,,Electric,18.32
EMP00828,Sky Connect,34521,17.55,2,4,Rideshare,V474,Truck,1984,Diesel,5.26
EMP00829,Main Terminal Information Desk,34414,17.34,2,1,Bus,N/A,N/A,,N/A,6.94
EMP00830,Main Terminal Restaurants,34423,68.78,4,4,Rideshare,V685,SUV,1988,Diesel,41.27
EMP00831,Rental Car Center,33542,12.53,2,9,Shuttle,S016,Shuttle Bus,2005,Electric,3.76
EMP00832,Main Terminal & Airside Shopping,34468,46.21,2,3,Carpool,V280,Sedan,1995,Electric,18.48
EMP00833,Main Terminal Information Desk,34496,58.21,5,4,Carpool,V356,Truck,2019,Gasoline,43.66
EMP00834,Main Terminal & Airside Shopping,33515,11.95,2,1,Car,V933,SUV,2001,Hybrid,14.34
EMP00835,Main Terminal Information Desk,33592,6.2,1,15,Shuttle,S017,Shuttle Bus,2012,Electric,0.93
EMP00836,Main Terminal Restaurants,34027,48.52,5,1,Train,N/A,N/A,,Electric,72.78
EMP00837,Main Terminal Restaurants,33795,27.22,4,1,Car,V988,Truck,1986,Diesel,65.33
EMP00838,Rental Car Center,33857,47.28,5,1,Train,N/A,N/A,,Electric,70.92
EMP00839,Airside D,33565,11.66,3,5,Rideshare,V490,Sedan,1975,Hybrid,4.2
EMP00840,Main Terminal Information Desk,34246,16.29,2,10,Shuttle,S027,Shuttle Bus,2007,Electric,4.89
EMP00841,Airside C,33593,9.41,2,1,Car,V421,SUV,1998,Hybrid,11.29
EMP00842,Sheltair Aviation,34111,15.81,3,5,Rideshare,V899,Minivan,1983,Hybrid,5.69
EMP00843,Rental Car Center,33560,12.69,4,1,Train,N/A,N/A,,Electric,15.23
EMP00844,Airside E,33980,42.84,1,3,Carpool,V861,Truck,1972,Gasoline,8.57
EMP00845,Airside F,33562,8.76,4,2,Carpool,V999,Sedan,1989,Electric,10.51
EMP00846,Sky Connect,34313,61.65,1,1,Car,V206,Sedan,2018,Hybrid,36.99
EMP00847,Rental Car Center,34133,67.98,1,5,Carpool,V353,SUV,2007,Hybrid,8.16
EMP00848,Main Terminal Information Desk,34578,47.09,2,10,Shuttle,S011,Shuttle Bus,1983,Diesel,14.13
EMP00849,Airside A,33610,6.6,3,13,Shuttle,S030,Shuttle Bus,1982,Electric,2.97
EMP00850,Sky Connect,33925,21.43,2,1,Bus,N/A,N/A,,N/A,8.57
EMP00851,Rental Car Center,34453,24.87,4,1,Train,N/A,N/A,,Electric,29.84
EMP00852,Sky Connect,34211,58.22,5,12,Shuttle,S031,Shuttle Bus,1982,Diesel,43.66
EMP00853,Airside C,34305,18.67,3,1,Bus,N/A,N/A,,N/A,11.2
EMP00854,Main Terminal & Airside Shopping,33521,33.98,2,4,Rideshare,V635,Sedan,2017,Diesel,10.19
EMP00855,Main Terminal Restaurants,34507,35.46,4,2,Rideshare,V406,Minivan,1975,Gasoline,42.55
EMP00856,Main Terminal & Airside Shopping,33514,32.7,5,3,Rideshare,V293,Truck,1984,Electric,32.7
EMP00857,Sky Connect,34074,22.08,4,1,Bus,N/A,N/A,,N/A,17.66
EMP00858,Airside E,33951,39.26,4,14,Shuttle,S017,Shuttle Bus,2000,Diesel,23.56
EMP00859,Main Terminal & Airside Shopping,34056,50.09,2,16,Shuttle,S019,Shuttle Bus,2003,Electric,15.03
EMP00860,Main Terminal & Airside Shopping,33525,10.35,1,3,Carpool,V213,Truck,1985,Electric,2.07
EMP00861,Rental Car Center,33629,9.6,3,1,Bus,N/A,N/A,,N/A,5.76
EMP00862,Main Terminal Information Desk,33527,13.54,3,2,Carpool,V647,Sedan,1974,Gasoline,12.19
EMP00863,Airside E,34051,66.81,3,1,Car,V832,SUV,2015,Electric,120.26
EMP00864,Airside A,33551,7.03,1,3,Carpool,V322,Minivan,2000,Hybrid,1.41
EMP00865,Main Terminal & Airside Shopping,34449,66.34,4,4,Rideshare,V438,Sedan,1987,Gasoline,39.8
EMP00866,Airside E,34303,60.73,3,1,Car,V656,Sedan,1991,Electric,109.31
EMP00867,Airside E,33525,30.84,3,5,Carpool,V886,Sedan,1976,Diesel,11.1
EMP00868,Main Terminal & Airside Shopping,33631,24.68,2,1,Bus,N/A,N/A,,N/A,9.87
EMP00869,Airside F,33574,13.19,1,1,Bus,N/A,N/A,,N/A,2.64
EMP00870,Sheltair Aviation,34139,63.12,4,5,Carpool,V262,Truck,1986,Gasoline,30.3
EMP00871,Sky Connect,34018,39.83,1,1,Train,N/A,N/A,,Electric,11.95
EMP00872,Main Terminal Information Desk,34294,18.02,3,11,Shuttle,S004,Shuttle Bus,2020,Diesel,8.11
EMP00873,Airside C,33530,47.36,4,4,Carpool,V913,SUV,1983,Hybrid,28.42
EMP00874,Rental Car Center,33997,41.58,4,1,Car,V143,Sedan,2015,Electric,99.79
EMP00875,Rental Car Center,34009,35.76,3,2,Carpool,V611,SUV,1979,Gasoline,32.18
EMP00876,Sheltair Aviation,33678,16.37,3,1,Train,N/A,N/A,,Electric,14.73
EMP00877,Airside A,33813,18.24,2,2,Rideshare,V338,Minivan,2000,Hybrid,10.94
EMP00878,Sky Connect,34398,55.48,3,20,Shuttle,S047,Shuttle Bus,1986,Diesel,24.97
EMP00879,Airside A,33775,34.49,4,13,Shuttle,S017,Shuttle Bus,2021,Diesel,20.69
EMP00880,Main Terminal Information Desk,34103,54.47,4,16,Shuttle,S035,Shuttle Bus,1974,Electric,32.68
EMP00881,Airside F,34613,41.87,2,1,Train,N/A,N/A,,Electric,25.12
EMP00882,Main Terminal Restaurants,33891,24.12,4,4,Rideshare,V643,Sedan,1995,Diesel,14.47
EMP00883,Main Terminal Information Desk,34429,64.86,3,4,Rideshare,V894,Sedan,1974,Electric,29.19
EMP00884,Airside E,34301,17.05,5,1,Car,V428,SUV,1986,Gasoline,51.15
EMP00885,Sheltair Aviation,33935,29.26,4,1,Train,N/A,N/A,,Electric,35.11
EMP00886,Sky Connect,33578,12.63,4,20,Shuttle,S010,Shuttle Bus,1988,Electric,7.58
EMP00887,Main Terminal Restaurants,33782,17.15,3,1,Bus,N/A,N/A,,N/A,10.29
EMP00888,Airside C,33645,19.9,1,1,Train,N/A,N/A,,Electric,5.97
EMP00889,Airside E,33719,41.3,1,3,Carpool,V296,Minivan,2019,Gasoline,8.26
EMP00890,Airside A,34550,29.66,4,1,Train,N/A,N/A,,Electric,35.59
EMP00891,Sky Connect,33540,12.57,5,1,Train,N/A,N/A,,Electric,18.86
EMP00892,Airside A,33526,42.83,2,2,Rideshare,V771,SUV,1973,Electric,25.7
EMP00893,Airside C,34302,20.95,1,1,Bus,N/A,N/A,,N/A,4.19
EMP00894,Sky Connect,33666,25.17,4,13,Shuttle,S040,Shuttle Bus,1984,Electric,15.1
EMP00895,Sky Connect,33546,14.72,1,1,Car,V321,Sedan,1992,Gasoline,8.83
EMP00896,Airside C,33599,9.71,2,16,Shuttle,S013,Shuttle Bus,1989,Diesel,2.91
EMP00897,Sky Connect,33866,36.2,2,17,Shuttle,S036,Shuttle Bus,2002,Electric,10.86
EMP00898,Airside C,34439,51.92,5,13,Shuttle,S045,Shuttle Bus,1982,Electric,38.94
EMP00899,Airside C,34533,50.17,2,5,Carpool,V773,Truck,2004,Diesel,12.04
EMP00900,Sky Connect,34221,48.11,4,1,Train,N/A,N/A,,Electric,57.73
EMP00901,Main Terminal Restaurants,34261,46.31,3,1,Train,N/A,N/A,,Electric,41.68
EMP00902,Main Terminal & Airside Shopping,34162,52.08,4,19,Shuttle,S039,Shuttle Bus,2022,Diesel,31.25
EMP00903,Rental Car Center,33556,14.2,2,1,Train,N/A,N/A,,Electric,8.52
EMP00904,Sky Connect,34489,20.73,3,13,Shuttle,S029,Shuttle Bus,2017,Electric,9.33
EMP00905,Airside A,33510,14.26,1,12,Shuttle,S034,Shuttle Bus,1987,Diesel,2.14
EMP00906,Airside D,33954,36.35,3,1,Car,V976,SUV,1999,Hybrid,65.43
EMP00907,Airside A,34547,50.66,3,16,Shuttle,S036,Shuttle Bus,1981,Diesel,22.8
EMP00908,Airside C,34228,55.43,4,1,Car,V241,SUV,2021,Hybrid,133.03
EMP00909,Main Terminal Restaurants,34040,23.06,2,1,Train,N/A,N/A,,Electric,13.84
EMP00910,Airside D,34665,38.65,1,5,Rideshare,V851,SUV,2004,Gasoline,4.64
EMP00911,Main Terminal Restaurants,34562,22.65,2,1,Bus,N/A,N/A,,N/A,9.06
EMP00912,Rental Car Center,33546,10.36,5,1,Car,V848,Sedan,1984,Electric,31.08
EMP00913,Airside C,33552,10.11,3,1,Car,V526,Minivan,1993,Gasoline,18.2
EMP00914,Airside F,34330,25.94,5,8,Shuttle,S004,Shuttle Bus,2009,Electric,19.45
EMP00915,Sky Connect,34605,41.89,3,1,Car,V434,SUV,2017,Diesel,75.4
EMP00916,Airside E,34412,50.06,4,1,Car,V327,Sedan,1986,Electric,120.14
EMP00917,Airside D,33566,9,2,1,Bus,N/A,N/A,,N/A,3.6
EMP00918,Main Terminal Restaurants,33656,15.89,4,1,Car,V368,Minivan,2020,Gasoline,38.14
EMP00919,Main Terminal & Airside Shopping,33767,48.06,4,1,Train,N/A,N/A,,Electric,57.67
EMP00920,Airside E,33575,7.48,5,1,Bus,N/A,N/A,,N/A,7.48
EMP00921,Main Terminal Information Desk,33964,22.92,5,1,Bus,N/A,N/A,,N/A,22.92
EMP00922,Sky Connect,34004,33.79,5,1,Train,N/A,N/A,,Electric,50.68
EMP00923,Airside F,34380,45.08,3,1,Car,V801,Truck,2002,Gasoline,81.14
EMP00924,Airside C,34248,40.18,4,14,Shuttle,S023,Shuttle Bus,2021,Diesel,24.11
EMP00925,Main Terminal Restaurants,34124,65.79,5,2,Rideshare,V458,SUV,1979,Electric,98.69
EMP00926,Rental Car Center,33978,51.42,4,2,Carpool,V801,SUV,1991,Hybrid,61.7
EMP00927,Airside E,33658,27.06,1,9,Shuttle,S016,Shuttle Bus,1978,Diesel,4.06
EMP00928,Airside D,33727,47.95,3,1,Car,V560,Truck,1987,Electric,86.31
EMP00929,Airside A,33917,40.59,2,3,Rideshare,V661,Truck,1993,Electric,16.24
EMP00930,Rental Car Center,33537,34.4,2,19,Shuttle,S025,Shuttle Bus,1974,Diesel,10.32
EMP00931,Airside D,33575,7.65,1,4,Carpool,V154,Truck,2013,Electric,1.15
EMP00932,Sheltair Aviation,34295,33.51,1,1,Car,V778,Truck,1989,Hybrid,20.11
EMP00933,Airside C,33633,8.92,3,1,Car,V336,Minivan,1994,Electric,16.06
EMP00934,Sky Connect,34492,47.27,1,13,Shuttle,S039,Shuttle Bus,1996,Diesel,7.09
EMP00935,Airside E,34648,61.67,5,5,Carpool,V140,Sedan,1990,Diesel,37
EMP00936,Sky Connect,34305,68.43,3,5,Rideshare,V118,SUV,2007,Hybrid,24.63
EMP00937,Sheltair Aviation,33983,53.38,3,4,Rideshare,V931,Truck,2000,Gasoline,24.02
EMP00938,Sheltair Aviation,34636,56.33,4,2,Rideshare,V330,Truck,2003,Diesel,67.6
EMP00939,Main Terminal Restaurants,33519,14.96,2,1,Bus,N/A,N/A,,N/A,5.98
EMP00940,Main Terminal & Airside Shopping,33965,32.21,5,1,Train,N/A,N/A,,Electric,48.31
EMP00941,Main Terminal & Airside Shopping,34373,51.75,5,3,Carpool,V719,Truck,1993,Hybrid,51.75
EMP00942,Main Terminal Information Desk,33986,23.29,2,1,Train,N/A,N/A,,Electric,13.97
EMP00943,Sheltair Aviation,33782,40.26,5,3,Carpool,V805,Truck,1974,Diesel,40.26
EMP00944,Main Terminal & Airside Shopping,33548,10.3,5,3,Carpool,V670,Sedan,2022,Gasoline,10.3
EMP00945,Airside E,34152,49.21,2,2,Rideshare,V521,Minivan,2000,Hybrid,29.53
EMP00946,Main Terminal Information Desk,33884,32.2,3,10,Shuttle,S007,Shuttle Bus,1986,Diesel,14.49
EMP00947,Airside E,34109,21.75,5,1,Car,V710,SUV,1983,Diesel,65.25
EMP00948,Airside F,33718,16.32,1,13,Shuttle,S045,Shuttle Bus,1992,Electric,2.45
EMP00949,Airside E,34460,39.09,5,1,Train,N/A,N/A,,Electric,58.64
EMP00950,Sheltair Aviation,34506,53.28,2,5,Rideshare,V240,Minivan,1991,Diesel,12.79
EMP00951,Airside F,33530,45.87,1,5,Carpool,V522,Truck,1999,Diesel,5.5
EMP00952,Sheltair Aviation,33909,29.12,2,2,Carpool,V987,Minivan,1991,Electric,17.47
EMP00953,Main Terminal Restaurants,34431,15.1,2,1,Bus,N/A,N/A,,N/A,6.04
EMP00954,Main Terminal & Airside Shopping,34279,40.31,5,1,Car,V503,Truck,2022,Gasoline,120.93
EMP00955,Sky Connect,34435,42.61,4,1,Car,V998,Sedan,2007,Diesel,102.26
EMP00956,Sky Connect,33513,11.18,4,1,Train,N/A,N/A,,Electric,13.42
EMP00957,Sky Connect,33514,12.91,5,1,Bus,N/A,N/A,,N/A,12.91
EMP00958,Airside F,34123,44.4,4,5,Rideshare,V572,Truck,1986,Diesel,21.31
EMP00959,Main Terminal & Airside Shopping,34558,63.55,5,2,Rideshare,V574,SUV,1977,Electric,95.32
EMP00960,Airside C,33868,47.58,5,9,Shuttle,S050,Shuttle Bus,2022,Diesel,35.68
EMP00961,Main Terminal & Airside Shopping,34479,16.85,3,1,Bus,N/A,N/A,,N/A,10.11
EMP00962,Airside A,34431,64.3,4,3,Carpool,V356,Sedan,1983,Hybrid,51.44
EMP00963,Sheltair Aviation,33800,29.95,2,19,Shuttle,S006,Shuttle Bus,1989,Diesel,8.98
EMP00964,Main Terminal Information Desk,34572,46.05,3,9,Shuttle,S046,Shuttle Bus,1986,Electric,20.72
EMP00965,Sky Connect,34331,19.43,2,1,Train,N/A,N/A,,Electric,11.66
EMP00966,Sky Connect,33912,20.52,1,1,Bus,N/A,N/A,,N/A,4.1
EMP00967,Main Terminal Restaurants,33879,26.21,2,1,Train,N/A,N/A,,Electric,15.73
EMP00968,Airside E,34130,44.12,1,5,Carpool,V847,Truck,2013,Electric,5.29
EMP00969,Airside D,33832,20.44,2,9,Shuttle,S013,Shuttle Bus,1985,Diesel,6.13
EMP00970,Rental Car Center,34519,38.32,1,5,Rideshare,V656,Minivan,2008,Gasoline,4.6
EMP00971,Rental Car Center,34007,22.09,2,1,Bus,N/A,N/A,,N/A,8.84
EMP00972,Rental Car Center,34339,37,4,15,Shuttle,S029,Shuttle Bus,2018,Diesel,22.2
EMP00973,Rental Car Center,34001,33.72,1,1,Train,N/A,N/A,,Electric,10.12
EMP00974,Sky Connect,33600,42.66,5,3,Rideshare,V251,SUV,1991,Gasoline,42.66
EMP00975,Sheltair Aviation,33566,43.54,1,3,Rideshare,V439,Truck,1977,Gasoline,8.71
EMP00976,Airside A,33865,47.39,4,1,Car,V788,SUV,1996,Hybrid,113.74
EMP00977,Rental Car Center,34651,68.01,5,17,Shuttle,S012,Shuttle Bus,1973,Electric,51.01
EMP00978,Rental Car Center,34112,60.77,1,2,Rideshare,V477,Truck,1976,Electric,18.23
EMP00979,Airside C,33516,11.5,5,1,Bus,N/A,N/A,,N/A,11.5
EMP00980,Airside D,33812,20.47,2,1,Bus,N/A,N/A,,N/A,8.19
EMP00981,Airside D,33575,13.51,5,5,Rideshare,V812,SUV,2016,Diesel,8.11
EMP00982,Rental Car Center,34646,20.41,1,1,Car,V595,Sedan,2002,Hybrid,12.25
EMP00983,Main Terminal & Airside Shopping,34087,19.44,3,1,Train,N/A,N/A,,Electric,17.5
EMP00984,Sky Connect,33553,12.94,5,1,Train,N/A,N/A,,Electric,19.41
EMP00985,Airside E,34572,16.79,5,1,Train,N/A,N/A,,Electric,25.18
EMP00986,Sky Connect,33868,38.79,4,15,Shuttle,S040,Shuttle Bus,1981,Diesel,23.27
EMP00987,Airside D,33549,48.51,1,2,Carpool,V740,Minivan,2012,Gasoline,14.55
EMP00988,Airside F,34394,27.24,4,1,Train,N/A,N/A,,Electric,32.69
EMP00989,Airside A,33586,21.17,3,3,Rideshare,V806,SUV,2014,Hybrid,12.7
EMP00990,Airside D,34114,66.66,3,1,Car,V885,Truck,1991,Gasoline,119.99
EMP00991,Airside C,34358,29.66,3,13,Shuttle,S047,Shuttle Bus,2014,Diesel,13.35
EMP00992,Airside E,34481,52.87,3,4,Carpool,V916,Minivan,2008,Gasoline,23.79
EMP00993,Sheltair Aviation,34443,39.68,4,3,Carpool,V573,Truck,2020,Electric,31.74
EMP00994,Airside A,34657,43.77,3,1,Train,N/A,N/A,,Electric,39.39
EMP00995,Sheltair Aviation,33926,57.37,5,2,Rideshare,V918,Truck,1999,Hybrid,86.05
EMP00996,Airside C,34194,61.17,3,2,Carpool,V741,Minivan,1977,Diesel,55.05
EMP00997,Rental Car Center,33939,18.23,4,1,Train,N/A,N/A,,Electric,21.88
EMP00998,Rental Car Center,33548,12.27,3,1,Car,V378,Sedan,2021,Electric,22.09
EMP00999,Airside C,34324,24.73,2,1,Bus,N/A,N/A,,N/A,9.89
EMP01000,Main Terminal Information Desk,33530,12.99,2,4,Rideshare,V483,Sedan,2008,Gasoline,3.9
EMP01001,Airside F,34536,65.88,4,1,Car,V918,Sedan,2000,Electric,158.11
EMP01002,Sky Connect,34490,46.6,2,4,Carpool,V894,Truck,2006,Hybrid,13.98
EMP01003,Airside E,33771,34.39,5,1,Car,V841,SUV,1976,Gasoline,103.17
EMP01004,Main Terminal Information Desk,33564,7.07,5,1,Bus,N/A,N/A,,N/A,7.07
EMP01005,Airside A,34182,43,1,2,Rideshare,V147,Minivan,1983,Gasoline,12.9
EMP01006,Sky Connect,33547,14.64,3,8,Shuttle,S041,Shuttle Bus,2021,Diesel,6.59
EMP01007,Main Terminal Restaurants,34066,67.73,2,4,Carpool,V891,Truck,2014,Electric,20.32
EMP01008,Sheltair Aviation,33569,6.13,3,1,Car,V380,SUV,1996,Gasoline,11.03
EMP01009,Airside A,34552,35.56,5,1,Train,N/A,N/A,,Electric,53.34
EMP01010,Airside C,34625,61.41,5,4,Carpool,V377,Truck,2002,Diesel,46.06
EMP01011,Airside D,33913,20.17,2,1,Train,N/A,N/A,,Electric,12.1
EMP01012,Airside C,34607,38.91,5,4,Rideshare,V151,Minivan,1994,Diesel,29.18
EMP01013,Airside A,33772,18.34,1,1,Bus,N/A,N/A,,N/A,3.67
EMP01014,Main Terminal & Airside Shopping,33562,14.08,1,1,Car,V283,Minivan,2016,Electric,8.45
EMP01015,Rental Car Center,33533,14.33,3,4,Rideshare,V873,Sedan,2021,Electric,6.45
EMP01016,Rental Car Center,33755,18.12,1,5,Carpool,V417,Minivan,1979,Electric,2.17
EMP01017,Main Terminal Information Desk,34028,68.04,2,3,Carpool,V501,Truck,1972,Diesel,27.22
EMP01018,Sheltair Aviation,34498,52.5,3,5,Rideshare,V166,Sedan,2000,Electric,18.9
EMP01019,Airside C,33849,33.84,4,5,Rideshare,V886,Truck,1976,Hybrid,16.24
EMP01020,Rental Car Center,34540,48.53,2,1,Train,N/A,N/A,,Electric,29.12
EMP01021,Airside C,33549,10.11,1,1,Bus,N/A,N/A,,N/A,2.02
EMP01022,Sky Connect,34118,48.01,1,20,Shuttle,S035,Shuttle Bus,1997,Electric,7.2
EMP01023,Main Terminal & Airside Shopping,34051,24.97,4,1,Train,N/A,N/A,,Electric,29.96
EMP01024,Rental Car Center,33611,6.14,5,3,Carpool,V167,Minivan,1989,Hybrid,6.14
EMP01025,Airside F,34391,45.16,5,14,Shuttle,S037,Shuttle Bus,1979,Electric,33.87
EMP01026,Sky Connect,33659,61.2,2,10,Shuttle,S048,Shuttle Bus,2020,Electric,18.36
EMP01027,Airside C,33567,11.22,5,1,Train,N/A,N/A,,Electric,16.83
EMP01028,Main Terminal Restaurants,34411,47.24,1,1,Train,N/A,N/A,,Electric,14.17
EMP01029,Airside E,33722,49.82,4,2,Rideshare,V435,Minivan,2004,Electric,59.78
EMP01030,Sheltair Aviation,33945,44.04,1,9,Shuttle,S009,Shuttle Bus,2002,Diesel,6.61
EMP01031,Airside E,34588,47.83,2,15,Shuttle,S019,Shuttle Bus,2019,Electric,14.35
EMP01032,Rental Car Center,33900,36.05,4,1,Train,N/A,N/A,,Electric,43.26
EMP01033,Airside F,33546,11.93,3,12,Shuttle,S028,Shuttle Bus,1999,Electric,5.37
EMP01034,Airside C,34601,16.37,1,1,Train,N/A,N/A,,Electric,4.91
EMP01035,Main Terminal & Airside Shopping,34256,44.32,3,2,Carpool,V100,Sedan,1980,Hybrid,39.89
EMP01036,Airside C,34384,61.32,1,3,Rideshare,V740,Minivan,1996,Hybrid,12.26
EMP01037,Main Terminal & Airside Shopping,34454,22.42,4,1,Bus,N/A,N/A,,N/A,17.94
EMP01038,Sky Connect,33784,55.86,2,5,Carpool,V668,SUV,1984,Electric,13.41
EMP01039,Main Terminal Restaurants,33544,10.77,2,1,Bus,N/A,N/A,,N/A,4.31
EMP01040,Sheltair Aviation,33517,12.09,2,2,Carpool,V247,Sedan,2005,Electric,7.25
EMP01041,Sheltair Aviation,33518,13.08,2,1,Bus,N/A,N/A,,N/A,5.23
EMP01042,Airside E,34418,26.26,4,15,Shuttle,S040,Shuttle Bus,2009,Diesel,15.76
EMP01043,Main Terminal Information Desk,34677,27.53,4,1,Train,N/A,N/A,,Electric,33.04
EMP01044,Main Terminal Information Desk,34025,23.03,3,1,Bus,N/A,N/A,,N/A,13.82
EMP01045,Airside E,33578,22.56,5,1,Bus,N/A,N/A,,N/A,22.56
EMP01046,Rental Car Center,33572,11.34,2,1,Bus,N/A,N/A,,N/A,4.54
EMP01047,Airside D,34314,22.38,5,1,Bus,N/A,N/A,,N/A,22.38
EMP01048,Airside A,34536,29.42,5,1,Car,V215,Truck,1978,Electric,88.26
EMP01049,Airside C,33609,5.37,5,4,Carpool,V635,Sedan,1986,Gasoline,4.03
EMP01050,Airside F,34195,17.6,1,1,Bus,N/A,N/A,,N/A,3.52
EMP01051,Rental Car Center,34595,44.64,3,1,Car,V580,Sedan,1986,Electric,80.35
EMP01052,Sky Connect,34234,18.91,5,1,Bus,N/A,N/A,,N/A,18.91
EMP01053,Main Terminal & Airside Shopping,33843,30.26,3,4,Rideshare,V811,Sedan,1996,Hybrid,13.62
EMP01054,Rental Car Center,34684,43.77,1,5,Rideshare,V686,SUV,2003,Gasoline,5.25
EMP01055,Sheltair Aviation,34134,29.26,5,2,Rideshare,V184,Minivan,2015,Diesel,43.89
EMP01056,Sky Connect,33582,5.95,3,1,Car,V730,SUV,1982,Hybrid,10.71
EMP01057,Airside D,33857,44.22,1,2,Rideshare,V774,SUV,2017,Electric,13.27
EMP01058,Main Terminal Restaurants,34493,46.77,3,3,Carpool,V918,SUV,1973,Gasoline,28.06
EMP01059,Main Terminal Restaurants,33815,35.13,2,1,Car,V870,Minivan,1974,Electric,42.16
EMP01060,Main Terminal & Airside Shopping,33931,40.25,4,3,Carpool,V155,Truck,1979,Hybrid,32.2
EMP01061,Airside C,34450,38.74,2,1,Car,V587,Minivan,1977,Hybrid,46.49
EMP01062,Main Terminal Information Desk,34277,64.43,5,11,Shuttle,S044,Shuttle Bus,2000,Electric,48.32
EMP01063,Main Terminal Information Desk,33571,27.18,2,5,Rideshare,V916,Truck,1983,Electric,6.52
EMP01064,Main Terminal & Airside Shopping,33513,14.68,3,16,Shuttle,S007,Shuttle Bus,2019,Electric,6.61
EMP01065,Main Terminal & Airside Shopping,34186,33.21,3,1,Train,N/A,N/A,,Electric,29.89
EMP01066,Airside D,34696,39.68,1,4,Rideshare,V572,Minivan,1986,Diesel,5.95
EMP01067,Sheltair Aviation,34611,25.77,2,1,Train,N/A,N/A,,Electric,15.46
EMP01068,Main Terminal Restaurants,34621,40.71,2,13,Shuttle,S001,Shuttle Bus,2017,Diesel,12.21
EMP01069,Airside C,33700,51.68,4,1,Car,V801,Sedan,2014,Electric,124.03
EMP01070,Main Terminal Restaurants,33574,6.19,3,4,Carpool,V124,Sedan,1994,Gasoline,2.79
EMP01071,Airside A,33796,27.23,2,1,Train,N/A,N/A,,Electric,16.34
EMP01072,Airside C,33766,63.29,5,1,Car,V772,Minivan,1986,Diesel,189.87
EMP01073,Airside C,34166,20.83,2,12,Shuttle,S030,Shuttle Bus,1982,Diesel,6.25
EMP01074,Sheltair Aviation,33562,12.6,3,1,Bus,N/A,N/A,,N/A,7.56
EMP01075,Sheltair Aviation,33707,17.82,3,3,Rideshare,V895,Truck,1984,Gasoline,10.69
EMP01076,Main Terminal & Airside Shopping,33515,12.03,3,1,Bus,N/A,N/A,,N/A,7.22
EMP01077,Airside D,33516,11.59,2,5,Rideshare,V305,Minivan,1975,Electric,2.78
EMP01078,Airside E,33857,21.69,4,9,Shuttle,S035,Shuttle Bus,2017,Electric,13.01
EMP01079,Airside F,34467,22.29,1,1,Train,N/A,N/A,,Electric,6.69
EMP01080,Airside D,33649,57.2,1,1,Car,V685,Sedan,2006,Hybrid,34.32
EMP01081,Main Terminal Information Desk,33804,42.76,4,1,Car,V138,Sedan,2013,Electric,102.62
EMP01082,Airside D,34676,44.67,3,5,Carpool,V627,Sedan,1989,Electric,16.08
EMP01083,Main Terminal Information Desk,33516,13,4,1,Bus,N/A,N/A,,N/A,10.4
EMP01084,Sky Connect,34487,68.49,1,5,Carpool,V680,Sedan,1997,Hybrid,8.22
EMP01085,Main Terminal Restaurants,33515,12.92,3,14,Shuttle,S041,Shuttle Bus,1982,Diesel,5.81
EMP01086,Main Terminal Restaurants,33518,14.93,3,1,Train,N/A,N/A,,Electric,13.44
EMP01087,Main Terminal Information Desk,34635,60.86,2,3,Rideshare,V493,Sedan,2010,Diesel,24.34
EMP01088,Airside D,34235,39.14,4,9,Shuttle,S032,Shuttle Bus,1978,Diesel,23.48
EMP01089,Sheltair Aviation,33525,10.91,2,1,Bus,N/A,N/A,,N/A,4.36
EMP01090,Airside A,34501,56.57,1,3,Carpool,V164,Minivan,2013,Hybrid,11.31
EMP01091,Main Terminal Information Desk,33533,46.71,4,1,Train,N/A,N/A,,Electric,56.05
EMP01092,Airside A,33587,32.59,1,4,Rideshare,V221,Minivan,1978,Diesel,4.89
EMP01093,Sheltair Aviation,34598,58.02,5,15,Shuttle,S010,Shuttle Bus,2015,Diesel,43.52
EMP01094,Airside C,33612,7.82,2,1,Car,V582,Sedan,2013,Gasoline,9.38
EMP01095,Airside F,33530,12.3,2,8,Shuttle,S041,Shuttle Bus,1984,Diesel,3.69
EMP01096,Airside D,33849,44.1,4,1,Car,V937,Sedan,1992,Gasoline,105.84
EMP01097,Airside C,34014,22.68,5,1,Bus,N/A,N/A,,N/A,22.68
EMP01098,Airside C,34379,19.83,4,4,Carpool,V223,Truck,1980,Diesel,11.9
EMP01099,Main Terminal Restaurants,34187,47.03,1,3,Carpool,V223,Sedan,1995,Hybrid,9.41
EMP01100,Airside E,33555,13.22,2,1,Bus,N/A,N/A,,N/A,5.29
EMP01101,Sky Connect,34691,59.59,4,3,Carpool,V236,Sedan,1979,Gasoline,47.67
EMP01102,Sheltair Aviation,33823,40.8,4,1,Train,N/A,N/A,,Electric,48.96
EMP01103,Airside A,33569,16.13,1,1,Bus,N/A,N/A,,N/A,3.23
EMP01104,Airside A,34415,21.62,1,4,Carpool,V808,Minivan,1975,Diesel,3.24
EMP01105,Airside F,34406,22.86,3,5,Carpool,V278,SUV,1990,Gasoline,8.23
EMP01106,Rental Car Center,34116,60.33,4,2,Carpool,V528,Truck,2010,Gasoline,72.4
EMP01107,Sky Connect,34585,48.39,2,2,Carpool,V733,Sedan,1989,Hybrid,29.03
EMP01108,Sky Connect,34450,40.67,2,1,Train,N/A,N/A,,Electric,24.4
EMP01109,Sheltair Aviation,33514,14.73,2,12,Shuttle,S013,Shuttle Bus,2021,Diesel,4.42
EMP01110,Airside E,33530,14.94,4,15,Shuttle,S011,Shuttle Bus,2020,Diesel,8.96
EMP01111,Airside A,33929,52.9,3,12,Shuttle,S028,Shuttle Bus,2005,Electric,23.8
EMP01112,Main Terminal Restaurants,33635,28.92,4,1,Train,N/A,N/A,,Electric,34.7
EMP01113,Airside C,33860,39.8,1,16,Shuttle,S011,Shuttle Bus,1993,Diesel,5.97
EMP01114,Main Terminal Information Desk,33517,10.95,1,1,Train,N/A,N/A,,Electric,3.28
EMP01115,Airside F,34687,46.73,4,17,Shuttle,S021,Shuttle Bus,1999,Electric,28.04
EMP01116,Airside F,33781,18.4,3,11,Shuttle,S021,Shuttle Bus,1982,Diesel,8.28
EMP01117,Airside C,34332,20.08,4,3,Carpool,V175,SUV,1985,Electric,16.06
EMP01118,Rental Car Center,34448,17.64,1,1,Bus,N/A,N/A,,N/A,3.53
EMP01119,Airside E,33572,8.8,5,5,Carpool,V482,Minivan,1996,Diesel,5.28
EMP01120,Main Terminal Information Desk,34234,69.21,2,18,Shuttle,S018,Shuttle Bus,2006,Diesel,20.76
EMP01121,Main Terminal Restaurants,34074,43.81,1,2,Carpool,V213,SUV,1989,Electric,13.14
EMP01122,Main Terminal Information Desk,33551,13.09,2,1,Bus,N/A,N/A,,N/A,5.24
EMP01123,Airside F,33848,32.83,5,3,Rideshare,V188,SUV,2010,Electric,32.83
EMP01124,Sky Connect,34525,19.49,2,1,Bus,N/A,N/A,,N/A,7.8
EMP01125,Main Terminal Information Desk,33581,6.03,1,5,Rideshare,V435,SUV,1995,Electric,0.72
EMP01126,Rental Car Center,33508,13.35,5,3,Carpool,V145,Minivan,1990,Gasoline,13.35
EMP01127,Main Terminal Information Desk,34371,44.21,5,8,Shuttle,S034,Shuttle Bus,2009,Electric,33.16
EMP01128,Main Terminal Information Desk,34514,42.6,1,15,Shuttle,S016,Shuttle Bus,2010,Diesel,6.39
EMP01129,Sky Connect,33946,55.22,4,1,Car,V467,SUV,2007,Hybrid,132.53
EMP01130,Airside F,33569,10.57,1,8,Shuttle,S043,Shuttle Bus,2004,Electric,1.59
EMP01131,Airside E,34695,43.72,4,17,Shuttle,S002,Shuttle Bus,1980,Electric,26.23
EMP01132,Main Terminal Information Desk,34305,26.02,4,3,Carpool,V820,Minivan,1977,Gasoline,20.82
EMP01133,Sheltair Aviation,34228,28.07,4,1,Car,V403,Sedan,1975,Electric,67.37
EMP01134,Airside D,34678,33.76,5,16,Shuttle,S014,Shuttle Bus,1973,Diesel,25.32
EMP01135,Rental Car Center,33605,48.52,1,4,Rideshare,V492,Sedan,2015,Hybrid,7.28
EMP01136,Main Terminal Information Desk,34304,19.35,1,1,Train,N/A,N/A,,Electric,5.81
EMP01137,Main Terminal Restaurants,34648,40.1,5,2,Carpool,V241,SUV,2009,Hybrid,60.15
EMP01138,Airside F,34479,33.71,1,1,Train,N/A,N/A,,Electric,10.11
EMP01139,Rental Car Center,33961,49.21,2,20,Shuttle,S021,Shuttle Bus,2015,Electric,14.76
EMP01140,Airside D,34130,22.97,4,1,Train,N/A,N/A,,Electric,27.56
EMP01141,Airside A,34254,26.65,3,1,Car,V597,Minivan,1977,Gasoline,47.97
EMP01142,Main Terminal Information Desk,33618,8.4,5,18,Shuttle,S019,Shuttle Bus,2015,Electric,6.3
EMP01143,Rental Car Center,34437,48.02,1,3,Rideshare,V182,Sedan,1988,Electric,9.6
EMP01144,Airside E,33837,69.71,1,2,Rideshare,V214,Truck,1994,Diesel,20.91
EMP01145,Main Terminal Information Desk,34100,35.24,2,2,Carpool,V798,Minivan,1979,Diesel,21.14
EMP01146,Main Terminal Information Desk,33543,42.73,4,5,Rideshare,V293,Truck,2007,Gasoline,20.51
EMP01147,Airside A,34343,67.51,5,4,Carpool,V771,Truck,2000,Hybrid,50.63
EMP01148,Main Terminal Information Desk,34623,37.6,5,1,Train,N/A,N/A,,Electric,56.4
EMP01149,Main Terminal Information Desk,33622,9.02,3,1,Bus,N/A,N/A,,N/A,5.41
EMP01150,Airside E,33964,39.83,2,4,Rideshare,V480,Minivan,2001,Hybrid,11.95
EMP01151,Airside A,34433,34.27,3,4,Carpool,V733,SUV,1987,Diesel,15.42
EMP01152,Sky Connect,33635,5.08,2,3,Rideshare,V265,SUV,1987,Diesel,2.03
EMP01153,Airside C,34676,48.22,3,1,Car,V551,SUV,1991,Hybrid,86.8
EMP01154,Main Terminal Restaurants,34149,35.87,2,2,Carpool,V251,Truck,2001,Hybrid,21.52
EMP01155,Main Terminal Information Desk,34173,19.39,2,1,Train,N/A,N/A,,Electric,11.63
EMP01156,Airside C,34522,30.96,4,1,Car,V569,SUV,2011,Hybrid,74.3
EMP01157,Airside E,33614,6.3,5,1,Car,V762,Truck,1991,Hybrid,18.9
EMP01158,Main Terminal Information Desk,34657,65.26,5,3,Rideshare,V446,Minivan,2015,Gasoline,65.26
EMP01159,Main Terminal Information Desk,33802,20.84,2,1,Car,V125,Truck,2001,Electric,25.01
EMP01160,Rental Car Center,33689,38.86,4,4,Carpool,V156,Truck,1977,Diesel,23.32
EMP01161,Rental Car Center,34132,20.28,2,1,Train,N/A,N/A,,Electric,12.17
EMP01162,Airside F,34602,56.21,1,1,Car,V793,Minivan,2003,Gasoline,33.73
EMP01163,Sky Connect,33612,7.55,2,1,Bus,N/A,N/A,,N/A,3.02
EMP01164,Main Terminal Restaurants,34547,43.04,5,1,Train,N/A,N/A,,Electric,64.56
EMP01165,Airside A,33802,55.83,3,14,Shuttle,S046,Shuttle Bus,2005,Electric,25.12
EMP01166,Main Terminal Restaurants,33551,6.26,3,1,Bus,N/A,N/A,,N/A,3.76
EMP01167,Airside D,33565,12.65,3,4,Rideshare,V320,Sedan,1994,Electric,5.69
EMP01168,Main Terminal & Airside Shopping,33528,10.26,3,1,Bus,N/A,N/A,,N/A,6.16
EMP01169,Main Terminal & Airside Shopping,33723,28.41,4,10,Shuttle,S010,Shuttle Bus,1992,Diesel,17.05
EMP01170,Airside D,33550,11.93,5,1,Bus,N/A,N/A,,N/A,11.93
EMP01171,Airside C,33737,19.56,4,1,Train,N/A,N/A,,Electric,23.47
EMP01172,Airside A,34404,15.19,3,1,Bus,N/A,N/A,,N/A,9.11
EMP01173,Airside E,34663,43.01,4,1,Train,N/A,N/A,,Electric,51.61
EMP01174,Airside E,34155,23.18,2,5,Carpool,V143,Minivan,1997,Hybrid,5.56
EMP01175,Rental Car Center,33959,44.04,4,5,Rideshare,V910,Sedan,1977,Gasoline,21.14
EMP01176,Airside E,33754,64.76,3,5,Rideshare,V527,Truck,2014,Diesel,23.31
EMP01177,Main Terminal Information Desk,33744,42.35,2,8,Shuttle,S049,Shuttle Bus,2008,Electric,12.71
EMP01178,Main Terminal Information Desk,34240,30.42,5,1,Car,V679,Minivan,1983,Electric,91.26
EMP01179,Airside D,33744,65.49,4,19,Shuttle,S024,Shuttle Bus,2013,Diesel,39.29
EMP01180,Airside D,33799,40.08,5,2,Carpool,V572,Truck,2016,Diesel,60.12
EMP01181,Main Terminal Restaurants,34286,29.74,1,4,Carpool,V751,Minivan,1995,Hybrid,4.46
EMP01182,Airside A,34552,39.61,3,2,Rideshare,V884,SUV,1985,Diesel,35.65
EMP01183,Airside C,34613,42.24,2,1,Train,N/A,N/A,,Electric,25.34
EMP01184,Main Terminal Restaurants,34242,56.35,3,4,Rideshare,V647,Sedan,1985,Hybrid,25.36
EMP01185,Airside E,33574,10.26,2,1,Car,V481,Truck,1992,Electric,12.31
EMP01186,Main Terminal & Airside Shopping,33577,6.49,2,2,Rideshare,V615,SUV,1998,Diesel,3.89
EMP01187,Airside F,34576,37.8,5,1,Train,N/A,N/A,,Electric,56.7
EMP01188,Sky Connect,33780,27.5,5,19,Shuttle,S027,Shuttle Bus,1991,Electric,20.62
EMP01189,Airside C,33535,42.25,2,1,Car,V456,Minivan,1981,Hybrid,50.7
EMP01190,Main Terminal Restaurants,33852,58.46,4,4,Carpool,V129,Truck,1996,Gasoline,35.08
EMP01191,Airside F,34129,36.16,2,3,Carpool,V314,SUV,2004,Diesel,14.46
EMP01192,Airside C,33722,23.46,1,1,Bus,N/A,N/A,,N/A,4.69
EMP01193,Airside A,33513,14.74,4,1,Bus,N/A,N/A,,N/A,11.79
EMP01194,Airside F,34551,44.41,1,1,Car,V580,Sedan,2017,Gasoline,26.65
EMP01195,Airside D,34173,16.36,1,1,Car,V872,Sedan,1974,Gasoline,9.82
EMP01196,Airside C,33909,48.11,2,1,Train,N/A,N/A,,Electric,28.87
EMP01197,Airside E,33685,58.64,3,8,Shuttle,S010,Shuttle Bus,1984,Electric,26.39
EMP01198,Rental Car Center,34572,28.89,3,3,Rideshare,V617,SUV,1979,Gasoline,17.33
EMP01199,Airside C,34630,29.13,1,1,Train,N/A,N/A,,Electric,8.74
EMP01200,Airside F,33851,37.9,2,12,Shuttle,S049,Shuttle Bus,1986,Diesel,11.37
EMP01201,Airside C,34250,67.6,5,5,Carpool,V550,SUV,1983,Gasoline,40.56
EMP01202,Airside E,33938,67.78,4,5,Rideshare,V517,SUV,2003,Gasoline,32.53
EMP01203,Main Terminal Restaurants,33725,43.63,4,1,Car,V607,SUV,2002,Hybrid,104.71
EMP01204,Airside D,33668,30.25,1,1,Train,N/A,N/A,,Electric,9.07
EMP01205,Main Terminal Restaurants,33557,13.79,1,1,Bus,N/A,N/A,,N/A,2.76
EMP01206,Airside D,33589,7.11,5,1,Bus,N/A,N/A,,N/A,7.11
EMP01207,Sheltair Aviation,34390,17.82,2,1,Bus,N/A,N/A,,N/A,7.13
EMP01208,Airside D,33558,9.32,2,1,Bus,N/A,N/A,,N/A,3.73
EMP01209,Main Terminal Information Desk,33526,45.27,3,10,Shuttle,S044,Shuttle Bus,1994,Electric,20.37
EMP01210,Sheltair Aviation,33564,14.88,4,1,Car,V222,Sedan,2022,Diesel,35.71
EMP01211,Main Terminal & Airside Shopping,33764,16.29,5,1,Bus,N/A,N/A,,N/A,16.29
EMP01212,Airside E,33963,17.47,3,1,Car,V305,Truck,1996,Electric,31.45
EMP01213,Airside C,33585,8.78,4,5,Carpool,V874,Truck,1982,Electric,4.21
EMP01214,Main Terminal Restaurants,34391,20.09,5,1,Bus,N/A,N/A,,N/A,20.09
EMP01215,Main Terminal Information Desk,33801,34.78,3,1,Train,N/A,N/A,,Electric,31.3
EMP01216,Main Terminal Information Desk,34076,24.33,1,1,Car,V609,Minivan,1994,Diesel,14.6
EMP01217,Sheltair Aviation,33671,20.55,1,2,Carpool,V610,Sedan,2006,Gasoline,6.17
EMP01218,Airside E,33636,6.49,5,1,Bus,N/A,N/A,,N/A,6.49
EMP01219,Main Terminal Restaurants,33656,55.88,3,2,Carpool,V911,Minivan,2017,Electric,50.29
EMP01220,Airside F,33572,11.57,4,5,Rideshare,V655,Truck,1987,Hybrid,5.55
EMP01221,Sky Connect,33564,37.66,1,1,Train,N/A,N/A,,Electric,11.3
EMP01222,Main Terminal & Airside Shopping,34421,45.17,4,1,Car,V973,Truck,1975,Electric,108.41
EMP01223,Main Terminal Information Desk,33630,24.93,1,1,Bus,N/A,N/A,,N/A,4.99
EMP01224,Airside E,33836,42.56,3,1,Train,N/A,N/A,,Electric,38.3
EMP01225,Main Terminal Information Desk,34195,17.3,2,1,Bus,N/A,N/A,,N/A,6.92
EMP01226,Main Terminal & Airside Shopping,33570,11.13,1,1,Bus,N/A,N/A,,N/A,2.23
EMP01227,Sheltair Aviation,34671,34.96,5,1,Train,N/A,N/A,,Electric,52.44
EMP01228,Main Terminal Information Desk,33876,15.54,5,1,Bus,N/A,N/A,,N/A,15.54
EMP01229,Sky Connect,34039,32.7,4,1,Car,V705,Minivan,2008,Electric,78.48
EMP01230,Rental Car Center,34082,62.63,3,20,Shuttle,S021,Shuttle Bus,2006,Diesel,28.18
EMP01231,Airside A,33825,24.71,1,1,Train,N/A,N/A,,Electric,7.41
EMP01232,Main Terminal Restaurants,34198,31.92,5,2,Rideshare,V199,Minivan,1985,Electric,47.88
EMP01233,Main Terminal Restaurants,33671,16.5,4,4,Rideshare,V353,SUV,1993,Diesel,9.9
EMP01234,Sheltair Aviation,33634,67.65,5,2,Rideshare,V217,Truck,1973,Hybrid,101.48
EMP01235,Airside E,33549,13.7,5,1,Car,V571,Sedan,1992,Electric,41.1
EMP01236,Rental Car Center,33542,10.77,4,1,Train,N/A,N/A,,Electric,12.92
EMP01237,Airside A,33608,21.89,4,17,Shuttle,S021,Shuttle Bus,1981,Electric,13.13
EMP01238,Rental Car Center,33756,18.62,3,1,Bus,N/A,N/A,,N/A,11.17
EMP01239,Main Terminal Information Desk,34244,17.33,2,1,Car,V614,Minivan,1976,Hybrid,20.8
EMP01240,Airside E,34300,18.61,3,1,Train,N/A,N/A,,Electric,16.75
EMP01241,Main Terminal & Airside Shopping,33618,5.79,4,2,Carpool,V394,SUV,2021,Hybrid,6.95
EMP01242,Airside A,33962,45.9,5,5,Rideshare,V834,Sedan,1989,Gasoline,27.54
EMP01243,Rental Car Center,33622,9.2,3,2,Rideshare,V537,Minivan,2003,Diesel,8.28
EMP01244,Main Terminal Restaurants,34533,36.71,3,1,Car,V543,Truck,2006,Hybrid,66.08
EMP01245,Airside F,33540,10.32,4,1,Bus,N/A,N/A,,N/A,8.26
EMP01246,Rental Car Center,34621,35.84,4,1,Train,N/A,N/A,,Electric,43.01
EMP01247,Airside E,33882,37.46,5,1,Car,V318,Minivan,1997,Electric,112.38
EMP01248,Airside D,33563,13.27,5,20,Shuttle,S037,Shuttle Bus,2005,Diesel,9.95
EMP01249,Sky Connect,33849,26.1,3,5,Carpool,V254,SUV,1989,Hybrid,9.4
EMP01250,Main Terminal & Airside Shopping,33516,14.52,3,1,Bus,N/A,N/A,,N/A,8.71
EMP01251,Sheltair Aviation,34134,29.43,4,4,Carpool,V362,SUV,2000,Diesel,17.66
EMP01252,Main Terminal & Airside Shopping,33893,34.86,1,3,Carpool,V351,Sedan,1992,Hybrid,6.97
EMP01253,Main Terminal Information Desk,34456,24.12,5,1,Bus,N/A,N/A,,N/A,24.12
EMP01254,Main Terminal & Airside Shopping,33528,13.65,1,11,Shuttle,S018,Shuttle Bus,1988,Diesel,2.05
EMP01255,Airside A,33586,47.81,3,3,Rideshare,V901,Minivan,2012,Gasoline,28.69
EMP01256,Airside A,34110,49.73,3,1,Car,V516,Sedan,2019,Hybrid,89.51
EMP01257,Sheltair Aviation,33850,21.55,1,14,Shuttle,S016,Shuttle Bus,1981,Diesel,3.23
EMP01258,Rental Car Center,34568,65.47,5,9,Shuttle,S043,Shuttle Bus,2011,Electric,49.1
EMP01259,Main Terminal Information Desk,33750,35,2,1,Car,V437,Truck,1982,Electric,42
EMP01260,Airside F,33526,14.91,2,1,Bus,N/A,N/A,,N/A,5.96
EMP01261,Airside C,34400,30.11,2,4,Carpool,V360,Minivan,1993,Gasoline,9.03
EMP01262,Main Terminal Information Desk,33731,35.47,3,1,Train,N/A,N/A,,Electric,31.92
EMP01263,Main Terminal Restaurants,34472,34.56,4,1,Train,N/A,N/A,,Electric,41.47
EMP01264,Sheltair Aviation,33596,9.33,3,3,Carpool,V832,Minivan,1995,Hybrid,5.6
EMP01265,Airside D,33571,62.36,5,1,Car,V807,Sedan,1976,Diesel,187.08
EMP01266,Airside D,34133,39.5,4,1,Train,N/A,N/A,,Electric,47.4
EMP01267,Sheltair Aviation,33749,38.29,3,20,Shuttle,S035,Shuttle Bus,2008,Diesel,17.23
EMP01268,Main Terminal Information Desk,33600,5.96,1,1,Bus,N/A,N/A,,N/A,1.19
EMP01269,Airside D,33588,7.47,1,3,Rideshare,V980,SUV,1994,Diesel,1.49
EMP01270,Main Terminal Information Desk,34332,51.56,3,20,Shuttle,S003,Shuttle Bus,2016,Electric,23.2
EMP01271,Airside C,34408,21.04,4,1,Bus,N/A,N/A,,N/A,16.83
EMP01272,Main Terminal Restaurants,33528,11.85,4,9,Shuttle,S045,Shuttle Bus,1988,Electric,7.11
EMP01273,Sky Connect,34361,67.17,3,1,Car,V564,Truck,1992,Gasoline,120.91
EMP01274,Airside A,34408,30.19,2,18,Shuttle,S042,Shuttle Bus,2002,Diesel,9.06
EMP01275,Airside A,33547,10.93,2,1,Bus,N/A,N/A,,N/A,4.37
EMP01276,Main Terminal Restaurants,33789,23.99,1,1,Train,N/A,N/A,,Electric,7.2
EMP01277,Airside E,34340,55.35,5,3,Carpool,V562,Truck,1978,Electric,55.35
EMP01278,Airside E,34077,55.95,2,4,Rideshare,V186,SUV,2022,Electric,16.79
EMP01279,Main Terminal Restaurants,34015,16.32,4,5,Carpool,V123,Sedan,1976,Diesel,7.83
EMP01280,Airside C,34092,15.99,2,1,Bus,N/A,N/A,,N/A,6.4
EMP01281,Airside E,34378,58.98,4,1,Car,V252,Truck,1979,Gasoline,141.55
EMP01282,Main Terminal Restaurants,33591,22.23,5,2,Carpool,V891,Minivan,2009,Electric,33.34
EMP01283,Sheltair Aviation,33578,6.65,1,1,Bus,N/A,N/A,,N/A,1.33
EMP01284,Airside F,34512,38.45,3,4,Carpool,V233,Minivan,1988,Electric,17.3
EMP01285,Airside F,34142,21.82,2,1,Train,N/A,N/A,,Electric,13.09
EMP01286,Sheltair Aviation,34336,55,4,3,Carpool,V129,SUV,1996,Hybrid,44
EMP01287,Airside D,34008,68.44,5,5,Carpool,V696,Truck,1986,Electric,41.06
EMP01288,Airside C,33828,18.37,4,1,Car,V809,Truck,2020,Electric,44.09
EMP01289,Sheltair Aviation,34087,21.6,4,5,Carpool,V197,Sedan,1975,Gasoline,10.37
EMP01290,Airside A,34225,55.35,2,5,Rideshare,V105,Sedan,2012,Hybrid,13.28
EMP01291,Sky Connect,34119,48.39,4,1,Train,N/A,N/A,,Electric,58.07
EMP01292,Main Terminal & Airside Shopping,34645,36.09,3,10,Shuttle,S003,Shuttle Bus,2021,Diesel,16.24
EMP01293,Airside D,34241,25.94,5,5,Carpool,V235,Minivan,2007,Gasoline,15.56
EMP01294,Main Terminal Restaurants,33853,24.03,5,14,Shuttle,S017,Shuttle Bus,2011,Diesel,18.02
EMP01295,Main Terminal Restaurants,33571,12.41,2,1,Car,V865,Truck,1984,Hybrid,14.89
EMP01296,Main Terminal & Airside Shopping,34558,42.86,3,4,Rideshare,V546,Truck,2002,Diesel,19.29
EMP01297,Main Terminal Restaurants,33809,38.85,4,20,Shuttle,S036,Shuttle Bus,2003,Electric,23.31
EMP01298,Airside A,33970,47.67,2,2,Carpool,V136,SUV,1982,Electric,28.6
EMP01299,Airside D,33564,7.84,4,5,Carpool,V141,Minivan,1988,Electric,3.76
EMP01300,Main Terminal Restaurants,34437,65.33,5,15,Shuttle,S032,Shuttle Bus,1980,Diesel,49
EMP01301,Airside E,33738,29.19,3,1,Car,V989,SUV,1985,Hybrid,52.54
EMP01302,Airside E,34653,33.56,5,4,Carpool,V697,SUV,1996,Gasoline,25.17
EMP01303,Sky Connect,34408,16.55,2,1,Train,N/A,N/A,,Electric,9.93
EMP01304,Airside C,34236,22.8,4,2,Carpool,V391,Sedan,1991,Gasoline,27.36
EMP01305,Main Terminal & Airside Shopping,33549,12.9,5,2,Rideshare,V129,SUV,2003,Gasoline,19.35
EMP01306,Main Terminal Information Desk,34051,37.24,4,15,Shuttle,S039,Shuttle Bus,2020,Diesel,22.34
EMP01307,Main Terminal Restaurants,34427,46.98,5,1,Car,V849,Truck,2006,Diesel,140.94
EMP01308,Airside F,34161,48.64,3,1,Car,V861,Sedan,2001,Gasoline,87.55
EMP01309,Sky Connect,33689,44.45,4,1,Train,N/A,N/A,,Electric,53.34
EMP01310,Main Terminal & Airside Shopping,34316,60.02,2,3,Rideshare,V121,Sedan,2012,Diesel,24.01
EMP01311,Airside E,34139,15.88,4,1,Bus,N/A,N/A,,N/A,12.7
EMP01312,Sheltair Aviation,34111,46.34,2,9,Shuttle,S032,Shuttle Bus,1992,Electric,13.9
EMP01313,Airside D,34235,68.6,5,10,Shuttle,S043,Shuttle Bus,2017,Diesel,51.45
EMP01314,Main Terminal Restaurants,34502,39.14,2,1,Train,N/A,N/A,,Electric,23.48
EMP01315,Main Terminal Information Desk,34112,20.53,4,1,Bus,N/A,N/A,,N/A,16.42
EMP01316,Rental Car Center,33684,36.25,4,1,Train,N/A,N/A,,Electric,43.5
EMP01317,Main Terminal & Airside Shopping,34445,16.53,5,3,Rideshare,V195,Minivan,1993,Gasoline,16.53
EMP01318,Sky Connect,33817,53.96,4,3,Rideshare,V639,Minivan,1996,Gasoline,43.17
EMP01319,Airside D,33725,23.75,4,1,Bus,N/A,N/A,,N/A,19
EMP01320,Main Terminal Information Desk,33637,7.81,2,3,Rideshare,V961,Truck,1989,Diesel,3.12
EMP01321,Sky Connect,33622,7.16,3,1,Bus,N/A,N/A,,N/A,4.3
EMP01322,Airside A,33592,37.41,1,1,Train,N/A,N/A,,Electric,11.22
EMP01323,Sky Connect,33562,10.97,5,1,Car,V196,Minivan,2021,Electric,32.91
EMP01324,Sheltair Aviation,34283,18.88,5,12,Shuttle,S017,Shuttle Bus,2022,Diesel,14.16
EMP01325,Sky Connect,33567,14.79,1,1,Car,V905,SUV,2015,Diesel,8.87
EMP01326,Main Terminal & Airside Shopping,34352,52.63,1,1,Car,V421,Truck,2014,Electric,31.58
EMP01327,Sheltair Aviation,34105,20.16,5,1,Bus,N/A,N/A,,N/A,20.16
EMP01328,Main Terminal Restaurants,33660,53.32,2,3,Carpool,V992,Truck,1974,Gasoline,21.33
EMP01329,Main Terminal & Airside Shopping,33574,21.9,1,1,Train,N/A,N/A,,Electric,6.57
EMP01330,Main Terminal & Airside Shopping,33851,41.73,1,1,Car,V571,Minivan,2000,Electric,25.04
EMP01331,Sheltair Aviation,33570,11.09,5,19,Shuttle,S020,Shuttle Bus,2015,Electric,8.32
EMP01332,Sheltair Aviation,34119,46.36,4,20,Shuttle,S006,Shuttle Bus,2008,Diesel,27.82
EMP01333,Airside E,33785,15.4,2,1,Car,V812,Sedan,2013,Diesel,18.48
EMP01334,Airside A,33995,41.27,4,3,Carpool,V962,Minivan,1979,Diesel,33.02
EMP01335,Airside C,34533,21.03,4,3,Rideshare,V122,Minivan,1976,Gasoline,16.82
EMP01336,Airside E,34465,62.29,4,5,Carpool,V980,Sedan,1975,Electric,29.9
EMP01337,Rental Car Center,33558,11.45,2,4,Carpool,V441,Sedan,2003,Gasoline,3.43
EMP01338,Airside C,34515,62.19,4,14,Shuttle,S048,Shuttle Bus,2005,Electric,37.31
EMP01339,Airside A,33612,9.08,4,1,Bus,N/A,N/A,,N/A,7.26
EMP01340,Sky Connect,34499,32.2,5,1,Train,N/A,N/A,,Electric,48.3
EMP01341,Airside F,33538,52.65,1,16,Shuttle,S028,Shuttle Bus,2010,Electric,7.9
EMP01342,Sky Connect,34354,44.97,3,1,Car,V219,Minivan,1973,Electric,80.95
EMP01343,Rental Car Center,34440,28.1,3,15,Shuttle,S002,Shuttle Bus,1984,Diesel,12.64
EMP01344,Airside D,34204,40.02,2,15,Shuttle,S029,Shuttle Bus,2007,Diesel,12.01
EMP01345,Sky Connect,33627,5.34,5,4,Carpool,V234,Minivan,1997,Hybrid,4
EMP01346,Main Terminal & Airside Shopping,34530,21.8,3,1,Bus,N/A,N/A,,N/A,13.08
EMP01347,Airside E,34078,43.31,2,1,Train,N/A,N/A,,Electric,25.99
EMP01348,Airside C,33572,5.72,4,10,Shuttle,S013,Shuttle Bus,2005,Diesel,3.43
EMP01349,Rental Car Center,34414,20.17,1,1,Bus,N/A,N/A,,N/A,4.03
EMP01350,Main Terminal Information Desk,34640,49.09,2,3,Rideshare,V118,Sedan,1987,Hybrid,19.64
EMP01351,Airside D,33572,14.68,2,3,Rideshare,V926,Sedan,1977,Gasoline,5.87
EMP01352,Main Terminal Restaurants,34027,22.53,1,1,Bus,N/A,N/A,,N/A,4.51
EMP01353,Airside C,34496,49.85,2,1,Train,N/A,N/A,,Electric,29.91
EMP01354,Airside D,34687,28.94,3,2,Rideshare,V254,Truck,1975,Gasoline,26.05
EMP01355,Airside A,33783,19.44,4,1,Bus,N/A,N/A,,N/A,15.55
EMP01356,Airside C,33708,45.45,5,1,Train,N/A,N/A,,Electric,68.17
EMP01357,Sky Connect,33715,43.55,5,1,Car,V745,SUV,2008,Gasoline,130.65
EMP01358,Airside F,34404,48.1,2,4,Rideshare,V850,Minivan,2011,Gasoline,14.43
EMP01359,Airside E,33838,16.59,3,13,Shuttle,S008,Shuttle Bus,1981,Diesel,7.47
EMP01360,Main Terminal Information Desk,34058,17.39,1,1,Bus,N/A,N/A,,N/A,3.48
EMP01361,Main Terminal Information Desk,33721,28.11,3,3,Rideshare,V481,Truck,2016,Electric,16.87
EMP01362,Main Terminal Restaurants,33575,11.04,2,10,Shuttle,S027,Shuttle Bus,1978,Diesel,3.31
EMP01363,Airside E,33560,14.62,4,1,Bus,N/A,N/A,,N/A,11.7
EMP01364,Main Terminal Information Desk,33560,35.69,3,1,Train,N/A,N/A,,Electric,32.12
EMP01365,Main Terminal Information Desk,33560,9.22,1,2,Carpool,V422,Truck,1987,Electric,2.77
EMP01366,Airside E,33600,9.51,1,1,Bus,N/A,N/A,,N/A,1.9
EMP01367,Airside A,33618,50.69,2,17,Shuttle,S041,Shuttle Bus,1995,Electric,15.21
EMP01368,Main Terminal & Airside Shopping,34179,18.53,5,1,Bus,N/A,N/A,,N/A,18.53
EMP01369,Main Terminal Restaurants,34580,57.32,1,4,Rideshare,V817,SUV,2002,Electric,8.6
EMP01370,Main Terminal Information Desk,33629,6.49,2,16,Shuttle,S040,Shuttle Bus,1990,Electric,1.95
EMP01371,Main Terminal Restaurants,33904,37.39,4,20,Shuttle,S020,Shuttle Bus,2017,Diesel,22.43
EMP01372,Airside A,34354,15.96,3,1,Train,N/A,N/A,,Electric,14.36
EMP01373,Airside E,34081,37.82,5,1,Train,N/A,N/A,,Electric,56.73
EMP01374,Airside F,34630,53.49,5,1,Car,V633,Truck,2009,Hybrid,160.47
EMP01375,Sheltair Aviation,34085,18.64,1,2,Carpool,V952,SUV,2007,Hybrid,5.59
EMP01376,Main Terminal & Airside Shopping,33622,30.69,1,1,Train,N/A,N/A,,Electric,9.21
EMP01377,Main Terminal Restaurants,33753,33.61,5,4,Rideshare,V874,Sedan,2007,Gasoline,25.21
EMP01378,Main Terminal Information Desk,33566,12.95,5,2,Rideshare,V341,Truck,2020,Diesel,19.42
EMP01379,Main Terminal Restaurants,34273,33.21,3,3,Rideshare,V207,SUV,1989,Hybrid,19.93
EMP01380,Sky Connect,34302,24.86,2,1,Train,N/A,N/A,,Electric,14.92
EMP01381,Main Terminal Information Desk,33604,9.07,2,1,Car,V183,Minivan,1999,Gasoline,10.88
EMP01382,Airside A,34531,19.71,2,1,Bus,N/A,N/A,,N/A,7.88
EMP01383,Airside F,34319,24.97,1,1,Bus,N/A,N/A,,N/A,4.99
EMP01384,Sheltair Aviation,34644,47.32,4,1,Train,N/A,N/A,,Electric,56.78
EMP01385,Sky Connect,34577,17.85,3,1,Bus,N/A,N/A,,N/A,10.71
EMP01386,Sheltair Aviation,33570,13.42,4,1,Bus,N/A,N/A,,N/A,10.74
EMP01387,Main Terminal & Airside Shopping,34492,46.35,2,3,Carpool,V232,Minivan,2019,Gasoline,18.54
EMP01388,Airside F,33554,8.57,4,1,Bus,N/A,N/A,,N/A,6.86
EMP01389,Airside E,33743,37.44,3,1,Train,N/A,N/A,,Electric,33.7
EMP01390,Rental Car Center,33810,24.82,1,1,Bus,N/A,N/A,,N/A,4.96
EMP01391,Main Terminal Restaurants,33582,39.89,3,1,Train,N/A,N/A,,Electric,35.9
EMP01392,Sky Connect,34124,53.1,1,4,Carpool,V410,Truck,1997,Hybrid,7.96
EMP01393,Main Terminal Information Desk,33791,43.21,2,1,Car,V149,Minivan,1981,Hybrid,51.85
EMP01394,Airside D,33551,26.74,2,5,Carpool,V660,Sedan,1984,Hybrid,6.42
EMP01395,Airside C,34485,50.52,4,1,Car,V679,Truck,2001,Electric,121.25
EMP01396,Main Terminal Restaurants,33834,21.63,4,1,Bus,N/A,N/A,,N/A,17.3
EMP01397,Airside E,34484,20.92,4,1,Train,N/A,N/A,,Electric,25.1
EMP01398,Sheltair Aviation,34222,15.36,2,1,Bus,N/A,N/A,,N/A,6.14
EMP01399,Airside C,34401,21.95,5,1,Train,N/A,N/A,,Electric,32.92
EMP01400,Main Terminal & Airside Shopping,34607,66.14,4,4,Carpool,V786,Sedan,2013,Electric,39.68
EMP01401,Airside D,33550,60.43,1,10,Shuttle,S037,Shuttle Bus,1997,Electric,9.06
EMP01402,Sky Connect,34645,61.73,1,18,Shuttle,S006,Shuttle Bus,2000,Diesel,9.26
EMP01403,Rental Car Center,33655,28.47,5,1,Train,N/A,N/A,,Electric,42.7
EMP01404,Rental Car Center,34521,29.24,2,1,Train,N/A,N/A,,Electric,17.54
EMP01405,Sky Connect,34589,33.29,1,1,Car,V119,SUV,1976,Hybrid,19.97
EMP01406,Airside F,33673,50.89,5,5,Carpool,V511,Truck,1997,Gasoline,30.53
EMP01407,Main Terminal Information Desk,33563,10.24,3,1,Car,V524,SUV,2010,Gasoline,18.43
EMP01408,Sky Connect,33686,63.75,4,4,Rideshare,V201,Sedan,2006,Diesel,38.25
EMP01409,Airside D,33683,33.4,2,4,Carpool,V414,SUV,2007,Electric,10.02
EMP01410,Sheltair Aviation,33871,54.76,1,4,Carpool,V830,Sedan,2017,Gasoline,8.21
EMP01411,Airside D,34211,17.2,1,1,Bus,N/A,N/A,,N/A,3.44
EMP01412,Airside E,33583,7.71,3,1,Bus,N/A,N/A,,N/A,4.63
EMP01413,Main Terminal & Airside Shopping,33914,53.84,1,1,Car,V870,SUV,1995,Diesel,32.3
EMP01414,Main Terminal Information Desk,34335,28.88,5,1,Train,N/A,N/A,,Electric,43.32
EMP01415,Airside C,33609,5.87,1,4,Rideshare,V167,Minivan,1995,Electric,0.88
EMP01416,Airside A,33552,6.14,2,1,Bus,N/A,N/A,,N/A,2.46
EMP01417,Airside D,33770,21.29,5,1,Train,N/A,N/A,,Electric,31.93
EMP01418,Airside F,34186,20.47,2,1,Train,N/A,N/A,,Electric,12.28
EMP01419,Rental Car Center,33560,9.94,4,1,Bus,N/A,N/A,,N/A,7.95
EMP01420,Sheltair Aviation,33791,46.25,2,1,Train,N/A,N/A,,Electric,27.75
EMP01421,Main Terminal Restaurants,34058,19.98,2,1,Train,N/A,N/A,,Electric,11.99
EMP01422,Sky Connect,33565,10.44,5,1,Bus,N/A,N/A,,N/A,10.44
EMP01423,Airside A,34092,54.36,4,1,Car,V100,SUV,2013,Gasoline,130.46
EMP01424,Main Terminal Information Desk,34278,59.91,5,4,Rideshare,V962,Truck,1977,Diesel,44.93
EMP01425,Rental Car Center,33513,12.61,3,1,Train,N/A,N/A,,Electric,11.35
EMP01426,Airside E,33643,36.69,5,17,Shuttle,S020,Shuttle Bus,2014,Diesel,27.52
EMP01427,Main Terminal & Airside Shopping,33621,9.07,1,10,Shuttle,S018,Shuttle Bus,2014,Electric,1.36
EMP01428,Airside F,34207,15.57,5,1,Train,N/A,N/A,,Electric,23.36
EMP01429,Sheltair Aviation,34059,39.61,3,5,Rideshare,V778,SUV,2004,Hybrid,14.26
EMP01430,Main Terminal Restaurants,33532,55.17,4,4,Carpool,V761,SUV,1977,Gasoline,33.1
EMP01431,Rental Car Center,33582,23,1,1,Bus,N/A,N/A,,N/A,4.6
EMP01432,Sheltair Aviation,33600,6.42,4,5,Carpool,V906,Sedan,1982,Gasoline,3.08
EMP01433,Sky Connect,33752,67.62,4,1,Car,V932,Truck,1986,Electric,162.29
EMP01434,Rental Car Center,33517,62.34,4,3,Rideshare,V573,Sedan,1992,Hybrid,49.87
EMP01435,Airside F,33578,6.05,1,1,Bus,N/A,N/A,,N/A,1.21
EMP01436,Airside A,33684,32.22,3,3,Rideshare,V927,Truck,1985,Diesel,19.33
EMP01437,Airside F,33631,19.62,3,1,Bus,N/A,N/A,,N/A,11.77
EMP01438,Airside D,33991,24.63,5,1,Bus,N/A,N/A,,N/A,24.63
EMP01439,Airside A,34131,21.67,4,2,Carpool,V274,Minivan,1974,Diesel,26
EMP01440,Sheltair Aviation,34657,52.14,5,18,Shuttle,S012,Shuttle Bus,2008,Diesel,39.1
EMP01441,Rental Car Center,34031,41.75,1,3,Carpool,V635,SUV,1990,Hybrid,8.35
EMP01442,Airside F,34638,25.07,1,19,Shuttle,S040,Shuttle Bus,1992,Electric,3.76
EMP01443,Sheltair Aviation,33504,34.34,4,1,Train,N/A,N/A,,Electric,41.21
EMP01444,Main Terminal & Airside Shopping,34432,27.72,1,13,Shuttle,S027,Shuttle Bus,2012,Electric,4.16
EMP01445,Airside C,33613,6.43,5,15,Shuttle,S024,Shuttle Bus,1975,Diesel,4.82
EMP01446,Airside F,34360,32.17,3,1,Car,V423,Minivan,1978,Gasoline,57.91
EMP01447,Main Terminal & Airside Shopping,34671,49.44,3,2,Carpool,V855,Sedan,2004,Diesel,44.5
EMP01448,Main Terminal & Airside Shopping,33903,39.02,2,1,Car,V437,SUV,2005,Hybrid,46.82
EMP01449,Airside C,34482,31.26,1,8,Shuttle,S028,Shuttle Bus,2014,Diesel,4.69
EMP01450,Rental Car Center,33581,9.4,3,12,Shuttle,S007,Shuttle Bus,1993,Electric,4.23
EMP01451,Airside F,34564,40.67,1,4,Rideshare,V174,SUV,2005,Electric,6.1
EMP01452,Airside C,33523,10.31,4,17,Shuttle,S006,Shuttle Bus,1977,Diesel,6.19
EMP01453,Airside A,33696,21.94,3,1,Bus,N/A,N/A,,N/A,13.16
EMP01454,Airside E,33612,32.86,4,1,Car,V725,Truck,1976,Electric,78.86
EMP01455,Airside C,34645,66.47,1,1,Car,V401,Sedan,2019,Electric,39.88
EMP01456,Main Terminal & Airside Shopping,34397,19.05,5,1,Car,V985,SUV,1981,Gasoline,57.15
EMP01457,Main Terminal Information Desk,33562,14.25,4,1,Bus,N/A,N/A,,N/A,11.4
EMP01458,Rental Car Center,34242,26.47,1,1,Train,N/A,N/A,,Electric,7.94
EMP01459,Sheltair Aviation,34559,47.31,1,15,Shuttle,S022,Shuttle Bus,1993,Diesel,7.1
EMP01460,Airside C,33701,23.89,1,1,Car,V686,SUV,2018,Diesel,14.33
EMP01461,Sheltair Aviation,34227,30.5,3,1,Train,N/A,N/A,,Electric,27.45
EMP01462,Main Terminal & Airside Shopping,34473,21.13,5,1,Bus,N/A,N/A,,N/A,21.13
EMP01463,Airside E,33623,34.85,2,2,Carpool,V419,SUV,2022,Electric,20.91
EMP01464,Sky Connect,34695,56.11,3,12,Shuttle,S035,Shuttle Bus,2003,Diesel,25.25
EMP01465,Airside E,33551,10.17,3,1,Bus,N/A,N/A,,N/A,6.1
EMP01466,Airside D,33673,15.71,1,3,Rideshare,V619,SUV,1975,Gasoline,3.14
EMP01467,Main Terminal & Airside Shopping,33912,54.19,2,3,Rideshare,V449,Sedan,1993,Diesel,21.68
EMP01468,Sheltair Aviation,33626,5.36,4,1,Bus,N/A,N/A,,N/A,4.29
EMP01469,Main Terminal Restaurants,34243,15.05,5,1,Train,N/A,N/A,,Electric,22.57
EMP01470,Rental Car Center,33832,47.88,4,4,Rideshare,V565,Sedan,1999,Gasoline,28.73
EMP01471,Main Terminal Information Desk,34034,21.61,1,3,Carpool,V738,Minivan,2012,Diesel,4.32
EMP01472,Airside F,34325,16.2,3,1,Bus,N/A,N/A,,N/A,9.72
EMP01473,Airside F,33576,20.01,2,1,Bus,N/A,N/A,,N/A,8
EMP01474,Main Terminal Restaurants,34232,41.27,1,1,Car,V668,Sedan,1973,Gasoline,24.76
EMP01475,Airside E,33630,9.24,4,3,Rideshare,V144,Truck,1974,Gasoline,7.39
EMP01476,Airside F,33948,64.1,3,3,Carpool,V836,Truck,2004,Diesel,38.46
EMP01477,Main Terminal Restaurants,33912,25.63,2,1,Train,N/A,N/A,,Electric,15.38
EMP01478,Airside F,34036,56.89,2,1,Car,V121,Sedan,2010,Diesel,68.27
EMP01479,Main Terminal & Airside Shopping,33930,47.69,1,13,Shuttle,S020,Shuttle Bus,1996,Electric,7.15
EMP01480,Airside F,34579,30.83,3,3,Rideshare,V999,Minivan,2014,Gasoline,18.5
EMP01481,Airside C,33892,55.41,2,3,Carpool,V811,Minivan,2022,Hybrid,22.16
EMP01482,Main Terminal Restaurants,34056,17.82,4,1,Train,N/A,N/A,,Electric,21.38
EMP01483,Airside A,33943,17.47,5,1,Train,N/A,N/A,,Electric,26.2
EMP01484,Sky Connect,33539,11.11,2,4,Rideshare,V744,Sedan,1999,Hybrid,3.33
EMP01485,Airside E,34501,40.3,5,1,Train,N/A,N/A,,Electric,60.45
EMP01486,Airside F,34526,22.97,1,20,Shuttle,S043,Shuttle Bus,1979,Diesel,3.45
EMP01487,Airside E,34542,41.92,4,1,Train,N/A,N/A,,Electric,50.3
EMP01488,Main Terminal Restaurants,33567,12.92,5,1,Bus,N/A,N/A,,N/A,12.92
EMP01489,Airside E,34513,64.48,3,5,Rideshare,V374,Minivan,2011,Electric,23.21
EMP01490,Sheltair Aviation,33924,30.81,1,1,Train,N/A,N/A,,Electric,9.24
EMP01491,Airside F,34310,34.09,4,3,Carpool,V413,SUV,1977,Electric,27.27
EMP01492,Main Terminal & Airside Shopping,34266,41.73,2,1,Train,N/A,N/A,,Electric,25.04
EMP01493,Airside D,33838,22.67,1,1,Train,N/A,N/A,,Electric,6.8
EMP01494,Airside C,33971,60.72,4,4,Rideshare,V576,Sedan,1974,Hybrid,36.43
EMP01495,Main Terminal & Airside Shopping,34448,22.94,4,1,Bus,N/A,N/A,,N/A,18.35
EMP01496,Main Terminal & Airside Shopping,34115,15.98,4,4,Rideshare,V125,Minivan,2009,Diesel,9.59
EMP01497,Main Terminal Information Desk,33553,14.15,3,2,Carpool,V401,Sedan,1972,Gasoline,12.73
EMP01498,Airside D,33559,7.17,1,2,Carpool,V139,Truck,1979,Diesel,2.15
EMP01499,Main Terminal Restaurants,34119,63.11,3,4,Carpool,V295,Truck,2019,Diesel,28.4
EMP01500,Sky Connect,33544,14.89,1,4,Rideshare,V901,Truck,1975,Electric,2.23
EMP01501,Main Terminal & Airside Shopping,34466,41.94,1,1,Train,N/A,N/A,,Electric,12.58
EMP01502,Sheltair Aviation,34314,48.71,2,1,Train,N/A,N/A,,Electric,29.23
EMP01503,Airside F,33978,60.7,2,5,Carpool,V839,Minivan,1980,Electric,14.57
EMP01504,Main Terminal Restaurants,33884,57.23,3,1,Car,V888,Minivan,2017,Electric,103.01
EMP01505,Airside F,33579,11.39,4,1,Bus,N/A,N/A,,N/A,9.11
EMP01506,Airside A,34125,69.25,2,3,Rideshare,V611,Sedan,2016,Hybrid,27.7
EMP01507,Main Terminal Restaurants,34326,68.97,4,5,Carpool,V433,Truck,1992,Gasoline,33.11
EMP01508,Rental Car Center,33814,52.14,2,1,Car,V681,Truck,2005,Electric,62.57
EMP01509,Main Terminal & Airside Shopping,34347,15.79,4,2,Carpool,V586,SUV,2009,Gasoline,18.95
EMP01510,Main Terminal Restaurants,34123,49.19,4,1,Train,N/A,N/A,,Electric,59.03
EMP01511,Airside C,33565,47.65,1,3,Carpool,V127,Minivan,1998,Diesel,9.53
EMP01512,Airside F,34081,49.65,4,1,Car,V338,SUV,1974,Hybrid,119.16
EMP01513,Sheltair Aviation,34431,31.1,1,1,Train,N/A,N/A,,Electric,9.33
EMP01514,Airside A,33851,51.76,5,2,Rideshare,V980,Truck,2005,Electric,77.64
EMP01515,Main Terminal & Airside Shopping,34412,18.63,1,3,Carpool,V860,Minivan,1976,Gasoline,3.73
EMP01516,Main Terminal & Airside Shopping,34134,68.27,2,3,Carpool,V937,Minivan,1999,Electric,27.31
EMP01517,Airside E,34135,44.33,5,1,Train,N/A,N/A,,Electric,66.5
EMP01518,Rental Car Center,34064,58.24,5,5,Carpool,V107,SUV,2021,Diesel,34.94
EMP01519,Main Terminal Information Desk,33539,12.2,4,1,Car,V682,Truck,2015,Electric,29.28
EMP01520,Main Terminal Information Desk,33643,24.76,5,1,Bus,N/A,N/A,,N/A,24.76
EMP01521,Airside C,34109,63.58,4,4,Rideshare,V727,Minivan,2015,Diesel,38.15
EMP01522,Main Terminal & Airside Shopping,34437,34.85,2,5,Carpool,V774,Minivan,1992,Diesel,8.36
EMP01523,Rental Car Center,33652,21.53,4,1,Car,V991,SUV,1993,Diesel,51.67
EMP01524,Airside D,33636,58.84,5,12,Shuttle,S045,Shuttle Bus,1999,Diesel,44.13
EMP01525,Main Terminal Information Desk,33804,15.51,5,1,Bus,N/A,N/A,,N/A,15.51
EMP01526,Main Terminal Restaurants,34596,20.88,1,1,Car,V519,Truck,1999,Electric,12.53
EMP01527,Airside E,34446,58.69,2,2,Rideshare,V174,Sedan,2004,Electric,35.21
EMP01528,Main Terminal & Airside Shopping,34375,20.59,4,3,Rideshare,V110,Sedan,2005,Hybrid,16.47
EMP01529,Airside C,34497,27.62,2,13,Shuttle,S032,Shuttle Bus,2018,Electric,8.29
EMP01530,Airside C,34052,17.43,5,1,Car,V243,Minivan,1982,Electric,52.29
EMP01531,Airside D,33705,47.32,2,2,Carpool,V401,SUV,2019,Gasoline,28.39
EMP01532,Sky Connect,33658,42.52,4,10,Shuttle,S043,Shuttle Bus,1988,Diesel,25.51
EMP01533,Sheltair Aviation,34233,59.69,2,5,Rideshare,V321,SUV,1982,Gasoline,14.33
EMP01534,Sheltair Aviation,34405,43.75,2,1,Train,N/A,N/A,,Electric,26.25
EMP01535,Airside A,33773,21.51,5,18,Shuttle,S025,Shuttle Bus,2004,Electric,16.13
EMP01536,Main Terminal Information Desk,33508,13.21,5,1,Car,V890,Sedan,1987,Electric,39.63
EMP01537,Airside F,33533,11.91,3,3,Carpool,V116,Sedan,2006,Electric,7.15
EMP01538,Airside A,33893,49.61,3,1,Car,V325,Sedan,1999,Gasoline,89.3
EMP01539,Sheltair Aviation,34351,49.31,2,2,Carpool,V935,Sedan,1977,Hybrid,29.59
EMP01540,Main Terminal Restaurants,33924,44.23,2,1,Train,N/A,N/A,,Electric,26.54
EMP01541,Sky Connect,33565,9.54,4,1,Bus,N/A,N/A,,N/A,7.63
EMP01542,Airside F,34162,59.41,1,4,Carpool,V115,SUV,1994,Electric,8.91
EMP01543,Sheltair Aviation,33535,10.01,1,5,Rideshare,V325,Minivan,1974,Gasoline,1.2
EMP01544,Sheltair Aviation,33589,50.12,5,4,Rideshare,V323,Sedan,1996,Electric,37.59
EMP01545,Airside D,33764,18.62,4,1,Train,N/A,N/A,,Electric,22.34
EMP01546,Sky Connect,34078,24.42,2,1,Train,N/A,N/A,,Electric,14.65
EMP01547,Airside C,33557,12.74,3,1,Train,N/A,N/A,,Electric,11.47
EMP01548,Sheltair Aviation,33859,54.61,2,13,Shuttle,S041,Shuttle Bus,2017,Electric,16.38
EMP01549,Sheltair Aviation,34249,20.18,1,1,Bus,N/A,N/A,,N/A,4.04
EMP01550,Airside A,34419,46.14,5,1,Train,N/A,N/A,,Electric,69.21
EMP01551,Main Terminal & Airside Shopping,34587,19.31,2,1,Train,N/A,N/A,,Electric,11.59
EMP01552,Rental Car Center,33543,57.48,1,11,Shuttle,S040,Shuttle Bus,1984,Diesel,8.62
EMP01553,Airside D,33662,63.43,4,3,Carpool,V240,Sedan,2022,Hybrid,50.74
EMP01554,Main Terminal Information Desk,34269,63.97,2,3,Rideshare,V757,SUV,1998,Gasoline,25.59
EMP01555,Airside F,34173,41.43,5,15,Shuttle,S009,Shuttle Bus,1998,Electric,31.07
EMP01556,Main Terminal Restaurants,34349,30.33,1,16,Shuttle,S042,Shuttle Bus,2017,Electric,4.55
EMP01557,Airside A,33996,34.92,3,4,Carpool,V652,SUV,2007,Gasoline,15.71
EMP01558,Sheltair Aviation,34614,29.8,2,5,Carpool,V287,Truck,2006,Electric,7.15
EMP01559,Sheltair Aviation,34506,31.83,1,1,Car,V297,Sedan,1985,Gasoline,19.1
EMP01560,Sheltair Aviation,33687,36.14,2,3,Carpool,V706,SUV,2020,Diesel,14.46
EMP01561,Airside F,33562,11.68,1,1,Train,N/A,N/A,,Electric,3.5
EMP01562,Main Terminal Information Desk,34001,53.09,2,3,Rideshare,V280,Minivan,1997,Diesel,21.24
EMP01563,Airside D,33912,67.81,5,5,Rideshare,V983,Truck,1993,Electric,40.69
EMP01564,Airside C,33843,60.79,4,5,Rideshare,V551,Minivan,1990,Electric,29.18
EMP01565,Sky Connect,33819,48.91,4,1,Train,N/A,N/A,,Electric,58.69
EMP01566,Main Terminal Information Desk,34375,58.69,4,1,Car,V877,Sedan,1990,Hybrid,140.86
EMP01567,Rental Car Center,34632,42.2,2,1,Train,N/A,N/A,,Electric,25.32
EMP01568,Airside E,33589,6.17,4,5,Rideshare,V390,Minivan,1978,Electric,2.96
EMP01569,Sky Connect,33647,34.85,4,1,Train,N/A,N/A,,Electric,41.82
EMP01570,Main Terminal Restaurants,33816,41.35,4,3,Carpool,V104,SUV,1990,Gasoline,33.08
EMP01571,Sky Connect,34328,61.73,3,15,Shuttle,S027,Shuttle Bus,1985,Electric,27.78
EMP01572,Main Terminal Restaurants,33589,9.37,4,1,Bus,N/A,N/A,,N/A,7.5
EMP01573,Sheltair Aviation,33560,14.81,1,1,Train,N/A,N/A,,Electric,4.44
EMP01574,Airside A,33622,9.44,4,1,Car,V298,SUV,1988,Electric,22.66
EMP01575,Airside D,34563,20.72,3,16,Shuttle,S041,Shuttle Bus,2004,Electric,9.32
EMP01576,Airside A,34005,35.47,4,14,Shuttle,S016,Shuttle Bus,1996,Electric,21.28
EMP01577,Airside A,34035,58.59,1,3,Rideshare,V797,Minivan,2006,Diesel,11.72
EMP01578,Airside D,33581,19.71,5,3,Carpool,V889,Sedan,1985,Gasoline,19.71
EMP01579,Sheltair Aviation,33664,53.31,4,14,Shuttle,S034,Shuttle Bus,1975,Diesel,31.99
EMP01580,Main Terminal & Airside Shopping,33588,9.19,4,4,Carpool,V700,Minivan,1999,Hybrid,5.51
EMP01581,Main Terminal & Airside Shopping,34672,60.4,1,9,Shuttle,S050,Shuttle Bus,2012,Electric,9.06
EMP01582,Airside E,34177,26.48,2,5,Rideshare,V272,Sedan,1993,Electric,6.36
EMP01583,Airside A,34355,63,1,1,Car,V770,Minivan,1987,Hybrid,37.8
EMP01584,Main Terminal & Airside Shopping,33944,20.57,2,4,Carpool,V302,SUV,2020,Electric,6.17
EMP01585,Airside E,34485,21.41,1,1,Train,N/A,N/A,,Electric,6.42
EMP01586,Rental Car Center,33620,32.9,2,3,Carpool,V928,SUV,1982,Diesel,13.16
EMP01587,Airside D,33786,24.91,4,1,Bus,N/A,N/A,,N/A,19.93
EMP01588,Sheltair Aviation,33675,60.62,1,4,Carpool,V227,Minivan,1992,Hybrid,9.09
EMP01589,Airside C,33611,9.14,1,3,Rideshare,V788,Minivan,1991,Gasoline,1.83
EMP01590,Airside A,33570,19.31,3,1,Car,V199,Sedan,2015,Diesel,34.76
EMP01591,Sky Connect,33574,12.47,4,1,Car,V597,Truck,1980,Electric,29.93
EMP01592,Main Terminal Restaurants,34189,46.39,4,1,Train,N/A,N/A,,Electric,55.67
EMP01593,Main Terminal Restaurants,33990,48.5,3,13,Shuttle,S024,Shuttle Bus,1988,Electric,21.82
EMP01594,Main Terminal & Airside Shopping,33553,12.59,1,1,Train,N/A,N/A,,Electric,3.78
EMP01595,Main Terminal Restaurants,34435,67.13,1,1,Car,V842,Minivan,1979,Diesel,40.28
EMP01596,Airside A,34586,30.7,1,1,Train,N/A,N/A,,Electric,9.21
EMP01597,Airside D,34425,32.98,2,13,Shuttle,S040,Shuttle Bus,1983,Electric,9.89
EMP01598,Sky Connect,33569,23.21,2,1,Bus,N/A,N/A,,N/A,9.28
EMP01599,Sheltair Aviation,33593,35.19,1,4,Rideshare,V794,Truck,1986,Electric,5.28
EMP01600,Airside F,34319,34.08,4,1,Train,N/A,N/A,,Electric,40.9
EMP01601,Rental Car Center,34376,63.01,3,1,Car,V774,Minivan,2000,Gasoline,113.42
EMP01602,Main Terminal & Airside Shopping,33849,16.09,5,3,Rideshare,V230,Sedan,1992,Electric,16.09
EMP01603,Airside C,33844,46.03,5,5,Rideshare,V218,Minivan,1991,Electric,27.62
EMP01604,Sheltair Aviation,33998,41.55,2,1,Train,N/A,N/A,,Electric,24.93
EMP01605,Airside F,34390,46.57,1,2,Carpool,V264,Sedan,1978,Hybrid,13.97
EMP01606,Main Terminal & Airside Shopping,33568,13.56,2,4,Rideshare,V781,Sedan,1975,Diesel,4.07
EMP01607,Sky Connect,34228,29.99,4,9,Shuttle,S015,Shuttle Bus,2016,Diesel,17.99
EMP01608,Sheltair Aviation,34650,68.1,4,5,Rideshare,V927,Minivan,2015,Diesel,32.69
EMP01609,Airside F,33679,66.78,1,4,Rideshare,V191,Sedan,2005,Hybrid,10.02
EMP01610,Rental Car Center,33760,35.74,1,4,Carpool,V489,Truck,2012,Gasoline,5.36
EMP01611,Airside D,34596,37.91,5,1,Car,V967,SUV,1994,Electric,113.73
EMP01612,Main Terminal & Airside Shopping,34564,31.45,3,3,Rideshare,V209,SUV,1993,Electric,18.87
EMP01613,Airside A,34210,20.18,4,1,Train,N/A,N/A,,Electric,24.22
EMP01614,Airside E,34480,28.52,2,5,Rideshare,V715,SUV,1983,Hybrid,6.84
EMP01615,Airside E,34155,44.26,1,17,Shuttle,S020,Shuttle Bus,1998,Diesel,6.64
EMP01616,Airside D,33535,14.1,5,15,Shuttle,S032,Shuttle Bus,2013,Electric,10.57
EMP01617,Main Terminal & Airside Shopping,33812,68.15,3,1,Car,V968,SUV,2000,Diesel,122.67
EMP01618,Airside A,34112,35.74,4,5,Carpool,V122,SUV,2006,Electric,17.16
EMP01619,Main Terminal Restaurants,33594,8.92,4,1,Bus,N/A,N/A,,N/A,7.14
EMP01620,Main Terminal & Airside Shopping,34637,17.22,1,1,Bus,N/A,N/A,,N/A,3.44
EMP01621,Airside D,33762,23.24,2,5,Rideshare,V431,SUV,2020,Gasoline,5.58
EMP01622,Airside D,33837,15.33,2,1,Bus,N/A,N/A,,N/A,6.13
EMP01623,Main Terminal Information Desk,33568,5.36,4,12,Shuttle,S014,Shuttle Bus,2017,Diesel,3.22
EMP01624,Airside F,33623,8.22,1,13,Shuttle,S007,Shuttle Bus,1979,Diesel,1.23
EMP01625,Main Terminal & Airside Shopping,33557,5.73,2,1,Bus,N/A,N/A,,N/A,2.29
EMP01626,Airside C,33514,12.02,4,3,Rideshare,V627,Sedan,1997,Hybrid,9.62
EMP01627,Rental Car Center,33559,14.26,2,1,Bus,N/A,N/A,,N/A,5.7
EMP01628,Airside F,33993,33.51,1,1,Car,V600,Minivan,2013,Hybrid,20.11
EMP01629,Rental Car Center,34512,24.08,4,2,Carpool,V381,Minivan,2012,Electric,28.9
EMP01630,Main Terminal Restaurants,33738,30.81,1,1,Car,V224,Sedan,2008,Electric,18.49
EMP01631,Sheltair Aviation,33610,23.5,5,11,Shuttle,S038,Shuttle Bus,1988,Electric,17.62
EMP01632,Airside D,33531,12.4,1,20,Shuttle,S025,Shuttle Bus,2022,Electric,1.86
EMP01633,Sheltair Aviation,34670,62.19,4,12,Shuttle,S009,Shuttle Bus,2012,Diesel,37.31
EMP01634,Main Terminal Restaurants,33573,6.93,5,1,Car,V932,Minivan,1982,Gasoline,20.79
EMP01635,Main Terminal & Airside Shopping,33575,11.79,5,1,Train,N/A,N/A,,Electric,17.68
EMP01636,Main Terminal Information Desk,34697,34.29,5,1,Car,V871,Sedan,2017,Diesel,102.87
EMP01637,Sheltair Aviation,33924,15.74,2,1,Car,V668,Sedan,2011,Electric,18.89
EMP01638,Main Terminal Restaurants,33763,32.42,1,1,Car,V768,SUV,1983,Diesel,19.45
EMP01639,Airside C,33571,45.29,3,1,Train,N/A,N/A,,Electric,40.76
EMP01640,Airside C,34111,48.61,5,1,Car,V657,Truck,2016,Diesel,145.83
EMP01641,Main Terminal & Airside Shopping,34115,44.51,1,11,Shuttle,S003,Shuttle Bus,2019,Electric,6.68
EMP01642,Sheltair Aviation,33849,21.87,4,1,Train,N/A,N/A,,Electric,26.24
EMP01643,Rental Car Center,34626,19.37,3,1,Bus,N/A,N/A,,N/A,11.62
EMP01644,Main Terminal Restaurants,34545,48.16,5,1,Train,N/A,N/A,,Electric,72.24
EMP01645,Airside F,33591,51.89,1,18,Shuttle,S016,Shuttle Bus,1996,Diesel,7.78
EMP01646,Airside F,33774,46.37,3,3,Carpool,V705,SUV,1994,Hybrid,27.82
EMP01647,Airside D,33652,51.64,5,5,Carpool,V366,Truck,2018,Electric,30.98
EMP01648,Sheltair Aviation,33560,8.87,4,5,Carpool,V792,Truck,2018,Electric,4.26
EMP01649,Airside E,33644,44.86,2,1,Train,N/A,N/A,,Electric,26.92
EMP01650,Sheltair Aviation,33957,21.69,3,18,Shuttle,S046,Shuttle Bus,1975,Electric,9.76
EMP01651,Rental Car Center,33882,29.95,5,17,Shuttle,S027,Shuttle Bus,2007,Diesel,22.46
EMP01652,Main Terminal Restaurants,33511,12.38,4,1,Bus,N/A,N/A,,N/A,9.9
EMP01653,Rental Car Center,33523,12.87,1,4,Carpool,V800,Sedan,1999,Electric,1.93
EMP01654,Airside C,34183,40.72,1,4,Rideshare,V249,Truck,2020,Diesel,6.11
EMP01655,Airside D,33598,9.62,1,1,Car,V487,SUV,2022,Gasoline,5.77
EMP01656,Airside C,34549,28.06,5,4,Carpool,V641,Sedan,2010,Hybrid,21.04
EMP01657,Rental Car Center,33702,31.82,5,4,Rideshare,V274,Sedan,2000,Hybrid,23.86
EMP01658,Main Terminal & Airside Shopping,34476,49.11,3,5,Carpool,V365,SUV,1973,Gasoline,17.68
EMP01659,Sheltair Aviation,33758,45.52,2,1,Train,N/A,N/A,,Electric,27.31
EMP01660,Airside E,34103,16.97,5,1,Bus,N/A,N/A,,N/A,16.97
EMP01661,Airside A,34010,37.64,3,19,Shuttle,S044,Shuttle Bus,2022,Electric,16.94
EMP01662,Main Terminal Information Desk,34459,64.36,4,4,Carpool,V382,Truck,2010,Electric,38.62
EMP01663,Sky Connect,33678,61.79,2,12,Shuttle,S020,Shuttle Bus,1991,Electric,18.54
EMP01664,Main Terminal Restaurants,33657,46.46,1,1,Car,V195,SUV,1973,Diesel,27.88
EMP01665,Rental Car Center,34085,39.45,1,1,Car,V927,Minivan,1974,Gasoline,23.67
EMP01666,Main Terminal & Airside Shopping,33779,39.71,5,19,Shuttle,S031,Shuttle Bus,2011,Electric,29.78
EMP01667,Sky Connect,33755,58.3,5,19,Shuttle,S026,Shuttle Bus,2012,Diesel,43.72
EMP01668,Rental Car Center,34594,32.43,1,5,Carpool,V350,Truck,2006,Gasoline,3.89
EMP01669,Rental Car Center,33575,13.98,2,1,Bus,N/A,N/A,,N/A,5.59
EMP01670,Airside F,33525,10.49,1,4,Carpool,V152,Truck,1986,Electric,1.57
EMP01671,Main Terminal Information Desk,33597,5.87,2,1,Bus,N/A,N/A,,N/A,2.35
EMP01672,Airside C,33545,13,2,2,Rideshare,V594,Truck,2020,Hybrid,7.8
EMP01673,Airside D,34001,19.04,1,5,Carpool,V758,Truck,1996,Gasoline,2.28
EMP01674,Main Terminal Information Desk,33617,39.17,4,1,Train,N/A,N/A,,Electric,47
EMP01675,Main Terminal Restaurants,34442,47.4,5,1,Car,V405,Truck,1999,Hybrid,142.2
EMP01676,Airside C,33881,30.18,3,1,Car,V463,Minivan,2014,Gasoline,54.32
EMP01677,Airside C,33533,13.6,4,1,Bus,N/A,N/A,,N/A,10.88
EMP01678,Airside C,33814,36.92,5,1,Train,N/A,N/A,,Electric,55.38
EMP01679,Main Terminal & Airside Shopping,33577,22.9,4,1,Car,V887,SUV,2009,Hybrid,54.96
EMP01680,Airside F,34329,20.78,4,1,Bus,N/A,N/A,,N/A,16.62
EMP01681,Airside D,34598,34.02,4,3,Rideshare,V211,Truck,2005,Electric,27.22
EMP01682,Sheltair Aviation,33525,12.68,2,1,Bus,N/A,N/A,,N/A,5.07
EMP01683,Main Terminal Restaurants,34235,34.26,4,8,Shuttle,S046,Shuttle Bus,2015,Diesel,20.56
EMP01684,Airside C,33773,64.58,3,2,Carpool,V531,Minivan,1994,Hybrid,58.12
EMP01685,Airside A,34091,25.73,2,5,Carpool,V531,Sedan,2019,Electric,6.18
EMP01686,Sky Connect,33591,5.25,2,1,Bus,N/A,N/A,,N/A,2.1
EMP01687,Main Terminal & Airside Shopping,33832,24.8,4,1,Train,N/A,N/A,,Electric,29.76
EMP01688,Airside C,33566,6.78,1,1,Car,V452,SUV,2004,Gasoline,4.07
EMP01689,Sheltair Aviation,34379,39.18,1,4,Carpool,V544,Sedan,2005,Electric,5.88
EMP01690,Airside D,34434,15.85,4,2,Rideshare,V732,SUV,2008,Diesel,19.02
EMP01691,Sky Connect,33735,46.97,2,4,Carpool,V817,Truck,2008,Diesel,14.09
EMP01692,Sheltair Aviation,34533,22.8,2,1,Bus,N/A,N/A,,N/A,9.12
EMP01693,Airside C,33918,27.48,5,17,Shuttle,S013,Shuttle Bus,1991,Diesel,20.61
EMP01694,Airside F,34368,27.08,2,1,Car,V380,Sedan,1981,Diesel,32.5
EMP01695,Airside E,33964,17.92,1,1,Bus,N/A,N/A,,N/A,3.58
EMP01696,Airside C,34334,46.4,4,1,Car,V816,Truck,2014,Diesel,111.36
EMP01697,Airside F,33625,30.08,4,5,Rideshare,V759,Minivan,1998,Gasoline,14.44
EMP01698,Airside D,34244,31.63,3,1,Car,V459,Truck,2020,Electric,56.93
EMP01699,Airside F,33513,11.58,1,3,Rideshare,V153,Sedan,1976,Hybrid,2.32
EMP01700,Airside F,33706,39.52,4,4,Rideshare,V289,Minivan,2019,Hybrid,23.71
EMP01701,Main Terminal Information Desk,33784,19.16,3,4,Rideshare,V785,Sedan,1983,Gasoline,8.62
EMP01702,Sheltair Aviation,34178,32.39,2,1,Train,N/A,N/A,,Electric,19.43
EMP01703,Main Terminal Restaurants,33575,11.84,3,19,Shuttle,S039,Shuttle Bus,2020,Electric,5.33
EMP01704,Airside F,33557,14.14,3,11,Shuttle,S006,Shuttle Bus,1976,Diesel,6.36
EMP01705,Airside E,33640,19.85,5,9,Shuttle,S038,Shuttle Bus,1995,Diesel,14.89
EMP01706,Airside F,33653,37.85,4,9,Shuttle,S035,Shuttle Bus,1982,Electric,22.71
EMP01707,Airside D,33533,13.83,4,20,Shuttle,S035,Shuttle Bus,1997,Diesel,8.3
EMP01708,Airside A,33620,7.53,2,5,Carpool,V998,Truck,2014,Hybrid,1.81
EMP01709,Main Terminal Restaurants,33563,12.76,1,1,Bus,N/A,N/A,,N/A,2.55
EMP01710,Airside C,33617,8.2,4,1,Bus,N/A,N/A,,N/A,6.56
EMP01711,Sky Connect,33626,6.52,2,1,Car,V813,Truck,1986,Diesel,7.82
EMP01712,Airside D,33624,36.71,5,1,Car,V858,SUV,2013,Electric,110.13
EMP01713,Main Terminal Information Desk,33653,63.51,5,16,Shuttle,S011,Shuttle Bus,2008,Electric,47.63
EMP01714,Sky Connect,34362,24.12,5,1,Bus,N/A,N/A,,N/A,24.12
EMP01715,Main Terminal & Airside Shopping,33986,22.56,3,1,Train,N/A,N/A,,Electric,20.3
EMP01716,Airside E,34671,62.75,2,1,Car,V706,SUV,1975,Gasoline,75.3
EMP01717,Sky Connect,34638,24.9,5,1,Bus,N/A,N/A,,N/A,24.9
EMP01718,Airside D,34049,40.45,2,4,Rideshare,V275,Sedan,2000,Diesel,12.13
EMP01719,Airside A,34160,21.54,2,1,Train,N/A,N/A,,Electric,12.92
EMP01720,Airside A,33772,67.47,2,12,Shuttle,S018,Shuttle Bus,1988,Diesel,20.24
EMP01721,Sheltair Aviation,33502,30.06,2,2,Carpool,V747,Truck,2019,Hybrid,18.04
EMP01722,Main Terminal Restaurants,34040,55.28,5,1,Car,V518,SUV,1976,Hybrid,165.84
EMP01723,Main Terminal Restaurants,34284,15.02,1,1,Car,V848,SUV,2020,Hybrid,9.01
EMP01724,Airside E,34282,39.6,1,2,Rideshare,V990,Truck,2016,Diesel,11.88
EMP01725,Main Terminal Information Desk,33917,54.52,3,4,Carpool,V259,Minivan,1994,Electric,24.53
EMP01726,Airside F,33803,33.63,4,13,Shuttle,S031,Shuttle Bus,2013,Diesel,20.18
EMP01727,Main Terminal Information Desk,33860,58.74,4,3,Carpool,V683,SUV,2016,Electric,46.99
EMP01728,Airside E,34191,17.65,3,8,Shuttle,S011,Shuttle Bus,2020,Diesel,7.94
EMP01729,Main Terminal & Airside Shopping,33642,37.98,5,11,Shuttle,S010,Shuttle Bus,2015,Diesel,28.48
EMP01730,Main Terminal & Airside Shopping,33768,20.28,4,5,Carpool,V844,SUV,1982,Gasoline,9.73
EMP01731,Rental Car Center,34286,41.25,4,1,Car,V212,Sedan,2022,Gasoline,99
EMP01732,Sheltair Aviation,34064,15.74,2,1,Car,V374,Sedan,1995,Diesel,18.89
EMP01733,Sheltair Aviation,33519,49.99,1,1,Train,N/A,N/A,,Electric,15
EMP01734,Airside C,33730,16.02,3,1,Train,N/A,N/A,,Electric,14.42
EMP01735,Airside F,33834,58.09,4,5,Carpool,V439,Truck,2007,Electric,27.88
EMP01736,Airside E,34613,31.12,1,4,Carpool,V121,Sedan,1988,Gasoline,4.67
EMP01737,Airside C,33710,39.38,3,1,Train,N/A,N/A,,Electric,35.44
EMP01738,Sky Connect,33508,11.01,2,1,Bus,N/A,N/A,,N/A,4.4
EMP01739,Airside F,34421,26.18,2,1,Car,V250,Minivan,1995,Hybrid,31.42
EMP01740,Sheltair Aviation,33730,45.34,2,5,Rideshare,V273,Minivan,2008,Gasoline,10.88
EMP01741,Airside F,34231,52.5,3,1,Car,V730,Sedan,1979,Hybrid,94.5
EMP01742,Airside C,33627,7.56,1,2,Rideshare,V282,SUV,1988,Electric,2.27
EMP01743,Sky Connect,34370,51.21,5,3,Rideshare,V783,SUV,1990,Hybrid,51.21
EMP01744,Rental Car Center,33542,13.6,3,2,Rideshare,V777,Minivan,1998,Hybrid,12.24
EMP01745,Airside D,33504,64.11,1,20,Shuttle,S010,Shuttle Bus,1982,Diesel,9.62
EMP01746,Main Terminal Restaurants,34526,27.97,4,5,Carpool,V215,Sedan,2018,Electric,13.43
EMP01747,Airside D,33761,61.55,1,4,Carpool,V885,SUV,1992,Electric,9.23
EMP01748,Main Terminal Restaurants,34485,53.48,4,5,Rideshare,V716,Minivan,2010,Hybrid,25.67
EMP01749,Airside E,33561,13.11,2,14,Shuttle,S036,Shuttle Bus,1988,Electric,3.93
EMP01750,Sky Connect,34590,37.23,4,1,Train,N/A,N/A,,Electric,44.68
EMP01751,Sky Connect,34689,35.34,4,2,Carpool,V639,Minivan,1983,Diesel,42.41
EMP01752,Airside C,33916,68.02,3,2,Carpool,V471,Sedan,2022,Electric,61.22
EMP01753,Airside E,34215,35.07,1,1,Car,V969,Truck,2019,Diesel,21.04
EMP01754,Airside D,33620,6.87,2,1,Bus,N/A,N/A,,N/A,2.75
EMP01755,Main Terminal & Airside Shopping,33614,54.05,2,3,Carpool,V220,SUV,1977,Diesel,21.62
EMP01756,Main Terminal & Airside Shopping,34369,43.27,1,19,Shuttle,S024,Shuttle Bus,2007,Diesel,6.49
EMP01757,Airside C,34539,23.58,5,9,Shuttle,S039,Shuttle Bus,2004,Diesel,17.68
EMP01758,Airside A,33661,41.58,3,3,Carpool,V178,SUV,1994,Gasoline,24.95
EMP01759,Rental Car Center,33531,12.73,2,1,Bus,N/A,N/A,,N/A,5.09
EMP01760,Main Terminal Information Desk,34580,38.23,2,19,Shuttle,S045,Shuttle Bus,2022,Electric,11.47
EMP01761,Main Terminal Information Desk,34465,16.55,3,1,Bus,N/A,N/A,,N/A,9.93
EMP01762,Sheltair Aviation,33727,61.26,1,12,Shuttle,S010,Shuttle Bus,1985,Diesel,9.19
EMP01763,Sheltair Aviation,33855,34.64,5,1,Car,V111,SUV,1999,Electric,103.92
EMP01764,Main Terminal & Airside Shopping,34028,58.79,4,16,Shuttle,S037,Shuttle Bus,2018,Electric,35.27
EMP01765,Airside F,34112,16.47,2,1,Bus,N/A,N/A,,N/A,6.59
EMP01766,Airside C,33756,48.24,4,1,Train,N/A,N/A,,Electric,57.89
EMP01767,Airside F,33557,9.01,5,1,Bus,N/A,N/A,,N/A,9.01
EMP01768,Airside F,33621,7.19,2,1,Bus,N/A,N/A,,N/A,2.88
EMP01769,Rental Car Center,34477,60.51,4,1,Car,V768,Truck,1988,Electric,145.22
EMP01770,Main Terminal & Airside Shopping,34368,46.61,1,4,Carpool,V376,SUV,2004,Gasoline,6.99
EMP01771,Airside C,34187,63.05,3,1,Car,V345,Sedan,1990,Hybrid,113.49
EMP01772,Airside E,33696,22.48,1,1,Train,N/A,N/A,,Electric,6.74
EMP01773,Airside F,34196,20.24,1,1,Train,N/A,N/A,,Electric,6.07
EMP01774,Airside F,33512,11.23,2,1,Train,N/A,N/A,,Electric,6.74
EMP01775,Airside F,34654,68.15,1,2,Rideshare,V146,Minivan,2002,Gasoline,20.45
EMP01776,Main Terminal Restaurants,33517,52.71,3,1,Car,V869,Truck,2021,Hybrid,94.88
EMP01777,Main Terminal & Airside Shopping,34191,29.07,2,1,Train,N/A,N/A,,Electric,17.44
EMP01778,Main Terminal & Airside Shopping,33699,49.7,3,10,Shuttle,S022,Shuttle Bus,2014,Electric,22.37
EMP01779,Sky Connect,33807,61.68,5,1,Car,V701,Sedan,1981,Electric,185.04
EMP01780,Main Terminal Information Desk,34150,15.38,1,1,Train,N/A,N/A,,Electric,4.61
EMP01781,Airside E,33754,24.46,4,2,Carpool,V320,SUV,1987,Diesel,29.35
EMP01782,Airside E,34571,42.79,5,1,Train,N/A,N/A,,Electric,64.19
EMP01783,Main Terminal Restaurants,33551,11.67,2,1,Bus,N/A,N/A,,N/A,4.67
EMP01784,Airside D,33581,52.65,5,5,Rideshare,V344,Minivan,2001,Diesel,31.59
EMP01785,Rental Car Center,33812,48.3,1,1,Train,N/A,N/A,,Electric,14.49
EMP01786,Rental Car Center,33551,5.58,4,9,Shuttle,S010,Shuttle Bus,1990,Electric,3.35
EMP01787,Sky Connect,33748,18.04,4,1,Car,V421,Minivan,1997,Diesel,43.3
EMP01788,Airside D,34680,58.85,1,4,Carpool,V461,Truck,1978,Gasoline,8.83
EMP01789,Airside C,33610,5.15,4,4,Carpool,V881,Truck,1974,Electric,3.09
EMP01790,Sheltair Aviation,33581,52.96,1,5,Carpool,V979,Truck,1996,Hybrid,6.36
EMP01791,Main Terminal & Airside Shopping,33820,17.66,5,1,Bus,N/A,N/A,,N/A,17.66
EMP01792,Main Terminal Information Desk,33597,9.49,5,4,Rideshare,V798,Sedan,1984,Electric,7.12
EMP01793,Sky Connect,33650,20.07,3,1,Bus,N/A,N/A,,N/A,12.04
EMP01794,Rental Car Center,34001,54.98,1,19,Shuttle,S045,Shuttle Bus,1980,Diesel,8.25
EMP01795,Airside E,34269,54.8,3,1,Car,V683,SUV,2007,Electric,98.64
EMP01796,Airside C,33691,50.5,4,5,Carpool,V577,Truck,2011,Electric,24.24
EMP01797,Sheltair Aviation,33770,25.96,4,1,Train,N/A,N/A,,Electric,31.15
EMP01798,Airside C,34387,52,1,5,Carpool,V511,SUV,1985,Hybrid,6.24
EMP01799,Airside C,33935,31.49,3,5,Rideshare,V217,Minivan,2001,Hybrid,11.34
EMP01800,Main Terminal Information Desk,33569,6.59,5,1,Car,V249,Minivan,1982,Diesel,19.77
EMP01801,Main Terminal Restaurants,34341,23.95,1,1,Train,N/A,N/A,,Electric,7.18
EMP01802,Airside A,33535,12.21,4,5,Rideshare,V316,Sedan,1984,Gasoline,5.86
EMP01803,Sheltair Aviation,34079,23.95,3,1,Bus,N/A,N/A,,N/A,14.37
EMP01804,Sheltair Aviation,33558,9.7,1,3,Carpool,V514,Truck,1990,Gasoline,1.94
EMP01805,Airside D,34574,38.97,4,14,Shuttle,S014,Shuttle Bus,1987,Electric,23.38
EMP01806,Airside E,34377,49.31,1,1,Car,V871,Truck,1988,Hybrid,29.59
EMP01807,Airside E,34486,37.54,3,5,Carpool,V648,Minivan,2013,Diesel,13.51
EMP01808,Main Terminal & Airside Shopping,33583,20.75,5,5,Rideshare,V179,SUV,2009,Diesel,12.45
EMP01809,Main Terminal Restaurants,33569,8.26,3,8,Shuttle,S030,Shuttle Bus,1973,Diesel,3.72
EMP01810,Main Terminal Information Desk,34038,51.16,1,5,Rideshare,V561,Sedan,2018,Diesel,6.14
EMP01811,Sheltair Aviation,33562,9.22,5,1,Bus,N/A,N/A,,N/A,9.22
EMP01812,Airside A,34618,61.12,2,5,Carpool,V715,SUV,1974,Electric,14.67
EMP01813,Airside F,34681,57.23,2,3,Rideshare,V479,Sedan,1985,Hybrid,22.89
EMP01814,Airside A,33571,14.9,3,2,Rideshare,V523,Minivan,1998,Electric,13.41
EMP01815,Main Terminal Restaurants,33616,6.43,5,5,Rideshare,V216,Truck,2010,Diesel,3.86
EMP01816,Main Terminal Information Desk,33530,14.53,3,1,Bus,N/A,N/A,,N/A,8.72
EMP01817,Sky Connect,34448,19.04,2,1,Train,N/A,N/A,,Electric,11.42
EMP01818,Main Terminal & Airside Shopping,33703,46.63,4,4,Rideshare,V925,Sedan,1984,Gasoline,27.98
EMP01819,Airside C,34342,44.23,1,17,Shuttle,S007,Shuttle Bus,1990,Electric,6.63
EMP01820,Rental Car Center,34409,35.91,1,1,Train,N/A,N/A,,Electric,10.77
EMP01821,Sky Connect,33545,14.92,1,1,Train,N/A,N/A,,Electric,4.48
EMP01822,Main Terminal & Airside Shopping,34629,62.76,2,5,Carpool,V217,Minivan,1994,Diesel,15.06
EMP01823,Main Terminal Information Desk,34450,61.35,3,1,Car,V940,Minivan,1981,Electric,110.43
EMP01824,Airside A,34048,43.08,2,4,Rideshare,V414,Truck,1979,Electric,12.92
EMP01825,Sheltair Aviation,33566,41.05,1,5,Carpool,V126,Sedan,1991,Diesel,4.93
EMP01826,Main Terminal Restaurants,34150,37.3,5,1,Train,N/A,N/A,,Electric,55.95
EMP01827,Main Terminal Restaurants,34058,20.73,5,5,Carpool,V297,Minivan,1999,Electric,12.44
EMP01828,Airside A,33819,19.39,4,1,Train,N/A,N/A,,Electric,23.27
EMP01829,Sheltair Aviation,33559,11.06,2,1,Bus,N/A,N/A,,N/A,4.42
EMP01830,Main Terminal Restaurants,34458,21.6,2,1,Train,N/A,N/A,,Electric,12.96
EMP01831,Airside F,34532,41.61,2,1,Car,V746,Sedan,1975,Electric,49.93
EMP01832,Sheltair Aviation,33549,14.29,5,3,Rideshare,V195,SUV,1994,Gasoline,14.29
EMP01833,Airside A,33869,19.41,1,1,Bus,N/A,N/A,,N/A,3.88
EMP01834,Airside A,33708,26.06,5,1,Train,N/A,N/A,,Electric,39.09
EMP01835,Rental Car Center,33566,8.17,1,1,Bus,N/A,N/A,,N/A,1.63
EMP01836,Main Terminal Information Desk,33990,62.33,3,10,Shuttle,S042,Shuttle Bus,2005,Diesel,28.05
EMP01837,Airside D,34274,51.91,5,3,Carpool,V775,Truck,2012,Gasoline,51.91
EMP01838,Airside D,33547,53.66,2,1,Car,V213,Sedan,1986,Electric,64.39
EMP01839,Rental Car Center,33526,11.68,1,1,Car,V368,Truck,2020,Diesel,7.01
EMP01840,Airside C,34240,38.22,4,1,Car,V500,SUV,1997,Gasoline,91.73
EMP01841,Main Terminal Information Desk,33650,51.48,4,1,Car,V740,Minivan,1993,Gasoline,123.55
EMP01842,Airside F,34142,50.95,4,14,Shuttle,S041,Shuttle Bus,1994,Electric,30.57
EMP01843,Airside E,33865,42.91,3,2,Carpool,V220,Sedan,1979,Hybrid,38.62
EMP01844,Main Terminal Restaurants,33626,5.08,5,1,Bus,N/A,N/A,,N/A,5.08
EMP01845,Sky Connect,34631,21.04,2,1,Car,V224,Truck,2000,Diesel,25.25
EMP01846,Rental Car Center,33547,65.51,5,1,Car,V321,SUV,1972,Hybrid,196.53
EMP01847,Airside C,33525,13.45,1,4,Carpool,V185,SUV,1980,Diesel,2.02
EMP01848,Airside D,33688,59.78,4,3,Rideshare,V825,Truck,2015,Hybrid,47.82
EMP01849,Main Terminal Information Desk,34549,42.17,4,14,Shuttle,S026,Shuttle Bus,1989,Diesel,25.3
EMP01850,Airside D,34304,62.97,2,4,Carpool,V697,Sedan,1984,Hybrid,18.89
EMP01851,Airside E,34413,32.45,4,5,Carpool,V710,Minivan,1977,Hybrid,15.58
EMP01852,Main Terminal Restaurants,34331,25.09,1,1,Train,N/A,N/A,,Electric,7.53
EMP01853,Main Terminal & Airside Shopping,34265,67.67,5,4,Carpool,V560,Sedan,2008,Diesel,50.75
EMP01854,Airside A,33560,14.64,3,1,Train,N/A,N/A,,Electric,13.18
EMP01855,Airside D,33553,11.69,5,1,Train,N/A,N/A,,Electric,17.53
EMP01856,Main Terminal & Airside Shopping,33868,41.7,1,1,Car,V539,Truck,1998,Diesel,25.02
EMP01857,Main Terminal Restaurants,34261,59.88,1,3,Carpool,V248,Truck,1981,Hybrid,11.98
EMP01858,Airside C,33509,14.04,3,1,Car,V318,Truck,1992,Electric,25.27
EMP01859,Rental Car Center,34289,51.35,2,2,Rideshare,V716,Truck,1984,Diesel,30.81
EMP01860,Sky Connect,33709,16.88,1,4,Carpool,V798,Minivan,1995,Electric,2.53
EMP01861,Main Terminal Restaurants,33601,54.47,2,3,Rideshare,V610,Minivan,1988,Gasoline,21.79
EMP01862,Airside D,33810,18.52,1,1,Bus,N/A,N/A,,N/A,3.7
EMP01863,Main Terminal Information Desk,34284,66.36,5,4,Carpool,V690,SUV,1980,Gasoline,49.77
EMP01864,Airside D,33508,11.85,5,1,Car,V391,Minivan,1990,Diesel,35.55
EMP01865,Main Terminal & Airside Shopping,34580,46.23,5,1,Car,V445,Sedan,2008,Gasoline,138.69
EMP01866,Airside C,33603,5.96,1,1,Bus,N/A,N/A,,N/A,1.19
EMP01867,Airside D,34366,28.4,3,4,Rideshare,V669,Sedan,2019,Hybrid,12.78
EMP01868,Main Terminal Information Desk,34352,25.4,1,1,Train,N/A,N/A,,Electric,7.62
EMP01869,Airside D,33748,61.28,4,15,Shuttle,S024,Shuttle Bus,2006,Diesel,36.77
EMP01870,Airside A,33784,34.75,1,2,Carpool,V430,Sedan,1989,Electric,10.42
EMP01871,Airside F,34255,46.24,1,3,Carpool,V804,Sedan,2006,Gasoline,9.25
EMP01872,Airside D,33645,29.04,1,1,Car,V176,Truck,1978,Hybrid,17.42
EMP01873,Main Terminal Restaurants,34277,54.89,5,20,Shuttle,S018,Shuttle Bus,1989,Diesel,41.17
EMP01874,Airside E,33745,32.08,4,1,Train,N/A,N/A,,Electric,38.5
EMP01875,Airside E,34415,32.03,2,5,Rideshare,V634,Sedan,1973,Diesel,7.69
EMP01876,Rental Car Center,33585,9.24,4,1,Bus,N/A,N/A,,N/A,7.39
EMP01877,Main Terminal Restaurants,33688,47.73,4,11,Shuttle,S017,Shuttle Bus,1982,Electric,28.64
EMP01878,Airside C,33921,52.48,5,3,Rideshare,V176,Sedan,1993,Electric,52.48
EMP01879,Airside A,34514,19.02,1,3,Carpool,V292,Minivan,2016,Electric,3.8
EMP01880,Airside C,34138,54.01,2,4,Rideshare,V771,Minivan,2016,Diesel,16.2
EMP01881,Sky Connect,34011,24.19,2,1,Car,V494,Truck,1995,Electric,29.03
EMP01882,Rental Car Center,34319,47.23,2,1,Train,N/A,N/A,,Electric,28.34
EMP01883,Airside F,33562,13.17,3,1,Car,V802,SUV,1974,Hybrid,23.71
EMP01884,Rental Car Center,34491,25.52,1,10,Shuttle,S007,Shuttle Bus,2015,Diesel,3.83
EMP01885,Airside F,33573,8.39,4,1,Car,V129,Truck,1999,Electric,20.14
EMP01886,Sheltair Aviation,34220,38.53,4,1,Train,N/A,N/A,,Electric,46.24
EMP01887,Airside D,33728,17.95,5,1,Car,V541,Truck,2007,Diesel,53.85
EMP01888,Airside E,33605,6.71,5,1,Bus,N/A,N/A,,N/A,6.71
EMP01889,Sky Connect,33584,7.8,1,5,Rideshare,V200,Truck,1984,Gasoline,0.94
EMP01890,Sheltair Aviation,33574,6.16,4,1,Bus,N/A,N/A,,N/A,4.93
EMP01891,Airside D,33543,12.25,4,3,Carpool,V631,Minivan,1981,Electric,9.8
EMP01892,Airside C,34009,40.35,1,18,Shuttle,S008,Shuttle Bus,2018,Diesel,6.05
EMP01893,Airside C,34678,59.31,1,1,Car,V344,Truck,2017,Gasoline,35.59
EMP01894,Sky Connect,34026,20.72,3,1,Car,V501,Minivan,2009,Electric,37.3
EMP01895,Airside C,33968,26.93,3,5,Carpool,V904,SUV,1993,Diesel,9.69
EMP01896,Main Terminal Restaurants,34089,51.11,3,19,Shuttle,S047,Shuttle Bus,1985,Diesel,23
EMP01897,Airside C,34125,31.89,5,5,Carpool,V274,SUV,1996,Hybrid,19.13
EMP01898,Sheltair Aviation,33883,52.85,2,1,Car,V566,Truck,2009,Diesel,63.42
EMP01899,Airside A,34184,39.51,4,14,Shuttle,S002,Shuttle Bus,1995,Diesel,23.71
EMP01900,Airside D,33519,52.12,2,1,Car,V585,Truck,1996,Gasoline,62.54
EMP01901,Main Terminal Information Desk,33592,67.63,4,2,Carpool,V680,Sedan,1997,Hybrid,81.16
EMP01902,Airside F,33842,37.1,5,1,Train,N/A,N/A,,Electric,55.65
EMP01903,Airside E,34170,25.27,1,1,Car,V563,Truck,1999,Electric,15.16
EMP01904,Main Terminal Restaurants,34559,20.69,3,1,Train,N/A,N/A,,Electric,18.62
EMP01905,Airside D,34278,19.29,4,2,Rideshare,V827,Truck,1999,Hybrid,23.15
EMP01906,Sky Connect,33730,68.44,5,15,Shuttle,S018,Shuttle Bus,1998,Diesel,51.33
EMP01907,Airside E,33846,16.51,2,1,Bus,N/A,N/A,,N/A,6.6
EMP01908,Main Terminal Restaurants,33581,6.53,1,1,Bus,N/A,N/A,,N/A,1.31
EMP01909,Rental Car Center,33969,29.87,4,13,Shuttle,S048,Shuttle Bus,2012,Diesel,17.92
EMP01910,Airside F,33585,7.4,1,1,Bus,N/A,N/A,,N/A,1.48
EMP01911,Sheltair Aviation,34642,22.26,5,15,Shuttle,S012,Shuttle Bus,2003,Electric,16.7
EMP01912,Sheltair Aviation,34401,26.59,3,5,Rideshare,V416,Truck,1996,Diesel,9.57
EMP01913,Airside A,34203,40.93,5,1,Train,N/A,N/A,,Electric,61.39
EMP01914,Rental Car Center,34431,38.67,4,1,Car,V395,Truck,1983,Gasoline,92.81
EMP01915,Airside A,33609,5.03,2,1,Bus,N/A,N/A,,N/A,2.01
EMP01916,Sheltair Aviation,33896,24.49,5,4,Carpool,V598,Truck,2007,Hybrid,18.37
EMP01917,Airside C,33583,40.64,1,5,Rideshare,V389,SUV,2007,Gasoline,4.88
EMP01918,Airside A,33573,21.94,3,1,Bus,N/A,N/A,,N/A,13.16
EMP01919,Main Terminal & Airside Shopping,33582,6.53,1,2,Rideshare,V458,SUV,1982,Hybrid,1.96
EMP01920,Sky Connect,33676,58.93,5,10,Shuttle,S046,Shuttle Bus,1994,Electric,44.2
EMP01921,Airside E,34698,55.72,2,14,Shuttle,S006,Shuttle Bus,1979,Electric,16.72
EMP01922,Airside F,34282,18.46,4,1,Car,V931,SUV,1975,Electric,44.3
EMP01923,Main Terminal & Airside Shopping,34098,22.99,1,1,Bus,N/A,N/A,,N/A,4.6
EMP01924,Airside D,33854,38.41,3,1,Train,N/A,N/A,,Electric,34.57
EMP01925,Rental Car Center,33848,23.75,3,1,Bus,N/A,N/A,,N/A,14.25
EMP01926,Sheltair Aviation,34352,44.21,3,3,Carpool,V408,SUV,1984,Hybrid,26.53
EMP01927,Airside C,34617,53.58,5,5,Rideshare,V484,SUV,1994,Electric,32.15
EMP01928,Airside C,34141,48.66,5,5,Carpool,V579,Truck,1975,Hybrid,29.2
EMP01929,Main Terminal & Airside Shopping,34403,24.16,4,1,Bus,N/A,N/A,,N/A,19.33
EMP01930,Main Terminal Information Desk,33554,66.28,5,1,Car,V190,Minivan,1976,Diesel,198.84
EMP01931,Rental Car Center,33760,39.5,2,4,Rideshare,V154,Truck,1991,Electric,11.85
EMP01932,Airside E,34503,15.89,1,1,Bus,N/A,N/A,,N/A,3.18
EMP01933,Sky Connect,33736,24.26,1,1,Bus,N/A,N/A,,N/A,4.85
EMP01934,Airside A,33626,9.91,1,4,Rideshare,V941,Sedan,2012,Hybrid,1.49
EMP01935,Rental Car Center,33557,9.1,3,1,Bus,N/A,N/A,,N/A,5.46
EMP01936,Airside C,34546,52.17,5,18,Shuttle,S048,Shuttle Bus,1978,Diesel,39.13
EMP01937,Airside F,34570,15.63,2,1,Train,N/A,N/A,,Electric,9.38
EMP01938,Airside E,34136,45.46,2,4,Carpool,V924,Sedan,1981,Electric,13.64
EMP01939,Rental Car Center,33684,25.48,2,9,Shuttle,S001,Shuttle Bus,1990,Diesel,7.64
EMP01940,Rental Car Center,33520,14.55,5,1,Car,V309,SUV,1979,Gasoline,43.65
EMP01941,Main Terminal Information Desk,34408,46.34,5,1,Car,V156,Minivan,2018,Gasoline,139.02
EMP01942,Airside D,33573,8.28,4,1,Bus,N/A,N/A,,N/A,6.62
EMP01943,Airside F,34399,35.71,3,1,Train,N/A,N/A,,Electric,32.14
EMP01944,Sheltair Aviation,34385,42.39,1,1,Train,N/A,N/A,,Electric,12.72
EMP01945,Airside E,33790,66.58,1,10,Shuttle,S048,Shuttle Bus,2009,Diesel,9.99
EMP01946,Airside E,33973,21.62,5,1,Train,N/A,N/A,,Electric,32.43
EMP01947,Main Terminal Information Desk,33545,14.4,3,1,Bus,N/A,N/A,,N/A,8.64
EMP01948,Sheltair Aviation,34509,62.86,5,1,Car,V783,Truck,2012,Hybrid,188.58
EMP01949,Main Terminal & Airside Shopping,34506,18.8,1,1,Bus,N/A,N/A,,N/A,3.76
EMP01950,Main Terminal & Airside Shopping,33613,18.8,2,1,Bus,N/A,N/A,,N/A,7.52
EMP01951,Airside D,34360,23.61,1,1,Bus,N/A,N/A,,N/A,4.72
EMP01952,Airside A,33616,29.89,3,1,Train,N/A,N/A,,Electric,26.9
EMP01953,Sheltair Aviation,33643,19.97,5,15,Shuttle,S023,Shuttle Bus,2004,Diesel,14.98
EMP01954,Main Terminal Information Desk,33518,67.27,4,12,Shuttle,S011,Shuttle Bus,1998,Electric,40.36
EMP01955,Sky Connect,34214,40.44,2,1,Train,N/A,N/A,,Electric,24.26
EMP01956,Sky Connect,33516,12.09,5,1,Bus,N/A,N/A,,N/A,12.09
EMP01957,Airside E,34653,66.69,2,13,Shuttle,S022,Shuttle Bus,2017,Electric,20.01
EMP01958,Airside E,33558,9.96,3,5,Rideshare,V485,Minivan,2009,Electric,3.59
EMP01959,Rental Car Center,34538,65.36,2,17,Shuttle,S050,Shuttle Bus,1989,Electric,19.61
EMP01960,Airside E,34689,40.55,3,17,Shuttle,S023,Shuttle Bus,2017,Electric,18.25
EMP01961,Airside C,33825,33.13,1,1,Car,V198,SUV,2001,Gasoline,19.88
EMP01962,Main Terminal Information Desk,33974,41.46,4,13,Shuttle,S050,Shuttle Bus,1977,Diesel,24.88
EMP01963,Airside C,33631,33.96,4,5,Carpool,V726,Sedan,2015,Hybrid,16.3
EMP01964,Airside C,34404,63.35,1,1,Car,V721,Truck,2015,Gasoline,38.01
EMP01965,Airside E,34273,59.84,1,5,Rideshare,V752,SUV,2019,Diesel,7.18
EMP01966,Airside F,34085,69.67,4,5,Rideshare,V306,SUV,2021,Diesel,33.44
EMP01967,Main Terminal & Airside Shopping,33676,44.15,2,1,Train,N/A,N/A,,Electric,26.49
EMP01968,Rental Car Center,33979,20.73,1,1,Car,V929,Sedan,1977,Diesel,12.44
EMP01969,Airside A,33551,12.08,4,2,Rideshare,V798,SUV,1975,Electric,14.5
EMP01970,Airside F,34525,66.84,5,5,Carpool,V465,Truck,2019,Diesel,40.1
EMP01971,Airside C,33556,13.13,4,1,Bus,N/A,N/A,,N/A,10.5
EMP01972,Airside C,33760,48.12,1,1,Train,N/A,N/A,,Electric,14.44
EMP01973,Sky Connect,34521,38.97,1,2,Rideshare,V152,SUV,1983,Hybrid,11.69
EMP01974,Airside A,34362,21.87,3,4,Carpool,V169,Truck,1996,Diesel,9.84
EMP01975,Airside D,34678,64.76,5,1,Car,V973,SUV,1994,Hybrid,194.28
EMP01976,Main Terminal & Airside Shopping,33577,12.92,1,1,Train,N/A,N/A,,Electric,3.88
EMP01977,Airside C,34038,34.89,4,1,Train,N/A,N/A,,Electric,41.87
EMP01978,Sheltair Aviation,34192,68.78,1,1,Car,V367,Minivan,1975,Diesel,41.27
EMP01979,Main Terminal Restaurants,33918,58.91,2,1,Car,V875,Truck,2000,Gasoline,70.69
EMP01980,Airside F,33635,23.16,1,1,Bus,N/A,N/A,,N/A,4.63
EMP01981,Main Terminal Restaurants,33665,66.34,4,1,Car,V232,Minivan,2014,Hybrid,159.22
EMP01982,Airside A,34517,30.69,1,1,Car,V765,SUV,1987,Hybrid,18.41
EMP01983,Main Terminal & Airside Shopping,34029,24.55,3,1,Bus,N/A,N/A,,N/A,14.73
EMP01984,Airside A,33901,54.23,1,1,Car,V798,Minivan,1984,Gasoline,32.54
EMP01985,Sky Connect,34355,22.08,1,1,Bus,N/A,N/A,,N/A,4.42
EMP01986,Main Terminal & Airside Shopping,34374,55.25,2,14,Shuttle,S036,Shuttle Bus,2007,Diesel,16.57
EMP01987,Airside C,33628,9.95,1,1,Bus,N/A,N/A,,N/A,1.99
EMP01988,Main Terminal Restaurants,34394,46.64,2,4,Rideshare,V343,Sedan,2010,Diesel,13.99
EMP01989,Airside C,33965,41.25,1,1,Train,N/A,N/A,,Electric,12.38
EMP01990,Main Terminal & Airside Shopping,33593,67.41,5,17,Shuttle,S001,Shuttle Bus,2021,Diesel,50.56
EMP01991,Airside A,33759,55.16,1,1,Car,V284,Minivan,1993,Hybrid,33.1
EMP01992,Airside A,34098,44.2,3,3,Rideshare,V720,SUV,2008,Electric,26.52
EMP01993,Main Terminal Information Desk,33559,5.59,1,18,Shuttle,S005,Shuttle Bus,2008,Electric,0.84
EMP01994,Sky Connect,33998,29.5,4,4,Carpool,V830,Minivan,1999,Hybrid,17.7
EMP01995,Main Terminal Restaurants,34056,19.15,3,1,Train,N/A,N/A,,Electric,17.23
EMP01996,Sky Connect,33610,46.23,3,2,Rideshare,V520,Truck,1995,Electric,41.61
EMP01997,Airside D,33780,57.53,2,1,Car,V412,SUV,2011,Diesel,69.04
EMP01998,Airside C,33981,60.12,2,2,Rideshare,V765,Minivan,1979,Electric,36.07
EMP01999,Airside C,33569,57.54,4,1,Car,V384,Truck,1993,Electric,138.1
EMP02000,Airside D,34071,32.87,1,1,Car,V607,Minivan,2000,Gasoline,19.72
EMP02001,Main Terminal & Airside Shopping,33513,14.62,4,1,Bus,N/A,N/A,,N/A,11.7
EMP02002,Airside F,34382,48.06,4,3,Carpool,V776,Sedan,1981,Hybrid,38.45
EMP02003,Airside A,33553,46.06,3,1,Train,N/A,N/A,,Electric,41.45
EMP02004,Rental Car Center,33511,15,3,3,Rideshare,V843,Truck,1998,Electric,9
EMP02005,Main Terminal & Airside Shopping,33723,67.07,1,20,Shuttle,S036,Shuttle Bus,1972,Electric,10.06
EMP02006,Sheltair Aviation,33604,7.92,5,5,Rideshare,V266,Truck,2000,Electric,4.75
EMP02007,Main Terminal Information Desk,33531,36.3,2,10,Shuttle,S018,Shuttle Bus,1974,Electric,10.89
EMP02008,Airside C,34191,30.51,5,4,Carpool,V139,Minivan,2001,Hybrid,22.88
EMP02009,Main Terminal Restaurants,33754,64.7,3,2,Rideshare,V682,Truck,2020,Hybrid,58.23
EMP02010,Airside D,33535,33.88,4,5,Carpool,V109,Minivan,1997,Electric,16.26
EMP02011,Airside A,34383,28.21,4,3,Rideshare,V693,Sedan,1989,Gasoline,22.57
EMP02012,Airside D,34143,49.7,5,1,Train,N/A,N/A,,Electric,74.55
EMP02013,Airside C,33541,12.73,2,1,Bus,N/A,N/A,,N/A,5.09
EMP02014,Airside D,33965,42.3,4,3,Rideshare,V250,SUV,1989,Gasoline,33.84
EMP02015,Airside F,33877,47.68,1,1,Car,V693,Minivan,2021,Hybrid,28.61
EMP02016,Airside A,33624,46.09,2,1,Train,N/A,N/A,,Electric,27.65
EMP02017,Airside D,34606,62.03,1,4,Rideshare,V714,Sedan,1991,Diesel,9.3
EMP02018,Main Terminal Restaurants,33572,11.62,1,1,Car,V215,Minivan,1981,Gasoline,6.97
EMP02019,Airside F,34351,59.59,3,4,Carpool,V757,Sedan,2012,Electric,26.82
EMP02020,Airside D,33627,7.53,1,4,Carpool,V443,Truck,1972,Electric,1.13
EMP02021,Sheltair Aviation,33619,16.39,4,4,Rideshare,V477,SUV,2005,Gasoline,9.83
EMP02022,Airside D,33717,49.17,5,2,Carpool,V927,SUV,2012,Hybrid,73.75
EMP02023,Sky Connect,34690,66.78,5,20,Shuttle,S046,Shuttle Bus,1976,Electric,50.08
EMP02024,Airside F,33622,19.38,5,1,Bus,N/A,N/A,,N/A,19.38
EMP02025,Sheltair Aviation,33660,41.62,2,14,Shuttle,S005,Shuttle Bus,1992,Diesel,12.49
EMP02026,Rental Car Center,34622,30.67,5,1,Train,N/A,N/A,,Electric,46.01
EMP02027,Main Terminal & Airside Shopping,34580,40.35,1,1,Train,N/A,N/A,,Electric,12.11
EMP02028,Airside A,34637,21.3,4,1,Train,N/A,N/A,,Electric,25.56
EMP02029,Sky Connect,33542,12.06,3,1,Bus,N/A,N/A,,N/A,7.24
EMP02030,Airside F,33999,45.76,3,1,Train,N/A,N/A,,Electric,41.18
EMP02031,Main Terminal Restaurants,34433,66.52,3,3,Carpool,V866,Truck,2011,Gasoline,39.91
EMP02032,Airside F,33554,13.02,4,1,Bus,N/A,N/A,,N/A,10.42
EMP02033,Airside C,34241,54.6,5,2,Rideshare,V719,Minivan,1994,Diesel,81.9
EMP02034,Main Terminal Information Desk,33524,14.53,2,1,Bus,N/A,N/A,,N/A,5.81
EMP02035,Sky Connect,34033,37.34,4,3,Carpool,V449,Truck,2016,Hybrid,29.87
EMP02036,Airside C,34362,43.42,4,1,Car,V689,SUV,2012,Electric,104.21
EMP02037,Sheltair Aviation,33594,24.22,2,5,Carpool,V223,SUV,2019,Electric,5.81
EMP02038,Airside D,33706,44.2,4,1,Train,N/A,N/A,,Electric,53.04
EMP02039,Airside E,33605,18.46,4,1,Car,V174,SUV,1998,Diesel,44.3
EMP02040,Sky Connect,33562,12.76,4,1,Train,N/A,N/A,,Electric,15.31
EMP02041,Main Terminal Restaurants,34100,66.15,4,3,Carpool,V444,Sedan,2008,Hybrid,52.92
EMP02042,Rental Car Center,33767,28.4,5,1,Train,N/A,N/A,,Electric,42.6
EMP02043,Airside A,33565,11.18,3,1,Car,V745,Minivan,1998,Electric,20.12
EMP02044,Main Terminal & Airside Shopping,33875,59.33,4,3,Rideshare,V255,Sedan,2007,Gasoline,47.46
EMP02045,Rental Car Center,34428,37.74,3,1,Train,N/A,N/A,,Electric,33.97
EMP02046,Main Terminal & Airside Shopping,34541,55.12,4,3,Rideshare,V891,Truck,2013,Gasoline,44.1
EMP02047,Airside F,33598,58.61,4,4,Rideshare,V392,Minivan,2005,Hybrid,35.17
EMP02048,Main Terminal & Airside Shopping,33585,61.93,2,3,Rideshare,V540,SUV,1994,Hybrid,24.77
EMP02049,Rental Car Center,33520,11.82,3,1,Train,N/A,N/A,,Electric,10.64
EMP02050,Main Terminal Restaurants,34152,23.85,2,2,Rideshare,V598,Truck,2016,Electric,14.31
EMP02051,Airside F,33627,7.44,3,4,Carpool,V337,Sedan,2012,Hybrid,3.35
EMP02052,Airside E,33618,5,2,1,Car,V128,SUV,1977,Gasoline,6
EMP02053,Sky Connect,33508,12.19,2,1,Train,N/A,N/A,,Electric,7.31
EMP02054,Main Terminal Information Desk,33916,68.25,3,1,Car,V684,Truck,1978,Electric,122.85
EMP02055,Main Terminal Information Desk,34485,18.14,2,1,Train,N/A,N/A,,Electric,10.88
EMP02056,Airside D,33606,5.66,1,1,Car,V605,Minivan,1991,Hybrid,3.4
EMP02057,Airside C,34280,19.98,3,2,Carpool,V862,Sedan,2022,Diesel,17.98
EMP02058,Airside C,33585,8.37,2,4,Rideshare,V745,Minivan,1975,Gasoline,2.51
EMP02059,Main Terminal Restaurants,33705,67.84,4,1,Car,V294,Truck,2009,Gasoline,162.82
EMP02060,Sheltair Aviation,33780,52.56,1,11,Shuttle,S038,Shuttle Bus,2007,Electric,7.88
EMP02061,Airside F,34462,53.22,2,12,Shuttle,S010,Shuttle Bus,1976,Electric,15.97
EMP02062,Airside E,33769,54.34,4,12,Shuttle,S013,Shuttle Bus,2021,Diesel,32.6
EMP02063,Sky Connect,34389,63.24,2,8,Shuttle,S005,Shuttle Bus,2008,Electric,18.97
EMP02064,Sky Connect,33864,38.5,2,1,Train,N/A,N/A,,Electric,23.1
EMP02065,Airside A,34341,21.34,3,1,Bus,N/A,N/A,,N/A,12.8
EMP02066,Sheltair Aviation,34270,17.26,2,1,Train,N/A,N/A,,Electric,10.36
EMP02067,Main Terminal Information Desk,34177,24.84,2,1,Train,N/A,N/A,,Electric,14.9
EMP02068,Airside F,34303,63.63,4,5,Rideshare,V656,Truck,2007,Electric,30.54
EMP02069,Airside D,33730,69.02,2,1,Car,V529,Truck,1993,Electric,82.82
EMP02070,Main Terminal Restaurants,33860,30.56,4,2,Carpool,V426,Minivan,1992,Gasoline,36.67
EMP02071,Main Terminal Restaurants,33524,14.72,4,19,Shuttle,S050,Shuttle Bus,1987,Electric,8.83
EMP02072,Main Terminal Information Desk,33538,13.14,4,1,Train,N/A,N/A,,Electric,15.77
EMP02073,Airside A,34337,40.39,3,3,Rideshare,V675,Sedan,1981,Hybrid,24.23
EMP02074,Airside D,33600,6.34,3,14,Shuttle,S029,Shuttle Bus,2005,Electric,2.85
EMP02075,Main Terminal & Airside Shopping,34494,55.74,1,4,Rideshare,V447,SUV,1980,Gasoline,8.36
EMP02076,Airside D,33536,10.38,4,1,Bus,N/A,N/A,,N/A,8.3
EMP02077,Rental Car Center,33725,45.85,5,3,Carpool,V232,Truck,1993,Gasoline,45.85
EMP02078,Airside A,33550,10.31,1,1,Bus,N/A,N/A,,N/A,2.06
EMP02079,Main Terminal Restaurants,33600,34.06,1,1,Train,N/A,N/A,,Electric,10.22
EMP02080,Sky Connect,33884,24.28,3,3,Carpool,V980,Minivan,1996,Diesel,14.57
EMP02081,Airside D,33560,13.45,3,4,Carpool,V666,SUV,2008,Diesel,6.05
EMP02082,Airside A,33575,11.66,1,1,Car,V613,Sedan,1972,Electric,7
EMP02083,Main Terminal Information Desk,34079,51.05,2,1,Car,V124,Truck,2022,Diesel,61.26
EMP02084,Sheltair Aviation,34104,29,2,8,Shuttle,S048,Shuttle Bus,2012,Diesel,8.7
EMP02085,Main Terminal & Airside Shopping,34052,34.17,4,10,Shuttle,S006,Shuttle Bus,1973,Diesel,20.5
EMP02086,Airside C,33541,37.89,4,1,Train,N/A,N/A,,Electric,45.47
EMP02087,Airside A,33810,51.43,5,17,Shuttle,S007,Shuttle Bus,1977,Electric,38.57
EMP02088,Airside F,34162,46.84,3,1,Train,N/A,N/A,,Electric,42.16
EMP02089,Main Terminal & Airside Shopping,34118,37.78,1,1,Train,N/A,N/A,,Electric,11.33
EMP02090,Airside D,33760,19.58,2,1,Bus,N/A,N/A,,N/A,7.83
EMP02091,Airside D,34271,61.01,5,15,Shuttle,S019,Shuttle Bus,1988,Electric,45.76
EMP02092,Airside C,33611,7.01,4,4,Carpool,V819,Truck,2012,Diesel,4.21
EMP02093,Main Terminal & Airside Shopping,34362,17.69,4,1,Car,V881,Truck,1984,Gasoline,42.46
EMP02094,Main Terminal Information Desk,34369,18.87,5,2,Carpool,V557,SUV,1991,Hybrid,28.31
EMP02095,Main Terminal Information Desk,34136,49.14,1,1,Train,N/A,N/A,,Electric,14.74
EMP02096,Main Terminal Restaurants,34648,60.67,1,2,Carpool,V312,SUV,2020,Electric,18.2
EMP02097,Rental Car Center,34325,52.26,1,3,Carpool,V635,Minivan,2018,Diesel,10.45
EMP02098,Airside A,33560,13.71,3,1,Bus,N/A,N/A,,N/A,8.23
EMP02099,Airside D,33574,40.71,3,10,Shuttle,S021,Shuttle Bus,1988,Electric,18.32
EMP02100,Airside A,34664,29.73,2,5,Rideshare,V420,Minivan,1986,Diesel,7.14
EMP02101,Main Terminal Restaurants,34609,15.13,4,1,Bus,N/A,N/A,,N/A,12.1
EMP02102,Sky Connect,34371,30.17,1,9,Shuttle,S045,Shuttle Bus,1975,Diesel,4.53
EMP02103,Main Terminal & Airside Shopping,34611,29.98,1,3,Carpool,V270,Sedan,1990,Diesel,6
EMP02104,Main Terminal Information Desk,34368,55.84,1,1,Car,V274,Minivan,2006,Electric,33.5
EMP02105,Airside E,33601,5.74,5,14,Shuttle,S001,Shuttle Bus,2004,Electric,4.3
EMP02106,Airside C,34118,24.41,3,1,Bus,N/A,N/A,,N/A,14.65
EMP02107,Sky Connect,34654,33.45,5,4,Rideshare,V244,SUV,1975,Hybrid,25.09
EMP02108,Sky Connect,34260,41.33,2,20,Shuttle,S034,Shuttle Bus,2000,Electric,12.4
EMP02109,Main Terminal Information Desk,34239,21.34,2,1,Bus,N/A,N/A,,N/A,8.54
EMP02110,Airside E,33520,40.52,5,5,Carpool,V526,Truck,2020,Diesel,24.31
EMP02111,Airside E,33567,15.81,1,1,Bus,N/A,N/A,,N/A,3.16
EMP02112,Airside D,33692,32.92,2,11,Shuttle,S035,Shuttle Bus,1976,Electric,9.88
EMP02113,Main Terminal Restaurants,34459,51.7,1,1,Car,V168,SUV,1977,Hybrid,31.02
EMP02114,Sheltair Aviation,33552,14.74,2,1,Train,N/A,N/A,,Electric,8.84
EMP02115,Sheltair Aviation,34062,67.5,2,1,Car,V940,Truck,2006,Electric,81
EMP02116,Rental Car Center,34325,66.91,3,13,Shuttle,S017,Shuttle Bus,1987,Diesel,30.11
EMP02117,Airside C,33766,15.27,2,1,Train,N/A,N/A,,Electric,9.16
EMP02118,Airside F,34654,61.24,2,4,Rideshare,V229,Sedan,1991,Electric,18.37
EMP02119,Main Terminal Restaurants,34067,37.09,5,1,Train,N/A,N/A,,Electric,55.64
EMP02120,Rental Car Center,33844,45.63,4,11,Shuttle,S001,Shuttle Bus,1973,Diesel,27.38
EMP02121,Airside F,33800,61.64,5,1,Car,V268,SUV,2022,Electric,184.92
EMP02122,Airside A,33780,37.6,1,2,Rideshare,V535,Minivan,1979,Electric,11.28
EMP02123,Main Terminal Restaurants,34056,21.28,5,2,Rideshare,V486,Minivan,1974,Electric,31.92
EMP02124,Main Terminal Information Desk,34586,60.29,3,4,Rideshare,V719,Sedan,1990,Diesel,27.13
EMP02125,Airside E,33792,45.82,3,19,Shuttle,S028,Shuttle Bus,1987,Electric,20.62
EMP02126,Main Terminal Information Desk,33802,15.58,3,18,Shuttle,S036,Shuttle Bus,2004,Electric,7.01
EMP02127,Sheltair Aviation,34248,40.68,2,2,Rideshare,V889,Minivan,1982,Hybrid,24.41
EMP02128,Main Terminal & Airside Shopping,34339,17.44,5,3,Carpool,V283,Truck,1983,Gasoline,17.44
EMP02129,Airside F,34633,17.43,3,1,Bus,N/A,N/A,,N/A,10.46
EMP02130,Airside F,34182,26.71,5,1,Car,V196,Truck,1999,Hybrid,80.13
EMP02131,Airside D,34106,26.18,1,1,Train,N/A,N/A,,Electric,7.85
EMP02132,Airside A,33611,9.44,3,18,Shuttle,S026,Shuttle Bus,2004,Diesel,4.25
EMP02133,Airside D,34527,23.57,1,2,Rideshare,V602,Minivan,2019,Diesel,7.07
EMP02134,Main Terminal Information Desk,33759,26.68,5,20,Shuttle,S003,Shuttle Bus,1993,Electric,20.01
EMP02135,Airside A,33925,23.3,2,1,Train,N/A,N/A,,Electric,13.98
EMP02136,Airside E,33565,8.68,4,1,Car,V554,Sedan,2018,Gasoline,20.83
EMP02137,Main Terminal Restaurants,34115,29.79,5,1,Car,V770,SUV,2004,Gasoline,89.37
EMP02138,Main Terminal Restaurants,33846,46.71,3,19,Shuttle,S038,Shuttle Bus,1978,Electric,21.02
EMP02139,Sky Connect,34352,46.1,4,1,Car,V166,Sedan,1985,Diesel,110.64
EMP02140,Sky Connect,33853,55.76,3,2,Carpool,V145,Minivan,2000,Hybrid,50.18
EMP02141,Rental Car Center,33530,11.59,5,5,Carpool,V418,Sedan,2000,Hybrid,6.95
EMP02142,Sky Connect,34501,26.14,1,4,Rideshare,V679,Sedan,1981,Electric,3.92
EMP02143,Airside C,33873,64.46,1,1,Car,V290,Sedan,1979,Hybrid,38.68
EMP02144,Rental Car Center,33571,9.39,1,20,Shuttle,S001,Shuttle Bus,2000,Diesel,1.41
EMP02145,Sheltair Aviation,34005,68.51,4,2,Rideshare,V957,Truck,1973,Diesel,82.21
EMP02146,Airside E,34087,68.09,1,5,Rideshare,V385,SUV,1976,Diesel,8.17
EMP02147,Rental Car Center,33885,68.63,4,3,Rideshare,V304,Truck,2012,Diesel,54.9
EMP02148,Airside D,33689,52.96,4,4,Rideshare,V463,Minivan,1997,Hybrid,31.78
EMP02149,Main Terminal Restaurants,33849,42.84,5,15,Shuttle,S003,Shuttle Bus,2020,Electric,32.13
EMP02150,Airside E,33994,23.86,5,1,Train,N/A,N/A,,Electric,35.79
EMP02151,Main Terminal & Airside Shopping,34200,30.84,3,3,Rideshare,V192,Truck,1974,Diesel,18.5
EMP02152,Airside D,33620,18.35,4,4,Carpool,V629,Sedan,1996,Diesel,11.01
EMP02153,Main Terminal Information Desk,34262,53.11,4,4,Carpool,V774,Minivan,1973,Gasoline,31.87
EMP02154,Main Terminal Restaurants,34297,23.69,1,18,Shuttle,S001,Shuttle Bus,1981,Diesel,3.55
EMP02155,Main Terminal & Airside Shopping,34245,18.8,3,1,Bus,N/A,N/A,,N/A,11.28
EMP02156,Sheltair Aviation,33553,14.36,2,1,Car,V266,Truck,2010,Electric,17.23
EMP02157,Sky Connect,34490,16.19,1,5,Carpool,V848,Minivan,2018,Electric,1.94
EMP02158,Main Terminal Information Desk,34191,66.84,3,4,Carpool,V794,Minivan,1998,Electric,30.08
EMP02159,Airside D,34538,32.97,2,1,Car,V531,Sedan,1991,Electric,39.56
EMP02160,Airside D,33558,33.96,4,1,Train,N/A,N/A,,Electric,40.75
EMP02161,Airside E,34115,34.95,2,1,Train,N/A,N/A,,Electric,20.97
EMP02162,Rental Car Center,34663,47.15,5,11,Shuttle,S049,Shuttle Bus,2001,Diesel,35.36
EMP02163,Airside E,33610,46.71,3,20,Shuttle,S006,Shuttle Bus,1993,Electric,21.02
EMP02164,Airside E,33838,67.73,4,5,Rideshare,V100,Minivan,1986,Diesel,32.51
EMP02165,Airside F,33664,41.64,3,4,Carpool,V341,SUV,1980,Diesel,18.74
EMP02166,Main Terminal & Airside Shopping,33815,50.93,2,1,Car,V105,Truck,2019,Electric,61.12
EMP02167,Airside E,34626,42.93,1,5,Rideshare,V815,Minivan,2007,Diesel,5.15
EMP02168,Main Terminal Information Desk,34060,21.22,4,15,Shuttle,S049,Shuttle Bus,1973,Diesel,12.73
EMP02169,Main Terminal & Airside Shopping,34318,61.3,3,3,Carpool,V389,Truck,1972,Electric,36.78
EMP02170,Rental Car Center,33559,7.34,5,1,Bus,N/A,N/A,,N/A,7.34
EMP02171,Main Terminal Restaurants,33511,13.98,5,1,Bus,N/A,N/A,,N/A,13.98
EMP02172,Airside F,33981,34.49,2,1,Train,N/A,N/A,,Electric,20.69
EMP02173,Main Terminal Restaurants,34371,18.85,3,2,Rideshare,V761,Sedan,2022,Diesel,16.96
EMP02174,Airside E,33653,22.66,2,1,Bus,N/A,N/A,,N/A,9.06
EMP02175,Airside F,34251,18.17,4,2,Rideshare,V769,Minivan,1993,Diesel,21.8
EMP02176,Main Terminal & Airside Shopping,34292,45.64,3,4,Carpool,V135,Minivan,2001,Hybrid,20.54
EMP02177,Main Terminal & Airside Shopping,34559,49.21,2,5,Carpool,V576,Sedan,1999,Gasoline,11.81
EMP02178,Main Terminal Restaurants,34328,45.79,1,18,Shuttle,S001,Shuttle Bus,2016,Diesel,6.87
EMP02179,Main Terminal Restaurants,34431,42.89,5,5,Carpool,V597,Sedan,2020,Electric,25.73
EMP02180,Main Terminal & Airside Shopping,34370,40.23,3,1,Car,V859,Truck,1990,Gasoline,72.41
EMP02181,Rental Car Center,34326,24.15,5,1,Bus,N/A,N/A,,N/A,24.15
EMP02182,Main Terminal Information Desk,34247,30.94,3,16,Shuttle,S008,Shuttle Bus,2016,Diesel,13.92
EMP02183,Main Terminal & Airside Shopping,33663,34.69,4,1,Train,N/A,N/A,,Electric,41.63
EMP02184,Airside E,34028,53.06,3,1,Car,V627,SUV,1977,Electric,95.51
EMP02185,Main Terminal & Airside Shopping,34076,68.51,4,1,Car,V224,Sedan,1988,Electric,164.42
EMP02186,Main Terminal Information Desk,34016,37.37,1,4,Rideshare,V445,Minivan,1998,Hybrid,5.61
EMP02187,Airside A,33913,27.34,3,1,Train,N/A,N/A,,Electric,24.61
EMP02188,Airside D,33565,11.02,4,2,Rideshare,V404,Truck,1992,Gasoline,13.22
EMP02189,Rental Car Center,33574,64.45,3,1,Car,V354,Minivan,1999,Diesel,116.01
EMP02190,Airside C,33758,44.45,1,1,Train,N/A,N/A,,Electric,13.34
EMP02191,Airside E,34062,58.12,4,14,Shuttle,S023,Shuttle Bus,1980,Electric,34.87
EMP02192,Rental Car Center,33583,33.5,5,5,Carpool,V434,Sedan,1990,Hybrid,20.1
EMP02193,Airside A,34282,43.31,5,2,Carpool,V445,Sedan,1988,Hybrid,64.97
EMP02194,Main Terminal & Airside Shopping,33932,15.94,1,1,Bus,N/A,N/A,,N/A,3.19
EMP02195,Airside D,33738,48.59,1,14,Shuttle,S013,Shuttle Bus,2021,Electric,7.29
EMP02196,Airside D,34604,38.56,5,1,Train,N/A,N/A,,Electric,57.84
EMP02197,Airside F,33568,10.94,1,13,Shuttle,S014,Shuttle Bus,2020,Electric,1.64
EMP02198,Airside D,34527,58.19,2,12,Shuttle,S043,Shuttle Bus,2018,Diesel,17.46
EMP02199,Rental Car Center,34139,19.77,2,1,Bus,N/A,N/A,,N/A,7.91
EMP02200,Airside D,33576,5.89,4,1,Car,V900,Sedan,2004,Electric,14.14
EMP02201,Sheltair Aviation,34503,18.94,3,4,Carpool,V199,Truck,1976,Diesel,8.52
EMP02202,Airside F,33536,10.01,3,1,Car,V726,Sedan,2005,Hybrid,18.02
EMP02203,Rental Car Center,33603,6.25,5,1,Bus,N/A,N/A,,N/A,6.25
EMP02204,Sheltair Aviation,34655,28.36,3,1,Train,N/A,N/A,,Electric,25.52
EMP02205,Main Terminal & Airside Shopping,33581,19.65,5,1,Bus,N/A,N/A,,N/A,19.65
EMP02206,Main Terminal Restaurants,34410,44.44,3,4,Rideshare,V573,SUV,1982,Electric,20
EMP02207,Airside F,34298,33.79,2,1,Train,N/A,N/A,,Electric,20.27
EMP02208,Airside D,33518,12.44,1,1,Bus,N/A,N/A,,N/A,2.49
EMP02209,Sheltair Aviation,33552,11.66,5,1,Bus,N/A,N/A,,N/A,11.66
EMP02210,Airside C,34122,62.52,5,4,Carpool,V868,Truck,1990,Hybrid,46.89
EMP02211,Main Terminal Information Desk,33819,37.08,4,8,Shuttle,S040,Shuttle Bus,1984,Diesel,22.25
EMP02212,Rental Car Center,34350,56.14,5,5,Rideshare,V869,Sedan,1974,Hybrid,33.68
EMP02213,Sky Connect,34268,45.09,4,11,Shuttle,S035,Shuttle Bus,1972,Diesel,27.05
EMP02214,Main Terminal & Airside Shopping,33761,20.13,1,1,Train,N/A,N/A,,Electric,6.04
EMP02215,Main Terminal & Airside Shopping,34668,69.2,2,2,Carpool,V282,Truck,1979,Diesel,41.52
EMP02216,Main Terminal & Airside Shopping,33553,12.74,4,1,Train,N/A,N/A,,Electric,15.29
EMP02217,Airside F,33543,12.42,5,1,Bus,N/A,N/A,,N/A,12.42
EMP02218,Main Terminal Restaurants,34528,64.85,1,4,Rideshare,V330,Minivan,1977,Electric,9.73
EMP02219,Main Terminal Information Desk,34483,20.99,3,1,Bus,N/A,N/A,,N/A,12.59
EMP02220,Airside E,33553,26.68,4,4,Carpool,V881,Truck,1999,Electric,16.01
EMP02221,Sheltair Aviation,34688,64.49,1,5,Carpool,V528,Minivan,2008,Electric,7.74
EMP02222,Airside F,33959,48.32,1,17,Shuttle,S009,Shuttle Bus,1992,Diesel,7.25
EMP02223,Rental Car Center,33593,26.45,4,1,Train,N/A,N/A,,Electric,31.74
EMP02224,Main Terminal Restaurants,33840,44.95,2,1,Train,N/A,N/A,,Electric,26.97
EMP02225,Rental Car Center,33686,46.47,4,18,Shuttle,S024,Shuttle Bus,2009,Diesel,27.88
EMP02226,Rental Car Center,34547,32.79,4,16,Shuttle,S013,Shuttle Bus,2007,Diesel,19.67
EMP02227,Main Terminal Information Desk,34467,39.78,2,3,Rideshare,V430,SUV,2014,Diesel,15.91
EMP02228,Airside D,33923,65.86,1,1,Car,V570,Minivan,1999,Diesel,39.52
EMP02229,Sheltair Aviation,34042,26.78,4,1,Train,N/A,N/A,,Electric,32.14
EMP02230,Airside E,33522,15,5,1,Bus,N/A,N/A,,N/A,15
EMP02231,Rental Car Center,34446,56.03,2,3,Rideshare,V107,Sedan,1984,Gasoline,22.41
EMP02232,Sheltair Aviation,34525,24.57,4,16,Shuttle,S025,Shuttle Bus,1978,Diesel,14.74
EMP02233,Main Terminal & Airside Shopping,33627,8.65,5,2,Rideshare,V549,Sedan,1995,Electric,12.98
EMP02234,Airside A,34244,65.26,4,2,Rideshare,V833,Minivan,1986,Electric,78.31
EMP02235,Main Terminal & Airside Shopping,33861,23.27,1,1,Car,V876,Truck,1974,Gasoline,13.96
EMP02236,Airside E,33790,31.63,4,4,Rideshare,V914,SUV,2021,Electric,18.98
EMP02237,Airside F,33651,31.57,1,4,Rideshare,V826,Minivan,2009,Electric,4.74
EMP02238,Airside F,34466,15.37,3,4,Rideshare,V906,Truck,2019,Electric,6.92
EMP02239,Airside D,33573,30.66,3,1,Train,N/A,N/A,,Electric,27.59
EMP02240,Airside E,33553,56.12,5,4,Carpool,V479,SUV,1999,Hybrid,42.09
EMP02241,Airside D,34473,48.17,2,4,Rideshare,V789,Minivan,1978,Hybrid,14.45
EMP02242,Airside E,34098,51.84,2,10,Shuttle,S025,Shuttle Bus,2018,Electric,15.55
EMP02243,Sheltair Aviation,34694,49.53,1,3,Carpool,V251,Truck,2006,Gasoline,9.91
EMP02244,Airside D,34476,57.38,5,5,Rideshare,V452,SUV,1972,Diesel,34.43
EMP02245,Rental Car Center,34634,22.39,3,1,Train,N/A,N/A,,Electric,20.15
EMP02246,Main Terminal Restaurants,33632,10,4,1,Bus,N/A,N/A,,N/A,8
EMP02247,Airside E,33859,30.6,4,1,Train,N/A,N/A,,Electric,36.72
EMP02248,Main Terminal Information Desk,33688,15.71,1,1,Bus,N/A,N/A,,N/A,3.14
EMP02249,Main Terminal Restaurants,34006,28.2,3,3,Carpool,V384,SUV,1995,Gasoline,16.92
EMP02250,Sheltair Aviation,34440,56.3,3,5,Carpool,V960,Sedan,2017,Diesel,20.27
EMP02251,Airside F,33702,64.4,1,5,Rideshare,V619,Truck,2003,Gasoline,7.73
EMP02252,Airside D,34601,41.45,5,1,Train,N/A,N/A,,Electric,62.18
EMP02253,Airside C,34660,46.09,4,1,Car,V350,SUV,2020,Hybrid,110.62
EMP02254,Airside E,34434,37.87,2,11,Shuttle,S012,Shuttle Bus,2010,Diesel,11.36
EMP02255,Rental Car Center,33750,20.07,5,4,Rideshare,V850,SUV,2020,Gasoline,15.05
EMP02256,Airside E,33515,14.1,3,1,Train,N/A,N/A,,Electric,12.69
EMP02257,Airside F,34450,30.53,2,5,Carpool,V649,Sedan,2022,Gasoline,7.33
EMP02258,Main Terminal Restaurants,34479,58.88,1,11,Shuttle,S008,Shuttle Bus,2010,Electric,8.83
EMP02259,Airside C,33562,8.88,2,1,Bus,N/A,N/A,,N/A,3.55
EMP02260,Sky Connect,34497,44.35,2,1,Train,N/A,N/A,,Electric,26.61
EMP02261,Airside D,34691,37.08,1,1,Train,N/A,N/A,,Electric,11.12
EMP02262,Main Terminal & Airside Shopping,33898,59.46,4,1,Car,V100,Minivan,1994,Hybrid,142.7
EMP02263,Main Terminal & Airside Shopping,34555,28.47,3,1,Train,N/A,N/A,,Electric,25.62
EMP02264,Sheltair Aviation,34553,31.94,3,5,Carpool,V760,Truck,1993,Hybrid,11.5
EMP02265,Airside D,34261,21.84,2,1,Train,N/A,N/A,,Electric,13.1
EMP02266,Airside D,34132,34.85,5,16,Shuttle,S041,Shuttle Bus,1994,Electric,26.14
EMP02267,Airside C,34209,16.65,4,2,Carpool,V607,Minivan,2017,Diesel,19.98
EMP02268,Airside E,34123,30.01,4,1,Car,V982,Sedan,2019,Electric,72.02
EMP02269,Main Terminal Restaurants,33532,12.64,5,10,Shuttle,S050,Shuttle Bus,1988,Diesel,9.48
EMP02270,Airside F,34155,53.14,3,4,Carpool,V205,Minivan,1992,Hybrid,23.91
EMP02271,Rental Car Center,34163,51.72,5,3,Carpool,V296,SUV,1977,Electric,51.72
EMP02272,Airside E,34166,56.31,5,3,Carpool,V769,Minivan,2001,Electric,56.31
EMP02273,Airside D,34177,15.49,3,5,Carpool,V248,Truck,2004,Hybrid,5.58
EMP02274,Main Terminal Restaurants,34192,27.44,3,19,Shuttle,S029,Shuttle Bus,2014,Electric,12.35
EMP02275,Main Terminal & Airside Shopping,34354,39.3,4,1,Train,N/A,N/A,,Electric,47.16
EMP02276,Airside A,34400,22.63,1,1,Bus,N/A,N/A,,N/A,4.53
EMP02277,Main Terminal Restaurants,33543,12.9,2,15,Shuttle,S002,Shuttle Bus,2018,Diesel,3.87
EMP02278,Airside F,33555,11.85,3,12,Shuttle,S002,Shuttle Bus,2007,Electric,5.33
EMP02279,Main Terminal & Airside Shopping,33621,7.37,3,1,Bus,N/A,N/A,,N/A,4.42
EMP02280,Sky Connect,33996,18.77,2,20,Shuttle,S040,Shuttle Bus,1982,Electric,5.63
EMP02281,Airside D,34060,20.95,1,1,Car,V433,SUV,2018,Electric,12.57
EMP02282,Rental Car Center,33557,12.82,1,1,Bus,N/A,N/A,,N/A,2.56
EMP02283,Main Terminal Information Desk,33684,20.22,3,5,Carpool,V157,Sedan,1986,Hybrid,7.28
EMP02284,Airside D,34397,39.98,3,1,Train,N/A,N/A,,Electric,35.98
EMP02285,Airside D,33775,42.17,4,1,Car,V432,Sedan,2014,Electric,101.21
EMP02286,Airside E,34675,41.2,5,4,Carpool,V675,SUV,2018,Gasoline,30.9
EMP02287,Main Terminal Information Desk,34640,54,3,4,Carpool,V806,Truck,2004,Gasoline,24.3
EMP02288,Airside E,34239,40.16,3,1,Car,V865,Minivan,1981,Diesel,72.29
EMP02289,Airside E,34443,31.77,4,3,Rideshare,V441,Truck,2013,Diesel,25.42
EMP02290,Sheltair Aviation,33603,16.16,3,12,Shuttle,S009,Shuttle Bus,2021,Diesel,7.27
EMP02291,Sheltair Aviation,33558,11.55,4,1,Bus,N/A,N/A,,N/A,9.24
EMP02292,Main Terminal Information Desk,33623,40.53,5,1,Car,V116,Truck,1972,Electric,121.59
EMP02293,Airside A,34603,35.26,3,1,Train,N/A,N/A,,Electric,31.73
EMP02294,Main Terminal Information Desk,33637,39.61,5,4,Rideshare,V678,Sedan,1984,Gasoline,29.71
EMP02295,Sky Connect,33824,50.28,5,1,Car,V687,Sedan,2000,Electric,150.84
EMP02296,Rental Car Center,33649,33.54,2,20,Shuttle,S050,Shuttle Bus,1995,Electric,10.06
EMP02297,Airside D,33867,18.84,4,1,Bus,N/A,N/A,,N/A,15.07
EMP02298,Sheltair Aviation,34251,18.41,1,3,Rideshare,V640,Minivan,1976,Electric,3.68
EMP02299,Airside A,34164,20.3,5,1,Bus,N/A,N/A,,N/A,20.3
EMP02300,Airside A,33538,37.16,4,1,Train,N/A,N/A,,Electric,44.59
EMP02301,Airside A,33808,55.24,3,5,Carpool,V976,Truck,2010,Diesel,19.89
EMP02302,Rental Car Center,34437,32.25,3,16,Shuttle,S042,Shuttle Bus,2020,Diesel,14.51
EMP02303,Rental Car Center,33886,44.74,5,3,Rideshare,V311,SUV,2014,Hybrid,44.74
EMP02304,Airside E,33618,9.49,1,1,Car,V898,Sedan,1974,Diesel,5.69
EMP02305,Sky Connect,34145,41.44,1,4,Rideshare,V773,SUV,2014,Diesel,6.22
EMP02306,Airside F,34055,49.76,2,5,Rideshare,V322,SUV,1987,Hybrid,11.94
EMP02307,Airside A,33598,5.65,4,2,Carpool,V554,Sedan,1999,Diesel,6.78
EMP02308,Main Terminal & Airside Shopping,34398,50.32,4,1,Car,V303,Minivan,1972,Diesel,120.77
EMP02309,Main Terminal & Airside Shopping,33737,28.6,1,1,Train,N/A,N/A,,Electric,8.58
EMP02310,Airside E,34557,44.97,5,1,Train,N/A,N/A,,Electric,67.45
EMP02311,Airside C,34557,18.22,2,2,Carpool,V867,Truck,2015,Hybrid,10.93
EMP02312,Main Terminal & Airside Shopping,34585,26.69,2,2,Carpool,V589,Truck,2012,Hybrid,16.01
EMP02313,Sky Connect,33533,39.55,4,1,Car,V489,Sedan,2000,Electric,94.92
EMP02314,Main Terminal & Airside Shopping,34294,16.92,3,1,Car,V956,Truck,1973,Gasoline,30.46
EMP02315,Main Terminal & Airside Shopping,33672,31.3,3,11,Shuttle,S042,Shuttle Bus,1986,Electric,14.09
EMP02316,Main Terminal Information Desk,34162,35.31,3,1,Car,V244,Sedan,2017,Diesel,63.56
EMP02317,Airside E,33809,25.51,1,1,Train,N/A,N/A,,Electric,7.65
EMP02318,Sky Connect,33579,57.23,2,5,Carpool,V710,Sedan,2022,Diesel,13.74
EMP02319,Sheltair Aviation,33885,23.26,3,5,Rideshare,V276,Minivan,1973,Diesel,8.37
EMP02320,Sky Connect,33564,9.35,2,4,Carpool,V130,SUV,1993,Electric,2.8
EMP02321,Airside F,34043,36.15,4,4,Rideshare,V129,Truck,2018,Gasoline,21.69
EMP02322,Main Terminal Restaurants,33570,40.21,4,1,Car,V517,SUV,2007,Gasoline,96.5
EMP02323,Sky Connect,34638,21.96,5,1,Bus,N/A,N/A,,N/A,21.96
EMP02324,Airside E,34214,40.46,1,2,Carpool,V194,SUV,2020,Electric,12.14
EMP02325,Airside C,33609,9.82,4,1,Car,V976,Minivan,1973,Electric,23.57
EMP02326,Airside E,34137,30.53,1,1,Train,N/A,N/A,,Electric,9.16
EMP02327,Main Terminal Information Desk,33825,24.78,3,1,Bus,N/A,N/A,,N/A,14.87
EMP02328,Main Terminal Restaurants,33760,20.05,5,13,Shuttle,S031,Shuttle Bus,2000,Electric,15.04
EMP02329,Rental Car Center,34554,41.34,2,3,Carpool,V924,SUV,2000,Diesel,16.54
EMP02330,Airside F,33694,34.02,1,19,Shuttle,S046,Shuttle Bus,1974,Electric,5.1
EMP02331,Airside D,34074,24.02,1,1,Train,N/A,N/A,,Electric,7.21
EMP02332,Airside F,34220,29.21,2,4,Rideshare,V784,Minivan,1975,Hybrid,8.76
EMP02333,Airside E,33797,35.18,4,4,Rideshare,V865,Sedan,1982,Electric,21.11
EMP02334,Sheltair Aviation,33873,47.69,2,1,Car,V246,Sedan,2014,Gasoline,57.23
EMP02335,Airside F,33523,65.4,4,4,Carpool,V595,Minivan,2001,Hybrid,39.24
EMP02336,Airside F,34481,19.15,5,14,Shuttle,S014,Shuttle Bus,2020,Electric,14.36
EMP02337,Rental Car Center,33788,29.26,5,5,Rideshare,V771,Truck,2002,Hybrid,17.56
EMP02338,Main Terminal Restaurants,34498,57.29,3,4,Carpool,V779,Minivan,1986,Gasoline,25.78
EMP02339,Sheltair Aviation,33558,8.16,5,4,Rideshare,V536,Truck,2007,Gasoline,6.12
EMP02340,Sky Connect,34436,54.82,1,3,Carpool,V223,Sedan,2008,Hybrid,10.96
EMP02341,Airside E,34393,38.87,3,5,Rideshare,V987,Sedan,2010,Diesel,13.99
EMP02342,Main Terminal & Airside Shopping,33790,37.1,2,1,Train,N/A,N/A,,Electric,22.26
EMP02343,Sheltair Aviation,34224,54.3,1,3,Carpool,V676,SUV,2006,Gasoline,10.86
EMP02344,Sky Connect,34587,48.63,5,3,Rideshare,V483,SUV,2015,Diesel,48.63
EMP02345,Airside C,33963,53.25,2,18,Shuttle,S049,Shuttle Bus,1978,Diesel,15.97
EMP02346,Sky Connect,33914,36.5,4,1,Train,N/A,N/A,,Electric,43.8
EMP02347,Airside D,34154,27.55,4,1,Car,V634,Minivan,1977,Electric,66.12
EMP02348,Main Terminal Information Desk,33834,20,3,1,Bus,N/A,N/A,,N/A,12
EMP02349,Airside D,34014,64.03,1,1,Car,V313,Truck,1994,Gasoline,38.42
EMP02350,Airside A,33850,17.11,2,1,Bus,N/A,N/A,,N/A,6.84
EMP02351,Main Terminal Information Desk,33826,33.16,2,5,Carpool,V500,Minivan,1997,Diesel,7.96
EMP02352,Airside F,34065,62.79,1,3,Rideshare,V511,SUV,2008,Gasoline,12.56
EMP02353,Rental Car Center,34408,40.21,2,11,Shuttle,S010,Shuttle Bus,2013,Electric,12.06
EMP02354,Main Terminal Restaurants,34629,24.95,1,1,Car,V636,Truck,1984,Gasoline,14.97
EMP02355,Sheltair Aviation,33975,38.51,4,1,Train,N/A,N/A,,Electric,46.21
EMP02356,Sheltair Aviation,33523,12.72,3,1,Bus,N/A,N/A,,N/A,7.63
EMP02357,Sky Connect,33814,43.25,5,15,Shuttle,S005,Shuttle Bus,2011,Electric,32.44
EMP02358,Airside D,34023,43.99,4,1,Car,V741,Sedan,1973,Electric,105.58
EMP02359,Main Terminal & Airside Shopping,34544,26.99,2,1,Train,N/A,N/A,,Electric,16.19
EMP02360,Airside D,33681,64.01,5,2,Carpool,V347,Truck,2015,Electric,96.02
EMP02361,Main Terminal & Airside Shopping,33771,19.92,1,1,Bus,N/A,N/A,,N/A,3.98
EMP02362,Airside D,34540,41.27,3,12,Shuttle,S022,Shuttle Bus,1997,Electric,18.57
EMP02363,Sheltair Aviation,33526,50.25,3,2,Rideshare,V830,Sedan,1983,Electric,45.22
EMP02364,Airside F,34000,27.75,4,1,Train,N/A,N/A,,Electric,33.3
EMP02365,Rental Car Center,33521,14.02,3,1,Bus,N/A,N/A,,N/A,8.41
EMP02366,Main Terminal Information Desk,34658,48.34,5,1,Train,N/A,N/A,,Electric,72.51
EMP02367,Main Terminal & Airside Shopping,34330,27.24,5,1,Train,N/A,N/A,,Electric,40.86
EMP02368,Airside A,33701,31.97,1,1,Train,N/A,N/A,,Electric,9.59
EMP02369,Rental Car Center,33988,39.66,1,1,Car,V694,Truck,1974,Electric,23.8
EMP02370,Main Terminal & Airside Shopping,34401,66.04,1,13,Shuttle,S030,Shuttle Bus,2001,Diesel,9.91
EMP02371,Main Terminal & Airside Shopping,33608,19.63,4,18,Shuttle,S014,Shuttle Bus,2001,Diesel,11.78
EMP02372,Airside A,34161,22.52,3,9,Shuttle,S027,Shuttle Bus,1999,Diesel,10.13
EMP02373,Main Terminal Information Desk,34221,35.1,3,4,Rideshare,V383,SUV,2017,Electric,15.79
EMP02374,Airside A,33884,19.22,4,4,Rideshare,V671,SUV,2007,Hybrid,11.53
EMP02375,Main Terminal & Airside Shopping,33682,58.54,2,5,Rideshare,V460,Truck,1981,Diesel,14.05
EMP02376,Main Terminal Restaurants,34331,48.03,1,2,Rideshare,V736,Truck,1986,Electric,14.41
EMP02377,Sheltair Aviation,34042,58.41,4,3,Carpool,V459,Minivan,2003,Hybrid,46.73
EMP02378,Main Terminal Information Desk,34161,54.46,2,3,Rideshare,V214,Sedan,1977,Diesel,21.78
EMP02379,Rental Car Center,34646,56.14,5,4,Rideshare,V507,SUV,2008,Gasoline,42.1
EMP02380,Airside F,34328,53.61,1,1,Car,V249,Truck,2004,Hybrid,32.17
EMP02381,Sky Connect,34288,33.1,4,3,Rideshare,V965,Sedan,1972,Hybrid,26.48
EMP02382,Rental Car Center,34210,28.56,1,1,Train,N/A,N/A,,Electric,8.57
EMP02383,Airside F,33539,10.28,1,1,Bus,N/A,N/A,,N/A,2.06
EMP02384,Sky Connect,34512,31.99,3,2,Carpool,V953,SUV,2003,Diesel,28.79
EMP02385,Airside F,33860,20.82,4,3,Carpool,V403,Sedan,1976,Diesel,16.66
EMP02386,Airside A,34398,35.2,4,1,Train,N/A,N/A,,Electric,42.24
EMP02387,Main Terminal & Airside Shopping,34663,44.32,5,1,Train,N/A,N/A,,Electric,66.48
EMP02388,Airside F,34625,20.68,2,1,Bus,N/A,N/A,,N/A,8.27
EMP02389,Rental Car Center,33557,13.58,5,1,Bus,N/A,N/A,,N/A,13.58
EMP02390,Airside D,34095,18.07,3,20,Shuttle,S028,Shuttle Bus,2011,Electric,8.13
EMP02391,Main Terminal Restaurants,33657,52.85,3,4,Carpool,V429,SUV,1978,Diesel,23.78
EMP02392,Sky Connect,33697,49.85,2,1,Train,N/A,N/A,,Electric,29.91
EMP02393,Sky Connect,34142,58.65,4,16,Shuttle,S007,Shuttle Bus,1973,Diesel,35.19
EMP02394,Main Terminal Restaurants,34452,53.62,5,11,Shuttle,S018,Shuttle Bus,2004,Diesel,40.21
EMP02395,Main Terminal Information Desk,34518,33.07,4,1,Train,N/A,N/A,,Electric,39.68
EMP02396,Rental Car Center,33571,6.35,1,1,Bus,N/A,N/A,,N/A,1.27
EMP02397,Airside A,33579,13.8,4,1,Train,N/A,N/A,,Electric,16.56
EMP02398,Sheltair Aviation,34476,69.93,3,1,Car,V165,SUV,2014,Hybrid,125.87
EMP02399,Airside C,34016,65.68,3,17,Shuttle,S047,Shuttle Bus,1998,Diesel,29.56
EMP02400,Rental Car Center,33836,21.13,4,1,Bus,N/A,N/A,,N/A,16.9
EMP02401,Main Terminal & Airside Shopping,34602,60.77,4,4,Carpool,V438,Truck,2016,Diesel,36.46
EMP02402,Rental Car Center,33842,28.63,4,1,Train,N/A,N/A,,Electric,34.36
EMP02403,Sky Connect,33513,42.13,5,13,Shuttle,S040,Shuttle Bus,1987,Diesel,31.6
EMP02404,Main Terminal Restaurants,33692,26.45,1,1,Train,N/A,N/A,,Electric,7.93
EMP02405,Rental Car Center,33560,13.46,5,1,Car,V850,SUV,1982,Diesel,40.38
EMP02406,Airside F,33934,24.42,2,1,Train,N/A,N/A,,Electric,14.65
EMP02407,Airside A,33744,55.94,4,19,Shuttle,S022,Shuttle Bus,1982,Diesel,33.56
EMP02408,Airside C,33637,5.27,5,1,Bus,N/A,N/A,,N/A,5.27
EMP02409,Main Terminal & Airside Shopping,33610,6.6,4,1,Bus,N/A,N/A,,N/A,5.28
EMP02410,Airside E,34184,25.29,2,2,Rideshare,V281,Truck,1993,Electric,15.17
EMP02411,Airside D,33573,5.29,1,1,Bus,N/A,N/A,,N/A,1.06
EMP02412,Airside D,34027,20.29,2,1,Bus,N/A,N/A,,N/A,8.12
EMP02413,Main Terminal Restaurants,34425,45.54,1,13,Shuttle,S049,Shuttle Bus,2003,Diesel,6.83
EMP02414,Sky Connect,34687,25.08,1,2,Rideshare,V799,Sedan,1986,Hybrid,7.52
EMP02415,Airside C,33509,38.26,1,2,Carpool,V493,Truck,2006,Hybrid,11.48
EMP02416,Airside A,34267,47.54,5,1,Train,N/A,N/A,,Electric,71.31
EMP02417,Airside C,33872,31.96,2,5,Carpool,V453,SUV,1981,Gasoline,7.67
EMP02418,Sheltair Aviation,34675,30.39,5,4,Carpool,V551,SUV,1975,Diesel,22.79
EMP02419,Sky Connect,33579,69.39,4,2,Carpool,V926,Sedan,1990,Hybrid,83.27
EMP02420,Airside D,33869,33.75,3,1,Car,V202,SUV,1981,Electric,60.75
EMP02421,Airside F,34246,15.54,2,1,Train,N/A,N/A,,Electric,9.32
EMP02422,Main Terminal Information Desk,34417,42.62,5,14,Shuttle,S008,Shuttle Bus,2019,Diesel,31.96
EMP02423,Main Terminal Restaurants,33990,43.8,3,3,Carpool,V292,Minivan,1995,Electric,26.28
EMP02424,Airside A,33749,29.64,1,5,Rideshare,V779,Sedan,2005,Hybrid,3.56
EMP02425,Sky Connect,34652,23.68,5,1,Train,N/A,N/A,,Electric,35.52
EMP02426,Sky Connect,33967,15.55,5,1,Bus,N/A,N/A,,N/A,15.55
EMP02427,Airside D,33961,18.76,2,5,Rideshare,V741,Truck,2022,Electric,4.5
EMP02428,Main Terminal & Airside Shopping,33518,13.86,4,1,Bus,N/A,N/A,,N/A,11.09
EMP02429,Main Terminal Information Desk,33713,37.12,4,1,Car,V674,Truck,2020,Electric,89.09
EMP02430,Rental Car Center,33571,14.22,3,1,Bus,N/A,N/A,,N/A,8.53
EMP02431,Airside D,33585,66.1,1,16,Shuttle,S013,Shuttle Bus,1985,Diesel,9.91
EMP02432,Airside D,33577,12.13,5,1,Train,N/A,N/A,,Electric,18.2
EMP02433,Airside E,33598,34.56,3,19,Shuttle,S035,Shuttle Bus,1989,Diesel,15.55
EMP02434,Airside A,34267,28.56,4,3,Rideshare,V943,Sedan,1989,Electric,22.85
EMP02435,Sky Connect,33573,14.4,2,1,Train,N/A,N/A,,Electric,8.64
EMP02436,Main Terminal Restaurants,33702,65.13,1,11,Shuttle,S030,Shuttle Bus,2015,Diesel,9.77
EMP02437,Airside F,33916,37.52,3,9,Shuttle,S032,Shuttle Bus,2012,Diesel,16.88
EMP02438,Rental Car Center,33592,46.88,5,8,Shuttle,S025,Shuttle Bus,1996,Diesel,35.16
EMP02439,Airside C,34177,47.16,1,3,Rideshare,V499,SUV,1981,Diesel,9.43
EMP02440,Main Terminal Restaurants,33875,16.09,1,1,Bus,N/A,N/A,,N/A,3.22
EMP02441,Airside E,34028,39.91,2,1,Train,N/A,N/A,,Electric,23.95
EMP02442,Main Terminal & Airside Shopping,34134,57.67,5,19,Shuttle,S014,Shuttle Bus,1972,Electric,43.25
EMP02443,Main Terminal & Airside Shopping,34403,16.66,1,14,Shuttle,S025,Shuttle Bus,1983,Electric,2.5
EMP02444,Airside F,33626,5.85,3,1,Bus,N/A,N/A,,N/A,3.51
EMP02445,Airside A,34419,42.68,4,8,Shuttle,S009,Shuttle Bus,1988,Diesel,25.61
EMP02446,Airside C,33825,59.43,1,9,Shuttle,S032,Shuttle Bus,1985,Diesel,8.91
EMP02447,Airside E,33529,12.42,3,1,Train,N/A,N/A,,Electric,11.18
EMP02448,Airside D,34598,49.55,4,12,Shuttle,S019,Shuttle Bus,2004,Electric,29.73
EMP02449,Rental Car Center,34308,44.63,1,2,Rideshare,V188,SUV,2014,Electric,13.39
EMP02450,Airside F,34460,34.48,5,2,Carpool,V211,Minivan,2011,Gasoline,51.72
EMP02451,Airside F,33877,57.18,4,1,Car,V880,Sedan,2001,Gasoline,137.23
EMP02452,Airside F,34322,23.2,5,1,Bus,N/A,N/A,,N/A,23.2
EMP02453,Main Terminal Information Desk,33584,46.54,2,15,Shuttle,S043,Shuttle Bus,1997,Diesel,13.96
EMP02454,Airside F,34664,31.12,3,8,Shuttle,S001,Shuttle Bus,1984,Diesel,14
EMP02455,Main Terminal Restaurants,34446,42.99,2,4,Rideshare,V759,SUV,2020,Gasoline,12.9
EMP02456,Main Terminal & Airside Shopping,33545,10.54,2,1,Bus,N/A,N/A,,N/A,4.22
EMP02457,Sky Connect,33876,64.88,2,1,Car,V443,SUV,1997,Electric,77.86
EMP02458,Airside A,34059,19.81,1,1,Bus,N/A,N/A,,N/A,3.96
EMP02459,Rental Car Center,33579,13.8,3,1,Train,N/A,N/A,,Electric,12.42
EMP02460,Airside E,33616,43.62,5,4,Carpool,V801,Sedan,1991,Gasoline,32.71
EMP02461,Main Terminal & Airside Shopping,33510,11.27,5,1,Train,N/A,N/A,,Electric,16.9
EMP02462,Rental Car Center,34158,32.52,2,19,Shuttle,S024,Shuttle Bus,2001,Diesel,9.76
EMP02463,Airside E,33512,64.52,2,1,Car,V103,Minivan,1991,Gasoline,77.42
EMP02464,Main Terminal & Airside Shopping,33959,45.24,1,1,Train,N/A,N/A,,Electric,13.57
EMP02465,Sheltair Aviation,34617,62.39,5,1,Car,V120,Sedan,2014,Electric,187.17
EMP02466,Rental Car Center,34348,18.73,4,12,Shuttle,S029,Shuttle Bus,2016,Diesel,11.24
EMP02467,Sheltair Aviation,34075,24.52,5,1,Bus,N/A,N/A,,N/A,24.52
EMP02468,Main Terminal Restaurants,33813,49.42,4,15,Shuttle,S030,Shuttle Bus,1998,Electric,29.65
EMP02469,Airside F,34295,52.93,3,3,Carpool,V264,Truck,1995,Hybrid,31.76
EMP02470,Airside A,33857,22.69,3,1,Bus,N/A,N/A,,N/A,13.61
EMP02471,Airside A,33619,7.5,4,1,Bus,N/A,N/A,,N/A,6
EMP02472,Airside F,33630,9.01,2,1,Bus,N/A,N/A,,N/A,3.6
EMP02473,Main Terminal Restaurants,34411,19.05,4,5,Carpool,V851,Minivan,1988,Electric,9.14
EMP02474,Main Terminal Information Desk,34300,17.45,4,1,Bus,N/A,N/A,,N/A,13.96
EMP02475,Main Terminal Restaurants,34585,68.27,4,3,Rideshare,V351,SUV,1979,Diesel,54.62
EMP02476,Airside F,34244,47.63,2,1,Train,N/A,N/A,,Electric,28.58
EMP02477,Main Terminal Information Desk,34267,41.04,4,1,Train,N/A,N/A,,Electric,49.25
EMP02478,Sheltair Aviation,33526,13.32,2,5,Rideshare,V211,Minivan,2010,Electric,3.2
EMP02479,Airside D,33651,27.42,4,1,Train,N/A,N/A,,Electric,32.9
EMP02480,Airside F,34287,30.74,3,3,Carpool,V284,Minivan,1988,Electric,18.44
EMP02481,Airside A,34662,60.42,2,14,Shuttle,S043,Shuttle Bus,2001,Diesel,18.13
EMP02482,Airside D,33882,24.89,5,20,Shuttle,S042,Shuttle Bus,2017,Electric,18.67
EMP02483,Rental Car Center,34148,30.06,2,5,Carpool,V351,Minivan,2021,Diesel,7.21
EMP02484,Main Terminal Information Desk,33698,32.05,5,2,Rideshare,V187,Sedan,2005,Gasoline,48.07
EMP02485,Airside A,33684,35.87,3,1,Car,V465,Truck,2021,Diesel,64.57
EMP02486,Airside E,34306,22.46,3,2,Carpool,V697,Truck,1981,Electric,20.21
EMP02487,Main Terminal Information Desk,33588,9.86,2,4,Rideshare,V921,Sedan,1986,Diesel,2.96
EMP02488,Airside E,33576,14.57,4,2,Carpool,V262,Minivan,1974,Electric,17.48
EMP02489,Airside D,33800,69.04,2,9,Shuttle,S029,Shuttle Bus,2011,Diesel,20.71
EMP02490,Airside A,33556,12.44,4,5,Carpool,V274,Minivan,2015,Gasoline,5.97
EMP02491,Rental Car Center,33935,23.09,3,15,Shuttle,S029,Shuttle Bus,2011,Diesel,10.39
EMP02492,Main Terminal Information Desk,34251,18.47,5,13,Shuttle,S006,Shuttle Bus,1979,Electric,13.85
EMP02493,Airside C,34362,19.28,2,4,Carpool,V213,SUV,1981,Diesel,5.78
EMP02494,Sheltair Aviation,34289,21.67,3,2,Rideshare,V116,Minivan,2020,Electric,19.5
EMP02495,Airside E,34598,27.99,3,3,Rideshare,V632,Truck,1984,Gasoline,16.79
EMP02496,Main Terminal Information Desk,33633,9.07,2,2,Rideshare,V817,SUV,2008,Hybrid,5.44
EMP02497,Airside D,33593,8.4,4,1,Bus,N/A,N/A,,N/A,6.72
EMP02498,Airside A,34181,63.39,4,2,Rideshare,V233,Sedan,1989,Gasoline,76.07
EMP02499,Rental Car Center,34326,27.27,3,1,Car,V581,SUV,1995,Electric,49.09
EMP02500,Main Terminal & Airside Shopping,34324,15.07,3,1,Car,V475,Truck,1994,Electric,27.13
EMP02501,Main Terminal & Airside Shopping,33552,11.41,3,10,Shuttle,S047,Shuttle Bus,2002,Electric,5.13
EMP02502,Sky Connect,34109,24.66,4,4,Carpool,V560,Sedan,1999,Gasoline,14.8
EMP02503,Sheltair Aviation,33547,45.12,5,2,Rideshare,V925,SUV,1976,Gasoline,67.68
EMP02504,Airside F,34264,36.1,2,1,Car,V257,Sedan,1981,Diesel,43.32
EMP02505,Airside C,33527,37.86,1,1,Car,V991,Truck,2017,Gasoline,22.72
EMP02506,Airside E,34240,22.47,4,1,Train,N/A,N/A,,Electric,26.96
EMP02507,Sheltair Aviation,33565,5.2,5,1,Car,V821,Sedan,1994,Diesel,15.6
EMP02508,Airside F,33519,10.35,1,10,Shuttle,S046,Shuttle Bus,2002,Diesel,1.55
EMP02509,Airside A,33534,11.13,2,1,Bus,N/A,N/A,,N/A,4.45
EMP02510,Airside A,34156,58.45,1,14,Shuttle,S041,Shuttle Bus,2013,Diesel,8.77
EMP02511,Main Terminal Information Desk,34523,23.32,4,3,Carpool,V849,Truck,2005,Gasoline,18.66
EMP02512,Main Terminal Information Desk,33662,34.8,5,2,Carpool,V302,SUV,1984,Hybrid,52.2
EMP02513,Airside E,33950,23.88,5,1,Train,N/A,N/A,,Electric,35.82
EMP02514,Airside C,33883,40.57,1,11,Shuttle,S021,Shuttle Bus,1983,Diesel,6.09
EMP02515,Airside E,34170,20.54,5,1,Bus,N/A,N/A,,N/A,20.54
EMP02516,Rental Car Center,34147,22.24,5,1,Bus,N/A,N/A,,N/A,22.24
EMP02517,Airside F,33552,11.28,3,1,Bus,N/A,N/A,,N/A,6.77
EMP02518,Airside F,34015,31.52,1,1,Train,N/A,N/A,,Electric,9.46
EMP02519,Airside D,33628,59.61,1,2,Carpool,V452,Minivan,1988,Gasoline,17.88
EMP02520,Rental Car Center,34476,20.3,1,1,Bus,N/A,N/A,,N/A,4.06
EMP02521,Airside A,34240,66.13,1,13,Shuttle,S045,Shuttle Bus,1997,Diesel,9.92
EMP02522,Rental Car Center,34289,17.69,3,5,Rideshare,V479,Minivan,1989,Electric,6.37
EMP02523,Airside D,33577,14.42,3,1,Bus,N/A,N/A,,N/A,8.65
EMP02524,Airside F,33587,47.64,5,3,Carpool,V519,Truck,1983,Electric,47.64
EMP02525,Main Terminal Information Desk,34451,36.41,4,5,Rideshare,V256,Minivan,1990,Diesel,17.48
EMP02526,Main Terminal & Airside Shopping,33841,18.16,1,1,Bus,N/A,N/A,,N/A,3.63
EMP02527,Main Terminal Restaurants,33601,7.34,2,1,Bus,N/A,N/A,,N/A,2.94
EMP02528,Main Terminal Restaurants,33853,56.98,4,1,Car,V707,SUV,1987,Diesel,136.75
EMP02529,Airside F,34348,26.34,1,1,Car,V253,Minivan,1975,Hybrid,15.8
EMP02530,Main Terminal Restaurants,34303,32.05,1,5,Carpool,V410,SUV,2003,Hybrid,3.85
EMP02531,Airside F,33563,13.19,4,5,Carpool,V972,Minivan,1984,Diesel,6.33
EMP02532,Main Terminal Information Desk,33717,62.84,1,13,Shuttle,S005,Shuttle Bus,2020,Electric,9.43
EMP02533,Main Terminal Information Desk,33845,17.02,3,1,Train,N/A,N/A,,Electric,15.32
EMP02534,Airside F,33943,32.71,4,1,Train,N/A,N/A,,Electric,39.25
EMP02535,Main Terminal & Airside Shopping,34186,16.59,1,1,Bus,N/A,N/A,,N/A,3.32
EMP02536,Sheltair Aviation,34378,36.83,3,4,Carpool,V713,Sedan,2002,Diesel,16.57
EMP02537,Sky Connect,33762,31.18,3,4,Rideshare,V678,Truck,2010,Electric,14.03
EMP02538,Airside C,34257,65.6,4,1,Car,V352,Minivan,1984,Diesel,157.44
EMP02539,Main Terminal Restaurants,34475,48.01,2,13,Shuttle,S018,Shuttle Bus,2009,Electric,14.4
EMP02540,Rental Car Center,33549,13.56,2,3,Rideshare,V825,SUV,1999,Diesel,5.42
EMP02541,Airside F,33610,8.31,5,1,Bus,N/A,N/A,,N/A,8.31
EMP02542,Airside A,34286,60.53,5,2,Rideshare,V738,SUV,1974,Hybrid,90.79
EMP02543,Airside C,34503,17.31,4,1,Train,N/A,N/A,,Electric,20.77
EMP02544,Rental Car Center,34420,58.67,3,9,Shuttle,S025,Shuttle Bus,1993,Diesel,26.4
EMP02545,Airside D,33620,44.25,2,13,Shuttle,S031,Shuttle Bus,2009,Diesel,13.28
EMP02546,Airside F,34229,68.05,1,13,Shuttle,S040,Shuttle Bus,1979,Electric,10.21
EMP02547,Sky Connect,34539,29.13,3,4,Carpool,V719,Truck,1977,Diesel,13.11
EMP02548,Sheltair Aviation,34152,29.35,5,2,Carpool,V853,Sedan,2006,Diesel,44.02
EMP02549,Sky Connect,34008,47.56,3,1,Train,N/A,N/A,,Electric,42.8
EMP02550,Main Terminal & Airside Shopping,34173,22.88,1,1,Bus,N/A,N/A,,N/A,4.58
EMP02551,Airside D,33598,26.94,2,4,Carpool,V767,Sedan,2002,Electric,8.08
EMP02552,Airside C,34414,42.26,4,3,Rideshare,V668,Minivan,1976,Diesel,33.81
EMP02553,Rental Car Center,33563,8.5,3,1,Bus,N/A,N/A,,N/A,5.1
EMP02554,Airside D,33961,18.46,3,1,Bus,N/A,N/A,,N/A,11.08
EMP02555,Rental Car Center,33570,9.41,3,1,Bus,N/A,N/A,,N/A,5.65
EMP02556,Rental Car Center,33809,19.18,3,2,Carpool,V988,Sedan,1991,Hybrid,17.26
EMP02557,Sky Connect,33568,9.99,3,1,Bus,N/A,N/A,,N/A,5.99
EMP02558,Main Terminal Restaurants,33615,22.11,4,16,Shuttle,S041,Shuttle Bus,1984,Electric,13.27
EMP02559,Sheltair Aviation,34168,45.53,4,3,Rideshare,V759,Sedan,2013,Hybrid,36.42
EMP02560,Main Terminal Restaurants,33580,41.7,5,1,Train,N/A,N/A,,Electric,62.55
EMP02561,Sky Connect,34517,45.78,2,1,Car,V169,Sedan,1984,Diesel,54.94
EMP02562,Airside E,33897,20.08,5,1,Car,V194,SUV,2007,Hybrid,60.24
EMP02563,Main Terminal Restaurants,34203,34.79,1,5,Rideshare,V604,Sedan,1986,Electric,4.17
EMP02564,Sky Connect,34408,17.97,5,1,Car,V811,Minivan,1995,Diesel,53.91
EMP02565,Sky Connect,34418,36.6,2,1,Car,V218,SUV,2021,Hybrid,43.92
EMP02566,Airside F,33607,66.65,1,2,Carpool,V590,SUV,1994,Gasoline,20
EMP02567,Airside A,33844,23.94,2,3,Carpool,V430,Truck,1979,Electric,9.58
EMP02568,Sheltair Aviation,34544,65.09,4,8,Shuttle,S049,Shuttle Bus,2018,Electric,39.05
EMP02569,Main Terminal Information Desk,34626,64.05,4,1,Car,V141,Sedan,2010,Diesel,153.72
EMP02570,Rental Car Center,33579,5.42,2,1,Car,V107,Minivan,1999,Hybrid,6.5
EMP02571,Airside C,34542,40.42,3,1,Train,N/A,N/A,,Electric,36.38
EMP02572,Airside E,33569,8.09,2,1,Bus,N/A,N/A,,N/A,3.24
EMP02573,Sky Connect,34076,36.67,5,1,Car,V669,Truck,1989,Hybrid,110.01
EMP02574,Sky Connect,33968,15.26,2,1,Bus,N/A,N/A,,N/A,6.1
EMP02575,Rental Car Center,34169,50.77,3,3,Rideshare,V502,Truck,1984,Gasoline,30.46
EMP02576,Sheltair Aviation,34412,55.01,4,2,Rideshare,V309,Minivan,2000,Diesel,66.01
EMP02577,Airside C,33718,51.03,4,1,Car,V304,SUV,1989,Hybrid,122.47
EMP02578,Sheltair Aviation,34295,16.1,5,4,Carpool,V155,Minivan,1992,Diesel,12.07
EMP02579,Rental Car Center,34134,54.59,2,2,Rideshare,V321,Sedan,2019,Diesel,32.75
EMP02580,Main Terminal Restaurants,34217,27.13,4,5,Carpool,V500,Minivan,2011,Diesel,13.02
EMP02581,Main Terminal Information Desk,33626,9.53,5,1,Bus,N/A,N/A,,N/A,9.53
EMP02582,Airside D,33719,48.55,2,9,Shuttle,S001,Shuttle Bus,1981,Diesel,14.56
EMP02583,Rental Car Center,34061,55.28,1,1,Car,V410,Sedan,1994,Electric,33.17
EMP02584,Main Terminal & Airside Shopping,33699,45.71,5,10,Shuttle,S004,Shuttle Bus,2001,Electric,34.28
EMP02585,Airside F,34263,40.83,2,14,Shuttle,S005,Shuttle Bus,1980,Electric,12.25
EMP02586,Main Terminal & Airside Shopping,33571,59.55,1,12,Shuttle,S008,Shuttle Bus,1972,Electric,8.93
EMP02587,Airside E,33746,56.74,4,3,Rideshare,V587,Sedan,1982,Diesel,45.39
EMP02588,Airside A,33980,34.19,1,1,Car,V990,Minivan,1980,Hybrid,20.51
EMP02589,Airside D,34529,26.84,5,1,Car,V848,Sedan,1983,Diesel,80.52
EMP02590,Airside F,34272,52.1,4,1,Car,V138,Sedan,1985,Electric,125.04
EMP02591,Main Terminal & Airside Shopping,33921,23.3,4,1,Bus,N/A,N/A,,N/A,18.64
EMP02592,Airside A,33685,17.57,1,1,Train,N/A,N/A,,Electric,5.27
EMP02593,Airside D,34481,64.95,3,19,Shuttle,S013,Shuttle Bus,1983,Electric,29.23
EMP02594,Airside A,34027,29.68,3,11,Shuttle,S045,Shuttle Bus,2011,Electric,13.36
EMP02595,Airside A,34447,17.99,1,17,Shuttle,S036,Shuttle Bus,2022,Electric,2.7
EMP02596,Airside F,34245,53.8,1,12,Shuttle,S006,Shuttle Bus,2014,Electric,8.07
EMP02597,Main Terminal Information Desk,33891,18.03,5,1,Bus,N/A,N/A,,N/A,18.03
EMP02598,Main Terminal Restaurants,33854,18.7,3,19,Shuttle,S021,Shuttle Bus,2000,Electric,8.41
EMP02599,Main Terminal & Airside Shopping,34262,60.67,5,5,Carpool,V455,Minivan,2011,Hybrid,36.4
EMP02600,Airside E,34610,65.39,4,18,Shuttle,S027,Shuttle Bus,1977,Electric,39.23
EMP02601,Main Terminal & Airside Shopping,34065,28.78,5,1,Car,V440,SUV,2009,Hybrid,86.34
EMP02602,Sheltair Aviation,33619,5.38,4,1,Bus,N/A,N/A,,N/A,4.3
EMP02603,Sheltair Aviation,34537,58.75,1,4,Carpool,V713,SUV,1979,Hybrid,8.81
EMP02604,Sky Connect,34674,55.39,2,20,Shuttle,S009,Shuttle Bus,2006,Diesel,16.62
EMP02605,Main Terminal & Airside Shopping,33729,32.21,4,1,Car,V632,Sedan,1995,Gasoline,77.3
EMP02606,Rental Car Center,33620,6.96,3,1,Car,V857,SUV,2022,Diesel,12.53
EMP02607,Sheltair Aviation,33802,24.1,3,15,Shuttle,S021,Shuttle Bus,2011,Electric,10.85
EMP02608,Sky Connect,34367,23.66,5,1,Bus,N/A,N/A,,N/A,23.66
EMP02609,Airside F,34398,20.62,3,1,Train,N/A,N/A,,Electric,18.56
EMP02610,Airside C,33885,44.75,4,3,Carpool,V912,Sedan,1990,Gasoline,35.8
EMP02611,Main Terminal Information Desk,34051,17.5,1,4,Carpool,V410,Minivan,1999,Diesel,2.62
EMP02612,Sky Connect,33548,60.13,1,11,Shuttle,S002,Shuttle Bus,2008,Diesel,9.02
EMP02613,Airside D,33880,62.52,2,1,Car,V168,Sedan,1975,Hybrid,75.02
EMP02614,Main Terminal Information Desk,34279,27.78,4,1,Car,V110,Minivan,2020,Hybrid,66.67
EMP02615,Main Terminal Restaurants,33534,10.63,3,1,Bus,N/A,N/A,,N/A,6.38
EMP02616,Airside D,34542,24.27,5,1,Bus,N/A,N/A,,N/A,24.27
EMP02617,Sheltair Aviation,33513,10.41,5,1,Train,N/A,N/A,,Electric,15.61
EMP02618,Sheltair Aviation,34579,19.32,1,1,Bus,N/A,N/A,,N/A,3.86
EMP02619,Main Terminal Restaurants,34469,50.91,1,4,Rideshare,V870,Minivan,2017,Gasoline,7.64
EMP02620,Main Terminal & Airside Shopping,34218,56.64,5,17,Shuttle,S044,Shuttle Bus,2006,Electric,42.48
EMP02621,Airside A,33612,7.85,1,1,Bus,N/A,N/A,,N/A,1.57
EMP02622,Airside C,33577,11.26,3,1,Bus,N/A,N/A,,N/A,6.76
EMP02623,Airside C,33692,60.22,2,1,Car,V488,Minivan,2013,Hybrid,72.26
EMP02624,Airside F,33633,23.74,4,1,Train,N/A,N/A,,Electric,28.49
EMP02625,Main Terminal Restaurants,33943,59.25,5,5,Rideshare,V197,Minivan,1983,Gasoline,35.55
EMP02626,Sheltair Aviation,34592,17.07,5,2,Carpool,V170,Minivan,1987,Diesel,25.6
EMP02627,Main Terminal Information Desk,34597,34.43,5,5,Rideshare,V359,Sedan,2009,Gasoline,20.66
EMP02628,Sky Connect,33607,6.24,2,1,Bus,N/A,N/A,,N/A,2.5
EMP02629,Airside D,33550,11,1,4,Carpool,V212,Minivan,1987,Diesel,1.65
EMP02630,Airside C,34010,51.16,4,5,Carpool,V496,Sedan,2002,Diesel,24.56
EMP02631,Main Terminal & Airside Shopping,33531,14.78,3,1,Car,V448,SUV,1985,Electric,26.6
EMP02632,Airside F,33737,34.17,4,20,Shuttle,S007,Shuttle Bus,2005,Diesel,20.5
EMP02633,Airside E,34453,17.31,5,2,Carpool,V475,Minivan,1995,Electric,25.96
EMP02634,Airside A,34254,35.61,5,19,Shuttle,S041,Shuttle Bus,2013,Diesel,26.71
EMP02635,Main Terminal & Airside Shopping,34134,23.1,1,1,Bus,N/A,N/A,,N/A,4.62
EMP02636,Main Terminal & Airside Shopping,33637,35.9,4,1,Train,N/A,N/A,,Electric,43.08
EMP02637,Airside C,34295,22.75,3,1,Car,V510,Minivan,1990,Diesel,40.95
EMP02638,Airside E,33831,63.78,1,1,Car,V684,Sedan,1976,Diesel,38.27
EMP02639,Sheltair Aviation,33579,12.46,4,4,Carpool,V589,Truck,1998,Gasoline,7.48
EMP02640,Sheltair Aviation,33564,8.61,5,5,Carpool,V337,Sedan,1986,Diesel,5.17
EMP02641,Airside E,33522,35.06,2,5,Rideshare,V161,Truck,2012,Gasoline,8.41
EMP02642,Airside C,34699,36.54,3,1,Train,N/A,N/A,,Electric,32.89
EMP02643,Sky Connect,33780,31.73,3,1,Car,V349,Truck,2005,Electric,57.11
EMP02644,Airside F,34480,60.65,4,5,Carpool,V201,SUV,2021,Diesel,29.11
EMP02645,Main Terminal & Airside Shopping,33645,45.82,5,1,Train,N/A,N/A,,Electric,68.73
EMP02646,Airside E,33797,64.1,2,16,Shuttle,S049,Shuttle Bus,1994,Diesel,19.23
EMP02647,Main Terminal Information Desk,33900,21.95,1,1,Train,N/A,N/A,,Electric,6.58
EMP02648,Airside F,33554,11.96,4,18,Shuttle,S015,Shuttle Bus,1996,Electric,7.18
EMP02649,Main Terminal & Airside Shopping,33587,52.43,4,1,Car,V899,Truck,1974,Electric,125.83
EMP02650,Airside A,34468,27.24,3,5,Carpool,V866,SUV,1996,Diesel,9.81
EMP02651,Main Terminal Information Desk,34332,44.53,5,1,Train,N/A,N/A,,Electric,66.8
EMP02652,Sheltair Aviation,34567,58.46,2,11,Shuttle,S019,Shuttle Bus,1992,Electric,17.54
EMP02653,Airside C,33619,19.7,5,1,Bus,N/A,N/A,,N/A,19.7
EMP02654,Main Terminal & Airside Shopping,33673,39.54,5,1,Car,V891,SUV,2009,Gasoline,118.62
EMP02655,Main Terminal Restaurants,34451,49.34,4,4,Rideshare,V410,Truck,2017,Hybrid,29.6
EMP02656,Airside D,34554,16.92,5,1,Bus,N/A,N/A,,N/A,16.92
EMP02657,Main Terminal & Airside Shopping,34647,33.2,5,19,Shuttle,S044,Shuttle Bus,1992,Diesel,24.9
EMP02658,Main Terminal Information Desk,34201,42.93,1,5,Rideshare,V357,Sedan,1976,Hybrid,5.15
EMP02659,Airside D,34188,28.08,5,3,Rideshare,V345,Truck,2014,Diesel,28.08
EMP02660,Main Terminal Restaurants,34607,27.36,2,4,Rideshare,V385,Minivan,2018,Hybrid,8.21
EMP02661,Rental Car Center,33628,5.3,2,1,Bus,N/A,N/A,,N/A,2.12
EMP02662,Airside E,34240,42.79,3,11,Shuttle,S046,Shuttle Bus,1992,Electric,19.26
EMP02663,Airside F,34628,21.42,5,1,Bus,N/A,N/A,,N/A,21.42
EMP02664,Airside E,34005,41.83,3,1,Car,V712,SUV,1994,Hybrid,75.29
EMP02665,Airside E,34003,50.48,4,13,Shuttle,S026,Shuttle Bus,2011,Electric,30.29
EMP02666,Airside D,34647,25.98,4,1,Train,N/A,N/A,,Electric,31.18
EMP02667,Main Terminal Restaurants,34064,26.24,3,2,Carpool,V485,Sedan,2020,Electric,23.62
EMP02668,Airside A,33540,10.38,2,1,Car,V565,Minivan,1982,Hybrid,12.46
EMP02669,Sky Connect,33907,42.04,4,1,Train,N/A,N/A,,Electric,50.45
EMP02670,Airside D,33570,11.79,4,1,Car,V587,Sedan,2016,Electric,28.3
EMP02671,Main Terminal & Airside Shopping,33573,9.92,1,3,Rideshare,V470,Sedan,2008,Gasoline,1.98
EMP02672,Airside A,33521,12.72,3,1,Car,V230,Truck,2016,Gasoline,22.9
EMP02673,Sheltair Aviation,33637,16.7,2,1,Bus,N/A,N/A,,N/A,6.68
EMP02674,Sheltair Aviation,33576,19.05,1,1,Train,N/A,N/A,,Electric,5.71
EMP02675,Airside C,34082,63.22,5,4,Rideshare,V346,Minivan,1973,Diesel,47.41
EMP02676,Airside F,34668,39.55,5,1,Train,N/A,N/A,,Electric,59.32
EMP02677,Airside D,33538,11.3,3,1,Train,N/A,N/A,,Electric,10.17
EMP02678,Airside E,34696,47.82,5,1,Car,V880,Truck,1999,Diesel,143.46
EMP02679,Airside E,33619,9.46,2,1,Bus,N/A,N/A,,N/A,3.78
EMP02680,Rental Car Center,33686,61.75,2,1,Car,V928,Truck,1984,Electric,74.1
EMP02681,Airside C,34332,41.92,2,1,Car,V347,SUV,1999,Electric,50.3
EMP02682,Rental Car Center,34072,68.93,2,3,Carpool,V103,Sedan,1980,Diesel,27.57
EMP02683,Sheltair Aviation,33607,7.07,4,5,Rideshare,V337,SUV,1992,Gasoline,3.39
EMP02684,Airside C,33606,9.8,4,1,Bus,N/A,N/A,,N/A,7.84
EMP02685,Airside E,33556,14.38,4,17,Shuttle,S002,Shuttle Bus,2002,Electric,8.63
EMP02686,Airside F,33617,8.43,4,14,Shuttle,S022,Shuttle Bus,1983,Electric,5.06
EMP02687,Airside A,34350,15.47,5,1,Bus,N/A,N/A,,N/A,15.47
EMP02688,Main Terminal Information Desk,34319,18.73,2,1,Train,N/A,N/A,,Electric,11.24
EMP02689,Airside E,34273,69.31,1,17,Shuttle,S011,Shuttle Bus,1972,Electric,10.4
EMP02690,Airside F,34392,21.44,3,4,Carpool,V354,Truck,2013,Hybrid,9.65
EMP02691,Airside F,33568,12.18,5,1,Bus,N/A,N/A,,N/A,12.18
EMP02692,Airside A,33632,58.53,5,11,Shuttle,S029,Shuttle Bus,1988,Diesel,43.9
EMP02693,Main Terminal & Airside Shopping,33554,13.06,3,1,Train,N/A,N/A,,Electric,11.75
EMP02694,Main Terminal & Airside Shopping,34393,63.23,4,1,Car,V534,Minivan,1987,Gasoline,151.75
EMP02695,Main Terminal & Airside Shopping,34098,28.57,3,3,Rideshare,V366,Truck,2018,Electric,17.14
EMP02696,Airside E,33554,8.37,2,3,Carpool,V473,Minivan,1997,Gasoline,3.35
EMP02697,Airside F,33745,15.14,2,1,Car,V356,Sedan,2009,Gasoline,18.17
EMP02698,Sky Connect,34100,35.34,4,3,Rideshare,V979,SUV,1985,Electric,28.27
EMP02699,Airside D,34138,64.34,2,5,Carpool,V633,SUV,2006,Gasoline,15.44
EMP02700,Airside F,33662,19.38,5,1,Car,V395,SUV,2018,Electric,58.14
EMP02701,Main Terminal & Airside Shopping,33533,14.07,2,2,Carpool,V168,Sedan,1986,Gasoline,8.44
EMP02702,Airside D,34447,58.54,5,2,Carpool,V840,Truck,1998,Diesel,87.81
EMP02703,Airside E,34003,41.26,2,1,Train,N/A,N/A,,Electric,24.76
EMP02704,Airside A,34614,22.92,2,4,Rideshare,V612,Sedan,2006,Gasoline,6.88
EMP02705,Main Terminal & Airside Shopping,33610,6.09,2,2,Carpool,V966,SUV,1976,Diesel,3.65
EMP02706,Airside F,34675,47.35,3,1,Train,N/A,N/A,,Electric,42.62
EMP02707,Airside D,34487,18.68,2,1,Bus,N/A,N/A,,N/A,7.47
EMP02708,Airside E,34008,39.55,1,19,Shuttle,S011,Shuttle Bus,1997,Diesel,5.93
EMP02709,Airside C,33564,23.74,2,1,Bus,N/A,N/A,,N/A,9.5
EMP02710,Airside D,33570,11.24,5,1,Bus,N/A,N/A,,N/A,11.24
EMP02711,Sheltair Aviation,33619,10,5,1,Bus,N/A,N/A,,N/A,10
EMP02712,Main Terminal & Airside Shopping,34564,36.17,4,1,Train,N/A,N/A,,Electric,43.4
EMP02713,Main Terminal Restaurants,34329,34.77,5,1,Train,N/A,N/A,,Electric,52.16
EMP02714,Airside D,33904,23.28,4,1,Train,N/A,N/A,,Electric,27.94
EMP02715,Sky Connect,33637,23.56,2,1,Bus,N/A,N/A,,N/A,9.42
EMP02716,Airside F,34252,59.92,5,1,Car,V218,Truck,1978,Electric,179.76
EMP02717,Main Terminal & Airside Shopping,33555,13.35,3,1,Bus,N/A,N/A,,N/A,8.01
EMP02718,Airside A,33510,12.56,4,3,Rideshare,V545,SUV,1990,Diesel,10.05
EMP02719,Main Terminal Information Desk,34118,40.94,2,1,Train,N/A,N/A,,Electric,24.56
EMP02720,Main Terminal & Airside Shopping,33579,7.86,2,2,Carpool,V358,Minivan,2006,Electric,4.72
EMP02721,Main Terminal & Airside Shopping,33597,6.54,4,1,Bus,N/A,N/A,,N/A,5.23
EMP02722,Airside F,33561,12.09,2,1,Bus,N/A,N/A,,N/A,4.84
EMP02723,Airside A,34105,40.79,2,2,Carpool,V154,Truck,2003,Hybrid,24.47
EMP02724,Main Terminal Information Desk,33722,23.8,4,1,Bus,N/A,N/A,,N/A,19.04
EMP02725,Rental Car Center,33555,8.04,3,5,Rideshare,V169,Minivan,1995,Hybrid,2.89
EMP02726,Main Terminal Restaurants,33522,44.77,3,3,Carpool,V249,Sedan,1988,Hybrid,26.86
EMP02727,Airside A,33947,63.45,5,1,Car,V124,Truck,2021,Electric,190.35
EMP02728,Main Terminal & Airside Shopping,33552,11.88,5,5,Rideshare,V391,Truck,2003,Hybrid,7.13
EMP02729,Airside A,33752,40,5,1,Train,N/A,N/A,,Electric,60
EMP02730,Main Terminal Information Desk,34608,15.63,4,1,Bus,N/A,N/A,,N/A,12.5
EMP02731,Airside A,34659,39.96,5,19,Shuttle,S033,Shuttle Bus,2008,Diesel,29.97
EMP02732,Airside E,33634,6.4,3,1,Bus,N/A,N/A,,N/A,3.84
EMP02733,Main Terminal Information Desk,33791,30.69,3,10,Shuttle,S049,Shuttle Bus,1975,Diesel,13.81
EMP02734,Airside C,34064,32.25,4,1,Train,N/A,N/A,,Electric,38.7
EMP02735,Main Terminal & Airside Shopping,33588,6.9,1,2,Carpool,V236,Sedan,1987,Diesel,2.07
EMP02736,Main Terminal & Airside Shopping,33561,11.68,2,1,Train,N/A,N/A,,Electric,7.01
EMP02737,Airside E,33540,13.38,5,1,Bus,N/A,N/A,,N/A,13.38
EMP02738,Airside F,33890,15.93,1,1,Car,V371,Sedan,2016,Electric,9.56
EMP02739,Airside C,34510,51.16,4,3,Carpool,V181,Sedan,1974,Electric,40.93
EMP02740,Main Terminal Restaurants,34516,19.26,3,1,Train,N/A,N/A,,Electric,17.33
EMP02741,Airside D,34622,30.1,5,1,Train,N/A,N/A,,Electric,45.15
EMP02742,Main Terminal Restaurants,33818,52.55,3,16,Shuttle,S043,Shuttle Bus,1980,Electric,23.65
EMP02743,Rental Car Center,34435,25.35,2,2,Carpool,V378,Minivan,1973,Hybrid,15.21
EMP02744,Sky Connect,33605,62.6,4,5,Rideshare,V920,Truck,2015,Hybrid,30.05
EMP02745,Airside C,33948,64.57,5,3,Carpool,V575,SUV,2013,Diesel,64.57
EMP02746,Airside C,34290,25.58,5,16,Shuttle,S027,Shuttle Bus,1987,Electric,19.18
EMP02747,Main Terminal & Airside Shopping,34159,26.13,3,1,Train,N/A,N/A,,Electric,23.52
EMP02748,Airside C,33635,53.91,2,5,Carpool,V158,Truck,1989,Electric,12.94
EMP02749,Main Terminal & Airside Shopping,33603,5.86,2,1,Bus,N/A,N/A,,N/A,2.34
EMP02750,Main Terminal Information Desk,34258,55.76,3,1,Car,V415,Sedan,2010,Diesel,100.37
EMP02751,Main Terminal Information Desk,33994,19.63,4,1,Bus,N/A,N/A,,N/A,15.7
EMP02752,Main Terminal & Airside Shopping,34149,21.49,2,1,Bus,N/A,N/A,,N/A,8.6
EMP02753,Airside F,34244,15.86,2,1,Train,N/A,N/A,,Electric,9.52
EMP02754,Airside E,34271,43.32,3,1,Train,N/A,N/A,,Electric,38.99
EMP02755,Airside C,33668,40.12,1,1,Car,V253,Sedan,2017,Electric,24.07
EMP02756,Main Terminal Information Desk,33514,11.99,2,1,Car,V582,Sedan,2000,Diesel,14.39
EMP02757,Airside A,34231,64.48,3,4,Carpool,V141,Sedan,2003,Diesel,29.02
EMP02758,Airside D,34693,33.2,1,2,Rideshare,V140,Sedan,1986,Gasoline,9.96
EMP02759,Airside F,33720,36.46,4,5,Carpool,V707,Truck,2003,Hybrid,17.5
EMP02760,Rental Car Center,34145,20.98,1,1,Train,N/A,N/A,,Electric,6.29
EMP02761,Airside E,34032,63.6,4,1,Car,V758,SUV,1977,Gasoline,152.64
EMP02762,Main Terminal Information Desk,34144,23.01,2,1,Train,N/A,N/A,,Electric,13.81
EMP02763,Airside A,33635,5.79,3,1,Bus,N/A,N/A,,N/A,3.47
EMP02764,Airside E,34489,22.68,4,20,Shuttle,S023,Shuttle Bus,1982,Electric,13.61
EMP02765,Airside D,33981,51.33,4,14,Shuttle,S020,Shuttle Bus,2003,Electric,30.8
EMP02766,Airside F,33817,67.77,4,3,Carpool,V181,Sedan,1975,Gasoline,54.22
EMP02767,Rental Car Center,33783,20.2,2,1,Car,V229,Minivan,1990,Diesel,24.24
EMP02768,Airside C,34036,27.48,3,4,Rideshare,V545,Minivan,1993,Electric,12.37
EMP02769,Airside C,34119,58.33,5,19,Shuttle,S046,Shuttle Bus,2006,Diesel,43.75
EMP02770,Main Terminal Information Desk,33820,66.54,1,13,Shuttle,S026,Shuttle Bus,1991,Diesel,9.98
EMP02771,Main Terminal Restaurants,33611,29.85,1,1,Car,V498,Truck,1982,Diesel,17.91
EMP02772,Main Terminal Information Desk,33549,14.09,4,1,Bus,N/A,N/A,,N/A,11.27
EMP02773,Main Terminal Information Desk,34144,55.71,3,5,Carpool,V107,SUV,1980,Diesel,20.06
EMP02774,Airside D,34553,17.07,1,1,Bus,N/A,N/A,,N/A,3.41
EMP02775,Main Terminal Restaurants,33991,47.87,1,3,Carpool,V384,Minivan,2004,Diesel,9.57
EMP02776,Airside E,33509,13.62,1,1,Bus,N/A,N/A,,N/A,2.72
EMP02777,Sheltair Aviation,34253,24.79,3,4,Rideshare,V207,Sedan,1980,Electric,11.16
EMP02778,Sky Connect,34236,16.78,2,3,Carpool,V643,Truck,1990,Electric,6.71
EMP02779,Sky Connect,33902,45.48,5,1,Train,N/A,N/A,,Electric,68.22
EMP02780,Main Terminal & Airside Shopping,34620,32.29,1,15,Shuttle,S019,Shuttle Bus,1994,Electric,4.84
EMP02781,Airside A,34334,32.12,3,2,Rideshare,V585,Sedan,1999,Electric,28.91
EMP02782,Main Terminal Information Desk,34028,15.22,5,1,Train,N/A,N/A,,Electric,22.83
EMP02783,Main Terminal Restaurants,34420,32.62,2,1,Train,N/A,N/A,,Electric,19.57
EMP02784,Airside D,34686,33.75,1,3,Rideshare,V504,Truck,1981,Hybrid,6.75
EMP02785,Airside A,33583,45.92,2,1,Train,N/A,N/A,,Electric,27.55
EMP02786,Airside F,33600,6.68,2,1,Bus,N/A,N/A,,N/A,2.67
EMP02787,Airside A,33517,12.86,1,1,Bus,N/A,N/A,,N/A,2.57
EMP02788,Airside D,33561,14.01,5,1,Train,N/A,N/A,,Electric,21.01
EMP02789,Airside A,33514,10.66,3,1,Train,N/A,N/A,,Electric,9.59
EMP02790,Main Terminal Information Desk,34593,36.47,2,1,Train,N/A,N/A,,Electric,21.88
EMP02791,Sheltair Aviation,33737,34.1,3,1,Train,N/A,N/A,,Electric,30.69
EMP02792,Airside F,33592,8.26,5,1,Bus,N/A,N/A,,N/A,8.26
EMP02793,Airside E,33585,19.35,2,1,Train,N/A,N/A,,Electric,11.61
EMP02794,Sheltair Aviation,33592,5.47,1,1,Bus,N/A,N/A,,N/A,1.09
EMP02795,Sheltair Aviation,33703,59.27,4,2,Carpool,V867,SUV,2016,Hybrid,71.12
EMP02796,Airside E,34089,24.8,3,18,Shuttle,S027,Shuttle Bus,1988,Diesel,11.16
EMP02797,Main Terminal & Airside Shopping,33762,20.05,2,4,Carpool,V416,Truck,1973,Gasoline,6.01
EMP02798,Airside C,33990,65.22,1,2,Carpool,V897,Sedan,2013,Hybrid,19.57
EMP02799,Airside E,34191,65.25,4,1,Car,V612,Sedan,1982,Electric,156.6
EMP02800,Sky Connect,34069,32.3,4,1,Car,V464,Sedan,2022,Gasoline,77.52
EMP02801,Main Terminal Restaurants,34616,30.54,4,3,Carpool,V842,Truck,1997,Gasoline,24.43
EMP02802,Rental Car Center,33832,66.54,1,1,Car,V450,SUV,2015,Diesel,39.92
EMP02803,Sky Connect,34527,25.39,5,11,Shuttle,S049,Shuttle Bus,2018,Electric,19.04
EMP02804,Airside A,33563,7.62,4,5,Rideshare,V317,Minivan,1983,Diesel,3.66
EMP02805,Airside F,33700,24.56,4,1,Train,N/A,N/A,,Electric,29.47
EMP02806,Airside F,34437,41.8,4,16,Shuttle,S025,Shuttle Bus,1973,Electric,25.08
EMP02807,Sheltair Aviation,33554,9.02,2,2,Rideshare,V292,Minivan,1998,Gasoline,5.41
EMP02808,Rental Car Center,34193,51.11,1,4,Rideshare,V867,Minivan,1979,Gasoline,7.67
EMP02809,Main Terminal Restaurants,33837,23.08,1,1,Bus,N/A,N/A,,N/A,4.62
EMP02810,Airside C,33801,24.99,5,1,Train,N/A,N/A,,Electric,37.48
EMP02811,Rental Car Center,34633,40.74,4,5,Carpool,V222,Truck,2011,Gasoline,19.56
EMP02812,Sheltair Aviation,33576,11.06,2,4,Rideshare,V400,Minivan,1984,Gasoline,3.32
EMP02813,Airside C,33780,59.1,3,1,Car,V935,Truck,1988,Electric,106.38
EMP02814,Airside E,33708,19.42,3,5,Rideshare,V176,Truck,1988,Electric,6.99
EMP02815,Airside D,33602,19.7,3,14,Shuttle,S002,Shuttle Bus,1992,Electric,8.86
EMP02816,Main Terminal Restaurants,33575,10.69,1,3,Carpool,V471,Sedan,1997,Gasoline,2.14
EMP02817,Airside C,33523,11.2,3,4,Rideshare,V690,SUV,1999,Diesel,5.04
EMP02818,Rental Car Center,33556,8.29,2,1,Car,V418,Truck,2018,Gasoline,9.95
EMP02819,Sky Connect,34108,44.83,5,1,Train,N/A,N/A,,Electric,67.25
EMP02820,Sky Connect,33559,10.43,3,9,Shuttle,S049,Shuttle Bus,1987,Diesel,4.69
EMP02821,Airside D,33550,11.64,1,1,Bus,N/A,N/A,,N/A,2.33
EMP02822,Airside D,33640,48.08,1,10,Shuttle,S007,Shuttle Bus,2008,Diesel,7.21
EMP02823,Airside C,34516,19.55,1,1,Bus,N/A,N/A,,N/A,3.91
EMP02824,Main Terminal Restaurants,33521,14.69,5,1,Bus,N/A,N/A,,N/A,14.69
EMP02825,Airside D,33667,50.1,5,3,Carpool,V272,Truck,1990,Diesel,50.1
EMP02826,Sheltair Aviation,33590,18.65,1,1,Train,N/A,N/A,,Electric,5.59
EMP02827,Main Terminal Information Desk,34599,18.56,2,3,Carpool,V517,SUV,2008,Gasoline,7.42
EMP02828,Sheltair Aviation,34681,40.41,3,1,Train,N/A,N/A,,Electric,36.37
EMP02829,Airside F,33580,8.08,5,1,Bus,N/A,N/A,,N/A,8.08
EMP02830,Airside A,33628,7.98,2,1,Bus,N/A,N/A,,N/A,3.19
EMP02831,Sheltair Aviation,33575,10.36,2,1,Bus,N/A,N/A,,N/A,4.14
EMP02832,Airside D,34389,28.47,2,5,Rideshare,V375,Truck,1993,Diesel,6.83
EMP02833,Rental Car Center,33540,13.16,4,1,Car,V101,Minivan,1989,Gasoline,31.58
EMP02834,Main Terminal & Airside Shopping,33540,12.27,2,1,Train,N/A,N/A,,Electric,7.36
EMP02835,Airside E,33523,11.39,2,1,Train,N/A,N/A,,Electric,6.83
EMP02836,Sheltair Aviation,33972,30.47,2,2,Carpool,V862,SUV,1994,Gasoline,18.28
EMP02837,Airside C,33946,57.19,4,10,Shuttle,S018,Shuttle Bus,2014,Diesel,34.31
EMP02838,Rental Car Center,33726,46.7,2,1,Car,V523,Sedan,2000,Gasoline,56.04
EMP02839,Main Terminal Restaurants,33848,27.41,4,3,Carpool,V989,Sedan,2018,Hybrid,21.93
EMP02840,Main Terminal Restaurants,33574,10.95,4,1,Bus,N/A,N/A,,N/A,8.76
EMP02841,Sheltair Aviation,33854,19.95,4,3,Rideshare,V498,SUV,1990,Hybrid,15.96
EMP02842,Airside F,34501,47.13,2,15,Shuttle,S018,Shuttle Bus,2018,Electric,14.14
EMP02843,Airside A,34449,56.38,1,5,Rideshare,V162,SUV,1991,Gasoline,6.77
EMP02844,Main Terminal Information Desk,33917,36.92,3,1,Train,N/A,N/A,,Electric,33.23
EMP02845,Main Terminal & Airside Shopping,33788,58.58,3,1,Car,V386,Truck,1989,Diesel,105.44
EMP02846,Main Terminal & Airside Shopping,33617,7.94,4,1,Car,V700,Sedan,1994,Electric,19.06
EMP02847,Main Terminal Restaurants,33911,52.97,2,5,Rideshare,V959,Truck,2008,Electric,12.71
EMP02848,Main Terminal & Airside Shopping,33536,10.33,2,5,Rideshare,V236,Minivan,1975,Gasoline,2.48
EMP02849,Airside F,34011,22.59,4,14,Shuttle,S036,Shuttle Bus,2005,Diesel,13.55
EMP02850,Airside C,33562,6.95,3,4,Rideshare,V982,Truck,1980,Hybrid,3.13
EMP02851,Main Terminal & Airside Shopping,33775,15.15,1,1,Car,V389,SUV,1978,Hybrid,9.09
EMP02852,Airside F,33575,12.62,5,17,Shuttle,S012,Shuttle Bus,2013,Electric,9.46
EMP02853,Sky Connect,33540,56.6,2,1,Car,V886,Truck,2006,Electric,67.92
EMP02854,Rental Car Center,33896,42.56,1,5,Rideshare,V211,SUV,2002,Hybrid,5.11
EMP02855,Main Terminal & Airside Shopping,34386,23.81,3,3,Rideshare,V198,Truck,2003,Electric,14.29
EMP02856,Main Terminal Information Desk,34001,34.78,2,1,Train,N/A,N/A,,Electric,20.87
EMP02857,Main Terminal Restaurants,34230,31.73,3,1,Car,V877,Minivan,1973,Diesel,57.11
EMP02858,Sky Connect,34382,45.22,4,3,Rideshare,V806,Sedan,1995,Gasoline,36.18
EMP02859,Airside C,33973,32.57,2,1,Train,N/A,N/A,,Electric,19.54
EMP02860,Main Terminal & Airside Shopping,34456,60.29,2,1,Car,V647,Minivan,2017,Gasoline,72.35
EMP02861,Airside C,33567,6.53,5,15,Shuttle,S015,Shuttle Bus,2002,Diesel,4.9
EMP02862,Airside F,34025,49.79,1,2,Rideshare,V701,Sedan,1972,Electric,14.94
EMP02863,Airside C,33534,13.4,5,5,Rideshare,V448,Sedan,1992,Diesel,8.04
EMP02864,Rental Car Center,34012,55.67,1,1,Car,V145,SUV,1997,Electric,33.4
EMP02865,Airside D,33513,30.94,2,1,Train,N/A,N/A,,Electric,18.56
EMP02866,Main Terminal Information Desk,33767,21.48,4,4,Carpool,V615,Sedan,1988,Diesel,12.89
EMP02867,Rental Car Center,34214,62.84,1,5,Rideshare,V871,Truck,1999,Electric,7.54
EMP02868,Sky Connect,33755,17.68,2,8,Shuttle,S041,Shuttle Bus,2018,Diesel,5.3
EMP02869,Sheltair Aviation,33877,18.67,2,3,Rideshare,V855,SUV,2013,Gasoline,7.47
EMP02870,Airside E,33771,56.45,2,3,Carpool,V571,Truck,2013,Gasoline,22.58
EMP02871,Sheltair Aviation,33838,22.31,2,1,Bus,N/A,N/A,,N/A,8.92
EMP02872,Airside A,33554,11.68,2,1,Car,V954,Truck,1997,Electric,14.02
EMP02873,Airside E,34533,23.71,1,10,Shuttle,S025,Shuttle Bus,2021,Diesel,3.56
EMP02874,Airside E,34360,48.8,1,3,Rideshare,V186,Sedan,2016,Diesel,9.76
EMP02875,Airside F,33561,13.78,2,1,Car,V545,Sedan,1974,Diesel,16.54
EMP02876,Airside E,34427,48.97,5,4,Rideshare,V948,SUV,2020,Diesel,36.73
EMP02877,Main Terminal Information Desk,34474,23.88,2,1,Bus,N/A,N/A,,N/A,9.55
EMP02878,Airside D,33541,54.78,3,3,Rideshare,V515,SUV,1973,Hybrid,32.87
EMP02879,Main Terminal & Airside Shopping,33686,33.01,4,1,Train,N/A,N/A,,Electric,39.61
EMP02880,Rental Car Center,33610,32.89,2,1,Car,V854,SUV,2009,Gasoline,39.47
EMP02881,Sky Connect,33633,7.87,4,1,Bus,N/A,N/A,,N/A,6.3
EMP02882,Rental Car Center,33616,6.2,2,8,Shuttle,S012,Shuttle Bus,1981,Diesel,1.86
EMP02883,Airside E,33994,50,1,2,Carpool,V447,Sedan,2011,Gasoline,15
EMP02884,Airside D,33912,26.05,3,3,Rideshare,V537,Sedan,2012,Electric,15.63
EMP02885,Airside F,34560,47.4,2,2,Carpool,V739,SUV,2018,Electric,28.44
EMP02886,Airside C,33560,6.2,5,1,Bus,N/A,N/A,,N/A,6.2
EMP02887,Main Terminal Restaurants,33637,7.62,2,1,Bus,N/A,N/A,,N/A,3.05
EMP02888,Airside D,33523,44.39,1,2,Rideshare,V893,Sedan,1991,Gasoline,13.32
EMP02889,Airside A,33837,50.59,3,1,Car,V184,Sedan,1998,Diesel,91.06
EMP02890,Main Terminal Information Desk,34603,52.72,4,1,Car,V158,Truck,2005,Gasoline,126.53
EMP02891,Airside E,33791,16.92,3,5,Rideshare,V870,Truck,1996,Hybrid,6.09
EMP02892,Airside D,34680,65.38,1,3,Carpool,V394,Minivan,2011,Electric,13.08
EMP02893,Sky Connect,33530,13.22,2,1,Car,V613,Truck,1997,Gasoline,15.86
EMP02894,Main Terminal Restaurants,33555,5.27,4,1,Bus,N/A,N/A,,N/A,4.22
EMP02895,Sky Connect,33553,6.63,4,1,Bus,N/A,N/A,,N/A,5.3
EMP02896,Airside A,33568,20.34,1,1,Train,N/A,N/A,,Electric,6.1
EMP02897,Sheltair Aviation,33594,6.81,2,5,Rideshare,V190,Truck,1973,Hybrid,1.63
EMP02898,Sky Connect,34329,32.72,5,3,Rideshare,V676,Minivan,2007,Gasoline,32.72
EMP02899,Airside F,33584,8.49,2,1,Bus,N/A,N/A,,N/A,3.4
EMP02900,Sky Connect,33663,24.24,3,4,Carpool,V417,Truck,2002,Diesel,10.91
EMP02901,Rental Car Center,33643,21.11,1,1,Bus,N/A,N/A,,N/A,4.22
EMP02902,Sheltair Aviation,33560,12.96,1,1,Bus,N/A,N/A,,N/A,2.59
EMP02903,Airside F,34227,57.39,4,5,Carpool,V890,Sedan,2008,Diesel,27.55
EMP02904,Airside E,34048,42.5,1,1,Car,V225,Sedan,2010,Electric,25.5
EMP02905,Airside D,34638,30.01,1,1,Train,N/A,N/A,,Electric,9
EMP02906,Sky Connect,33630,9.51,1,12,Shuttle,S047,Shuttle Bus,1985,Electric,1.43
EMP02907,Sheltair Aviation,34520,59.59,5,5,Carpool,V628,SUV,1995,Diesel,35.75
EMP02908,Main Terminal & Airside Shopping,33678,27.16,2,16,Shuttle,S026,Shuttle Bus,1983,Electric,8.15
EMP02909,Airside F,33559,14.79,1,3,Carpool,V843,Truck,1977,Diesel,2.96
EMP02910,Sky Connect,34334,38.59,3,1,Train,N/A,N/A,,Electric,34.73
EMP02911,Airside D,34422,24.07,1,3,Carpool,V477,SUV,1985,Electric,4.81
EMP02912,Airside F,34015,56.01,3,1,Car,V573,Sedan,2007,Gasoline,100.82
EMP02913,Main Terminal & Airside Shopping,34226,44.36,4,3,Rideshare,V875,Truck,2003,Hybrid,35.49
EMP02914,Airside A,34255,48.96,4,3,Carpool,V656,Truck,2007,Diesel,39.17
EMP02915,Airside D,34462,44.94,1,2,Carpool,V415,Minivan,2009,Electric,13.48
EMP02916,Airside D,34025,24.23,5,2,Rideshare,V477,Sedan,2003,Diesel,36.34
EMP02917,Sky Connect,33865,54.16,5,16,Shuttle,S018,Shuttle Bus,1987,Electric,40.62
EMP02918,Airside E,33557,9.36,5,1,Bus,N/A,N/A,,N/A,9.36
EMP02919,Sheltair Aviation,34093,48.02,3,8,Shuttle,S044,Shuttle Bus,2011,Diesel,21.61
EMP02920,Airside D,33534,13.31,2,3,Carpool,V298,Truck,2010,Hybrid,5.32
EMP02921,Rental Car Center,33578,6.06,1,5,Rideshare,V925,SUV,1977,Gasoline,0.73
EMP02922,Airside C,34431,49.5,5,1,Car,V838,Minivan,1988,Gasoline,148.5
EMP02923,Sky Connect,33906,48.23,5,1,Car,V707,SUV,1985,Gasoline,144.69
EMP02924,Sheltair Aviation,33535,13.28,2,15,Shuttle,S009,Shuttle Bus,2017,Electric,3.98
EMP02925,Sheltair Aviation,33560,13.75,2,2,Rideshare,V840,Sedan,2015,Gasoline,8.25
EMP02926,Airside C,34517,46.97,5,1,Train,N/A,N/A,,Electric,70.45
EMP02927,Main Terminal Restaurants,33567,14.21,1,1,Bus,N/A,N/A,,N/A,2.84
EMP02928,Sky Connect,33575,14.98,5,1,Bus,N/A,N/A,,N/A,14.98
EMP02929,Airside A,33974,25.69,2,1,Car,V930,Sedan,1998,Gasoline,30.83
EMP02930,Rental Car Center,34349,31.13,3,1,Car,V662,Sedan,2011,Diesel,56.03
EMP02931,Rental Car Center,34063,21.53,1,1,Train,N/A,N/A,,Electric,6.46
EMP02932,Main Terminal & Airside Shopping,34103,24.42,4,5,Rideshare,V942,Truck,2014,Gasoline,11.72
EMP02933,Main Terminal & Airside Shopping,33622,5,5,1,Car,V501,SUV,2002,Hybrid,15
EMP02934,Rental Car Center,33703,25.98,2,2,Rideshare,V718,Truck,1999,Gasoline,15.59
EMP02935,Airside C,34150,20.18,5,1,Train,N/A,N/A,,Electric,30.27
EMP02936,Airside C,33536,10.52,3,1,Train,N/A,N/A,,Electric,9.47
EMP02937,Airside F,34533,15.81,5,1,Bus,N/A,N/A,,N/A,15.81
EMP02938,Main Terminal Restaurants,33785,60.32,5,1,Car,V299,Minivan,1991,Diesel,180.96
EMP02939,Airside E,33650,41.77,5,3,Carpool,V562,SUV,1980,Hybrid,41.77
EMP02940,Main Terminal Restaurants,33688,40.95,4,2,Rideshare,V137,Truck,1996,Hybrid,49.14
EMP02941,Airside E,34381,25.36,5,1,Train,N/A,N/A,,Electric,38.04
EMP02942,Airside A,33986,48.31,1,4,Rideshare,V504,Minivan,1976,Electric,7.25
EMP02943,Main Terminal & Airside Shopping,33696,30.27,1,16,Shuttle,S008,Shuttle Bus,1996,Diesel,4.54
EMP02944,Main Terminal & Airside Shopping,33895,30.34,1,1,Car,V632,Sedan,1972,Diesel,18.2
EMP02945,Main Terminal Restaurants,33519,11.3,4,1,Bus,N/A,N/A,,N/A,9.04
EMP02946,Airside A,33637,6.93,2,1,Bus,N/A,N/A,,N/A,2.77
EMP02947,Main Terminal Information Desk,33991,16.5,3,1,Car,V279,Sedan,2018,Diesel,29.7
EMP02948,Airside D,34380,68.49,3,2,Rideshare,V546,SUV,1982,Gasoline,61.64
EMP02949,Main Terminal Information Desk,34649,39.57,4,14,Shuttle,S042,Shuttle Bus,1997,Diesel,23.74
EMP02950,Rental Car Center,33587,9.28,5,4,Carpool,V218,Sedan,1991,Diesel,6.96
EMP02951,Airside D,34580,33.31,1,1,Train,N/A,N/A,,Electric,9.99
EMP02952,Main Terminal Information Desk,33986,57.81,3,4,Carpool,V983,Minivan,2018,Diesel,26.01
EMP02953,Main Terminal & Airside Shopping,34025,25.69,2,1,Car,V729,Truck,1973,Gasoline,30.83
EMP02954,Airside A,34424,48.71,3,1,Car,V720,Sedan,1977,Gasoline,87.68
EMP02955,Sky Connect,34092,43.5,5,2,Rideshare,V687,Truck,2019,Diesel,65.25
EMP02956,Airside A,33529,13.66,4,12,Shuttle,S026,Shuttle Bus,1974,Electric,8.2
EMP02957,Rental Car Center,34107,39.54,4,1,Train,N/A,N/A,,Electric,47.45
EMP02958,Sky Connect,34434,48.33,5,20,Shuttle,S006,Shuttle Bus,2015,Electric,36.25
EMP02959,Airside E,34686,37.74,3,1,Train,N/A,N/A,,Electric,33.97
EMP02960,Main Terminal & Airside Shopping,33800,50.54,5,11,Shuttle,S022,Shuttle Bus,1980,Diesel,37.91
EMP02961,Airside D,34134,57.27,5,1,Car,V279,SUV,2022,Diesel,171.81
EMP02962,Airside C,33789,37.5,2,4,Carpool,V513,Minivan,2009,Gasoline,11.25
EMP02963,Main Terminal & Airside Shopping,33579,13.7,1,1,Train,N/A,N/A,,Electric,4.11
EMP02964,Main Terminal Information Desk,34436,55.72,4,2,Carpool,V131,Minivan,1984,Electric,66.86
EMP02965,Airside E,33621,6.67,2,12,Shuttle,S047,Shuttle Bus,1993,Diesel,2
EMP02966,Sky Connect,34230,22.3,2,1,Train,N/A,N/A,,Electric,13.38
EMP02967,Sheltair Aviation,33999,36.98,5,13,Shuttle,S034,Shuttle Bus,2016,Diesel,27.73
EMP02968,Sheltair Aviation,34083,44,1,1,Train,N/A,N/A,,Electric,13.2
EMP02969,Airside A,33847,17.76,4,2,Rideshare,V449,Minivan,1979,Gasoline,21.31
EMP02970,Sky Connect,34615,67.63,4,4,Carpool,V544,SUV,2019,Hybrid,40.58
EMP02971,Airside C,34337,21.29,4,1,Train,N/A,N/A,,Electric,25.55
EMP02972,Main Terminal Restaurants,33535,10.96,1,1,Bus,N/A,N/A,,N/A,2.19
EMP02973,Airside A,34435,21.11,4,1,Train,N/A,N/A,,Electric,25.33
EMP02974,Airside C,33889,55.15,2,20,Shuttle,S034,Shuttle Bus,1990,Electric,16.54
EMP02975,Rental Car Center,33893,59.11,1,4,Rideshare,V508,Truck,2022,Diesel,8.87
EMP02976,Airside F,34542,33.42,3,1,Train,N/A,N/A,,Electric,30.08
EMP02977,Airside D,33836,40.38,1,8,Shuttle,S031,Shuttle Bus,1985,Diesel,6.06
EMP02978,Airside A,33605,8.13,5,1,Car,V498,Minivan,2013,Gasoline,24.39
EMP02979,Airside A,34531,58.3,4,1,Car,V176,SUV,2009,Gasoline,139.92
EMP02980,Sheltair Aviation,33552,39.01,5,4,Carpool,V167,Sedan,1990,Electric,29.26
EMP02981,Sky Connect,34071,49.81,5,1,Car,V400,Sedan,2017,Gasoline,149.43
EMP02982,Main Terminal Restaurants,34335,43.91,4,1,Car,V983,SUV,2020,Diesel,105.38
EMP02983,Rental Car Center,33850,17.27,4,1,Bus,N/A,N/A,,N/A,13.82
EMP02984,Airside A,34073,63.37,3,11,Shuttle,S018,Shuttle Bus,2011,Diesel,28.52
EMP02985,Main Terminal Information Desk,34132,15.9,4,1,Bus,N/A,N/A,,N/A,12.72
EMP02986,Main Terminal & Airside Shopping,33525,13.82,1,5,Carpool,V881,Minivan,2018,Electric,1.66
EMP02987,Sheltair Aviation,34252,28.71,5,3,Carpool,V668,Sedan,1982,Gasoline,28.71
EMP02988,Main Terminal Information Desk,33597,64,4,14,Shuttle,S011,Shuttle Bus,1975,Diesel,38.4
EMP02989,Airside D,34629,17.35,4,1,Car,V168,Truck,1997,Diesel,41.64
EMP02990,Airside F,33682,55.08,4,3,Carpool,V421,SUV,1983,Hybrid,44.06
EMP02991,Airside E,33769,28.31,3,5,Carpool,V657,Minivan,2008,Gasoline,10.19
EMP02992,Main Terminal Information Desk,33571,6.36,2,1,Car,V180,Sedan,1995,Diesel,7.63
EMP02993,Airside A,34011,23.48,1,1,Bus,N/A,N/A,,N/A,4.7
EMP02994,Main Terminal & Airside Shopping,33771,68.39,5,4,Carpool,V607,Minivan,1975,Hybrid,51.29
EMP02995,Main Terminal & Airside Shopping,33946,30.74,2,1,Car,V176,Minivan,2020,Hybrid,36.89
EMP02996,Airside D,33845,48.95,5,2,Rideshare,V148,Truck,1982,Diesel,73.42
EMP02997,Main Terminal & Airside Shopping,33740,29.05,5,2,Rideshare,V382,Minivan,2012,Hybrid,43.58
EMP02998,Airside A,34075,21.31,4,3,Carpool,V507,Sedan,1994,Electric,17.05
EMP02999,Sky Connect,34495,25.67,2,1,Car,V783,Minivan,2014,Diesel,30.8
EMP03000,Airside E,33830,68.01,1,1,Car,V999,Sedan,1997,Electric,40.81
EMP03001,Rental Car Center,33709,42.63,2,1,Train,N/A,N/A,,Electric,25.58
EMP03002,Sheltair Aviation,33851,35.34,3,5,Carpool,V852,Truck,2004,Electric,12.72
EMP03003,Sheltair Aviation,33978,30.24,4,1,Train,N/A,N/A,,Electric,36.29
EMP03004,Main Terminal & Airside Shopping,33791,15.52,5,3,Carpool,V656,SUV,2001,Hybrid,15.52
EMP03005,Main Terminal & Airside Shopping,33968,37.45,3,1,Car,V856,Minivan,1974,Gasoline,67.41
EMP03006,Main Terminal Information Desk,34377,34.36,5,16,Shuttle,S026,Shuttle Bus,2001,Diesel,25.77
EMP03007,Main Terminal Information Desk,34387,23.82,1,1,Bus,N/A,N/A,,N/A,4.76
EMP03008,Main Terminal Information Desk,33531,61.72,4,3,Carpool,V882,Truck,2017,Gasoline,49.38
EMP03009,Main Terminal & Airside Shopping,33672,45.33,2,1,Train,N/A,N/A,,Electric,27.2
EMP03010,Sheltair Aviation,34215,31.96,2,3,Carpool,V790,Truck,2013,Diesel,12.78
EMP03011,Airside C,33586,17.28,3,1,Bus,N/A,N/A,,N/A,10.37
EMP03012,Main Terminal Restaurants,33714,34.66,4,1,Train,N/A,N/A,,Electric,41.59
EMP03013,Sheltair Aviation,33649,34.73,4,3,Rideshare,V174,SUV,2009,Diesel,27.78
EMP03014,Main Terminal Restaurants,34482,28.22,4,1,Train,N/A,N/A,,Electric,33.86
EMP03015,Rental Car Center,34594,31.97,5,1,Car,V340,Truck,1978,Electric,95.91
EMP03016,Rental Car Center,34091,35.95,5,1,Train,N/A,N/A,,Electric,53.92
EMP03017,Sky Connect,33759,67.05,2,1,Car,V971,Sedan,2012,Hybrid,80.46
EMP03018,Airside A,34443,17.22,2,1,Train,N/A,N/A,,Electric,10.33
EMP03019,Rental Car Center,34160,22.06,3,16,Shuttle,S042,Shuttle Bus,2019,Diesel,9.93
EMP03020,Airside D,34548,33.27,3,1,Train,N/A,N/A,,Electric,29.94
EMP03021,Sky Connect,33672,31.1,1,18,Shuttle,S019,Shuttle Bus,2004,Electric,4.67
EMP03022,Main Terminal Information Desk,33566,13.24,5,16,Shuttle,S049,Shuttle Bus,2005,Diesel,9.93
EMP03023,Sheltair Aviation,33595,5.76,1,1,Bus,N/A,N/A,,N/A,1.15
EMP03024,Airside E,34416,45.3,5,5,Carpool,V589,Minivan,1997,Diesel,27.18
EMP03025,Sky Connect,34481,18.97,2,8,Shuttle,S018,Shuttle Bus,1978,Electric,5.69
EMP03026,Airside C,34444,33.81,1,1,Train,N/A,N/A,,Electric,10.14
EMP03027,Main Terminal Information Desk,34508,44.88,5,1,Train,N/A,N/A,,Electric,67.32
EMP03028,Main Terminal & Airside Shopping,34676,33.08,2,1,Train,N/A,N/A,,Electric,19.85
EMP03029,Main Terminal & Airside Shopping,33878,23.82,4,1,Train,N/A,N/A,,Electric,28.58
EMP03030,Airside E,34511,57.2,5,3,Rideshare,V909,Sedan,2021,Hybrid,57.2
EMP03031,Sheltair Aviation,34316,31.2,1,1,Train,N/A,N/A,,Electric,9.36
EMP03032,Sheltair Aviation,33606,49.1,2,4,Carpool,V130,Truck,2003,Hybrid,14.73
EMP03033,Main Terminal & Airside Shopping,34242,23.16,5,1,Bus,N/A,N/A,,N/A,23.16
EMP03034,Sheltair Aviation,33512,12.93,5,1,Bus,N/A,N/A,,N/A,12.93
EMP03035,Airside A,34135,24.26,1,10,Shuttle,S035,Shuttle Bus,1987,Diesel,3.64
EMP03036,Main Terminal Restaurants,33873,41.29,3,4,Rideshare,V571,Minivan,2002,Electric,18.58
EMP03037,Airside F,33880,43.72,3,4,Carpool,V749,SUV,1988,Diesel,19.67
EMP03038,Sheltair Aviation,34051,30.95,5,1,Train,N/A,N/A,,Electric,46.42
EMP03039,Main Terminal & Airside Shopping,34243,25.74,2,2,Carpool,V268,Minivan,2019,Hybrid,15.44
EMP03040,Airside C,34591,43.13,3,10,Shuttle,S049,Shuttle Bus,1975,Electric,19.41
EMP03041,Main Terminal Information Desk,33899,18.05,3,5,Carpool,V513,SUV,1993,Diesel,6.5
EMP03042,Airside F,33709,35.99,5,4,Rideshare,V981,SUV,2015,Gasoline,26.99
EMP03043,Sky Connect,34249,64.53,4,13,Shuttle,S002,Shuttle Bus,2007,Electric,38.72
EMP03044,Sky Connect,33532,55.93,4,4,Rideshare,V874,Truck,1978,Electric,33.56
EMP03045,Sheltair Aviation,33515,49.1,3,3,Rideshare,V413,SUV,1997,Gasoline,29.46
EMP03046,Sheltair Aviation,33652,48.84,5,1,Train,N/A,N/A,,Electric,73.26
EMP03047,Airside C,33611,8.54,5,1,Bus,N/A,N/A,,N/A,8.54
EMP03048,Airside E,34568,51.93,2,1,Car,V695,Truck,1979,Diesel,62.32
EMP03049,Airside D,34245,57.11,1,1,Car,V503,SUV,1990,Hybrid,34.27
EMP03050,Airside C,33720,38.56,3,5,Rideshare,V947,Truck,2002,Hybrid,13.88
EMP03051,Airside F,33855,69.72,2,1,Car,V734,Truck,2001,Diesel,83.66
EMP03052,Main Terminal & Airside Shopping,33755,18.45,5,1,Bus,N/A,N/A,,N/A,18.45
EMP03053,Airside F,33548,14.63,4,1,Bus,N/A,N/A,,N/A,11.7
EMP03054,Airside A,34044,57.63,5,1,Car,V813,SUV,2001,Gasoline,172.89
EMP03055,Airside D,33595,6.43,1,1,Car,V567,SUV,1980,Electric,3.86
EMP03056,Rental Car Center,34572,44.95,1,1,Train,N/A,N/A,,Electric,13.49
EMP03057,Main Terminal Information Desk,33524,10.52,1,1,Train,N/A,N/A,,Electric,3.16
EMP03058,Main Terminal Information Desk,34295,19.73,3,1,Car,V340,SUV,2014,Hybrid,35.51
EMP03059,Main Terminal & Airside Shopping,33579,13.59,2,4,Carpool,V526,Minivan,1986,Gasoline,4.08
EMP03060,Main Terminal Restaurants,34350,34.42,5,1,Train,N/A,N/A,,Electric,51.63
EMP03061,Main Terminal Information Desk,33543,10.96,4,1,Train,N/A,N/A,,Electric,13.15
EMP03062,Airside D,33551,12.57,2,5,Carpool,V858,Truck,1989,Hybrid,3.02
EMP03063,Sky Connect,34364,43.96,3,19,Shuttle,S024,Shuttle Bus,2014,Electric,19.78
EMP03064,Rental Car Center,34123,34.86,2,3,Rideshare,V184,Sedan,2009,Electric,13.94
EMP03065,Main Terminal Restaurants,33568,19.06,2,1,Car,V143,Sedan,2004,Diesel,22.87
EMP03066,Airside D,33648,59.3,2,3,Rideshare,V234,SUV,2002,Gasoline,23.72
EMP03067,Main Terminal Restaurants,33511,58.33,1,3,Rideshare,V448,Truck,1975,Electric,11.67
EMP03068,Airside A,34427,17.98,2,1,Train,N/A,N/A,,Electric,10.79
EMP03069,Sky Connect,33768,22.19,2,18,Shuttle,S019,Shuttle Bus,2005,Electric,6.66
EMP03070,Airside D,34284,41.99,5,1,Train,N/A,N/A,,Electric,62.98
EMP03071,Main Terminal & Airside Shopping,34504,32.19,5,1,Train,N/A,N/A,,Electric,48.28
EMP03072,Airside E,34429,21.52,2,1,Bus,N/A,N/A,,N/A,8.61
EMP03073,Main Terminal Information Desk,34099,46.04,4,19,Shuttle,S042,Shuttle Bus,1996,Electric,27.62
EMP03074,Airside E,34250,33.95,1,10,Shuttle,S033,Shuttle Bus,1992,Diesel,5.09
EMP03075,Main Terminal Restaurants,34576,31.92,2,2,Rideshare,V924,SUV,1987,Diesel,19.15
EMP03076,Sky Connect,33889,61.31,2,1,Car,V229,Sedan,2010,Diesel,73.57
EMP03077,Rental Car Center,33689,44.33,1,4,Carpool,V486,Sedan,1999,Gasoline,6.65
EMP03078,Airside C,33561,10.57,2,1,Train,N/A,N/A,,Electric,6.34
EMP03079,Airside D,33534,14.57,2,1,Bus,N/A,N/A,,N/A,5.83
EMP03080,Sky Connect,33553,5.42,3,1,Bus,N/A,N/A,,N/A,3.25
EMP03081,Sky Connect,34562,58.27,4,5,Carpool,V781,Sedan,1976,Electric,27.97
EMP03082,Airside E,34450,44.28,3,5,Carpool,V366,Truck,2013,Hybrid,15.94
EMP03083,Sky Connect,33840,23.42,3,15,Shuttle,S025,Shuttle Bus,1981,Diesel,10.54
EMP03084,Rental Car Center,33791,40.29,3,1,Car,V623,Sedan,1986,Electric,72.52
EMP03085,Main Terminal & Airside Shopping,33709,45.65,5,11,Shuttle,S026,Shuttle Bus,2018,Diesel,34.24
EMP03086,Sky Connect,33568,14.29,4,2,Carpool,V164,SUV,1981,Electric,17.15
EMP03087,Sheltair Aviation,34000,18.15,2,5,Carpool,V957,SUV,1986,Gasoline,4.36
EMP03088,Main Terminal Restaurants,34680,43.87,2,3,Carpool,V858,SUV,1983,Electric,17.55
EMP03089,Airside E,34169,30.86,4,1,Car,V755,Sedan,1984,Hybrid,74.06
EMP03090,Airside F,33794,48.1,5,1,Train,N/A,N/A,,Electric,72.15
EMP03091,Airside F,34000,62.43,3,4,Carpool,V427,SUV,1979,Hybrid,28.09
EMP03092,Airside D,34564,21.78,1,1,Bus,N/A,N/A,,N/A,4.36
EMP03093,Sheltair Aviation,33578,7.91,4,1,Bus,N/A,N/A,,N/A,6.33
EMP03094,Airside E,34062,15.11,3,1,Bus,N/A,N/A,,N/A,9.07
EMP03095,Airside A,33541,12.48,3,1,Train,N/A,N/A,,Electric,11.23
EMP03096,Airside D,33522,12.85,4,1,Train,N/A,N/A,,Electric,15.42
EMP03097,Airside E,34454,16.48,5,1,Bus,N/A,N/A,,N/A,16.48
EMP03098,Airside A,34401,41.79,5,3,Carpool,V265,Sedan,2019,Gasoline,41.79
EMP03099,Main Terminal Restaurants,34635,18.12,5,5,Carpool,V836,Minivan,1985,Gasoline,10.87
EMP03100,Airside F,33846,24.2,3,1,Bus,N/A,N/A,,N/A,14.52
EMP03101,Rental Car Center,33539,11.95,5,1,Train,N/A,N/A,,Electric,17.92
EMP03102,Airside E,33525,11.37,1,2,Carpool,V506,Truck,2009,Gasoline,3.41
EMP03103,Sky Connect,33591,58.45,2,2,Carpool,V879,Truck,1993,Electric,35.07
EMP03104,Rental Car Center,34531,40.18,4,16,Shuttle,S033,Shuttle Bus,2008,Electric,24.11
EMP03105,Main Terminal Restaurants,34262,34.33,2,19,Shuttle,S043,Shuttle Bus,1981,Electric,10.3
EMP03106,Airside E,33624,66.49,5,5,Carpool,V306,Sedan,2017,Gasoline,39.89
EMP03107,Airside D,33667,34.53,2,5,Rideshare,V212,Truck,2020,Electric,8.29
EMP03108,Airside C,33519,10.02,2,3,Rideshare,V897,Sedan,1983,Diesel,4.01
EMP03109,Sheltair Aviation,34213,49.36,2,1,Train,N/A,N/A,,Electric,29.62
EMP03110,Sheltair Aviation,34120,56.77,1,1,Car,V589,SUV,2017,Hybrid,34.06
EMP03111,Sheltair Aviation,33616,38.71,5,11,Shuttle,S040,Shuttle Bus,2012,Diesel,29.03
EMP03112,Airside A,34518,16.64,4,1,Train,N/A,N/A,,Electric,19.97
EMP03113,Airside C,33561,8.84,5,5,Carpool,V248,Sedan,1977,Electric,5.3
EMP03114,Airside A,33810,49.48,2,19,Shuttle,S008,Shuttle Bus,2014,Diesel,14.84
EMP03115,Airside E,33602,8.05,4,1,Car,V870,Minivan,1984,Diesel,19.32
EMP03116,Airside A,33519,10.92,5,1,Car,V215,Sedan,1999,Electric,32.76
EMP03117,Main Terminal & Airside Shopping,33573,9.99,2,1,Car,V223,Sedan,1999,Gasoline,11.99
EMP03118,Main Terminal Information Desk,34009,46.72,3,5,Carpool,V737,SUV,1998,Diesel,16.82
EMP03119,Airside A,34383,54.79,5,3,Rideshare,V445,Minivan,1980,Diesel,54.79
EMP03120,Sky Connect,34432,32,2,1,Car,V895,Truck,1991,Gasoline,38.4
EMP03121,Airside E,33684,42.68,2,2,Rideshare,V123,Truck,1975,Electric,25.61
EMP03122,Sheltair Aviation,34246,17.08,2,1,Train,N/A,N/A,,Electric,10.25
EMP03123,Airside A,33525,13.94,3,1,Train,N/A,N/A,,Electric,12.55
EMP03124,Airside E,34269,48.27,3,1,Train,N/A,N/A,,Electric,43.44
EMP03125,Airside E,33896,43.96,5,1,Car,V458,Truck,1987,Electric,131.88
EMP03126,Airside C,33939,67.61,1,20,Shuttle,S046,Shuttle Bus,2010,Electric,10.14
EMP03127,Airside E,33534,30.55,5,15,Shuttle,S050,Shuttle Bus,1984,Diesel,22.91
EMP03128,Airside F,33568,8.39,1,1,Bus,N/A,N/A,,N/A,1.68
EMP03129,Airside D,33620,8.31,4,4,Carpool,V652,Truck,1989,Hybrid,4.99
EMP03130,Main Terminal & Airside Shopping,33555,56.84,2,3,Rideshare,V176,Truck,1973,Diesel,22.74
EMP03131,Airside A,34365,43.2,4,2,Carpool,V470,Sedan,2016,Diesel,51.84
EMP03132,Main Terminal Information Desk,34069,35.88,5,5,Carpool,V270,Sedan,1983,Gasoline,21.53
EMP03133,Main Terminal Information Desk,33604,9.73,1,14,Shuttle,S038,Shuttle Bus,2021,Diesel,1.46
EMP03134,Main Terminal & Airside Shopping,34076,45.8,2,3,Carpool,V450,Sedan,1982,Hybrid,18.32
EMP03135,Airside D,34084,59.84,1,3,Carpool,V355,Sedan,2010,Gasoline,11.97
EMP03136,Airside C,34306,20.64,5,1,Car,V608,Minivan,2017,Electric,61.92
EMP03137,Main Terminal Restaurants,33695,24.23,3,1,Bus,N/A,N/A,,N/A,14.54
EMP03138,Main Terminal Restaurants,34268,19.6,5,1,Bus,N/A,N/A,,N/A,19.6
EMP03139,Main Terminal Restaurants,34004,36.84,4,3,Rideshare,V591,Truck,1972,Gasoline,29.47
EMP03140,Airside E,33505,31.63,4,5,Rideshare,V145,Sedan,1993,Gasoline,15.18
EMP03141,Airside C,33635,17.24,1,1,Train,N/A,N/A,,Electric,5.17
EMP03142,Airside F,34634,56.95,4,1,Car,V202,SUV,1989,Electric,136.68
EMP03143,Main Terminal & Airside Shopping,33831,57.68,1,5,Rideshare,V628,Minivan,1999,Gasoline,6.92
EMP03144,Sky Connect,33699,32.3,5,1,Car,V558,Truck,2004,Gasoline,96.9
EMP03145,Airside E,33721,43.3,1,1,Train,N/A,N/A,,Electric,12.99
EMP03146,Main Terminal Restaurants,33672,57.27,1,15,Shuttle,S013,Shuttle Bus,2020,Diesel,8.59
EMP03147,Main Terminal & Airside Shopping,34067,24.14,1,1,Bus,N/A,N/A,,N/A,4.83
EMP03148,Airside A,34243,22.8,2,1,Bus,N/A,N/A,,N/A,9.12
EMP03149,Airside C,34239,47.4,3,1,Car,V603,Truck,2011,Hybrid,85.32
EMP03150,Airside F,33789,15.97,2,1,Bus,N/A,N/A,,N/A,6.39
EMP03151,Airside F,34657,31.18,1,1,Car,V286,Minivan,1994,Hybrid,18.71
EMP03152,Sky Connect,34415,32.74,3,1,Train,N/A,N/A,,Electric,29.47
EMP03153,Main Terminal & Airside Shopping,33582,8.85,4,17,Shuttle,S032,Shuttle Bus,1999,Diesel,5.31
EMP03154,Airside F,33511,48.9,5,1,Car,V303,Truck,2016,Diesel,146.7
EMP03155,Rental Car Center,33606,7.66,2,1,Bus,N/A,N/A,,N/A,3.06
EMP03156,Airside D,33605,8.17,4,1,Bus,N/A,N/A,,N/A,6.54
EMP03157,Airside E,34698,66.7,3,1,Car,V637,Sedan,1992,Diesel,120.06
EMP03158,Airside E,33565,33.21,4,8,Shuttle,S004,Shuttle Bus,1992,Electric,19.93
EMP03159,Main Terminal & Airside Shopping,33768,24.83,4,1,Bus,N/A,N/A,,N/A,19.86
EMP03160,Airside D,33694,18.54,5,2,Rideshare,V151,Sedan,1994,Electric,27.81
EMP03161,Rental Car Center,33523,11.06,4,1,Bus,N/A,N/A,,N/A,8.85
EMP03162,Airside D,34037,52.51,1,1,Car,V656,SUV,2014,Gasoline,31.51
EMP03163,Rental Car Center,33506,32.2,3,17,Shuttle,S021,Shuttle Bus,2001,Diesel,14.49
EMP03164,Sheltair Aviation,33852,66.01,1,13,Shuttle,S003,Shuttle Bus,1989,Electric,9.9
EMP03165,Rental Car Center,33577,33.02,5,1,Train,N/A,N/A,,Electric,49.53
EMP03166,Rental Car Center,34364,15.49,5,5,Rideshare,V754,Minivan,2010,Diesel,9.29
EMP03167,Sheltair Aviation,34448,40.98,2,1,Car,V801,Minivan,2016,Gasoline,49.18
EMP03168,Main Terminal & Airside Shopping,33621,9.49,5,1,Bus,N/A,N/A,,N/A,9.49
EMP03169,Airside D,33598,9.49,4,1,Car,V252,Sedan,2018,Diesel,22.78
EMP03170,Main Terminal Information Desk,33611,6.64,1,5,Rideshare,V354,Truck,2013,Diesel,0.8
EMP03171,Airside E,33931,35.75,4,3,Rideshare,V696,Truck,2019,Gasoline,28.6
EMP03172,Rental Car Center,33693,16.28,1,1,Bus,N/A,N/A,,N/A,3.26
EMP03173,Airside D,33616,21.98,4,3,Carpool,V578,SUV,1980,Gasoline,17.58
EMP03174,Sky Connect,33907,19.89,5,1,Bus,N/A,N/A,,N/A,19.89
EMP03175,Airside C,33612,31.81,4,1,Car,V776,SUV,1992,Gasoline,76.34
EMP03176,Sheltair Aviation,34617,52.78,3,9,Shuttle,S006,Shuttle Bus,2019,Diesel,23.75
EMP03177,Main Terminal Restaurants,33573,13.48,5,17,Shuttle,S039,Shuttle Bus,2020,Electric,10.11
EMP03178,Airside E,33564,13.66,1,1,Car,V848,Sedan,2008,Hybrid,8.2
EMP03179,Sheltair Aviation,33644,46.48,1,1,Train,N/A,N/A,,Electric,13.94
EMP03180,Sky Connect,33588,6.22,3,1,Bus,N/A,N/A,,N/A,3.73
EMP03181,Sky Connect,34424,50.11,2,2,Carpool,V634,Truck,1973,Diesel,30.07
EMP03182,Rental Car Center,33555,10.76,5,1,Bus,N/A,N/A,,N/A,10.76
EMP03183,Main Terminal Information Desk,33572,5.42,5,1,Car,V931,Sedan,1977,Gasoline,16.26
EMP03184,Airside D,34357,46.32,1,1,Train,N/A,N/A,,Electric,13.9
EMP03185,Main Terminal Information Desk,33931,20.77,4,2,Rideshare,V489,SUV,1977,Gasoline,24.92
EMP03186,Airside D,33519,10.96,4,1,Train,N/A,N/A,,Electric,13.15
EMP03187,Sheltair Aviation,34546,43.01,1,10,Shuttle,S032,Shuttle Bus,2011,Electric,6.45
EMP03188,Airside E,34589,15.14,4,1,Train,N/A,N/A,,Electric,18.17
EMP03189,Airside E,34533,16.48,4,1,Bus,N/A,N/A,,N/A,13.18
EMP03190,Sheltair Aviation,33555,8.96,1,12,Shuttle,S038,Shuttle Bus,1990,Electric,1.34
EMP03191,Airside F,33681,45.67,1,12,Shuttle,S038,Shuttle Bus,2020,Electric,6.85
EMP03192,Airside C,34559,28.51,4,2,Rideshare,V281,SUV,1995,Electric,34.21
EMP03193,Airside D,33959,38.89,5,16,Shuttle,S022,Shuttle Bus,1972,Electric,29.17
EMP03194,Main Terminal Restaurants,34371,17.76,4,1,Car,V399,SUV,2016,Gasoline,42.62
EMP03195,Rental Car Center,33556,14.89,3,1,Bus,N/A,N/A,,N/A,8.93
EMP03196,Main Terminal & Airside Shopping,33541,14.87,2,1,Train,N/A,N/A,,Electric,8.92
EMP03197,Rental Car Center,34100,16.76,1,1,Bus,N/A,N/A,,N/A,3.35
EMP03198,Main Terminal Information Desk,33873,22.64,3,1,Train,N/A,N/A,,Electric,20.38
EMP03199,Airside C,33869,17.54,1,1,Bus,N/A,N/A,,N/A,3.51
EMP03200,Sky Connect,33791,57.55,1,5,Rideshare,V464,SUV,1996,Diesel,6.91
EMP03201,Sheltair Aviation,33812,20,3,1,Bus,N/A,N/A,,N/A,12
EMP03202,Airside A,33954,46.52,5,1,Train,N/A,N/A,,Electric,69.78
EMP03203,Airside D,34590,32.88,4,1,Train,N/A,N/A,,Electric,39.46
EMP03204,Sky Connect,34448,16.75,5,2,Carpool,V364,SUV,2005,Electric,25.12
EMP03205,Main Terminal Information Desk,33695,16.78,5,5,Carpool,V122,Minivan,2011,Gasoline,10.07
EMP03206,Airside C,33794,21.05,1,3,Rideshare,V466,SUV,2005,Diesel,4.21
EMP03207,Airside F,33976,33.34,4,9,Shuttle,S014,Shuttle Bus,2016,Electric,20
EMP03208,Main Terminal & Airside Shopping,33882,43.22,3,1,Car,V144,SUV,1977,Hybrid,77.8
EMP03209,Main Terminal Restaurants,33693,34.62,5,1,Train,N/A,N/A,,Electric,51.93
EMP03210,Main Terminal & Airside Shopping,33554,10.3,1,3,Rideshare,V868,Truck,2010,Hybrid,2.06
EMP03211,Main Terminal Information Desk,33699,52,3,2,Carpool,V425,Minivan,1981,Gasoline,46.8
EMP03212,Airside F,33557,38.68,3,12,Shuttle,S037,Shuttle Bus,1989,Electric,17.41
EMP03213,Main Terminal & Airside Shopping,34554,23.41,4,1,Car,V890,Sedan,1980,Diesel,56.18
EMP03214,Airside D,34673,34.19,5,1,Train,N/A,N/A,,Electric,51.28
EMP03215,Sky Connect,34608,30.18,1,16,Shuttle,S047,Shuttle Bus,2011,Diesel,4.53
EMP03216,Main Terminal & Airside Shopping,33853,18.38,5,1,Bus,N/A,N/A,,N/A,18.38
EMP03217,Airside C,34054,56.91,1,5,Rideshare,V629,Minivan,1975,Gasoline,6.83
EMP03218,Airside F,34370,22.29,5,3,Rideshare,V371,Minivan,1986,Electric,22.29
EMP03219,Rental Car Center,33539,15,5,17,Shuttle,S045,Shuttle Bus,1976,Electric,11.25
EMP03220,Rental Car Center,34185,28.34,4,1,Train,N/A,N/A,,Electric,34.01
EMP03221,Sky Connect,34195,16.29,5,1,Bus,N/A,N/A,,N/A,16.29
EMP03222,Airside C,34142,48.1,3,4,Rideshare,V213,Sedan,1973,Gasoline,21.64
EMP03223,Rental Car Center,33619,58.05,5,3,Carpool,V469,Minivan,1975,Diesel,58.05
EMP03224,Main Terminal & Airside Shopping,33732,69.8,1,13,Shuttle,S005,Shuttle Bus,1981,Electric,10.47
EMP03225,Airside C,33579,9.17,1,1,Bus,N/A,N/A,,N/A,1.83
EMP03226,Rental Car Center,34364,15.32,5,1,Train,N/A,N/A,,Electric,22.98
EMP03227,Airside F,34065,17.77,3,1,Bus,N/A,N/A,,N/A,10.66
EMP03228,Main Terminal & Airside Shopping,34601,25.78,2,9,Shuttle,S038,Shuttle Bus,1980,Electric,7.73
EMP03229,Main Terminal Restaurants,33556,13.95,5,2,Rideshare,V107,Minivan,1982,Gasoline,20.92
EMP03230,Airside A,34172,18.83,5,1,Train,N/A,N/A,,Electric,28.24
EMP03231,Airside E,33530,13.98,5,4,Rideshare,V400,Sedan,1984,Electric,10.48
EMP03232,Main Terminal & Airside Shopping,34446,18.61,3,20,Shuttle,S028,Shuttle Bus,1984,Electric,8.37
EMP03233,Main Terminal & Airside Shopping,34392,48.87,3,1,Car,V265,Truck,1981,Gasoline,87.97
EMP03234,Airside D,34503,64.26,4,4,Rideshare,V448,Minivan,1980,Gasoline,38.56
EMP03235,Rental Car Center,34216,20.2,3,1,Bus,N/A,N/A,,N/A,12.12
EMP03236,Airside F,34417,25.32,5,2,Carpool,V348,SUV,1994,Hybrid,37.98
EMP03237,Airside D,33823,17.41,4,1,Bus,N/A,N/A,,N/A,13.93
EMP03238,Sheltair Aviation,34092,57.24,4,4,Carpool,V211,Sedan,1992,Electric,34.34
EMP03239,Sheltair Aviation,33968,65.75,5,4,Rideshare,V109,Sedan,1985,Electric,49.31
EMP03240,Airside E,33858,29.31,1,3,Carpool,V285,Truck,1976,Electric,5.86
EMP03241,Main Terminal & Airside Shopping,34199,20.32,4,1,Bus,N/A,N/A,,N/A,16.26
EMP03242,Main Terminal & Airside Shopping,34299,49.96,3,2,Carpool,V206,Sedan,2021,Gasoline,44.96
EMP03243,Airside E,34309,26.36,1,2,Rideshare,V646,Truck,1988,Electric,7.91
EMP03244,Airside A,33586,16.86,5,1,Car,V585,Sedan,1996,Electric,50.58
EMP03245,Main Terminal Information Desk,33761,52.41,4,16,Shuttle,S013,Shuttle Bus,2010,Diesel,31.45
EMP03246,Airside E,34233,35.28,5,1,Train,N/A,N/A,,Electric,52.92
EMP03247,Main Terminal Information Desk,34413,52.2,3,1,Car,V835,SUV,1974,Electric,93.96
EMP03248,Airside D,33848,25.29,4,2,Carpool,V268,Sedan,1989,Gasoline,30.35
EMP03249,Airside F,34024,18.26,3,1,Train,N/A,N/A,,Electric,16.43
EMP03250,Main Terminal Information Desk,34255,25.36,2,5,Rideshare,V987,Minivan,1976,Gasoline,6.09
EMP03251,Main Terminal Information Desk,33901,19.29,3,1,Train,N/A,N/A,,Electric,17.36
EMP03252,Main Terminal Restaurants,34134,31.35,5,3,Rideshare,V226,SUV,1990,Diesel,31.35
EMP03253,Sky Connect,34049,39.02,3,4,Rideshare,V132,Sedan,1987,Electric,17.56
EMP03254,Airside D,34456,57.79,3,4,Rideshare,V857,Truck,2012,Diesel,26.01
EMP03255,Airside F,33833,29.07,1,1,Car,V257,SUV,1996,Electric,17.44
EMP03256,Airside D,34569,22.95,5,1,Train,N/A,N/A,,Electric,34.42
EMP03257,Sheltair Aviation,34423,40.61,1,1,Train,N/A,N/A,,Electric,12.18
EMP03258,Main Terminal Information Desk,33581,7.86,2,1,Bus,N/A,N/A,,N/A,3.14
EMP03259,Sheltair Aviation,33847,47.75,2,5,Rideshare,V296,Sedan,2007,Electric,11.46
EMP03260,Sheltair Aviation,34271,29.48,1,5,Carpool,V770,Sedan,1990,Gasoline,3.54
EMP03261,Airside C,34005,41.52,4,1,Train,N/A,N/A,,Electric,49.82
EMP03262,Airside A,33567,63.71,3,3,Rideshare,V723,Minivan,2011,Diesel,38.23
EMP03263,Main Terminal Restaurants,33796,57.81,5,16,Shuttle,S018,Shuttle Bus,1989,Diesel,43.36
EMP03264,Main Terminal Restaurants,33620,25.6,3,2,Carpool,V627,Sedan,1990,Gasoline,23.04
EMP03265,Main Terminal & Airside Shopping,34597,22.51,4,1,Bus,N/A,N/A,,N/A,18.01
EMP03266,Airside D,34433,22.1,1,1,Train,N/A,N/A,,Electric,6.63
EMP03267,Main Terminal Restaurants,34020,60.82,3,4,Carpool,V367,Truck,1998,Hybrid,27.37
EMP03268,Main Terminal & Airside Shopping,33930,56.03,5,1,Car,V804,Truck,2007,Gasoline,168.09
EMP03269,Main Terminal Information Desk,34001,15.87,5,1,Train,N/A,N/A,,Electric,23.8
EMP03270,Main Terminal Information Desk,33531,49.87,5,9,Shuttle,S042,Shuttle Bus,1994,Electric,37.4
EMP03271,Airside F,33801,60.47,5,9,Shuttle,S035,Shuttle Bus,1996,Electric,45.35
EMP03272,Sky Connect,33576,12.15,3,1,Train,N/A,N/A,,Electric,10.94
EMP03273,Main Terminal & Airside Shopping,34686,36.77,5,1,Train,N/A,N/A,,Electric,55.16
EMP03274,Main Terminal & Airside Shopping,34609,19.25,5,1,Train,N/A,N/A,,Electric,28.87
EMP03275,Airside E,34189,20.83,5,8,Shuttle,S021,Shuttle Bus,2005,Electric,15.62
EMP03276,Rental Car Center,33563,9.14,2,15,Shuttle,S018,Shuttle Bus,1982,Electric,2.74
EMP03277,Sheltair Aviation,33976,60.99,3,5,Carpool,V929,Sedan,1985,Gasoline,21.96
EMP03278,Rental Car Center,34064,27.82,4,1,Train,N/A,N/A,,Electric,33.38
EMP03279,Airside E,33579,10.48,2,3,Rideshare,V706,SUV,2010,Electric,4.19
EMP03280,Airside E,33987,40.07,2,1,Train,N/A,N/A,,Electric,24.04
EMP03281,Rental Car Center,33730,57.78,2,1,Car,V130,Minivan,1991,Electric,69.34
EMP03282,Airside E,33916,21.58,2,1,Train,N/A,N/A,,Electric,12.95
EMP03283,Sky Connect,34683,41.33,1,1,Train,N/A,N/A,,Electric,12.4
EMP03284,Sky Connect,33748,57.21,2,3,Carpool,V935,Sedan,2016,Gasoline,22.88
EMP03285,Airside A,33504,50.83,2,3,Carpool,V164,Sedan,1979,Electric,20.33
EMP03286,Main Terminal Information Desk,33790,18.55,4,1,Bus,N/A,N/A,,N/A,14.84
EMP03287,Airside A,34547,21.4,5,1,Car,V224,Minivan,1974,Gasoline,64.2
EMP03288,Sky Connect,33943,15.98,3,1,Car,V492,Truck,2011,Gasoline,28.76
EMP03289,Airside D,34632,60.88,2,1,Car,V426,Truck,1972,Diesel,73.06
EMP03290,Sheltair Aviation,34545,35.91,5,1,Car,V905,Sedan,2009,Electric,107.73
EMP03291,Airside D,33632,6.76,5,1,Bus,N/A,N/A,,N/A,6.76
EMP03292,Airside E,34392,17.64,3,4,Carpool,V952,Truck,1982,Gasoline,7.94
EMP03293,Airside A,33534,48.98,2,1,Car,V955,Minivan,2004,Electric,58.78
EMP03294,Airside E,34127,17.3,3,1,Car,V860,Truck,2007,Electric,31.14
EMP03295,Main Terminal Information Desk,33540,42.56,3,1,Car,V546,Sedan,1988,Electric,76.61
EMP03296,Sheltair Aviation,33542,14.22,4,1,Bus,N/A,N/A,,N/A,11.38
EMP03297,Airside C,34304,58.87,1,1,Car,V406,Truck,2003,Gasoline,35.32
EMP03298,Airside C,33503,65.61,2,12,Shuttle,S029,Shuttle Bus,2018,Electric,19.68
EMP03299,Airside C,33625,7.11,5,1,Bus,N/A,N/A,,N/A,7.11
EMP03300,Airside D,33585,43.55,4,1,Train,N/A,N/A,,Electric,52.26
EMP03301,Sky Connect,34252,36.84,1,1,Train,N/A,N/A,,Electric,11.05
EMP03302,Sky Connect,34622,50.31,4,5,Carpool,V401,SUV,2002,Diesel,24.15
EMP03303,Main Terminal & Airside Shopping,34385,15.68,5,1,Train,N/A,N/A,,Electric,23.52
EMP03304,Airside E,33566,11.08,5,1,Bus,N/A,N/A,,N/A,11.08
EMP03305,Airside A,34443,15.57,2,1,Train,N/A,N/A,,Electric,9.34
EMP03306,Sky Connect,34658,34.48,5,1,Train,N/A,N/A,,Electric,51.72
EMP03307,Airside C,33570,11.13,5,1,Bus,N/A,N/A,,N/A,11.13
EMP03308,Rental Car Center,33609,26.2,3,1,Car,V922,Truck,1986,Electric,47.16
EMP03309,Airside E,34666,67.49,4,2,Rideshare,V486,Minivan,1986,Gasoline,80.99
EMP03310,Rental Car Center,33678,61.06,2,2,Carpool,V541,SUV,1979,Hybrid,36.64
EMP03311,Main Terminal Information Desk,34644,50.19,5,17,Shuttle,S012,Shuttle Bus,2018,Electric,37.64
EMP03312,Airside A,34670,61.13,1,2,Rideshare,V242,Truck,2005,Gasoline,18.34
EMP03313,Main Terminal Information Desk,33741,55.41,3,4,Rideshare,V598,Minivan,2003,Electric,24.93
EMP03314,Airside D,33782,42.87,1,18,Shuttle,S032,Shuttle Bus,2001,Electric,6.43
EMP03315,Main Terminal & Airside Shopping,33652,46.46,2,1,Train,N/A,N/A,,Electric,27.88
EMP03316,Airside C,33852,18.86,5,1,Train,N/A,N/A,,Electric,28.29
EMP03317,Airside D,33625,8.65,5,1,Car,V241,Minivan,1986,Electric,25.95
EMP03318,Airside D,34524,28.22,2,3,Carpool,V624,Truck,2000,Gasoline,11.29
EMP03319,Main Terminal Information Desk,34250,38.84,3,1,Car,V235,Truck,1978,Gasoline,69.91
EMP03320,Sky Connect,34495,62.19,3,4,Rideshare,V426,Sedan,2002,Electric,27.99
EMP03321,Sky Connect,33524,12.92,1,3,Carpool,V608,Truck,1996,Gasoline,2.58
EMP03322,Rental Car Center,33516,13.99,1,1,Car,V324,Minivan,1979,Hybrid,8.39
EMP03323,Main Terminal & Airside Shopping,33851,30.79,1,5,Rideshare,V947,SUV,1973,Diesel,3.69
EMP03324,Airside D,33614,6.47,2,1,Bus,N/A,N/A,,N/A,2.59
EMP03325,Airside E,34171,36.53,5,1,Train,N/A,N/A,,Electric,54.8
EMP03326,Airside D,33682,43.7,1,1,Car,V632,Minivan,2000,Diesel,26.22
EMP03327,Airside E,34426,35.42,3,19,Shuttle,S016,Shuttle Bus,1993,Diesel,15.94
EMP03328,Airside E,33599,8.91,1,1,Bus,N/A,N/A,,N/A,1.78
EMP03329,Sky Connect,33634,58.32,1,5,Rideshare,V905,Sedan,2020,Hybrid,7
EMP03330,Sky Connect,33522,13.93,1,9,Shuttle,S037,Shuttle Bus,1987,Electric,2.09
EMP03331,Airside A,34512,20.27,2,1,Train,N/A,N/A,,Electric,12.16
EMP03332,Airside C,33880,53.89,1,13,Shuttle,S028,Shuttle Bus,1992,Diesel,8.08
EMP03333,Airside A,34402,47.95,3,11,Shuttle,S004,Shuttle Bus,2001,Diesel,21.58
EMP03334,Airside F,34446,43.74,1,1,Car,V929,Sedan,2010,Electric,26.24
EMP03335,Rental Car Center,34490,59.97,1,2,Rideshare,V817,Truck,1976,Gasoline,17.99
EMP03336,Sky Connect,34650,46.83,3,1,Train,N/A,N/A,,Electric,42.15
EMP03337,Main Terminal Restaurants,33835,27.43,3,11,Shuttle,S037,Shuttle Bus,2012,Electric,12.34
EMP03338,Main Terminal & Airside Shopping,34673,32.83,5,1,Train,N/A,N/A,,Electric,49.24
EMP03339,Airside F,33524,14.57,3,1,Bus,N/A,N/A,,N/A,8.74
EMP03340,Rental Car Center,33736,61.03,3,5,Rideshare,V956,Minivan,1973,Gasoline,21.97
EMP03341,Rental Car Center,33610,5.01,5,10,Shuttle,S013,Shuttle Bus,2007,Electric,3.76
EMP03342,Sky Connect,33644,38.34,2,1,Car,V364,Sedan,1993,Hybrid,46.01
EMP03343,Airside A,33954,53.25,3,5,Carpool,V170,SUV,2000,Electric,19.17
EMP03344,Airside D,33540,12.82,3,5,Carpool,V445,SUV,2017,Diesel,4.62
EMP03345,Main Terminal & Airside Shopping,34330,45.05,1,1,Train,N/A,N/A,,Electric,13.51
EMP03346,Airside D,33579,38.91,4,1,Train,N/A,N/A,,Electric,46.69
EMP03347,Main Terminal & Airside Shopping,33625,9.64,2,1,Bus,N/A,N/A,,N/A,3.86
EMP03348,Sky Connect,34609,50.86,3,4,Carpool,V660,SUV,1975,Hybrid,22.89
EMP03349,Airside E,34110,38.31,2,5,Rideshare,V241,Minivan,1989,Gasoline,9.19
EMP03350,Main Terminal Restaurants,33606,9.75,1,5,Rideshare,V821,Truck,2003,Gasoline,1.17
EMP03351,Main Terminal & Airside Shopping,34221,51.22,4,4,Rideshare,V472,Sedan,2013,Electric,30.73
EMP03352,Airside E,33509,12.19,5,3,Carpool,V653,Sedan,2007,Hybrid,12.19
EMP03353,Main Terminal Restaurants,34510,64.66,1,1,Car,V848,Truck,1987,Gasoline,38.8
EMP03354,Sheltair Aviation,34034,19.31,1,1,Train,N/A,N/A,,Electric,5.79
EMP03355,Airside C,34447,53.77,1,1,Car,V197,Minivan,1995,Gasoline,32.26
EMP03356,Airside E,33637,7.53,3,5,Rideshare,V155,Minivan,1984,Diesel,2.71
EMP03357,Airside E,33555,10.28,1,14,Shuttle,S015,Shuttle Bus,1984,Electric,1.54
EMP03358,Airside D,33862,53.04,1,18,Shuttle,S001,Shuttle Bus,2014,Diesel,7.96
EMP03359,Sheltair Aviation,34142,48.91,2,5,Carpool,V992,Truck,2013,Gasoline,11.74
EMP03360,Airside A,33661,62.03,4,2,Carpool,V213,Truck,1989,Hybrid,74.44
EMP03361,Airside F,34031,61.29,2,13,Shuttle,S029,Shuttle Bus,2022,Electric,18.39
EMP03362,Airside A,33555,5.63,3,1,Bus,N/A,N/A,,N/A,3.38
EMP03363,Main Terminal Information Desk,33891,39.77,4,1,Car,V574,SUV,1975,Gasoline,95.45
EMP03364,Main Terminal Restaurants,34249,69.27,5,18,Shuttle,S042,Shuttle Bus,1989,Diesel,51.95
EMP03365,Airside F,33519,69.15,1,8,Shuttle,S026,Shuttle Bus,2011,Electric,10.37
EMP03366,Sheltair Aviation,34185,21.18,2,1,Train,N/A,N/A,,Electric,12.71
EMP03367,Airside A,33506,55.86,5,2,Carpool,V456,Truck,1975,Diesel,83.79
EMP03368,Airside A,34537,69.49,4,2,Carpool,V165,Truck,2021,Gasoline,83.39
EMP03369,Sky Connect,33536,11.33,5,2,Rideshare,V730,Truck,1992,Diesel,17
EMP03370,Sky Connect,34265,39.75,3,3,Rideshare,V250,Truck,1980,Gasoline,23.85
EMP03371,Main Terminal Restaurants,33554,5.14,1,1,Bus,N/A,N/A,,N/A,1.03
EMP03372,Airside A,33509,13.07,4,1,Bus,N/A,N/A,,N/A,10.46
EMP03373,Sheltair Aviation,34440,20.26,4,1,Car,V175,Sedan,2022,Electric,48.62
EMP03374,Main Terminal Information Desk,33555,5.37,3,1,Bus,N/A,N/A,,N/A,3.22
EMP03375,Airside F,34109,23.08,5,1,Bus,N/A,N/A,,N/A,23.08
EMP03376,Sheltair Aviation,33622,9.46,2,3,Carpool,V414,Truck,1979,Hybrid,3.78
EMP03377,Airside F,34351,25.01,1,1,Car,V569,Minivan,2020,Electric,15.01
EMP03378,Airside E,33535,13.91,3,2,Rideshare,V748,SUV,2018,Hybrid,12.52
EMP03379,Airside A,33991,17.02,4,1,Car,V420,Minivan,1993,Hybrid,40.85
EMP03380,Airside E,34141,16.11,2,1,Bus,N/A,N/A,,N/A,6.44
EMP03381,Airside C,33540,10.83,5,1,Bus,N/A,N/A,,N/A,10.83
EMP03382,Airside E,33929,26.7,1,1,Train,N/A,N/A,,Electric,8.01
EMP03383,Sheltair Aviation,33995,25.07,2,1,Train,N/A,N/A,,Electric,15.04
EMP03384,Airside F,33642,61.93,3,2,Rideshare,V854,Sedan,1991,Gasoline,55.74
EMP03385,Rental Car Center,33595,57.51,4,1,Car,V350,Truck,2022,Gasoline,138.02
EMP03386,Sheltair Aviation,34410,23.21,5,1,Train,N/A,N/A,,Electric,34.81
EMP03387,Sky Connect,33527,11.94,2,2,Rideshare,V190,Sedan,2002,Electric,7.16
EMP03388,Main Terminal & Airside Shopping,33525,11.79,2,1,Bus,N/A,N/A,,N/A,4.72
EMP03389,Rental Car Center,34185,51.08,3,1,Car,V442,Minivan,1988,Electric,91.94
EMP03390,Main Terminal Restaurants,33742,22.59,2,1,Train,N/A,N/A,,Electric,13.55
EMP03391,Airside E,34367,36.96,5,1,Train,N/A,N/A,,Electric,55.44
EMP03392,Airside D,33972,59.88,4,2,Carpool,V529,SUV,1993,Diesel,71.86
EMP03393,Airside A,34257,51.67,2,15,Shuttle,S023,Shuttle Bus,1990,Diesel,15.5
EMP03394,Airside C,33597,26.21,4,5,Rideshare,V101,SUV,2005,Electric,12.58
EMP03395,Airside C,33831,64.11,3,1,Car,V830,SUV,1972,Gasoline,115.4
EMP03396,Airside E,33702,58.38,4,3,Carpool,V169,SUV,2000,Hybrid,46.7
EMP03397,Sky Connect,33570,12.71,5,1,Car,V802,Sedan,1972,Hybrid,38.13
EMP03398,Rental Car Center,33717,67.1,4,1,Car,V615,Sedan,1998,Electric,161.04
EMP03399,Airside F,34180,39.52,3,1,Train,N/A,N/A,,Electric,35.57
EMP03400,Sky Connect,34196,15.56,1,1,Train,N/A,N/A,,Electric,4.67
EMP03401,Rental Car Center,34463,33.6,4,19,Shuttle,S011,Shuttle Bus,2011,Diesel,20.16
EMP03402,Main Terminal & Airside Shopping,33647,18.49,5,1,Train,N/A,N/A,,Electric,27.73
EMP03403,Airside A,33576,12.51,2,5,Rideshare,V168,SUV,2007,Electric,3
EMP03404,Rental Car Center,33853,65.76,5,5,Carpool,V439,Truck,2014,Hybrid,39.46
EMP03405,Airside A,33567,5.93,1,16,Shuttle,S011,Shuttle Bus,1994,Electric,0.89
EMP03406,Airside E,33863,68.75,1,1,Car,V729,SUV,1978,Hybrid,41.25
EMP03407,Sky Connect,33818,37.74,2,3,Carpool,V358,Sedan,2005,Gasoline,15.1
EMP03408,Airside D,33979,29.51,4,4,Rideshare,V867,SUV,1975,Gasoline,17.71
EMP03409,Airside C,33964,20.09,3,1,Bus,N/A,N/A,,N/A,12.05
EMP03410,Airside A,33526,33.95,2,19,Shuttle,S009,Shuttle Bus,2003,Diesel,10.19
EMP03411,Sheltair Aviation,33805,49.93,1,4,Carpool,V972,SUV,1981,Diesel,7.49
EMP03412,Airside E,34291,17.63,4,15,Shuttle,S009,Shuttle Bus,1988,Diesel,10.58
EMP03413,Airside F,33767,37.72,2,2,Rideshare,V527,Sedan,1977,Hybrid,22.63
EMP03414,Airside A,34366,18.09,3,1,Bus,N/A,N/A,,N/A,10.85
EMP03415,Airside F,34205,31.73,1,1,Car,V948,SUV,1972,Electric,19.04
EMP03416,Main Terminal Information Desk,33600,8.12,3,1,Bus,N/A,N/A,,N/A,4.87
EMP03417,Rental Car Center,34600,40.56,5,1,Car,V235,SUV,1977,Gasoline,121.68
EMP03418,Sheltair Aviation,33683,56.55,2,1,Car,V799,Minivan,1977,Gasoline,67.86
EMP03419,Main Terminal Information Desk,33825,31.88,4,2,Rideshare,V222,SUV,1994,Gasoline,38.26
EMP03420,Airside D,33636,66.8,5,4,Carpool,V501,Minivan,1984,Diesel,50.1
EMP03421,Airside E,33915,48.23,1,1,Train,N/A,N/A,,Electric,14.47
EMP03422,Airside C,33591,24.07,4,1,Bus,N/A,N/A,,N/A,19.26
EMP03423,Sky Connect,34378,27.9,3,1,Car,V961,Truck,1986,Electric,50.22
EMP03424,Main Terminal & Airside Shopping,34340,18.99,1,1,Bus,N/A,N/A,,N/A,3.8
EMP03425,Airside F,33672,60.44,4,10,Shuttle,S037,Shuttle Bus,1998,Electric,36.26
EMP03426,Main Terminal Restaurants,34690,66.61,1,4,Rideshare,V897,Truck,1973,Hybrid,9.99
EMP03427,Airside D,34383,54.63,1,15,Shuttle,S026,Shuttle Bus,2004,Diesel,8.19
EMP03428,Sheltair Aviation,33960,38.03,5,3,Rideshare,V452,Minivan,2009,Gasoline,38.03
EMP03429,Airside D,33889,29.81,5,14,Shuttle,S030,Shuttle Bus,1985,Diesel,22.36
EMP03430,Airside E,34388,36.08,4,3,Carpool,V190,Sedan,2006,Hybrid,28.86
EMP03431,Airside E,33781,45.8,2,5,Rideshare,V770,Truck,1994,Hybrid,10.99
EMP03432,Airside D,34554,46.16,2,9,Shuttle,S033,Shuttle Bus,2004,Diesel,13.85
EMP03433,Sky Connect,33700,65.97,4,17,Shuttle,S048,Shuttle Bus,1994,Electric,39.58
EMP03434,Airside E,34137,53.47,2,19,Shuttle,S046,Shuttle Bus,2003,Diesel,16.04
EMP03435,Sheltair Aviation,34278,37.86,5,1,Train,N/A,N/A,,Electric,56.79
EMP03436,Airside D,33990,65.06,2,4,Carpool,V837,SUV,2012,Hybrid,19.52
EMP03437,Main Terminal Information Desk,34293,26.76,3,2,Carpool,V330,SUV,1985,Diesel,24.08
EMP03438,Airside D,33658,48.64,1,3,Carpool,V823,Sedan,1977,Hybrid,9.73
EMP03439,Sheltair Aviation,34393,24.24,4,1,Train,N/A,N/A,,Electric,29.09
EMP03440,Airside A,33567,14.65,3,4,Rideshare,V806,Minivan,2005,Hybrid,6.59
EMP03441,Main Terminal Information Desk,34049,49.77,4,5,Rideshare,V304,Truck,1992,Hybrid,23.89
EMP03442,Airside F,33568,12.64,3,1,Bus,N/A,N/A,,N/A,7.58
EMP03443,Airside D,33626,7.65,4,1,Bus,N/A,N/A,,N/A,6.12
EMP03444,Sky Connect,33605,8.93,1,1,Bus,N/A,N/A,,N/A,1.79
EMP03445,Airside F,33925,20.44,2,2,Rideshare,V392,Truck,2013,Hybrid,12.26
EMP03446,Airside A,34672,32.58,1,1,Train,N/A,N/A,,Electric,9.77
EMP03447,Main Terminal Restaurants,34540,47.32,3,1,Train,N/A,N/A,,Electric,42.59
EMP03448,Airside C,33792,43.12,2,5,Rideshare,V905,Truck,2003,Hybrid,10.35
EMP03449,Rental Car Center,33546,12.25,4,1,Bus,N/A,N/A,,N/A,9.8
EMP03450,Main Terminal Information Desk,33527,58.56,1,3,Carpool,V990,Minivan,1988,Hybrid,11.71
EMP03451,Airside E,34100,17.56,3,2,Carpool,V494,SUV,2021,Gasoline,15.8
EMP03452,Airside D,34615,35.71,3,1,Car,V353,SUV,2007,Diesel,64.28
EMP03453,Main Terminal & Airside Shopping,34148,38.62,3,1,Car,V318,Truck,1984,Gasoline,69.52
EMP03454,Main Terminal Information Desk,34013,23.72,4,1,Train,N/A,N/A,,Electric,28.46
EMP03455,Sheltair Aviation,33769,18.68,2,1,Bus,N/A,N/A,,N/A,7.47
EMP03456,Sheltair Aviation,33618,6.65,1,1,Car,V607,Sedan,1997,Hybrid,3.99
EMP03457,Airside E,34301,25.55,1,2,Carpool,V194,Minivan,1981,Hybrid,7.67
EMP03458,Main Terminal Restaurants,34072,52.14,2,4,Carpool,V543,SUV,2019,Electric,15.64
EMP03459,Airside D,33793,20.65,4,2,Rideshare,V298,Minivan,2009,Diesel,24.78
EMP03460,Sheltair Aviation,34639,18.14,1,19,Shuttle,S027,Shuttle Bus,1995,Electric,2.72
EMP03461,Airside E,33565,14.57,4,5,Carpool,V691,SUV,2004,Electric,6.99
EMP03462,Main Terminal & Airside Shopping,33532,10.83,3,14,Shuttle,S013,Shuttle Bus,2008,Electric,4.87
EMP03463,Airside A,33626,60.18,3,1,Car,V881,Sedan,2003,Hybrid,108.32
EMP03464,Airside E,33516,14.68,5,1,Bus,N/A,N/A,,N/A,14.68
EMP03465,Airside A,33512,13.01,3,2,Rideshare,V255,Sedan,1980,Electric,11.71
EMP03466,Sheltair Aviation,34180,27.28,2,2,Carpool,V427,SUV,1988,Electric,16.37
EMP03467,Sheltair Aviation,33610,15.51,1,5,Carpool,V332,Truck,2019,Gasoline,1.86
EMP03468,Airside F,33733,16.63,5,1,Bus,N/A,N/A,,N/A,16.63
EMP03469,Main Terminal Information Desk,33749,51.46,1,3,Carpool,V487,SUV,1992,Hybrid,10.29
EMP03470,Main Terminal Restaurants,34300,40.53,2,16,Shuttle,S012,Shuttle Bus,2000,Diesel,12.16
EMP03471,Rental Car Center,34492,41.01,2,17,Shuttle,S016,Shuttle Bus,2016,Electric,12.3
EMP03472,Airside E,34221,61.98,3,17,Shuttle,S043,Shuttle Bus,2013,Diesel,27.89
EMP03473,Airside F,34462,15.8,2,3,Carpool,V816,SUV,2008,Diesel,6.32
EMP03474,Sky Connect,33856,33.97,5,1,Train,N/A,N/A,,Electric,50.95
EMP03475,Airside A,34010,18.08,3,5,Rideshare,V330,Truck,1985,Diesel,6.51
EMP03476,Airside F,33741,20.2,4,1,Bus,N/A,N/A,,N/A,16.16
EMP03477,Sky Connect,34360,27.02,1,5,Rideshare,V150,Sedan,1989,Electric,3.24
EMP03478,Airside A,34296,30.08,2,1,Train,N/A,N/A,,Electric,18.05
EMP03479,Rental Car Center,34591,16.66,1,1,Bus,N/A,N/A,,N/A,3.33
EMP03480,Airside E,33702,42.63,4,2,Carpool,V603,Sedan,2015,Gasoline,51.16
EMP03481,Airside E,33595,5.99,1,1,Bus,N/A,N/A,,N/A,1.2
EMP03482,Sheltair Aviation,33937,20.28,2,1,Train,N/A,N/A,,Electric,12.17
EMP03483,Airside C,33541,14.3,4,1,Bus,N/A,N/A,,N/A,11.44
EMP03484,Sky Connect,33966,19.75,4,5,Rideshare,V553,Truck,1990,Hybrid,9.48
EMP03485,Airside E,33527,10.66,2,3,Carpool,V265,SUV,1997,Gasoline,4.26
EMP03486,Sheltair Aviation,34098,32.55,5,1,Car,V257,Truck,1997,Hybrid,97.65
EMP03487,Sky Connect,33940,22.01,5,10,Shuttle,S012,Shuttle Bus,2020,Electric,16.51
EMP03488,Main Terminal & Airside Shopping,33874,33.92,4,1,Car,V316,Truck,1974,Hybrid,81.41
EMP03489,Sheltair Aviation,34043,27.86,4,1,Car,V985,Minivan,2013,Diesel,66.86
EMP03490,Airside C,33613,40.98,1,16,Shuttle,S018,Shuttle Bus,2015,Electric,6.15
EMP03491,Sheltair Aviation,33777,20.24,3,1,Bus,N/A,N/A,,N/A,12.14
EMP03492,Airside F,34145,57.77,4,1,Car,V977,SUV,1974,Hybrid,138.65
EMP03493,Airside C,33804,33.19,5,13,Shuttle,S001,Shuttle Bus,1997,Diesel,24.89
EMP03494,Airside F,33559,12.27,2,1,Bus,N/A,N/A,,N/A,4.91
EMP03495,Sheltair Aviation,34087,56.61,5,1,Car,V334,Minivan,1978,Electric,169.83
EMP03496,Sheltair Aviation,34189,27.05,4,2,Rideshare,V909,Truck,2007,Electric,32.46
EMP03497,Airside A,34664,57.33,3,4,Rideshare,V918,Sedan,1972,Diesel,25.8
EMP03498,Sheltair Aviation,33561,8.33,1,13,Shuttle,S028,Shuttle Bus,1981,Electric,1.25
EMP03499,Airside C,33636,9.06,5,1,Car,V437,Truck,1987,Electric,27.18
EMP03500,Airside D,33687,34.27,5,1,Car,V706,Minivan,2000,Diesel,102.81
EMP03501,Rental Car Center,34232,35.17,4,5,Rideshare,V161,SUV,1977,Electric,16.88
EMP03502,Airside A,33845,46.26,1,4,Carpool,V262,Minivan,1987,Gasoline,6.94
EMP03503,Airside C,33696,36.47,4,1,Train,N/A,N/A,,Electric,43.76
EMP03504,Airside E,34185,19.24,1,10,Shuttle,S005,Shuttle Bus,1997,Diesel,2.89
EMP03505,Rental Car Center,34503,18.26,4,5,Carpool,V515,Minivan,1978,Gasoline,8.76
EMP03506,Rental Car Center,33988,29.39,4,1,Train,N/A,N/A,,Electric,35.27
EMP03507,Airside C,33611,6.75,4,5,Carpool,V181,SUV,1991,Diesel,3.24
EMP03508,Airside E,33636,9.32,4,1,Bus,N/A,N/A,,N/A,7.46
EMP03509,Airside A,34649,24.35,3,1,Bus,N/A,N/A,,N/A,14.61
EMP03510,Sky Connect,34615,38.61,4,1,Train,N/A,N/A,,Electric,46.33
EMP03511,Main Terminal & Airside Shopping,34670,67.21,2,3,Rideshare,V307,Truck,1985,Gasoline,26.88
EMP03512,Rental Car Center,34173,57.36,4,1,Car,V292,Truck,2020,Gasoline,137.66
EMP03513,Sky Connect,34185,63.37,5,18,Shuttle,S012,Shuttle Bus,2015,Diesel,47.53
EMP03514,Airside C,33747,39.82,1,3,Carpool,V460,Sedan,1985,Gasoline,7.96
EMP03515,Main Terminal Restaurants,33542,10.04,4,1,Bus,N/A,N/A,,N/A,8.03
EMP03516,Airside D,34128,27.87,4,1,Train,N/A,N/A,,Electric,33.44
EMP03517,Main Terminal Information Desk,33508,13.02,1,1,Car,V530,SUV,1999,Electric,7.81
EMP03518,Main Terminal & Airside Shopping,34516,32.87,3,5,Rideshare,V404,Minivan,2011,Electric,11.83
EMP03519,Rental Car Center,33561,5.79,3,1,Bus,N/A,N/A,,N/A,3.47
EMP03520,Main Terminal & Airside Shopping,34373,68.52,4,4,Carpool,V363,Sedan,1986,Hybrid,41.11
EMP03521,Airside A,34047,26.69,4,1,Car,V422,Truck,1988,Diesel,64.06
EMP03522,Main Terminal Information Desk,34057,59.54,1,5,Carpool,V731,Minivan,1973,Diesel,7.14
EMP03523,Main Terminal Information Desk,33564,8.06,1,1,Bus,N/A,N/A,,N/A,1.61
EMP03524,Sheltair Aviation,33781,39.12,3,1,Train,N/A,N/A,,Electric,35.21
EMP03525,Rental Car Center,34157,44.02,4,11,Shuttle,S014,Shuttle Bus,1983,Diesel,26.41
EMP03526,Main Terminal Restaurants,33516,38.03,4,1,Train,N/A,N/A,,Electric,45.64
EMP03527,Airside E,33830,60.61,3,2,Rideshare,V573,SUV,1985,Electric,54.55
EMP03528,Sheltair Aviation,33980,42.28,4,4,Carpool,V973,Sedan,2005,Hybrid,25.37
EMP03529,Rental Car Center,34305,65.89,5,4,Rideshare,V388,Truck,2017,Electric,49.42
EMP03530,Sheltair Aviation,33588,6.37,2,1,Bus,N/A,N/A,,N/A,2.55
EMP03531,Main Terminal Restaurants,34129,63.33,3,3,Rideshare,V904,Truck,1993,Gasoline,38
EMP03532,Airside D,33558,14.33,1,1,Train,N/A,N/A,,Electric,4.3
EMP03533,Rental Car Center,34000,43.68,5,1,Train,N/A,N/A,,Electric,65.52
EMP03534,Rental Car Center,34684,44.92,3,4,Carpool,V391,Minivan,2022,Diesel,20.21
EMP03535,Rental Car Center,33591,17.46,4,4,Rideshare,V249,SUV,2003,Diesel,10.48
EMP03536,Airside A,34525,44.18,3,1,Train,N/A,N/A,,Electric,39.76
EMP03537,Main Terminal & Airside Shopping,33994,27.1,5,5,Carpool,V202,Truck,1998,Diesel,16.26
EMP03538,Airside E,34669,60.34,1,1,Car,V232,Minivan,2008,Gasoline,36.2
EMP03539,Airside E,33588,55.49,4,1,Car,V434,Minivan,1976,Hybrid,133.18
EMP03540,Sky Connect,34401,16.82,2,4,Rideshare,V444,Truck,1974,Electric,5.05
EMP03541,Rental Car Center,34056,15.76,2,2,Carpool,V143,Sedan,1994,Hybrid,9.46
EMP03542,Airside D,34123,41.56,4,1,Train,N/A,N/A,,Electric,49.87
EMP03543,Main Terminal & Airside Shopping,33536,12.74,2,1,Car,V942,Sedan,1974,Gasoline,15.29
EMP03544,Airside E,33835,17.77,3,9,Shuttle,S050,Shuttle Bus,1988,Diesel,8
EMP03545,Airside F,34305,38.68,4,13,Shuttle,S023,Shuttle Bus,1979,Electric,23.21
EMP03546,Airside F,34512,25.93,5,4,Rideshare,V668,Sedan,1982,Electric,19.45
EMP03547,Airside C,33947,38.17,5,1,Train,N/A,N/A,,Electric,57.26
EMP03548,Airside C,33887,65.36,3,4,Rideshare,V812,Truck,2006,Hybrid,29.41
EMP03549,Main Terminal & Airside Shopping,33518,11.13,2,1,Bus,N/A,N/A,,N/A,4.45
EMP03550,Airside C,33661,22.23,5,4,Carpool,V403,SUV,1981,Diesel,16.67
EMP03551,Airside F,33840,23.6,2,1,Bus,N/A,N/A,,N/A,9.44
EMP03552,Airside A,34436,39.29,2,4,Carpool,V287,Truck,2017,Hybrid,11.79
EMP03553,Main Terminal & Airside Shopping,34116,39.59,1,2,Carpool,V779,SUV,1981,Electric,11.88
EMP03554,Rental Car Center,34367,19.52,5,1,Bus,N/A,N/A,,N/A,19.52
EMP03555,Sky Connect,33578,12.88,1,1,Car,V827,Truck,2002,Diesel,7.73
EMP03556,Rental Car Center,33813,39.61,4,2,Rideshare,V762,Sedan,1983,Electric,47.53
EMP03557,Main Terminal Information Desk,33583,8.73,1,5,Rideshare,V138,SUV,2013,Hybrid,1.05
EMP03558,Airside F,34023,15.81,1,3,Rideshare,V148,Truck,2013,Diesel,3.16
EMP03559,Airside E,34074,38.47,5,1,Train,N/A,N/A,,Electric,57.7
EMP03560,Main Terminal & Airside Shopping,33934,22.97,3,1,Bus,N/A,N/A,,N/A,13.78
EMP03561,Main Terminal Information Desk,33911,42.87,2,3,Rideshare,V632,SUV,1990,Diesel,17.15
EMP03562,Rental Car Center,33533,64.97,1,3,Carpool,V438,SUV,1988,Electric,12.99
EMP03563,Rental Car Center,33918,51.87,2,1,Car,V335,Sedan,1977,Gasoline,62.24
EMP03564,Airside F,34515,17.48,3,5,Carpool,V169,Minivan,2022,Gasoline,6.29
EMP03565,Sheltair Aviation,33554,14.74,4,1,Bus,N/A,N/A,,N/A,11.79
EMP03566,Airside A,33568,5.5,4,1,Bus,N/A,N/A,,N/A,4.4
EMP03567,Main Terminal Information Desk,34267,19.95,5,1,Train,N/A,N/A,,Electric,29.92
EMP03568,Main Terminal Restaurants,34069,31.51,1,3,Carpool,V315,Truck,1982,Gasoline,6.3
EMP03569,Airside C,33570,13.86,2,4,Carpool,V340,SUV,2007,Gasoline,4.16
EMP03570,Airside F,33816,17.84,2,2,Rideshare,V569,Truck,1991,Gasoline,10.7
EMP03571,Rental Car Center,34493,21.74,1,9,Shuttle,S046,Shuttle Bus,2007,Diesel,3.26
EMP03572,Airside E,33514,10.52,2,12,Shuttle,S024,Shuttle Bus,1983,Diesel,3.16
EMP03573,Main Terminal Information Desk,34619,37.93,4,12,Shuttle,S030,Shuttle Bus,2019,Diesel,22.76
EMP03574,Main Terminal Information Desk,34033,33.45,4,13,Shuttle,S027,Shuttle Bus,1992,Diesel,20.07
EMP03575,Rental Car Center,34040,42.2,2,1,Train,N/A,N/A,,Electric,25.32
EMP03576,Airside A,33631,7.74,3,1,Bus,N/A,N/A,,N/A,4.64
EMP03577,Sky Connect,33569,9.53,5,5,Carpool,V744,Minivan,1991,Diesel,5.72
EMP03578,Main Terminal Restaurants,33868,46.91,1,1,Train,N/A,N/A,,Electric,14.07
EMP03579,Airside E,34697,37.65,5,2,Rideshare,V494,Truck,1972,Electric,56.48
EMP03580,Sky Connect,34006,52.11,3,3,Rideshare,V355,Minivan,2009,Diesel,31.27
EMP03581,Main Terminal Information Desk,33531,11.47,1,1,Train,N/A,N/A,,Electric,3.44
EMP03582,Airside C,33596,35.86,1,2,Carpool,V643,Sedan,2015,Electric,10.76
EMP03583,Sky Connect,34209,60.39,2,1,Car,V926,Minivan,1977,Gasoline,72.47
EMP03584,Sheltair Aviation,33601,40.93,4,1,Car,V398,Minivan,2021,Gasoline,98.23
EMP03585,Sheltair Aviation,33595,9.1,5,3,Carpool,V701,Sedan,2022,Hybrid,9.1
EMP03586,Main Terminal Restaurants,33522,10.55,5,4,Carpool,V204,Minivan,1979,Diesel,7.91
EMP03587,Airside E,34068,26.92,4,5,Carpool,V325,SUV,1977,Electric,12.92
EMP03588,Airside E,34092,44.92,1,4,Carpool,V247,SUV,2010,Gasoline,6.74
EMP03589,Main Terminal & Airside Shopping,34033,36.43,4,4,Carpool,V970,Minivan,1989,Diesel,21.86
EMP03590,Airside F,33619,9.87,1,19,Shuttle,S013,Shuttle Bus,2003,Diesel,1.48
EMP03591,Airside D,33537,59.97,3,5,Rideshare,V614,Truck,2013,Electric,21.59
EMP03592,Sky Connect,34233,17.8,5,1,Train,N/A,N/A,,Electric,26.7
EMP03593,Airside A,33840,37.82,4,2,Rideshare,V980,Sedan,2013,Hybrid,45.38
EMP03594,Rental Car Center,33614,9.03,4,20,Shuttle,S044,Shuttle Bus,1997,Electric,5.42
EMP03595,Airside C,33935,28.65,3,1,Train,N/A,N/A,,Electric,25.78
EMP03596,Sheltair Aviation,34090,20.84,4,1,Bus,N/A,N/A,,N/A,16.67
EMP03597,Rental Car Center,34374,31.15,2,14,Shuttle,S041,Shuttle Bus,2011,Diesel,9.34
EMP03598,Airside E,34348,43.37,3,1,Train,N/A,N/A,,Electric,39.03
EMP03599,Airside F,33571,12.67,2,5,Rideshare,V426,Minivan,1978,Diesel,3.04
EMP03600,Airside E,33535,33.46,5,3,Rideshare,V182,Minivan,1992,Electric,33.46
EMP03601,Main Terminal Restaurants,33853,20.04,1,1,Train,N/A,N/A,,Electric,6.01
EMP03602,Rental Car Center,33528,11.54,1,4,Carpool,V706,SUV,2008,Hybrid,1.73
EMP03603,Airside C,33602,7.59,3,1,Car,V143,SUV,2006,Diesel,13.66
EMP03604,Rental Car Center,33976,60.95,3,5,Rideshare,V350,Minivan,1989,Electric,21.94
EMP03605,Sheltair Aviation,34383,26.61,2,18,Shuttle,S012,Shuttle Bus,1995,Electric,7.98
EMP03606,Sheltair Aviation,34272,45.12,1,5,Carpool,V443,Sedan,2001,Hybrid,5.41
EMP03607,Rental Car Center,34258,24.67,1,1,Train,N/A,N/A,,Electric,7.4
EMP03608,Airside C,33536,11.47,2,2,Carpool,V144,Sedan,2020,Hybrid,6.88
EMP03609,Rental Car Center,33821,48.65,2,1,Train,N/A,N/A,,Electric,29.19
EMP03610,Airside C,33810,68.05,1,10,Shuttle,S007,Shuttle Bus,2007,Diesel,10.21
EMP03611,Airside C,34262,38.58,3,2,Rideshare,V990,SUV,1984,Electric,34.72
EMP03612,Sky Connect,34578,19.02,5,1,Bus,N/A,N/A,,N/A,19.02
EMP03613,Main Terminal & Airside Shopping,33787,23.54,1,2,Rideshare,V368,Truck,1990,Gasoline,7.06
EMP03614,Main Terminal & Airside Shopping,33501,49.54,3,3,Rideshare,V913,Sedan,2001,Electric,29.72
EMP03615,Airside E,34566,29.28,5,1,Train,N/A,N/A,,Electric,43.92
EMP03616,Main Terminal Information Desk,34000,54.26,5,15,Shuttle,S021,Shuttle Bus,1987,Electric,40.69
EMP03617,Main Terminal & Airside Shopping,34364,25.67,4,12,Shuttle,S048,Shuttle Bus,1995,Electric,15.4
EMP03618,Airside C,33811,26.77,4,1,Train,N/A,N/A,,Electric,32.12
EMP03619,Airside F,33526,12.36,2,2,Rideshare,V928,Minivan,1989,Diesel,7.42
EMP03620,Airside E,33874,64.33,2,1,Car,V412,Sedan,1976,Gasoline,77.2
EMP03621,Airside A,34000,15.7,2,4,Rideshare,V388,Sedan,1984,Electric,4.71
EMP03622,Sky Connect,33747,22.7,1,1,Train,N/A,N/A,,Electric,6.81
EMP03623,Main Terminal Information Desk,33870,18.81,4,1,Train,N/A,N/A,,Electric,22.57
EMP03624,Main Terminal & Airside Shopping,34068,30.61,5,1,Train,N/A,N/A,,Electric,45.91
EMP03625,Rental Car Center,33528,11.65,5,9,Shuttle,S033,Shuttle Bus,1983,Diesel,8.74
EMP03626,Airside C,33616,63.91,5,8,Shuttle,S015,Shuttle Bus,2015,Electric,47.93
EMP03627,Main Terminal & Airside Shopping,33907,24.27,1,1,Bus,N/A,N/A,,N/A,4.85
EMP03628,Airside A,34259,29.5,1,1,Car,V865,SUV,1993,Diesel,17.7
EMP03629,Sky Connect,33886,50.17,2,5,Rideshare,V103,Sedan,2008,Hybrid,12.04
EMP03630,Sheltair Aviation,33867,30.62,3,1,Car,V350,Truck,1997,Diesel,55.12
EMP03631,Sky Connect,34632,42.42,1,13,Shuttle,S045,Shuttle Bus,1987,Diesel,6.36
EMP03632,Main Terminal & Airside Shopping,33515,11.41,2,1,Train,N/A,N/A,,Electric,6.85
EMP03633,Airside A,34441,19.92,4,1,Bus,N/A,N/A,,N/A,15.94
EMP03634,Airside E,34062,21.04,4,1,Bus,N/A,N/A,,N/A,16.83
EMP03635,Airside F,34583,15.44,5,3,Carpool,V789,Minivan,1984,Diesel,15.44
EMP03636,Airside F,33726,17.97,4,1,Bus,N/A,N/A,,N/A,14.38
EMP03637,Sky Connect,33862,63.45,1,5,Rideshare,V565,Minivan,1984,Gasoline,7.61
EMP03638,Airside F,33547,10.43,5,1,Bus,N/A,N/A,,N/A,10.43
EMP03639,Airside C,33935,25.55,1,1,Car,V779,SUV,1986,Diesel,15.33
EMP03640,Airside F,33759,18.12,5,3,Carpool,V457,SUV,1978,Diesel,18.12
EMP03641,Main Terminal Information Desk,33629,54.43,5,19,Shuttle,S034,Shuttle Bus,2003,Electric,40.82
EMP03642,Main Terminal Restaurants,34550,24.37,1,14,Shuttle,S032,Shuttle Bus,1986,Electric,3.66
EMP03643,Airside C,34314,16.96,1,14,Shuttle,S038,Shuttle Bus,1992,Diesel,2.54
EMP03644,Airside A,33752,29.24,5,16,Shuttle,S042,Shuttle Bus,1975,Electric,21.93
EMP03645,Airside F,33816,19.68,5,1,Car,V721,Minivan,1997,Electric,59.04
EMP03646,Main Terminal & Airside Shopping,34530,66.37,4,1,Car,V460,Sedan,1994,Electric,159.29
EMP03647,Rental Car Center,34175,23.05,2,1,Train,N/A,N/A,,Electric,13.83
EMP03648,Main Terminal Restaurants,33534,35.46,4,10,Shuttle,S046,Shuttle Bus,2016,Diesel,21.28
EMP03649,Main Terminal & Airside Shopping,33559,13.86,3,1,Bus,N/A,N/A,,N/A,8.32
EMP03650,Sky Connect,34287,21.95,2,1,Bus,N/A,N/A,,N/A,8.78
EMP03651,Rental Car Center,34218,18.39,2,1,Car,V309,Minivan,1987,Hybrid,22.07
EMP03652,Rental Car Center,33895,23.67,5,1,Train,N/A,N/A,,Electric,35.51
EMP03653,Main Terminal Restaurants,34391,69.08,2,4,Rideshare,V882,Sedan,2011,Electric,20.72
EMP03654,Airside D,34411,41.75,5,2,Carpool,V742,Truck,2013,Electric,62.62
EMP03655,Airside E,33562,11.38,4,1,Train,N/A,N/A,,Electric,13.66
EMP03656,Rental Car Center,34675,33.98,1,5,Rideshare,V596,Minivan,2008,Gasoline,4.08
EMP03657,Sky Connect,34499,24.62,5,1,Car,V802,Truck,2004,Electric,73.86
EMP03658,Airside D,33544,13.47,3,1,Train,N/A,N/A,,Electric,12.12
EMP03659,Main Terminal & Airside Shopping,34532,39.99,1,3,Rideshare,V215,Truck,1999,Electric,8
EMP03660,Main Terminal Information Desk,34562,58.92,3,5,Carpool,V311,Truck,1976,Electric,21.21
EMP03661,Rental Car Center,33718,49.08,5,1,Train,N/A,N/A,,Electric,73.62
EMP03662,Main Terminal & Airside Shopping,34099,17.15,5,2,Rideshare,V423,Truck,2010,Gasoline,25.72
EMP03663,Rental Car Center,33520,66.19,5,5,Carpool,V275,Truck,2019,Gasoline,39.71
EMP03664,Airside A,34439,57.85,4,3,Carpool,V506,Sedan,1982,Electric,46.28
EMP03665,Airside D,33625,47.53,5,1,Train,N/A,N/A,,Electric,71.3
EMP03666,Airside A,34117,21.02,2,1,Train,N/A,N/A,,Electric,12.61
EMP03667,Sky Connect,34000,26.59,3,2,Rideshare,V669,Sedan,2012,Diesel,23.93
EMP03668,Sheltair Aviation,34488,54.75,3,1,Car,V782,Truck,2022,Diesel,98.55
EMP03669,Rental Car Center,34092,18.19,4,1,Train,N/A,N/A,,Electric,21.83
EMP03670,Airside C,34351,41.92,3,1,Train,N/A,N/A,,Electric,37.73
EMP03671,Airside F,34415,53.01,2,1,Car,V113,Truck,1976,Gasoline,63.61
EMP03672,Airside A,34299,30.94,1,4,Carpool,V204,Minivan,2022,Hybrid,4.64
EMP03673,Sheltair Aviation,34349,18.23,1,4,Carpool,V199,Truck,1975,Hybrid,2.73
EMP03674,Rental Car Center,34384,64.7,4,4,Carpool,V683,Minivan,1987,Gasoline,38.82
EMP03675,Sky Connect,33798,19.35,1,1,Bus,N/A,N/A,,N/A,3.87
EMP03676,Sky Connect,34411,24.53,2,1,Bus,N/A,N/A,,N/A,9.81
EMP03677,Sheltair Aviation,33778,29.52,1,1,Car,V537,SUV,2007,Hybrid,17.71
EMP03678,Airside C,34055,45.88,2,1,Car,V410,Truck,1980,Hybrid,55.06
EMP03679,Airside E,33588,44.78,5,1,Train,N/A,N/A,,Electric,67.17
EMP03680,Main Terminal & Airside Shopping,33635,8.61,3,1,Bus,N/A,N/A,,N/A,5.17
EMP03681,Main Terminal Restaurants,34383,23.95,5,1,Bus,N/A,N/A,,N/A,23.95
EMP03682,Main Terminal Restaurants,34329,19.22,3,2,Carpool,V906,SUV,2005,Diesel,17.3
EMP03683,Airside C,34478,54.15,3,5,Rideshare,V422,SUV,1975,Electric,19.49
EMP03684,Airside E,33516,36.8,2,2,Carpool,V341,Truck,2016,Diesel,22.08
EMP03685,Sheltair Aviation,33623,20.77,3,15,Shuttle,S017,Shuttle Bus,1999,Electric,9.35
EMP03686,Airside D,33588,9.57,4,1,Bus,N/A,N/A,,N/A,7.66
EMP03687,Sky Connect,33626,8.8,3,4,Rideshare,V715,SUV,1976,Electric,3.96
EMP03688,Main Terminal Restaurants,34024,23.8,1,3,Carpool,V106,Truck,1972,Electric,4.76
EMP03689,Airside C,34268,15.92,3,4,Carpool,V204,SUV,1997,Diesel,7.16
EMP03690,Rental Car Center,33539,12.69,1,1,Car,V230,Minivan,1998,Diesel,7.61
EMP03691,Airside C,33985,61.26,4,1,Car,V748,SUV,2017,Electric,147.02
EMP03692,Main Terminal Information Desk,34597,62.48,4,4,Carpool,V732,SUV,2010,Hybrid,37.49
EMP03693,Sky Connect,33571,6.08,3,4,Rideshare,V698,SUV,2009,Hybrid,2.74
EMP03694,Airside E,34140,56.72,3,10,Shuttle,S007,Shuttle Bus,1975,Electric,25.52
EMP03695,Airside C,34501,38.04,3,1,Train,N/A,N/A,,Electric,34.24
EMP03696,Main Terminal Restaurants,34465,26.43,1,1,Train,N/A,N/A,,Electric,7.93
EMP03697,Airside C,33606,37.8,3,1,Car,V471,Sedan,1973,Hybrid,68.04
EMP03698,Rental Car Center,34417,65.71,3,1,Car,V414,Minivan,2011,Hybrid,118.28
EMP03699,Main Terminal Information Desk,34230,47.99,3,3,Carpool,V404,SUV,2002,Electric,28.79
EMP03700,Sky Connect,34444,38.02,3,9,Shuttle,S008,Shuttle Bus,2018,Electric,17.11
EMP03701,Rental Car Center,33908,68.64,5,5,Rideshare,V396,Truck,2022,Diesel,41.18
EMP03702,Airside A,34545,38.44,2,5,Rideshare,V327,Sedan,1995,Diesel,9.23
EMP03703,Airside C,34409,28.68,2,1,Train,N/A,N/A,,Electric,17.21
EMP03704,Airside C,34037,28.38,2,1,Car,V537,SUV,2018,Gasoline,34.06
EMP03705,Sky Connect,33914,19.35,5,1,Bus,N/A,N/A,,N/A,19.35
EMP03706,Sky Connect,33856,33.83,3,1,Car,V656,Minivan,1987,Electric,60.89
EMP03707,Airside F,34636,35.88,3,1,Car,V288,Minivan,2015,Hybrid,64.58
EMP03708,Sheltair Aviation,33871,35.91,3,1,Car,V555,Sedan,1974,Hybrid,64.64
EMP03709,Main Terminal & Airside Shopping,33963,50.32,2,4,Rideshare,V931,Minivan,1993,Gasoline,15.1
EMP03710,Airside C,33719,44.55,5,1,Train,N/A,N/A,,Electric,66.82
EMP03711,Main Terminal Restaurants,33948,24.94,4,1,Bus,N/A,N/A,,N/A,19.95
EMP03712,Airside D,33679,32.75,4,5,Rideshare,V553,Minivan,1983,Electric,15.72
EMP03713,Airside E,33633,31.99,4,1,Train,N/A,N/A,,Electric,38.39
EMP03714,Airside D,33779,32.12,2,5,Carpool,V485,Truck,2002,Electric,7.71
EMP03715,Airside D,33575,61.81,1,2,Rideshare,V149,Sedan,1994,Hybrid,18.54
EMP03716,Main Terminal Information Desk,34035,15.3,5,2,Carpool,V267,Truck,1991,Gasoline,22.95
EMP03717,Airside C,33560,12.18,5,1,Train,N/A,N/A,,Electric,18.27
EMP03718,Sheltair Aviation,34088,48.87,3,1,Train,N/A,N/A,,Electric,43.98
EMP03719,Airside E,34067,38.32,3,14,Shuttle,S048,Shuttle Bus,1986,Electric,17.24
EMP03720,Rental Car Center,34437,37.68,5,19,Shuttle,S038,Shuttle Bus,2008,Electric,28.26
EMP03721,Main Terminal Information Desk,34504,60.76,5,4,Carpool,V750,Truck,2001,Hybrid,45.57
EMP03722,Sky Connect,33605,44.98,5,2,Carpool,V246,SUV,1985,Gasoline,67.47
EMP03723,Main Terminal Information Desk,33576,13.39,5,15,Shuttle,S039,Shuttle Bus,2007,Diesel,10.04
EMP03724,Airside E,34425,51.5,5,3,Rideshare,V573,Sedan,1990,Gasoline,51.5
EMP03725,Main Terminal Restaurants,34159,28.87,5,1,Train,N/A,N/A,,Electric,43.3
EMP03726,Airside D,33978,19.79,1,4,Rideshare,V608,Minivan,2015,Diesel,2.97
EMP03727,Sky Connect,33563,6.51,5,1,Bus,N/A,N/A,,N/A,6.51
EMP03728,Airside C,33976,29.43,2,2,Carpool,V870,Truck,1973,Electric,17.66
EMP03729,Sky Connect,34050,27.3,1,1,Car,V954,Minivan,1981,Gasoline,16.38
EMP03730,Airside D,33546,34.69,5,2,Rideshare,V953,SUV,2012,Gasoline,52.03
EMP03731,Main Terminal Information Desk,33556,8.58,5,1,Bus,N/A,N/A,,N/A,8.58
EMP03732,Main Terminal Restaurants,34366,62.92,2,5,Rideshare,V326,SUV,1981,Hybrid,15.1
EMP03733,Airside C,34596,21.56,3,19,Shuttle,S035,Shuttle Bus,1998,Diesel,9.7
EMP03734,Main Terminal Information Desk,34152,68.94,1,20,Shuttle,S013,Shuttle Bus,2022,Diesel,10.34
EMP03735,Sheltair Aviation,33804,15.43,1,1,Bus,N/A,N/A,,N/A,3.09
EMP03736,Airside C,33518,14.99,2,1,Train,N/A,N/A,,Electric,8.99
EMP03737,Airside A,34674,67.49,5,3,Carpool,V414,Minivan,1985,Diesel,67.49
EMP03738,Sheltair Aviation,34054,16.98,3,2,Rideshare,V143,Minivan,1992,Gasoline,15.28
EMP03739,Sky Connect,33572,10.15,5,2,Rideshare,V143,Sedan,1988,Hybrid,15.22
EMP03740,Main Terminal Restaurants,34113,55.34,2,1,Car,V831,SUV,2002,Electric,66.41
EMP03741,Airside F,33551,13.29,1,1,Bus,N/A,N/A,,N/A,2.66
EMP03742,Sky Connect,34339,23.72,2,1,Bus,N/A,N/A,,N/A,9.49
EMP03743,Main Terminal & Airside Shopping,33944,34.71,4,2,Carpool,V621,Truck,1990,Electric,41.65
EMP03744,Rental Car Center,33995,55.93,2,4,Carpool,V821,Sedan,2004,Gasoline,16.78
EMP03745,Sheltair Aviation,33563,12.28,5,4,Rideshare,V475,Sedan,2004,Hybrid,9.21
EMP03746,Main Terminal Information Desk,34184,41.95,2,9,Shuttle,S025,Shuttle Bus,2014,Electric,12.59
EMP03747,Airside F,34663,31.42,4,1,Train,N/A,N/A,,Electric,37.7
EMP03748,Airside E,33707,36,3,2,Rideshare,V397,Minivan,1981,Diesel,32.4
EMP03749,Main Terminal & Airside Shopping,33774,38.13,5,8,Shuttle,S033,Shuttle Bus,1972,Diesel,28.6
EMP03750,Main Terminal Information Desk,34498,20.7,2,1,Bus,N/A,N/A,,N/A,8.28
EMP03751,Airside A,34274,36.68,5,5,Carpool,V104,Minivan,1999,Hybrid,22.01
EMP03752,Airside F,34273,65.25,2,2,Rideshare,V362,Truck,2017,Gasoline,39.15
EMP03753,Sheltair Aviation,33627,15.18,1,1,Bus,N/A,N/A,,N/A,3.04
EMP03754,Airside C,34209,28.11,4,1,Train,N/A,N/A,,Electric,33.73
EMP03755,Sheltair Aviation,34401,23.12,3,4,Carpool,V143,Truck,1999,Hybrid,10.4
EMP03756,Airside C,33565,22.08,2,1,Car,V602,SUV,1992,Diesel,26.5
EMP03757,Airside A,34359,42.69,2,5,Rideshare,V532,SUV,1977,Diesel,10.25
EMP03758,Sky Connect,34030,66.89,3,1,Car,V564,Truck,1990,Gasoline,120.4
EMP03759,Sky Connect,34196,26.2,2,1,Train,N/A,N/A,,Electric,15.72
EMP03760,Airside F,34343,69.92,5,1,Car,V528,Sedan,1974,Electric,209.76
EMP03761,Main Terminal & Airside Shopping,34666,58.34,5,2,Rideshare,V277,SUV,2006,Hybrid,87.51
EMP03762,Rental Car Center,33542,13.3,4,1,Train,N/A,N/A,,Electric,15.96
EMP03763,Main Terminal Restaurants,34229,15.04,1,3,Rideshare,V239,Minivan,2016,Electric,3.01
EMP03764,Airside C,33958,15.21,3,1,Bus,N/A,N/A,,N/A,9.13
EMP03765,Airside A,33808,21.82,4,20,Shuttle,S007,Shuttle Bus,2015,Electric,13.09
EMP03766,Airside D,33547,10.65,1,11,Shuttle,S014,Shuttle Bus,1992,Diesel,1.6
EMP03767,Sky Connect,33578,14.44,2,1,Bus,N/A,N/A,,N/A,5.78
EMP03768,Main Terminal Information Desk,34604,19.26,3,1,Bus,N/A,N/A,,N/A,11.56
EMP03769,Airside F,34328,30.54,2,11,Shuttle,S019,Shuttle Bus,1984,Electric,9.16
EMP03770,Main Terminal Information Desk,33740,27.57,3,1,Car,V834,SUV,1980,Gasoline,49.63
EMP03771,Rental Car Center,33564,5.4,5,1,Car,V297,Truck,1973,Electric,16.2
EMP03772,Airside A,34310,65.95,5,3,Carpool,V457,SUV,1978,Hybrid,65.95
EMP03773,Airside E,33638,42.06,3,1,Car,V983,SUV,2013,Diesel,75.71
EMP03774,Airside C,34229,48.43,1,1,Train,N/A,N/A,,Electric,14.53
EMP03775,Main Terminal Information Desk,33570,15.75,2,1,Bus,N/A,N/A,,N/A,6.3
EMP03776,Airside D,33557,5.92,1,2,Rideshare,V806,Minivan,2018,Hybrid,1.78
EMP03777,Airside C,33826,31.37,2,1,Train,N/A,N/A,,Electric,18.82
EMP03778,Airside D,33621,49.74,2,2,Rideshare,V831,Minivan,1990,Hybrid,29.84
EMP03779,Airside C,34067,52.66,2,10,Shuttle,S035,Shuttle Bus,2010,Electric,15.8
EMP03780,Airside A,34472,44.69,5,1,Train,N/A,N/A,,Electric,67.03
EMP03781,Airside E,34676,67.13,4,12,Shuttle,S027,Shuttle Bus,1978,Diesel,40.28
EMP03782,Airside E,34515,39.67,3,2,Carpool,V912,Truck,2007,Diesel,35.7
EMP03783,Airside E,33535,11.3,1,4,Rideshare,V529,SUV,1975,Gasoline,1.7
EMP03784,Airside C,33605,49.1,5,1,Train,N/A,N/A,,Electric,73.65
EMP03785,Airside A,34576,60.47,3,5,Carpool,V201,Minivan,1983,Electric,21.77
EMP03786,Airside F,33524,59.93,4,1,Car,V659,SUV,2000,Electric,143.83
EMP03787,Main Terminal Information Desk,33866,19.77,2,8,Shuttle,S050,Shuttle Bus,2022,Diesel,5.93
EMP03788,Airside A,33538,14.15,3,1,Train,N/A,N/A,,Electric,12.73
EMP03789,Main Terminal & Airside Shopping,33516,10.91,2,1,Bus,N/A,N/A,,N/A,4.36
EMP03790,Rental Car Center,33577,10.89,2,5,Rideshare,V110,Sedan,1990,Hybrid,2.61
EMP03791,Main Terminal Information Desk,34197,17.23,5,1,Bus,N/A,N/A,,N/A,17.23
EMP03792,Airside A,34560,29.11,1,1,Car,V239,SUV,1995,Hybrid,17.47
EMP03793,Rental Car Center,34444,58.12,1,1,Car,V730,SUV,1994,Electric,34.87
EMP03794,Airside C,33898,29.99,1,5,Carpool,V195,SUV,1986,Gasoline,3.6
EMP03795,Airside F,33513,11.16,4,1,Train,N/A,N/A,,Electric,13.39
EMP03796,Sky Connect,33633,9.79,1,1,Bus,N/A,N/A,,N/A,1.96
EMP03797,Main Terminal & Airside Shopping,33573,5.65,2,1,Bus,N/A,N/A,,N/A,2.26
EMP03798,Airside C,34194,26.83,3,1,Car,V861,Truck,2006,Electric,48.29
EMP03799,Airside C,33898,16.53,1,1,Bus,N/A,N/A,,N/A,3.31
EMP03800,Sky Connect,33559,27.23,4,1,Car,V362,Minivan,1983,Hybrid,65.35
EMP03801,Airside F,33852,19.11,1,1,Bus,N/A,N/A,,N/A,3.82
EMP03802,Airside F,33932,17.19,3,3,Rideshare,V247,Truck,2016,Gasoline,10.31
EMP03803,Sheltair Aviation,33851,15.09,1,1,Bus,N/A,N/A,,N/A,3.02
EMP03804,Main Terminal Restaurants,33731,21.96,2,4,Carpool,V850,SUV,2003,Gasoline,6.59
EMP03805,Rental Car Center,34471,47.14,3,5,Rideshare,V484,SUV,1993,Gasoline,16.97
EMP03806,Airside F,34223,33.96,2,14,Shuttle,S021,Shuttle Bus,2017,Diesel,10.19
EMP03807,Airside F,33518,10.17,4,5,Carpool,V717,Minivan,1999,Hybrid,4.88
EMP03808,Sky Connect,34053,61.12,2,1,Car,V947,Truck,2010,Hybrid,73.34
EMP03809,Rental Car Center,33729,44.9,3,1,Train,N/A,N/A,,Electric,40.41
EMP03810,Main Terminal & Airside Shopping,33779,20.87,2,1,Car,V688,Sedan,1979,Gasoline,25.04
EMP03811,Main Terminal Restaurants,33686,33.32,5,1,Train,N/A,N/A,,Electric,49.98
EMP03812,Airside E,34384,19.36,5,1,Bus,N/A,N/A,,N/A,19.36
EMP03813,Airside D,34644,29.18,5,20,Shuttle,S027,Shuttle Bus,1989,Electric,21.88
EMP03814,Main Terminal Information Desk,34608,15.26,4,1,Train,N/A,N/A,,Electric,18.31
EMP03815,Sheltair Aviation,33535,10.25,2,1,Bus,N/A,N/A,,N/A,4.1
EMP03816,Main Terminal Information Desk,33575,16.62,1,1,Bus,N/A,N/A,,N/A,3.32
EMP03817,Sky Connect,34138,38.73,3,1,Train,N/A,N/A,,Electric,34.86
EMP03818,Main Terminal Information Desk,33564,13.09,1,3,Rideshare,V678,Sedan,2022,Gasoline,2.62
EMP03819,Rental Car Center,34097,67.28,4,1,Car,V187,SUV,1976,Electric,161.47
EMP03820,Airside D,34326,38.41,1,1,Car,V502,SUV,2001,Diesel,23.05
EMP03821,Airside F,34606,63.21,2,4,Rideshare,V622,Truck,1991,Electric,18.96
EMP03822,Airside D,33572,11.46,1,1,Bus,N/A,N/A,,N/A,2.29
EMP03823,Airside E,34675,62.79,2,1,Car,V426,Minivan,1973,Hybrid,75.35
EMP03824,Main Terminal & Airside Shopping,33844,39.2,2,2,Carpool,V270,Sedan,1993,Diesel,23.52
EMP03825,Main Terminal Information Desk,34298,22.34,2,8,Shuttle,S022,Shuttle Bus,2019,Diesel,6.7
EMP03826,Airside F,33542,52.87,1,2,Carpool,V661,Sedan,2009,Electric,15.86
EMP03827,Airside F,33538,11.92,4,5,Rideshare,V726,Sedan,1986,Gasoline,5.72
EMP03828,Airside A,33731,25.45,5,1,Train,N/A,N/A,,Electric,38.17
EMP03829,Airside C,33552,27.98,1,5,Rideshare,V693,Sedan,2002,Gasoline,3.36
EMP03830,Main Terminal & Airside Shopping,34028,29.64,2,1,Train,N/A,N/A,,Electric,17.78
EMP03831,Airside E,34482,25.85,4,11,Shuttle,S048,Shuttle Bus,2021,Electric,15.51
EMP03832,Rental Car Center,33551,5.44,4,1,Car,V407,Truck,1983,Gasoline,13.06
EMP03833,Sky Connect,34084,15.28,4,1,Bus,N/A,N/A,,N/A,12.22
EMP03834,Main Terminal & Airside Shopping,33547,55.66,1,2,Carpool,V800,Truck,1986,Diesel,16.7
EMP03835,Airside F,33754,16.53,1,1,Bus,N/A,N/A,,N/A,3.31
EMP03836,Airside F,33759,24.67,1,1,Bus,N/A,N/A,,N/A,4.93
EMP03837,Sky Connect,33752,20.7,3,1,Car,V810,Truck,2012,Hybrid,37.26
EMP03838,Main Terminal Restaurants,34674,38.64,2,1,Train,N/A,N/A,,Electric,23.18
EMP03839,Airside D,34032,44.48,1,3,Carpool,V170,Sedan,2010,Hybrid,8.9
EMP03840,Airside F,34345,49,2,4,Rideshare,V130,Minivan,1977,Electric,14.7
EMP03841,Main Terminal Restaurants,33540,14.84,5,1,Bus,N/A,N/A,,N/A,14.84
EMP03842,Airside D,34328,49.46,3,1,Train,N/A,N/A,,Electric,44.51
EMP03843,Main Terminal & Airside Shopping,33514,10.57,2,1,Bus,N/A,N/A,,N/A,4.23
EMP03844,Airside C,33782,30.7,5,1,Car,V759,Truck,1986,Gasoline,92.1
EMP03845,Airside E,33614,6.97,5,9,Shuttle,S010,Shuttle Bus,2021,Diesel,5.23
EMP03846,Sheltair Aviation,34091,32.13,5,5,Carpool,V252,Sedan,2003,Electric,19.28
EMP03847,Airside E,34265,19.14,5,1,Car,V608,Sedan,1993,Hybrid,57.42
EMP03848,Main Terminal Restaurants,34234,49.01,4,3,Carpool,V521,SUV,2022,Hybrid,39.21
EMP03849,Airside E,33552,9.72,3,5,Carpool,V401,Sedan,1983,Gasoline,3.5
EMP03850,Airside E,33832,29.34,1,1,Train,N/A,N/A,,Electric,8.8
EMP03851,Sky Connect,33793,19.31,3,9,Shuttle,S044,Shuttle Bus,1984,Electric,8.69
EMP03852,Airside C,34170,40.41,2,20,Shuttle,S023,Shuttle Bus,1975,Diesel,12.12
EMP03853,Airside D,33512,10.82,4,9,Shuttle,S004,Shuttle Bus,1995,Electric,6.49
EMP03854,Rental Car Center,34104,20.52,2,2,Carpool,V518,Minivan,1977,Gasoline,12.31
EMP03855,Airside A,34650,54.42,2,1,Car,V634,SUV,2003,Diesel,65.3
EMP03856,Main Terminal Information Desk,33683,50.76,1,1,Car,V305,SUV,1998,Diesel,30.46
EMP03857,Rental Car Center,34218,38.09,4,9,Shuttle,S006,Shuttle Bus,1992,Diesel,22.85
EMP03858,Airside A,34266,30.41,3,16,Shuttle,S001,Shuttle Bus,1975,Electric,13.68
EMP03859,Main Terminal & Airside Shopping,34022,22.43,3,1,Bus,N/A,N/A,,N/A,13.46
EMP03860,Airside D,34125,32.19,4,2,Rideshare,V247,SUV,1975,Electric,38.63
EMP03861,Main Terminal & Airside Shopping,33614,20.71,3,5,Carpool,V736,Sedan,2011,Gasoline,7.46
EMP03862,Main Terminal Restaurants,34522,51.58,1,4,Carpool,V849,SUV,2006,Hybrid,7.74
EMP03863,Main Terminal Information Desk,34279,22.34,3,3,Carpool,V185,Minivan,2015,Electric,13.4
EMP03864,Main Terminal & Airside Shopping,33881,27.29,2,1,Train,N/A,N/A,,Electric,16.37
EMP03865,Main Terminal Restaurants,33566,10.95,2,1,Car,V503,SUV,2017,Electric,13.14
EMP03866,Airside A,34356,43.79,4,1,Train,N/A,N/A,,Electric,52.55
EMP03867,Main Terminal & Airside Shopping,33813,28.38,4,3,Rideshare,V178,Truck,1988,Electric,22.7
EMP03868,Main Terminal & Airside Shopping,34601,17.31,4,1,Train,N/A,N/A,,Electric,20.77
EMP03869,Airside D,34525,19.3,3,1,Train,N/A,N/A,,Electric,17.37
EMP03870,Main Terminal Information Desk,34684,46.32,2,1,Car,V754,Sedan,1973,Diesel,55.58
EMP03871,Main Terminal Restaurants,33602,5.64,1,1,Car,V925,Sedan,1973,Hybrid,3.38
EMP03872,Sky Connect,34180,23.18,4,1,Train,N/A,N/A,,Electric,27.82
EMP03873,Airside E,34056,50.07,2,4,Carpool,V414,SUV,1997,Gasoline,15.02
EMP03874,Airside D,34274,33.87,4,19,Shuttle,S036,Shuttle Bus,2014,Diesel,20.32
EMP03875,Airside C,34386,57.76,1,4,Carpool,V719,Truck,2006,Hybrid,8.66
EMP03876,Airside E,33535,58.05,3,3,Rideshare,V775,Minivan,1983,Hybrid,34.83
EMP03877,Airside D,33753,52.26,1,20,Shuttle,S007,Shuttle Bus,1991,Electric,7.84
EMP03878,Airside F,33664,44.07,5,1,Train,N/A,N/A,,Electric,66.11
EMP03879,Sky Connect,33550,8.42,4,3,Carpool,V339,Minivan,2016,Hybrid,6.74
EMP03880,Airside F,34524,44.63,5,4,Rideshare,V841,SUV,1981,Gasoline,33.47
EMP03881,Sky Connect,34415,16.25,3,1,Train,N/A,N/A,,Electric,14.62
EMP03882,Sky Connect,34329,53.87,4,1,Car,V986,Truck,1987,Gasoline,129.29
EMP03883,Main Terminal Restaurants,33589,42,1,1,Car,V193,SUV,2006,Diesel,25.2
EMP03884,Main Terminal Restaurants,33668,35.84,2,4,Rideshare,V353,SUV,1976,Gasoline,10.75
EMP03885,Airside C,34136,38.69,4,8,Shuttle,S040,Shuttle Bus,1978,Electric,23.21
EMP03886,Airside A,33761,16.32,4,3,Carpool,V154,Minivan,1981,Gasoline,13.06
EMP03887,Airside F,33715,46.06,1,3,Carpool,V663,Minivan,2005,Gasoline,9.21
EMP03888,Airside C,33566,33.9,3,1,Car,V314,Sedan,2002,Hybrid,61.02
EMP03889,Main Terminal Information Desk,33782,20.14,2,1,Car,V865,Minivan,1978,Gasoline,24.17
EMP03890,Rental Car Center,33561,10.93,5,1,Bus,N/A,N/A,,N/A,10.93
EMP03891,Airside A,34294,65.43,1,18,Shuttle,S010,Shuttle Bus,2003,Electric,9.81
EMP03892,Sheltair Aviation,33604,47.41,5,20,Shuttle,S047,Shuttle Bus,2005,Electric,35.56
EMP03893,Airside C,34518,20.32,3,1,Train,N/A,N/A,,Electric,18.29
EMP03894,Sky Connect,33746,35.16,3,2,Rideshare,V310,Sedan,1978,Electric,31.64
EMP03895,Main Terminal Restaurants,33807,24.37,3,3,Carpool,V583,Sedan,2016,Diesel,14.62
EMP03896,Sky Connect,34570,44.71,4,1,Train,N/A,N/A,,Electric,53.65
EMP03897,Airside A,34514,19.15,2,1,Bus,N/A,N/A,,N/A,7.66
EMP03898,Rental Car Center,33567,11.9,2,1,Car,V525,Sedan,1977,Gasoline,14.28
EMP03899,Main Terminal & Airside Shopping,34611,24.62,5,1,Car,V897,Sedan,1993,Electric,73.86
EMP03900,Airside E,34014,45.85,2,5,Carpool,V602,Minivan,1986,Gasoline,11
EMP03901,Sky Connect,33964,46.85,4,4,Carpool,V558,Sedan,2000,Electric,28.11
EMP03902,Sky Connect,33872,37.47,1,1,Car,V660,Truck,2020,Gasoline,22.48
EMP03903,Sheltair Aviation,34220,47.02,5,13,Shuttle,S030,Shuttle Bus,1993,Diesel,35.27
EMP03904,Airside A,33897,57.44,3,4,Carpool,V318,SUV,1976,Electric,25.85
EMP03905,Airside E,33624,7.23,1,5,Carpool,V908,Sedan,2009,Electric,0.87
EMP03906,Rental Car Center,33553,10.54,4,16,Shuttle,S030,Shuttle Bus,2008,Electric,6.32
EMP03907,Main Terminal & Airside Shopping,34296,33.28,4,8,Shuttle,S029,Shuttle Bus,2002,Electric,19.97
EMP03908,Airside C,33523,10.93,5,1,Bus,N/A,N/A,,N/A,10.93
EMP03909,Airside F,33853,20.6,3,1,Train,N/A,N/A,,Electric,18.54
EMP03910,Airside C,34332,33.08,1,2,Rideshare,V943,Truck,2015,Diesel,9.92
EMP03911,Main Terminal & Airside Shopping,34483,56.68,1,1,Car,V322,Sedan,2004,Diesel,34.01
EMP03912,Main Terminal Restaurants,33541,11.71,5,1,Car,V388,SUV,2009,Diesel,35.13
EMP03913,Airside C,34010,15.82,5,1,Train,N/A,N/A,,Electric,23.73
EMP03914,Rental Car Center,34530,62.01,3,4,Carpool,V325,Sedan,2001,Gasoline,27.9
EMP03915,Airside A,33652,48.35,1,5,Rideshare,V423,Sedan,1987,Diesel,5.8
EMP03916,Airside A,33517,11.94,1,4,Carpool,V587,Minivan,1999,Hybrid,1.79
EMP03917,Sky Connect,34390,22.36,3,1,Bus,N/A,N/A,,N/A,13.42
EMP03918,Airside F,33976,58.83,5,4,Carpool,V663,Truck,1995,Gasoline,44.12
EMP03919,Airside C,33534,46.8,3,1,Car,V879,Sedan,2001,Hybrid,84.24
EMP03920,Main Terminal Information Desk,33569,7.25,3,1,Bus,N/A,N/A,,N/A,4.35
EMP03921,Main Terminal Information Desk,33562,11.97,5,1,Train,N/A,N/A,,Electric,17.96
EMP03922,Airside C,34253,21.74,4,3,Rideshare,V862,Truck,2013,Gasoline,17.39
EMP03923,Airside E,34419,45.98,1,1,Train,N/A,N/A,,Electric,13.79
EMP03924,Main Terminal Information Desk,33537,13.68,1,3,Rideshare,V883,Truck,1976,Electric,2.74
EMP03925,Sky Connect,34241,66.29,3,1,Car,V258,Truck,2005,Electric,119.32
EMP03926,Sheltair Aviation,34445,68.02,5,1,Car,V332,SUV,2003,Electric,204.06
EMP03927,Airside A,34391,51.17,3,4,Carpool,V890,Truck,2002,Hybrid,23.03
EMP03928,Main Terminal & Airside Shopping,33845,16.44,4,1,Bus,N/A,N/A,,N/A,13.15
EMP03929,Airside A,33708,65.6,1,5,Rideshare,V571,Sedan,2022,Diesel,7.87
EMP03930,Airside A,33797,27.47,4,1,Train,N/A,N/A,,Electric,32.96
EMP03931,Main Terminal Restaurants,33569,14.28,3,1,Bus,N/A,N/A,,N/A,8.57
EMP03932,Sky Connect,33625,56.29,2,15,Shuttle,S014,Shuttle Bus,2000,Diesel,16.89
EMP03933,Main Terminal Information Desk,34585,65.49,3,3,Rideshare,V894,Sedan,2004,Diesel,39.29
EMP03934,Main Terminal Information Desk,34530,69.88,1,4,Rideshare,V822,Truck,1982,Electric,10.48
EMP03935,Sheltair Aviation,33831,52.15,4,2,Carpool,V440,SUV,1992,Hybrid,62.58
EMP03936,Main Terminal & Airside Shopping,33802,31.51,5,14,Shuttle,S029,Shuttle Bus,2009,Diesel,23.63
EMP03937,Sky Connect,33593,49.02,3,1,Train,N/A,N/A,,Electric,44.12
EMP03938,Main Terminal Information Desk,33582,6.31,4,1,Bus,N/A,N/A,,N/A,5.05
EMP03939,Airside E,34272,58.42,4,1,Car,V247,SUV,1989,Electric,140.21
EMP03940,Airside C,33926,62.16,2,13,Shuttle,S047,Shuttle Bus,2006,Electric,18.65
EMP03941,Main Terminal Information Desk,34289,15.78,2,1,Bus,N/A,N/A,,N/A,6.31
EMP03942,Rental Car Center,34595,21.58,2,5,Carpool,V721,Minivan,1972,Gasoline,5.18
EMP03943,Main Terminal & Airside Shopping,34039,64.27,1,20,Shuttle,S034,Shuttle Bus,2009,Electric,9.64
EMP03944,Rental Car Center,33617,43.24,2,10,Shuttle,S045,Shuttle Bus,2022,Electric,12.97
EMP03945,Main Terminal Restaurants,33552,11.31,3,2,Carpool,V803,Sedan,2015,Diesel,10.18
EMP03946,Main Terminal Information Desk,33671,43.53,5,5,Carpool,V710,Truck,1981,Electric,26.12
EMP03947,Main Terminal & Airside Shopping,33574,8.58,1,4,Rideshare,V521,Truck,1973,Electric,1.29
EMP03948,Airside A,34448,35.14,4,16,Shuttle,S032,Shuttle Bus,2009,Electric,21.08
EMP03949,Main Terminal Restaurants,33657,65.36,2,5,Rideshare,V347,Sedan,1981,Hybrid,15.69
EMP03950,Airside E,34387,22.89,4,3,Carpool,V566,SUV,2007,Diesel,18.31
EMP03951,Airside E,33859,39.15,2,1,Car,V593,SUV,2020,Gasoline,46.98
EMP03952,Airside C,34306,26.99,4,1,Car,V536,Minivan,2019,Gasoline,64.78
EMP03953,Main Terminal Information Desk,33883,28.4,4,1,Car,V898,Sedan,1981,Hybrid,68.16
EMP03954,Airside E,34261,36.47,5,1,Train,N/A,N/A,,Electric,54.7
EMP03955,Airside C,34681,58.1,3,5,Rideshare,V133,SUV,1992,Hybrid,20.92
EMP03956,Airside E,34684,48.05,4,1,Car,V312,Sedan,2009,Diesel,115.32
EMP03957,Airside E,34409,24.95,2,1,Car,V197,Sedan,1997,Hybrid,29.94
EMP03958,Airside E,34561,25.52,4,12,Shuttle,S005,Shuttle Bus,1986,Diesel,15.31
EMP03959,Main Terminal & Airside Shopping,33646,36.22,1,1,Train,N/A,N/A,,Electric,10.87
EMP03960,Main Terminal Information Desk,33577,5.8,1,1,Bus,N/A,N/A,,N/A,1.16
EMP03961,Airside C,34468,16.95,2,1,Bus,N/A,N/A,,N/A,6.78
EMP03962,Airside A,34096,61.53,1,2,Rideshare,V313,SUV,2002,Diesel,18.46
EMP03963,Main Terminal & Airside Shopping,34082,24.46,2,1,Bus,N/A,N/A,,N/A,9.78
EMP03964,Airside D,34021,24.66,5,1,Bus,N/A,N/A,,N/A,24.66
EMP03965,Airside C,33543,14.88,2,1,Bus,N/A,N/A,,N/A,5.95
EMP03966,Main Terminal Information Desk,33573,22.39,2,1,Bus,N/A,N/A,,N/A,8.96
EMP03967,Sky Connect,34314,52.89,5,2,Carpool,V366,Truck,1997,Gasoline,79.33
EMP03968,Airside E,33785,20.9,5,4,Rideshare,V855,SUV,2009,Diesel,15.67
EMP03969,Airside E,34573,21.78,2,1,Bus,N/A,N/A,,N/A,8.71
EMP03970,Airside E,33827,45.08,1,1,Train,N/A,N/A,,Electric,13.52
EMP03971,Rental Car Center,34018,20.81,4,1,Car,V767,Truck,1978,Gasoline,49.94
EMP03972,Airside D,33677,17.7,4,1,Train,N/A,N/A,,Electric,21.24
EMP03973,Airside E,33607,7.04,4,1,Bus,N/A,N/A,,N/A,5.63
EMP03974,Main Terminal & Airside Shopping,34429,64.22,3,10,Shuttle,S011,Shuttle Bus,1992,Electric,28.9
EMP03975,Main Terminal Restaurants,34042,54.4,5,5,Carpool,V123,Truck,1991,Electric,32.64
EMP03976,Airside A,34390,30.56,5,1,Train,N/A,N/A,,Electric,45.84
EMP03977,Airside D,34514,44.37,4,1,Car,V871,Truck,2021,Electric,106.49
EMP03978,Airside A,33758,27.26,1,2,Carpool,V709,SUV,2019,Gasoline,8.18
EMP03979,Airside E,34112,42.86,1,4,Carpool,V734,SUV,2001,Gasoline,6.43
EMP03980,Airside D,34697,54.18,5,2,Rideshare,V277,SUV,2000,Diesel,81.27
EMP03981,Main Terminal Restaurants,33854,52.28,2,3,Carpool,V271,Sedan,2007,Diesel,20.91
EMP03982,Main Terminal Restaurants,33871,17.24,1,1,Car,V767,Truck,2008,Hybrid,10.34
EMP03983,Main Terminal Restaurants,33629,8.71,1,1,Car,V445,SUV,1994,Hybrid,5.23
EMP03984,Main Terminal Restaurants,34329,30.78,1,11,Shuttle,S038,Shuttle Bus,2000,Electric,4.62
EMP03985,Airside F,33539,10.7,2,1,Train,N/A,N/A,,Electric,6.42
EMP03986,Airside F,33600,8.19,3,3,Carpool,V706,SUV,2009,Electric,4.91
EMP03987,Airside E,33610,18.19,5,1,Car,V677,Truck,2004,Diesel,54.57
EMP03988,Airside C,33685,40.19,3,4,Carpool,V693,SUV,1998,Gasoline,18.09
EMP03989,Main Terminal Information Desk,34204,22.82,5,5,Rideshare,V157,SUV,1997,Gasoline,13.69
EMP03990,Airside E,33905,33.65,4,5,Carpool,V592,Sedan,2020,Electric,16.15
EMP03991,Airside D,34069,35.03,3,1,Train,N/A,N/A,,Electric,31.53
EMP03992,Airside E,34286,42.75,1,1,Car,V709,SUV,1994,Hybrid,25.65
EMP03993,Sheltair Aviation,33916,49.65,5,1,Car,V450,Minivan,2013,Gasoline,148.95
EMP03994,Rental Car Center,34470,18.38,2,5,Carpool,V819,Sedan,2007,Diesel,4.41
EMP03995,Airside C,33537,10.68,3,1,Bus,N/A,N/A,,N/A,6.41
EMP03996,Main Terminal & Airside Shopping,34469,50.1,4,4,Carpool,V254,Truck,1973,Electric,30.06
EMP03997,Airside D,33846,18.52,1,1,Bus,N/A,N/A,,N/A,3.7
EMP03998,Airside A,33746,44.34,4,1,Train,N/A,N/A,,Electric,53.21
EMP03999,Main Terminal Information Desk,34669,67.58,1,2,Carpool,V775,SUV,1981,Hybrid,20.27
EMP04000,Main Terminal Restaurants,33891,38.33,3,2,Carpool,V822,SUV,1996,Gasoline,34.5
EMP04001,Airside C,33553,11.87,2,4,Rideshare,V425,Sedan,1974,Gasoline,3.56
EMP04002,Airside D,34691,44.15,2,2,Carpool,V406,Sedan,1977,Diesel,26.49
EMP04003,Sheltair Aviation,34404,55.5,5,1,Car,V705,Minivan,1989,Electric,166.5
EMP04004,Sheltair Aviation,33759,59.24,3,5,Carpool,V809,Truck,1983,Hybrid,21.33
EMP04005,Airside E,34020,48.73,1,3,Carpool,V817,Truck,1991,Gasoline,9.75
EMP04006,Rental Car Center,34611,60.31,1,4,Carpool,V604,Minivan,2019,Gasoline,9.05
EMP04007,Main Terminal & Airside Shopping,33533,11,4,1,Bus,N/A,N/A,,N/A,8.8
EMP04008,Airside F,33595,6.25,2,5,Carpool,V466,Sedan,1972,Gasoline,1.5
EMP04009,Airside E,33605,7.15,4,4,Rideshare,V158,Truck,2016,Hybrid,4.29
EMP04010,Sheltair Aviation,34579,33.19,3,1,Train,N/A,N/A,,Electric,29.87
EMP04011,Sky Connect,34212,15.82,5,3,Carpool,V827,Minivan,2017,Electric,15.82
EMP04012,Airside E,33599,20.49,2,1,Bus,N/A,N/A,,N/A,8.2
EMP04013,Sky Connect,33812,19.15,4,5,Rideshare,V471,SUV,2015,Hybrid,9.19
EMP04014,Airside F,33597,8.13,3,19,Shuttle,S006,Shuttle Bus,1984,Electric,3.66
EMP04015,Airside E,33909,18.47,2,1,Train,N/A,N/A,,Electric,11.08
EMP04016,Airside E,33576,14.38,1,2,Rideshare,V461,SUV,2006,Electric,4.31
EMP04017,Airside E,34631,68.45,4,3,Rideshare,V293,Minivan,2007,Hybrid,54.76
EMP04018,Airside E,33847,64.27,1,9,Shuttle,S011,Shuttle Bus,1987,Diesel,9.64
EMP04019,Airside D,34666,53.99,3,1,Car,V708,SUV,2022,Gasoline,97.18
EMP04020,Airside A,34363,19.32,4,1,Train,N/A,N/A,,Electric,23.18
EMP04021,Airside E,33831,15.19,4,8,Shuttle,S027,Shuttle Bus,2005,Electric,9.11
EMP04022,Airside A,34689,43.59,3,2,Rideshare,V540,Truck,1986,Diesel,39.23
EMP04023,Airside E,34083,37.07,4,1,Car,V119,Sedan,1975,Diesel,88.97
EMP04024,Rental Car Center,33672,34.12,1,1,Car,V351,SUV,2006,Hybrid,20.47
EMP04025,Airside F,33919,16.62,5,1,Train,N/A,N/A,,Electric,24.93
EMP04026,Airside E,33561,5.15,3,5,Carpool,V706,Sedan,2005,Diesel,1.85
EMP04027,Main Terminal & Airside Shopping,34422,24.16,1,1,Car,V641,Sedan,2013,Diesel,14.5
EMP04028,Main Terminal Information Desk,33591,6.11,1,1,Bus,N/A,N/A,,N/A,1.22
EMP04029,Main Terminal & Airside Shopping,34356,59.15,4,2,Rideshare,V585,Sedan,2010,Electric,70.98
EMP04030,Airside E,34010,23.31,3,1,Bus,N/A,N/A,,N/A,13.99
EMP04031,Sky Connect,33593,22.27,3,8,Shuttle,S037,Shuttle Bus,1997,Electric,10.02
EMP04032,Airside F,33575,8.93,2,1,Bus,N/A,N/A,,N/A,3.57
EMP04033,Airside D,34473,23.95,1,1,Bus,N/A,N/A,,N/A,4.79
EMP04034,Main Terminal & Airside Shopping,33783,18.37,2,11,Shuttle,S014,Shuttle Bus,1978,Diesel,5.51
EMP04035,Main Terminal & Airside Shopping,34086,19.5,1,1,Car,V829,Truck,1991,Gasoline,11.7
EMP04036,Main Terminal & Airside Shopping,33703,34.44,2,3,Rideshare,V457,Minivan,2007,Hybrid,13.78
EMP04037,Airside D,34497,17.36,2,1,Car,V575,SUV,1984,Electric,20.83
EMP04038,Sheltair Aviation,33554,11.03,5,1,Bus,N/A,N/A,,N/A,11.03
EMP04039,Main Terminal Information Desk,33604,8.77,1,1,Bus,N/A,N/A,,N/A,1.75
EMP04040,Airside F,33931,24.74,5,4,Rideshare,V938,Sedan,2007,Hybrid,18.55
EMP04041,Main Terminal & Airside Shopping,33549,14.35,4,1,Car,V202,Truck,1996,Electric,34.44
EMP04042,Airside A,34656,38.46,4,1,Car,V276,SUV,1990,Hybrid,92.3
EMP04043,Airside E,34087,56.71,2,1,Car,V555,SUV,2022,Hybrid,68.05
EMP04044,Airside D,33529,13.47,1,5,Rideshare,V375,SUV,2014,Hybrid,1.62
EMP04045,Main Terminal & Airside Shopping,34672,52.69,2,5,Rideshare,V559,Truck,2008,Gasoline,12.65
EMP04046,Airside E,33536,11.34,3,4,Rideshare,V962,Minivan,2007,Diesel,5.1
EMP04047,Main Terminal & Airside Shopping,33513,13.47,5,1,Train,N/A,N/A,,Electric,20.21
EMP04048,Airside D,33968,20.4,4,10,Shuttle,S034,Shuttle Bus,1989,Electric,12.24
EMP04049,Airside D,33553,28.01,1,1,Car,V332,Truck,2012,Hybrid,16.81
EMP04050,Sheltair Aviation,33904,28.78,4,4,Rideshare,V500,Sedan,1973,Hybrid,17.27
EMP04051,Airside F,33566,49.01,5,2,Rideshare,V588,SUV,2015,Gasoline,73.52
EMP04052,Airside D,34124,45.87,4,8,Shuttle,S032,Shuttle Bus,2010,Electric,27.52
EMP04053,Airside C,33572,11.68,2,5,Rideshare,V382,Truck,1997,Diesel,2.8
EMP04054,Main Terminal Information Desk,34268,34.61,4,1,Car,V655,Sedan,1987,Electric,83.06
EMP04055,Sheltair Aviation,34348,38.18,4,4,Rideshare,V234,Minivan,2022,Electric,22.91
EMP04056,Airside F,33700,21.65,5,1,Bus,N/A,N/A,,N/A,21.65
EMP04057,Main Terminal Restaurants,33678,69.46,3,19,Shuttle,S034,Shuttle Bus,2008,Electric,31.26
EMP04058,Sky Connect,33624,16.92,5,17,Shuttle,S004,Shuttle Bus,2019,Diesel,12.69
EMP04059,Main Terminal Information Desk,33781,18.49,2,1,Bus,N/A,N/A,,N/A,7.4
EMP04060,Airside A,34185,49.2,3,1,Train,N/A,N/A,,Electric,44.28
EMP04061,Airside A,34651,69.06,4,18,Shuttle,S025,Shuttle Bus,2010,Diesel,41.44
EMP04062,Airside D,33562,13.57,3,5,Carpool,V445,Sedan,2022,Gasoline,4.89
EMP04063,Airside F,34046,56.91,2,15,Shuttle,S028,Shuttle Bus,2022,Diesel,17.07
EMP04064,Airside F,34545,19.53,4,1,Car,V781,Minivan,2008,Diesel,46.87
EMP04065,Airside A,33809,21.34,4,1,Bus,N/A,N/A,,N/A,17.07
EMP04066,Sky Connect,34361,34.14,2,3,Carpool,V978,Minivan,2000,Electric,13.66
EMP04067,Rental Car Center,33666,32.96,3,20,Shuttle,S040,Shuttle Bus,1983,Diesel,14.83
EMP04068,Sky Connect,33572,11.21,5,1,Bus,N/A,N/A,,N/A,11.21
EMP04069,Main Terminal & Airside Shopping,33595,54.54,2,4,Rideshare,V582,Minivan,2013,Diesel,16.36
EMP04070,Rental Car Center,33546,13.99,2,1,Bus,N/A,N/A,,N/A,5.6
EMP04071,Sheltair Aviation,34318,66.13,5,5,Carpool,V859,Sedan,1976,Hybrid,39.68
EMP04072,Sheltair Aviation,34669,61.86,1,4,Rideshare,V242,SUV,1980,Gasoline,9.28
EMP04073,Main Terminal Information Desk,34648,45.57,3,1,Car,V883,Minivan,2007,Gasoline,82.03
EMP04074,Sky Connect,33553,6.35,4,1,Bus,N/A,N/A,,N/A,5.08
EMP04075,Main Terminal & Airside Shopping,33531,10.36,2,1,Bus,N/A,N/A,,N/A,4.14
EMP04076,Airside A,33833,64.29,4,1,Car,V585,Sedan,2021,Diesel,154.3
EMP04077,Rental Car Center,34542,38.84,2,1,Train,N/A,N/A,,Electric,23.3
EMP04078,Rental Car Center,33890,21.71,5,1,Car,V222,Minivan,2013,Diesel,65.13
EMP04079,Main Terminal & Airside Shopping,33576,6.83,3,20,Shuttle,S050,Shuttle Bus,2000,Diesel,3.07
EMP04080,Main Terminal Information Desk,33575,24.47,4,1,Car,V942,Minivan,2021,Hybrid,58.73
EMP04081,Rental Car Center,33545,14.5,2,5,Rideshare,V130,SUV,2015,Diesel,3.48
EMP04082,Rental Car Center,33678,45.93,2,1,Train,N/A,N/A,,Electric,27.56
EMP04083,Sheltair Aviation,33539,65.8,3,4,Carpool,V389,Sedan,1974,Hybrid,29.61
EMP04084,Rental Car Center,34467,26.21,4,1,Train,N/A,N/A,,Electric,31.45
EMP04085,Airside A,33923,16.92,5,1,Bus,N/A,N/A,,N/A,16.92
EMP04086,Airside C,33576,14.3,3,1,Train,N/A,N/A,,Electric,12.87
EMP04087,Main Terminal Information Desk,33583,6.1,1,4,Carpool,V378,SUV,1989,Diesel,0.91
EMP04088,Sky Connect,34002,46.5,3,1,Train,N/A,N/A,,Electric,41.85
EMP04089,Airside A,33710,16.53,2,20,Shuttle,S030,Shuttle Bus,2019,Diesel,4.96
EMP04090,Main Terminal & Airside Shopping,33574,24.99,5,1,Bus,N/A,N/A,,N/A,24.99
EMP04091,Main Terminal & Airside Shopping,34111,18.74,4,18,Shuttle,S043,Shuttle Bus,1975,Diesel,11.24
EMP04092,Sheltair Aviation,34580,31.89,3,1,Car,V205,Sedan,2004,Electric,57.4
EMP04093,Sheltair Aviation,34546,67.75,5,3,Rideshare,V436,Sedan,2008,Gasoline,67.75
EMP04094,Airside F,33564,6.68,1,1,Bus,N/A,N/A,,N/A,1.34
EMP04095,Main Terminal Information Desk,33819,55.05,5,1,Car,V745,Minivan,1976,Hybrid,165.15
EMP04096,Airside A,33576,7.71,1,1,Bus,N/A,N/A,,N/A,1.54
EMP04097,Airside A,33564,49.1,5,1,Train,N/A,N/A,,Electric,73.65
EMP04098,Sky Connect,33826,67.68,1,15,Shuttle,S026,Shuttle Bus,2003,Diesel,10.15
EMP04099,Sky Connect,34626,52.73,5,5,Carpool,V766,SUV,1974,Hybrid,31.64
EMP04100,Airside D,33511,14.01,3,1,Train,N/A,N/A,,Electric,12.61
EMP04101,Sheltair Aviation,33864,22.66,4,1,Car,V678,Truck,1974,Diesel,54.38
EMP04102,Sheltair Aviation,34120,18.24,4,18,Shuttle,S006,Shuttle Bus,2001,Diesel,10.94
EMP04103,Main Terminal & Airside Shopping,33562,13.7,1,1,Train,N/A,N/A,,Electric,4.11
EMP04104,Rental Car Center,34288,30.96,1,19,Shuttle,S008,Shuttle Bus,1974,Diesel,4.64
EMP04105,Main Terminal Information Desk,33827,17.59,4,1,Bus,N/A,N/A,,N/A,14.07
EMP04106,Airside A,34633,26.65,1,1,Train,N/A,N/A,,Electric,7.99
EMP04107,Airside E,33801,15.83,2,1,Car,V158,Minivan,2015,Diesel,19
EMP04108,Main Terminal & Airside Shopping,33542,13.95,3,4,Carpool,V433,SUV,1994,Electric,6.28
EMP04109,Sheltair Aviation,34081,23.3,2,18,Shuttle,S022,Shuttle Bus,2012,Electric,6.99
EMP04110,Airside A,33522,47.77,2,1,Car,V929,Truck,2002,Diesel,57.32
EMP04111,Airside D,34335,42.75,3,3,Carpool,V699,Sedan,1973,Gasoline,25.65
EMP04112,Airside E,34072,20.84,4,4,Carpool,V287,Sedan,1984,Hybrid,12.5
EMP04113,Rental Car Center,33683,21.86,4,1,Bus,N/A,N/A,,N/A,17.49
EMP04114,Airside F,34466,27.84,4,1,Train,N/A,N/A,,Electric,33.41
EMP04115,Airside A,34268,51.06,3,3,Carpool,V236,Truck,2014,Hybrid,30.64
EMP04116,Airside A,34417,28.45,3,3,Rideshare,V613,Truck,2005,Gasoline,17.07
EMP04117,Sky Connect,34126,17.75,3,1,Bus,N/A,N/A,,N/A,10.65
EMP04118,Sheltair Aviation,33601,9.6,2,1,Car,V960,Truck,1977,Diesel,11.52
EMP04119,Airside C,34520,42.85,5,5,Rideshare,V630,SUV,1974,Hybrid,25.71
EMP04120,Airside D,33811,69.75,4,14,Shuttle,S013,Shuttle Bus,1997,Diesel,41.85
EMP04121,Airside F,34336,17.7,1,1,Bus,N/A,N/A,,N/A,3.54
EMP04122,Main Terminal & Airside Shopping,34646,22.18,5,1,Bus,N/A,N/A,,N/A,22.18
EMP04123,Main Terminal & Airside Shopping,33811,27.41,5,2,Rideshare,V695,Truck,2020,Hybrid,41.11
EMP04124,Rental Car Center,33839,22.73,2,1,Bus,N/A,N/A,,N/A,9.09
EMP04125,Airside A,33877,31.71,2,5,Rideshare,V520,SUV,1973,Diesel,7.61
EMP04126,Airside A,33600,9.98,4,1,Bus,N/A,N/A,,N/A,7.98
EMP04127,Airside C,34398,23.2,5,1,Bus,N/A,N/A,,N/A,23.2
EMP04128,Airside E,33872,15.04,3,5,Carpool,V320,SUV,2007,Hybrid,5.41
EMP04129,Sky Connect,33579,11.08,4,14,Shuttle,S033,Shuttle Bus,2017,Electric,6.65
EMP04130,Main Terminal Information Desk,33939,17.87,5,1,Bus,N/A,N/A,,N/A,17.87
EMP04131,Main Terminal Restaurants,33546,10.54,1,1,Bus,N/A,N/A,,N/A,2.11
EMP04132,Airside C,33600,34.23,3,3,Carpool,V722,Truck,2014,Diesel,20.54
EMP04133,Airside C,33673,52.84,2,3,Rideshare,V229,SUV,2001,Electric,21.14
EMP04134,Airside A,33636,37.89,1,1,Car,V404,Truck,2018,Gasoline,22.73
EMP04135,Sheltair Aviation,33800,67.38,4,14,Shuttle,S040,Shuttle Bus,1991,Diesel,40.43
EMP04136,Airside D,34082,51.63,2,8,Shuttle,S047,Shuttle Bus,1990,Diesel,15.49
EMP04137,Airside F,33918,31.44,1,2,Rideshare,V429,Minivan,1986,Diesel,9.43
EMP04138,Sheltair Aviation,33524,10.76,4,1,Train,N/A,N/A,,Electric,12.91
EMP04139,Airside A,34606,37.59,5,1,Train,N/A,N/A,,Electric,56.39
EMP04140,Main Terminal & Airside Shopping,34285,66.46,3,18,Shuttle,S020,Shuttle Bus,2003,Diesel,29.91
EMP04141,Sheltair Aviation,33523,43.13,2,12,Shuttle,S022,Shuttle Bus,1990,Diesel,12.94
EMP04142,Airside A,33978,30.72,2,1,Train,N/A,N/A,,Electric,18.43
EMP04143,Main Terminal Restaurants,33604,5.49,1,5,Carpool,V723,Minivan,2010,Gasoline,0.66
EMP04144,Rental Car Center,33756,53.52,5,5,Rideshare,V764,Sedan,2004,Hybrid,32.11
EMP04145,Main Terminal & Airside Shopping,33555,27.71,2,1,Train,N/A,N/A,,Electric,16.63
EMP04146,Airside C,34059,19.64,3,1,Bus,N/A,N/A,,N/A,11.78
EMP04147,Sheltair Aviation,34399,20.15,4,1,Car,V202,Minivan,1994,Electric,48.36
EMP04148,Rental Car Center,34141,29.89,4,3,Rideshare,V417,Sedan,2003,Diesel,23.91
EMP04149,Airside D,33565,9.22,3,1,Bus,N/A,N/A,,N/A,5.53
EMP04150,Airside E,33960,20.39,2,2,Rideshare,V776,Minivan,1999,Hybrid,12.23
EMP04151,Main Terminal & Airside Shopping,33556,9.51,1,1,Car,V601,Minivan,2020,Electric,5.71
EMP04152,Airside F,34516,32.02,2,9,Shuttle,S023,Shuttle Bus,1993,Diesel,9.61
EMP04153,Airside F,33923,19.78,1,1,Bus,N/A,N/A,,N/A,3.96
EMP04154,Airside A,33625,6.9,3,2,Carpool,V628,SUV,2014,Electric,6.21
EMP04155,Airside F,33888,34.13,4,2,Carpool,V849,Truck,2014,Diesel,40.96
EMP04156,Airside D,34086,50.57,3,5,Rideshare,V898,Sedan,2001,Hybrid,18.21
EMP04157,Main Terminal Information Desk,34472,23.23,1,1,Bus,N/A,N/A,,N/A,4.65
EMP04158,Sky Connect,34017,19.04,2,1,Bus,N/A,N/A,,N/A,7.62
EMP04159,Main Terminal Restaurants,34463,37.98,1,1,Car,V429,Minivan,2019,Gasoline,22.79
EMP04160,Rental Car Center,33569,36.58,4,1,Car,V191,Truck,2009,Electric,87.79
EMP04161,Airside F,34273,23.91,2,16,Shuttle,S006,Shuttle Bus,1977,Electric,7.17
EMP04162,Main Terminal Restaurants,34086,21.02,2,1,Bus,N/A,N/A,,N/A,8.41
EMP04163,Airside A,34690,28.05,1,1,Train,N/A,N/A,,Electric,8.41
EMP04164,Main Terminal Restaurants,34205,38.75,1,1,Train,N/A,N/A,,Electric,11.62
EMP04165,Main Terminal Restaurants,33695,33.45,1,1,Train,N/A,N/A,,Electric,10.04
EMP04166,Main Terminal Restaurants,33542,14.85,3,1,Bus,N/A,N/A,,N/A,8.91
EMP04167,Rental Car Center,33581,8.85,3,1,Bus,N/A,N/A,,N/A,5.31
EMP04168,Rental Car Center,33596,35.16,1,14,Shuttle,S042,Shuttle Bus,2000,Electric,5.27
EMP04169,Main Terminal Information Desk,34146,21.27,1,1,Car,V701,Sedan,1985,Diesel,12.76
EMP04170,Airside A,34185,26.8,3,13,Shuttle,S008,Shuttle Bus,1977,Electric,12.06
EMP04171,Airside A,33864,36.64,5,3,Carpool,V923,Sedan,1983,Gasoline,36.64
EMP04172,Sheltair Aviation,34306,46.05,5,5,Carpool,V885,SUV,1993,Gasoline,27.63
EMP04173,Airside F,34614,45.95,3,1,Train,N/A,N/A,,Electric,41.36
EMP04174,Sky Connect,33510,14.13,3,1,Bus,N/A,N/A,,N/A,8.48
EMP04175,Sheltair Aviation,33619,7.99,5,1,Bus,N/A,N/A,,N/A,7.99
EMP04176,Airside A,33822,65.45,4,4,Carpool,V192,Truck,1992,Electric,39.27
EMP04177,Airside D,33923,34.05,4,19,Shuttle,S014,Shuttle Bus,1980,Diesel,20.43
EMP04178,Main Terminal Restaurants,33965,15.7,4,10,Shuttle,S004,Shuttle Bus,1973,Diesel,9.42
EMP04179,Rental Car Center,34102,22.06,3,1,Bus,N/A,N/A,,N/A,13.24
EMP04180,Airside A,33609,47.34,5,1,Train,N/A,N/A,,Electric,71.01
EMP04181,Main Terminal & Airside Shopping,34598,23.65,1,1,Bus,N/A,N/A,,N/A,4.73
EMP04182,Rental Car Center,33643,15.01,4,1,Train,N/A,N/A,,Electric,18.01
EMP04183,Rental Car Center,33736,29.83,1,2,Carpool,V986,Truck,2013,Diesel,8.95
EMP04184,Airside C,33797,69,2,1,Car,V487,Minivan,1977,Gasoline,82.8
EMP04185,Airside C,34680,28.32,5,4,Rideshare,V674,Truck,2020,Gasoline,21.24
EMP04186,Main Terminal Restaurants,33881,51.47,4,3,Carpool,V214,Sedan,1989,Electric,41.18
EMP04187,Airside A,33800,67.78,4,3,Rideshare,V421,Sedan,1983,Diesel,54.22
EMP04188,Rental Car Center,34530,17.96,1,1,Bus,N/A,N/A,,N/A,3.59
EMP04189,Main Terminal Information Desk,34169,20.95,3,4,Rideshare,V843,Minivan,2001,Gasoline,9.43
EMP04190,Sky Connect,33902,36.18,2,18,Shuttle,S006,Shuttle Bus,1972,Electric,10.85
EMP04191,Airside C,34672,48.77,4,2,Rideshare,V846,Truck,2000,Diesel,58.52
EMP04192,Rental Car Center,34293,63.01,4,5,Rideshare,V235,Minivan,1984,Electric,30.24
EMP04193,Airside E,33505,38.1,3,5,Carpool,V337,Truck,2008,Gasoline,13.72
EMP04194,Airside E,34179,21.14,4,9,Shuttle,S002,Shuttle Bus,2019,Diesel,12.68
EMP04195,Main Terminal Restaurants,33607,9.41,5,1,Bus,N/A,N/A,,N/A,9.41
EMP04196,Airside A,33599,39.67,4,5,Carpool,V932,Truck,1982,Gasoline,19.04
EMP04197,Main Terminal & Airside Shopping,34310,49.51,1,5,Carpool,V544,SUV,2017,Gasoline,5.94
EMP04198,Main Terminal Restaurants,34587,59.97,2,1,Car,V762,Sedan,2019,Electric,71.96
EMP04199,Airside D,33810,23.28,5,1,Car,V980,Sedan,2002,Diesel,69.84
EMP04200,Rental Car Center,33805,20.23,5,1,Car,V160,SUV,2014,Diesel,60.69
EMP04201,Sheltair Aviation,34294,28.8,2,1,Car,V123,SUV,2020,Hybrid,34.56
EMP04202,Main Terminal Restaurants,34259,67.76,2,5,Carpool,V812,Minivan,2022,Hybrid,16.26
EMP04203,Airside F,33929,27,5,1,Car,V142,Minivan,1994,Gasoline,81
EMP04204,Rental Car Center,33588,69.87,5,14,Shuttle,S009,Shuttle Bus,2002,Electric,52.4
EMP04205,Main Terminal Restaurants,34221,21.51,3,1,Bus,N/A,N/A,,N/A,12.91
EMP04206,Airside D,33513,14.53,5,3,Rideshare,V392,Truck,1974,Hybrid,14.53
EMP04207,Airside D,33754,47.26,2,2,Rideshare,V745,Sedan,1996,Gasoline,28.36
EMP04208,Sky Connect,33552,11.26,4,1,Train,N/A,N/A,,Electric,13.51
EMP04209,Sheltair Aviation,33544,12.9,5,3,Rideshare,V880,Truck,1997,Hybrid,12.9
EMP04210,Main Terminal & Airside Shopping,33906,22.98,2,1,Bus,N/A,N/A,,N/A,9.19
EMP04211,Rental Car Center,33752,45.54,3,10,Shuttle,S032,Shuttle Bus,1992,Electric,20.49
EMP04212,Airside A,33524,57.71,4,5,Rideshare,V931,SUV,1992,Electric,27.7
EMP04213,Airside C,34197,21.88,2,1,Bus,N/A,N/A,,N/A,8.75
EMP04214,Sky Connect,33607,7.79,1,1,Bus,N/A,N/A,,N/A,1.56
EMP04215,Airside A,34363,38.82,4,3,Rideshare,V116,Minivan,2015,Diesel,31.06
EMP04216,Airside F,34532,36.45,1,4,Rideshare,V127,Truck,2016,Gasoline,5.47
EMP04217,Main Terminal Restaurants,34403,48.7,1,2,Carpool,V795,SUV,2011,Gasoline,14.61
EMP04218,Main Terminal & Airside Shopping,33548,11.83,1,1,Bus,N/A,N/A,,N/A,2.37
EMP04219,Main Terminal & Airside Shopping,34634,19.01,3,1,Car,V685,Minivan,2010,Gasoline,34.22
EMP04220,Main Terminal Restaurants,34118,56.44,2,4,Carpool,V314,Sedan,2017,Diesel,16.93
EMP04221,Rental Car Center,34661,57.33,3,5,Rideshare,V157,Truck,2001,Electric,20.64
EMP04222,Airside D,33520,14.61,3,11,Shuttle,S044,Shuttle Bus,1992,Electric,6.57
EMP04223,Main Terminal Information Desk,34153,48.09,1,1,Train,N/A,N/A,,Electric,14.43
EMP04224,Main Terminal Information Desk,33560,8.24,5,1,Car,V545,Minivan,2020,Hybrid,24.72
EMP04225,Main Terminal & Airside Shopping,34426,25.08,2,1,Train,N/A,N/A,,Electric,15.05
EMP04226,Main Terminal Restaurants,34044,24.3,1,1,Bus,N/A,N/A,,N/A,4.86
EMP04227,Airside F,34103,22.78,5,5,Rideshare,V505,Minivan,2017,Gasoline,13.67
EMP04228,Main Terminal Restaurants,33573,6.1,4,8,Shuttle,S016,Shuttle Bus,1999,Electric,3.66
EMP04229,Main Terminal Information Desk,34043,39.87,1,16,Shuttle,S016,Shuttle Bus,1982,Diesel,5.98
EMP04230,Sheltair Aviation,33531,14.3,5,1,Car,V126,SUV,1973,Hybrid,42.9
EMP04231,Main Terminal & Airside Shopping,34000,19.03,2,1,Bus,N/A,N/A,,N/A,7.61
EMP04232,Airside F,33577,5.93,5,5,Carpool,V315,SUV,1973,Electric,3.56
EMP04233,Airside D,34648,48.29,1,3,Rideshare,V429,SUV,1992,Diesel,9.66
EMP04234,Airside E,33556,11.83,4,1,Bus,N/A,N/A,,N/A,9.46
EMP04235,Rental Car Center,34028,48.13,2,1,Train,N/A,N/A,,Electric,28.88
EMP04236,Airside E,34047,23.06,4,1,Bus,N/A,N/A,,N/A,18.45
EMP04237,Rental Car Center,34595,51.39,2,11,Shuttle,S022,Shuttle Bus,2009,Diesel,15.42
EMP04238,Airside A,33544,48.38,2,3,Carpool,V357,Sedan,1996,Gasoline,19.35
EMP04239,Airside C,33942,15.06,5,1,Bus,N/A,N/A,,N/A,15.06
EMP04240,Airside F,34100,54.73,5,4,Carpool,V317,SUV,1977,Hybrid,41.05
EMP04241,Main Terminal Information Desk,34622,26.02,1,17,Shuttle,S010,Shuttle Bus,1974,Diesel,3.9
EMP04242,Sheltair Aviation,34213,17.97,3,1,Bus,N/A,N/A,,N/A,10.78
EMP04243,Airside C,33815,16.21,3,4,Rideshare,V158,Minivan,1984,Electric,7.29
EMP04244,Main Terminal Restaurants,33627,9.26,5,1,Bus,N/A,N/A,,N/A,9.26
EMP04245,Rental Car Center,34628,44.51,2,1,Car,V227,SUV,2022,Gasoline,53.41
EMP04246,Airside A,34082,46.8,4,20,Shuttle,S016,Shuttle Bus,2001,Diesel,28.08
EMP04247,Sheltair Aviation,33630,9.74,2,5,Carpool,V231,SUV,1993,Electric,2.34
EMP04248,Main Terminal Information Desk,33535,10.32,4,1,Bus,N/A,N/A,,N/A,8.26
EMP04249,Airside F,33614,7.04,4,1,Car,V507,Sedan,1974,Electric,16.9
EMP04250,Airside D,34407,45.45,4,8,Shuttle,S001,Shuttle Bus,1991,Diesel,27.27
EMP04251,Sky Connect,34275,37.62,1,3,Rideshare,V443,Sedan,1995,Hybrid,7.52
EMP04252,Airside E,34123,39.4,5,1,Train,N/A,N/A,,Electric,59.1
EMP04253,Airside E,33576,61.32,3,9,Shuttle,S041,Shuttle Bus,1995,Electric,27.59
EMP04254,Airside D,34515,40.55,1,10,Shuttle,S018,Shuttle Bus,1987,Diesel,6.08
EMP04255,Sheltair Aviation,33554,10.82,4,15,Shuttle,S033,Shuttle Bus,1983,Diesel,6.49
EMP04256,Main Terminal & Airside Shopping,33525,10.94,4,1,Bus,N/A,N/A,,N/A,8.75
EMP04257,Main Terminal Restaurants,33563,10.03,1,1,Train,N/A,N/A,,Electric,3.01
EMP04258,Airside E,34001,67.6,1,1,Car,V295,Minivan,2003,Hybrid,40.56
EMP04259,Sheltair Aviation,34406,20.29,3,1,Bus,N/A,N/A,,N/A,12.17
EMP04260,Airside C,33542,10.14,5,5,Rideshare,V709,Truck,2015,Electric,6.08
EMP04261,Sheltair Aviation,33769,15.16,2,1,Train,N/A,N/A,,Electric,9.1
EMP04262,Sky Connect,34676,51.8,5,5,Carpool,V962,Truck,2021,Gasoline,31.08
EMP04263,Airside D,34375,34.93,5,1,Train,N/A,N/A,,Electric,52.39
EMP04264,Airside A,34208,24.24,5,1,Train,N/A,N/A,,Electric,36.36
EMP04265,Main Terminal Restaurants,33925,56.28,3,1,Car,V943,SUV,2007,Electric,101.3
EMP04266,Main Terminal & Airside Shopping,33524,11.28,2,3,Rideshare,V704,SUV,1976,Hybrid,4.51
EMP04267,Main Terminal & Airside Shopping,33769,20.32,2,1,Car,V835,SUV,2012,Gasoline,24.38
EMP04268,Sheltair Aviation,34090,54.6,3,1,Car,V333,Truck,1989,Hybrid,98.28
EMP04269,Airside A,33531,13.24,1,1,Car,V547,Minivan,1978,Diesel,7.94
EMP04270,Airside E,34519,32.16,5,4,Carpool,V276,Truck,1976,Diesel,24.12
EMP04271,Main Terminal Restaurants,33614,7.54,4,1,Bus,N/A,N/A,,N/A,6.03
EMP04272,Main Terminal Information Desk,34526,32.79,5,1,Car,V231,SUV,1997,Diesel,98.37
EMP04273,Main Terminal Information Desk,34489,38.01,5,1,Train,N/A,N/A,,Electric,57.01
EMP04274,Airside A,33638,54.33,5,4,Rideshare,V634,Minivan,1985,Gasoline,40.75
EMP04275,Main Terminal & Airside Shopping,33909,42.79,1,19,Shuttle,S045,Shuttle Bus,2004,Electric,6.42
EMP04276,Rental Car Center,34126,57.95,3,14,Shuttle,S030,Shuttle Bus,1988,Electric,26.08
EMP04277,Main Terminal & Airside Shopping,34555,35.85,3,1,Car,V803,Minivan,2014,Electric,64.53
EMP04278,Rental Car Center,33894,66.77,5,5,Rideshare,V103,SUV,1985,Electric,40.06
EMP04279,Airside E,33603,39.4,4,2,Carpool,V687,Sedan,2001,Diesel,47.28
EMP04280,Main Terminal & Airside Shopping,34320,60.13,4,1,Car,V107,SUV,2010,Gasoline,144.31
EMP04281,Main Terminal & Airside Shopping,34467,27.16,3,4,Rideshare,V384,Minivan,1989,Hybrid,12.22
EMP04282,Main Terminal Information Desk,34160,36.87,5,14,Shuttle,S021,Shuttle Bus,2017,Electric,27.65
EMP04283,Main Terminal Information Desk,33582,8.6,1,3,Rideshare,V541,Minivan,2011,Hybrid,1.72
EMP04284,Airside A,34291,31.23,1,1,Car,V445,Minivan,2004,Electric,18.74
EMP04285,Sky Connect,34231,65.75,3,2,Carpool,V524,Sedan,1988,Electric,59.17
EMP04286,Main Terminal Restaurants,33815,64.66,3,2,Rideshare,V362,SUV,1977,Hybrid,58.19
EMP04287,Airside D,34467,56.61,5,1,Car,V105,Truck,2008,Diesel,169.83
EMP04288,Airside F,34594,39.3,5,5,Carpool,V117,Minivan,1996,Diesel,23.58
EMP04289,Main Terminal Restaurants,33558,7.14,1,1,Bus,N/A,N/A,,N/A,1.43
EMP04290,Main Terminal Information Desk,34399,20.52,2,1,Car,V146,SUV,1992,Hybrid,24.62
EMP04291,Airside D,33515,11.91,2,5,Carpool,V146,SUV,1987,Hybrid,2.86
EMP04292,Airside A,34013,16.75,5,1,Train,N/A,N/A,,Electric,25.12
EMP04293,Airside A,33688,28.43,3,1,Train,N/A,N/A,,Electric,25.59
EMP04294,Airside F,34450,24.96,5,2,Rideshare,V943,Sedan,1987,Electric,37.44
EMP04295,Rental Car Center,34553,18.79,5,1,Bus,N/A,N/A,,N/A,18.79
EMP04296,Airside E,34637,62.03,3,3,Rideshare,V212,Truck,1987,Diesel,37.22
EMP04297,Main Terminal Restaurants,34109,16.03,5,1,Bus,N/A,N/A,,N/A,16.03
EMP04298,Sky Connect,34197,28.18,3,1,Car,V575,Sedan,2020,Diesel,50.72
EMP04299,Main Terminal Restaurants,34168,18.45,4,1,Bus,N/A,N/A,,N/A,14.76
EMP04300,Sky Connect,34206,26.37,5,1,Car,V755,Minivan,2019,Diesel,79.11
EMP04301,Rental Car Center,33655,21.78,1,4,Rideshare,V773,SUV,2012,Electric,3.27
EMP04302,Airside A,34053,37.34,5,4,Carpool,V766,SUV,1998,Gasoline,28
EMP04303,Airside F,34586,54.37,3,1,Car,V440,SUV,1973,Hybrid,97.87
EMP04304,Rental Car Center,33574,9.98,4,1,Car,V257,Truck,2009,Gasoline,23.95
EMP04305,Airside F,34401,32.23,5,1,Car,V582,Minivan,1977,Hybrid,96.69
EMP04306,Sky Connect,33554,10.72,4,1,Bus,N/A,N/A,,N/A,8.58
EMP04307,Rental Car Center,33636,51.98,1,4,Rideshare,V855,Minivan,2008,Hybrid,7.8
EMP04308,Sheltair Aviation,33968,18.2,2,1,Train,N/A,N/A,,Electric,10.92
EMP04309,Airside A,33764,39.68,5,1,Train,N/A,N/A,,Electric,59.52
EMP04310,Rental Car Center,33615,8.4,5,5,Rideshare,V208,Truck,1997,Electric,5.04
EMP04311,Airside E,34379,58.19,2,3,Carpool,V854,Sedan,1978,Hybrid,23.28
EMP04312,Sky Connect,33543,12.05,5,1,Bus,N/A,N/A,,N/A,12.05
EMP04313,Airside E,34540,19.45,4,1,Bus,N/A,N/A,,N/A,15.56
EMP04314,Airside D,33765,22.77,2,1,Train,N/A,N/A,,Electric,13.66
EMP04315,Main Terminal Information Desk,34325,63.88,1,5,Carpool,V963,SUV,2013,Diesel,7.67
EMP04316,Sheltair Aviation,33751,22.39,1,13,Shuttle,S034,Shuttle Bus,1985,Diesel,3.36
EMP04317,Main Terminal Information Desk,33853,29.72,5,1,Train,N/A,N/A,,Electric,44.58
EMP04318,Airside D,33551,10.33,4,4,Carpool,V524,Truck,2019,Gasoline,6.2
EMP04319,Main Terminal & Airside Shopping,33566,13.04,2,3,Carpool,V325,SUV,1998,Electric,5.22
EMP04320,Airside C,33572,12.53,5,1,Bus,N/A,N/A,,N/A,12.53
EMP04321,Rental Car Center,33850,65.01,2,1,Car,V582,SUV,1989,Gasoline,78.01
EMP04322,Airside A,33542,13.27,4,13,Shuttle,S046,Shuttle Bus,2008,Electric,7.96
EMP04323,Airside A,34454,50.66,5,12,Shuttle,S029,Shuttle Bus,2006,Electric,37.99
EMP04324,Airside D,34361,69.29,4,1,Car,V421,Minivan,1991,Hybrid,166.3
EMP04325,Airside F,33658,39.15,5,1,Train,N/A,N/A,,Electric,58.72
EMP04326,Sky Connect,33581,31.12,5,1,Train,N/A,N/A,,Electric,46.68
EMP04327,Main Terminal Information Desk,34609,18.14,2,15,Shuttle,S005,Shuttle Bus,1999,Electric,5.44
EMP04328,Rental Car Center,33613,5.25,3,1,Car,V671,Sedan,1982,Hybrid,9.45
EMP04329,Main Terminal Restaurants,34299,42.09,5,1,Train,N/A,N/A,,Electric,63.14
EMP04330,Airside E,33993,20.73,5,1,Bus,N/A,N/A,,N/A,20.73
EMP04331,Sky Connect,34341,38.13,5,5,Rideshare,V637,SUV,1994,Gasoline,22.88
EMP04332,Airside E,33559,12.49,4,1,Car,V254,Sedan,1986,Diesel,29.98
EMP04333,Rental Car Center,33531,10.69,1,1,Bus,N/A,N/A,,N/A,2.14
EMP04334,Airside C,34230,29.44,5,8,Shuttle,S048,Shuttle Bus,1986,Diesel,22.08
EMP04335,Sky Connect,33816,45.21,1,1,Train,N/A,N/A,,Electric,13.56
EMP04336,Rental Car Center,34348,17.67,5,16,Shuttle,S042,Shuttle Bus,2015,Diesel,13.25
EMP04337,Sky Connect,33550,6.17,1,5,Carpool,V497,Minivan,1986,Gasoline,0.74
EMP04338,Airside C,33770,46.49,4,1,Car,V592,SUV,1993,Diesel,111.58
EMP04339,Rental Car Center,34293,47.33,2,1,Train,N/A,N/A,,Electric,28.4
EMP04340,Sky Connect,33958,35.5,2,1,Train,N/A,N/A,,Electric,21.3
EMP04341,Airside D,34394,57.12,5,18,Shuttle,S043,Shuttle Bus,1982,Electric,42.84
EMP04342,Rental Car Center,33539,14.43,1,1,Bus,N/A,N/A,,N/A,2.89
EMP04343,Main Terminal Restaurants,34505,68.77,4,1,Car,V571,Truck,1979,Electric,165.05
EMP04344,Sky Connect,34192,61.94,2,11,Shuttle,S023,Shuttle Bus,2008,Electric,18.58
EMP04345,Airside A,34046,20.13,4,1,Bus,N/A,N/A,,N/A,16.1
EMP04346,Airside C,33549,11.19,2,2,Carpool,V448,Truck,1985,Gasoline,6.71
EMP04347,Sheltair Aviation,34232,36.68,4,2,Rideshare,V759,SUV,2006,Gasoline,44.02
EMP04348,Sky Connect,34018,24.87,5,1,Bus,N/A,N/A,,N/A,24.87
EMP04349,Sky Connect,33647,16.37,3,4,Rideshare,V476,Truck,2015,Diesel,7.37
EMP04350,Airside C,33630,40.11,3,1,Car,V594,Truck,2010,Gasoline,72.2
EMP04351,Sheltair Aviation,33569,9.09,1,20,Shuttle,S015,Shuttle Bus,1999,Electric,1.36
EMP04352,Airside A,33733,49.2,4,5,Carpool,V742,Truck,1996,Electric,23.62
EMP04353,Sky Connect,33576,39.73,1,1,Train,N/A,N/A,,Electric,11.92
EMP04354,Rental Car Center,34414,52.02,4,15,Shuttle,S035,Shuttle Bus,1990,Diesel,31.21
EMP04355,Airside E,34231,48.27,3,4,Carpool,V624,Minivan,1992,Hybrid,21.72
EMP04356,Airside D,33623,8.1,4,1,Bus,N/A,N/A,,N/A,6.48
EMP04357,Airside D,34429,24.58,2,1,Car,V405,Minivan,2021,Gasoline,29.5
EMP04358,Airside C,33831,19.6,2,1,Bus,N/A,N/A,,N/A,7.84
EMP04359,Rental Car Center,34521,62.77,4,3,Rideshare,V989,SUV,1999,Gasoline,50.22
EMP04360,Main Terminal Restaurants,34296,29.56,4,1,Train,N/A,N/A,,Electric,35.47
EMP04361,Main Terminal Information Desk,33801,31.48,2,17,Shuttle,S043,Shuttle Bus,2022,Electric,9.44
EMP04362,Airside F,34305,41.82,5,1,Car,V827,SUV,1992,Gasoline,125.46
EMP04363,Airside E,34234,15.69,1,1,Train,N/A,N/A,,Electric,4.71
EMP04364,Sky Connect,33579,8.43,3,3,Rideshare,V279,SUV,2022,Hybrid,5.06
EMP04365,Airside C,33516,10.59,3,1,Bus,N/A,N/A,,N/A,6.35
EMP04366,Sky Connect,34433,29.01,3,3,Rideshare,V124,Minivan,2002,Electric,17.41
EMP04367,Airside F,34464,38.28,3,5,Rideshare,V498,Truck,1993,Diesel,13.78
EMP04368,Airside C,33619,5.65,5,4,Rideshare,V765,Truck,1983,Gasoline,4.24
EMP04369,Sheltair Aviation,33628,8.42,3,1,Bus,N/A,N/A,,N/A,5.05
EMP04370,Airside C,33606,8.95,1,1,Bus,N/A,N/A,,N/A,1.79
EMP04371,Airside A,33886,25.72,1,3,Rideshare,V625,Sedan,1994,Gasoline,5.14
EMP04372,Main Terminal & Airside Shopping,33647,30.31,5,1,Train,N/A,N/A,,Electric,45.47
EMP04373,Sheltair Aviation,34114,37.44,1,3,Rideshare,V783,Truck,2001,Electric,7.49
EMP04374,Main Terminal & Airside Shopping,34022,68.06,1,19,Shuttle,S036,Shuttle Bus,2015,Diesel,10.21
EMP04375,Main Terminal Information Desk,33553,9.82,3,1,Bus,N/A,N/A,,N/A,5.89
EMP04376,Airside E,33576,10.63,2,1,Train,N/A,N/A,,Electric,6.38
EMP04377,Main Terminal & Airside Shopping,33605,28.41,2,3,Rideshare,V534,SUV,1995,Hybrid,11.36
EMP04378,Airside A,34343,15.43,5,1,Train,N/A,N/A,,Electric,23.14
EMP04379,Airside E,33532,14.47,5,1,Car,V486,Minivan,2008,Electric,43.41
EMP04380,Main Terminal Information Desk,33556,11.56,5,1,Car,V523,Minivan,2009,Electric,34.68
EMP04381,Airside C,34141,55.88,2,1,Car,V346,Minivan,2018,Hybrid,67.06
EMP04382,Airside E,33566,5.14,2,1,Car,V796,SUV,1993,Diesel,6.17
EMP04383,Airside D,33637,16.23,5,1,Train,N/A,N/A,,Electric,24.34
EMP04384,Airside C,34015,20.82,4,5,Carpool,V599,Minivan,2015,Hybrid,9.99
EMP04385,Rental Car Center,33568,11.09,1,9,Shuttle,S029,Shuttle Bus,2014,Diesel,1.66
EMP04386,Main Terminal Restaurants,33601,9.71,3,4,Carpool,V380,Sedan,1978,Hybrid,4.37
EMP04387,Airside A,33979,26.1,2,1,Train,N/A,N/A,,Electric,15.66
EMP04388,Airside F,34122,64.8,1,5,Rideshare,V469,Minivan,1993,Electric,7.78
EMP04389,Airside D,33788,22.07,4,2,Carpool,V352,Minivan,2000,Electric,26.48
EMP04390,Airside E,33699,23.53,2,1,Bus,N/A,N/A,,N/A,9.41
EMP04391,Rental Car Center,34328,29.35,3,1,Train,N/A,N/A,,Electric,26.41
EMP04392,Rental Car Center,33870,25.51,3,13,Shuttle,S041,Shuttle Bus,1999,Diesel,11.48
EMP04393,Main Terminal Information Desk,33583,8.33,4,14,Shuttle,S006,Shuttle Bus,2013,Electric,5
EMP04394,Rental Car Center,33943,62.77,1,1,Car,V102,Truck,1979,Diesel,37.66
EMP04395,Main Terminal Restaurants,34118,20.83,1,3,Rideshare,V799,Truck,2007,Hybrid,4.17
EMP04396,Sky Connect,33851,20.46,4,1,Bus,N/A,N/A,,N/A,16.37
EMP04397,Airside E,33968,42.13,5,1,Train,N/A,N/A,,Electric,63.2
EMP04398,Rental Car Center,33568,14.97,3,1,Car,V339,SUV,2010,Gasoline,26.95
EMP04399,Airside D,33671,41.77,3,5,Rideshare,V803,Truck,1997,Electric,15.04
EMP04400,Airside D,33860,16.06,2,1,Train,N/A,N/A,,Electric,9.64
EMP04401,Main Terminal Restaurants,34033,56.9,1,1,Car,V638,Minivan,2011,Electric,34.14
EMP04402,Rental Car Center,33830,17.37,2,2,Rideshare,V396,Sedan,2010,Gasoline,10.42
EMP04403,Rental Car Center,33564,11.88,3,3,Rideshare,V766,Minivan,1985,Electric,7.13
EMP04404,Main Terminal & Airside Shopping,33953,16.47,5,1,Car,V815,Sedan,2009,Hybrid,49.41
EMP04405,Sky Connect,33704,69.09,1,1,Car,V349,Minivan,1989,Gasoline,41.45
EMP04406,Airside D,34211,28.07,5,2,Carpool,V166,Sedan,1996,Hybrid,42.1
EMP04407,Airside F,34400,16.57,4,1,Bus,N/A,N/A,,N/A,13.26
EMP04408,Airside E,33530,64.24,1,20,Shuttle,S032,Shuttle Bus,1974,Diesel,9.64
EMP04409,Sky Connect,33648,15.02,1,1,Bus,N/A,N/A,,N/A,3
EMP04410,Rental Car Center,34621,29.95,4,18,Shuttle,S021,Shuttle Bus,1991,Electric,17.97
EMP04411,Airside D,33664,15.35,3,5,Carpool,V757,Minivan,1982,Gasoline,5.53
EMP04412,Airside E,33533,13.39,5,1,Bus,N/A,N/A,,N/A,13.39
EMP04413,Airside F,34039,30.4,1,13,Shuttle,S012,Shuttle Bus,1994,Diesel,4.56
EMP04414,Airside A,33671,23.4,1,1,Bus,N/A,N/A,,N/A,4.68
EMP04415,Airside E,33572,11.17,1,3,Carpool,V995,Minivan,2013,Hybrid,2.23
EMP04416,Sheltair Aviation,33538,52.4,3,19,Shuttle,S044,Shuttle Bus,1980,Electric,23.58
EMP04417,Airside E,33696,54.2,3,2,Carpool,V907,Truck,1989,Diesel,48.78
EMP04418,Airside A,33611,8.38,4,1,Bus,N/A,N/A,,N/A,6.7
EMP04419,Airside A,33710,17.19,3,1,Car,V427,Truck,1996,Diesel,30.94
EMP04420,Airside A,34369,51.81,4,1,Car,V310,SUV,2015,Diesel,124.34
EMP04421,Airside E,33576,41.19,2,4,Carpool,V427,Sedan,2010,Diesel,12.36
EMP04422,Rental Car Center,33652,16.31,2,3,Carpool,V486,Truck,1987,Diesel,6.52
EMP04423,Sheltair Aviation,33641,26.3,1,1,Car,V216,Sedan,1981,Diesel,15.78
EMP04424,Airside D,33975,26.01,3,1,Train,N/A,N/A,,Electric,23.41
EMP04425,Airside F,33894,32,1,1,Train,N/A,N/A,,Electric,9.6
EMP04426,Airside F,33871,45.27,2,13,Shuttle,S034,Shuttle Bus,1992,Electric,13.58
EMP04427,Airside C,34020,48.75,2,3,Carpool,V952,Truck,1985,Electric,19.5
EMP04428,Sheltair Aviation,33999,19.01,3,3,Rideshare,V290,Truck,1981,Electric,11.41
EMP04429,Airside D,34376,35.74,5,5,Rideshare,V277,Sedan,1993,Hybrid,21.44
EMP04430,Rental Car Center,34435,16.26,4,1,Train,N/A,N/A,,Electric,19.51
EMP04431,Airside F,34694,68.36,2,2,Rideshare,V353,Truck,1982,Electric,41.02
EMP04432,Main Terminal Information Desk,33996,63.7,4,18,Shuttle,S018,Shuttle Bus,1983,Electric,38.22
EMP04433,Airside E,33975,49.26,4,1,Train,N/A,N/A,,Electric,59.11
EMP04434,Main Terminal Restaurants,33592,6.95,1,1,Bus,N/A,N/A,,N/A,1.39
EMP04435,Airside E,33555,11.06,4,1,Bus,N/A,N/A,,N/A,8.85
EMP04436,Main Terminal Restaurants,34047,35.53,1,1,Train,N/A,N/A,,Electric,10.66
EMP04437,Main Terminal Information Desk,33555,12,2,1,Bus,N/A,N/A,,N/A,4.8
EMP04438,Airside F,34353,65.34,5,8,Shuttle,S027,Shuttle Bus,1973,Electric,49.01
EMP04439,Airside C,33948,34.43,4,4,Rideshare,V514,SUV,1981,Hybrid,20.66
EMP04440,Airside E,34306,43.41,4,4,Rideshare,V836,Minivan,1979,Hybrid,26.05
EMP04441,Sheltair Aviation,34398,21.62,3,3,Carpool,V880,SUV,2004,Hybrid,12.97
EMP04442,Airside F,34295,59.84,3,3,Carpool,V706,Minivan,2015,Diesel,35.9
EMP04443,Airside D,34472,40.18,3,1,Car,V260,Sedan,2016,Electric,72.32
EMP04444,Sheltair Aviation,34620,41.57,4,11,Shuttle,S015,Shuttle Bus,1998,Electric,24.94
EMP04445,Airside D,33620,9.06,3,5,Carpool,V612,Truck,2004,Electric,3.26
EMP04446,Airside F,34345,33.89,5,8,Shuttle,S007,Shuttle Bus,2003,Electric,25.42
EMP04447,Sky Connect,33984,61.4,3,5,Carpool,V525,Sedan,1979,Gasoline,22.1
EMP04448,Main Terminal Restaurants,33707,67.83,5,2,Carpool,V900,Minivan,2005,Diesel,101.75
EMP04449,Main Terminal Information Desk,34064,24.69,1,1,Car,V609,Sedan,1994,Diesel,14.81
EMP04450,Main Terminal Information Desk,34465,30.31,4,2,Carpool,V893,SUV,1978,Gasoline,36.37
EMP04451,Airside C,34487,51.66,5,5,Rideshare,V669,Sedan,1991,Diesel,31
EMP04452,Main Terminal & Airside Shopping,33925,50.39,3,17,Shuttle,S008,Shuttle Bus,1974,Diesel,22.68
EMP04453,Airside C,34156,27.76,4,3,Rideshare,V506,Minivan,2017,Diesel,22.21
EMP04454,Main Terminal Restaurants,34684,52.1,3,10,Shuttle,S041,Shuttle Bus,2017,Diesel,23.45
EMP04455,Main Terminal & Airside Shopping,33601,6.15,3,13,Shuttle,S014,Shuttle Bus,2019,Diesel,2.77
EMP04456,Rental Car Center,33784,33.77,4,1,Car,V111,Truck,2014,Diesel,81.05
EMP04457,Main Terminal & Airside Shopping,34535,35.25,3,1,Train,N/A,N/A,,Electric,31.72
EMP04458,Sheltair Aviation,33927,15.64,1,1,Car,V819,Minivan,1979,Electric,9.38
EMP04459,Airside D,33728,27.73,4,1,Train,N/A,N/A,,Electric,33.28
EMP04460,Rental Car Center,33511,12.52,4,1,Bus,N/A,N/A,,N/A,10.02
EMP04461,Main Terminal & Airside Shopping,33994,28.88,5,11,Shuttle,S022,Shuttle Bus,2003,Diesel,21.66
EMP04462,Rental Car Center,33714,44.07,1,1,Car,V210,Minivan,1988,Diesel,26.44
EMP04463,Main Terminal Restaurants,33732,45.55,1,1,Train,N/A,N/A,,Electric,13.66
EMP04464,Main Terminal & Airside Shopping,34057,36.45,2,17,Shuttle,S047,Shuttle Bus,1987,Diesel,10.94
EMP04465,Airside C,34104,25.57,2,3,Carpool,V320,Truck,2004,Electric,10.23
EMP04466,Sheltair Aviation,33983,23.67,4,1,Bus,N/A,N/A,,N/A,18.94
EMP04467,Sheltair Aviation,34076,52.03,5,2,Rideshare,V945,Sedan,1992,Hybrid,78.05
EMP04468,Airside C,34436,25.45,1,9,Shuttle,S032,Shuttle Bus,1976,Diesel,3.82
EMP04469,Airside A,33619,6.9,3,1,Car,V206,Sedan,2022,Electric,12.42
EMP04470,Airside A,33551,38.12,5,2,Rideshare,V968,Sedan,1972,Hybrid,57.18
EMP04471,Sheltair Aviation,33617,9.99,1,3,Carpool,V973,Minivan,2018,Electric,2
EMP04472,Airside C,33554,6.63,5,1,Bus,N/A,N/A,,N/A,6.63
EMP04473,Airside C,33637,17.73,5,1,Train,N/A,N/A,,Electric,26.59
EMP04474,Airside F,33910,66.8,2,2,Rideshare,V613,Truck,1974,Hybrid,40.08
EMP04475,Airside D,33819,37.3,3,1,Train,N/A,N/A,,Electric,33.57
EMP04476,Airside A,33652,61.65,3,3,Carpool,V162,Minivan,2020,Electric,36.99
EMP04477,Rental Car Center,33625,7.44,1,15,Shuttle,S007,Shuttle Bus,1982,Diesel,1.12
EMP04478,Sky Connect,33518,12.73,1,1,Bus,N/A,N/A,,N/A,2.55
EMP04479,Main Terminal Restaurants,33519,10.35,1,1,Bus,N/A,N/A,,N/A,2.07
EMP04480,Main Terminal Information Desk,33776,32.4,2,1,Car,V696,Sedan,1985,Hybrid,38.88
EMP04481,Airside A,33508,53.41,3,5,Carpool,V633,SUV,2011,Gasoline,19.23
EMP04482,Airside D,33771,31.94,1,1,Car,V971,Minivan,1975,Hybrid,19.16
EMP04483,Main Terminal Restaurants,33936,63.52,4,2,Carpool,V587,Minivan,1983,Hybrid,76.22
EMP04484,Main Terminal Information Desk,33604,9.95,3,1,Bus,N/A,N/A,,N/A,5.97
EMP04485,Airside F,33989,35.81,1,1,Train,N/A,N/A,,Electric,10.74
EMP04486,Sky Connect,34522,47.31,1,1,Car,V729,Truck,2014,Gasoline,28.39
EMP04487,Sheltair Aviation,34149,21.12,1,1,Bus,N/A,N/A,,N/A,4.22
EMP04488,Airside E,34213,58.64,2,2,Carpool,V998,Truck,1978,Gasoline,35.18
EMP04489,Airside C,34250,22.79,2,9,Shuttle,S014,Shuttle Bus,1982,Electric,6.84
EMP04490,Airside A,34443,18.96,5,1,Bus,N/A,N/A,,N/A,18.96
EMP04491,Sheltair Aviation,34395,22.44,4,2,Carpool,V933,Truck,2010,Hybrid,26.93
EMP04492,Main Terminal Restaurants,34517,38.68,3,3,Carpool,V176,Truck,2010,Gasoline,23.21
EMP04493,Airside E,34496,64.85,3,12,Shuttle,S047,Shuttle Bus,2019,Diesel,29.18
EMP04494,Main Terminal Information Desk,34112,27.9,5,1,Train,N/A,N/A,,Electric,41.85
EMP04495,Sky Connect,34372,48.2,3,1,Train,N/A,N/A,,Electric,43.38
EMP04496,Main Terminal & Airside Shopping,34537,46.79,3,1,Train,N/A,N/A,,Electric,42.11
EMP04497,Rental Car Center,33682,22.45,2,1,Train,N/A,N/A,,Electric,13.47
EMP04498,Airside A,34442,18.59,1,4,Rideshare,V456,Minivan,1996,Electric,2.79
EMP04499,Airside F,33798,35.27,3,4,Rideshare,V559,SUV,1988,Gasoline,15.87
EMP04500,Main Terminal Information Desk,33772,40.2,4,5,Carpool,V514,Truck,2002,Hybrid,19.3
EMP04501,Airside A,34475,34.61,4,2,Rideshare,V779,Sedan,1999,Gasoline,41.53
EMP04502,Airside C,33955,57.05,3,2,Rideshare,V938,Sedan,1986,Electric,51.34
EMP04503,Sky Connect,34089,15.68,4,10,Shuttle,S003,Shuttle Bus,1986,Electric,9.41
EMP04504,Airside C,33631,8.91,1,1,Car,V518,Minivan,2013,Gasoline,5.35
EMP04505,Sheltair Aviation,33777,48.16,1,5,Rideshare,V107,SUV,1980,Electric,5.78
EMP04506,Main Terminal & Airside Shopping,33805,17.52,2,2,Carpool,V991,Truck,2003,Diesel,10.51
EMP04507,Airside E,33870,64.29,2,3,Carpool,V669,SUV,1998,Diesel,25.72
EMP04508,Airside D,34068,39.18,5,1,Car,V434,Minivan,1992,Diesel,117.54
EMP04509,Sky Connect,33565,42.79,3,4,Carpool,V379,Sedan,2008,Gasoline,19.26
EMP04510,Airside A,34426,67.91,5,12,Shuttle,S039,Shuttle Bus,2014,Diesel,50.93
EMP04511,Airside F,33539,11.91,1,2,Rideshare,V783,Truck,1984,Gasoline,3.57
EMP04512,Main Terminal Restaurants,33798,39.45,3,5,Carpool,V884,SUV,1996,Diesel,14.2
EMP04513,Airside A,33796,17.91,3,1,Bus,N/A,N/A,,N/A,10.75
EMP04514,Sheltair Aviation,34639,62.98,3,15,Shuttle,S003,Shuttle Bus,1978,Electric,28.34
EMP04515,Sky Connect,34606,45.85,1,3,Carpool,V971,Sedan,1974,Gasoline,9.17
EMP04516,Airside A,34174,69.47,1,4,Rideshare,V408,SUV,2010,Gasoline,10.42
EMP04517,Rental Car Center,34100,23.18,2,2,Rideshare,V580,Truck,2021,Electric,13.91
EMP04518,Main Terminal Information Desk,33858,32.74,2,2,Rideshare,V756,Sedan,1979,Diesel,19.64
EMP04519,Airside A,33552,13.27,2,1,Bus,N/A,N/A,,N/A,5.31
EMP04520,Main Terminal Information Desk,33965,40.01,1,1,Train,N/A,N/A,,Electric,12
EMP04521,Main Terminal Information Desk,33736,37.74,5,1,Train,N/A,N/A,,Electric,56.61
EMP04522,Sheltair Aviation,34410,69.39,1,3,Carpool,V345,Truck,2019,Electric,13.88
EMP04523,Rental Car Center,34153,32.46,1,1,Train,N/A,N/A,,Electric,9.74
EMP04524,Main Terminal Restaurants,34205,43.96,3,1,Train,N/A,N/A,,Electric,39.56
EMP04525,Main Terminal Information Desk,33542,33.84,5,4,Rideshare,V291,Truck,2013,Gasoline,25.38
EMP04526,Main Terminal & Airside Shopping,33647,27.61,4,1,Train,N/A,N/A,,Electric,33.13
EMP04527,Airside D,33530,40.67,2,5,Rideshare,V168,Minivan,2000,Gasoline,9.76
EMP04528,Main Terminal & Airside Shopping,33992,42.9,4,5,Rideshare,V563,SUV,1987,Hybrid,20.59
EMP04529,Main Terminal Restaurants,33560,6.2,1,1,Bus,N/A,N/A,,N/A,1.24
EMP04530,Main Terminal & Airside Shopping,34348,62.76,2,5,Rideshare,V328,Sedan,1979,Electric,15.06
EMP04531,Sheltair Aviation,34175,22.58,1,1,Train,N/A,N/A,,Electric,6.77
EMP04532,Rental Car Center,33786,30.48,1,1,Train,N/A,N/A,,Electric,9.14
EMP04533,Main Terminal Restaurants,33898,66.14,1,4,Carpool,V840,Minivan,1997,Electric,9.92
EMP04534,Rental Car Center,34370,18.33,2,1,Train,N/A,N/A,,Electric,11
EMP04535,Airside D,34577,18.34,3,5,Rideshare,V430,SUV,1988,Gasoline,6.6
EMP04536,Sky Connect,33526,13.17,2,3,Rideshare,V278,Truck,2010,Diesel,5.27
EMP04537,Airside D,33612,26.99,1,1,Train,N/A,N/A,,Electric,8.1
EMP04538,Airside D,33758,30.06,4,1,Car,V213,Truck,1996,Hybrid,72.14
EMP04539,Main Terminal Restaurants,34170,52.79,4,2,Carpool,V422,Truck,1986,Electric,63.35
EMP04540,Airside D,34286,30.2,1,1,Train,N/A,N/A,,Electric,9.06
EMP04541,Airside E,34338,24.77,5,1,Bus,N/A,N/A,,N/A,24.77
EMP04542,Airside A,34255,35.24,3,3,Carpool,V162,Minivan,2006,Diesel,21.14
EMP04543,Airside F,34143,26.86,2,4,Carpool,V285,Truck,1976,Diesel,8.06
EMP04544,Airside C,34575,66.59,5,3,Rideshare,V331,Minivan,1979,Gasoline,66.59
EMP04545,Airside D,34391,55.99,2,1,Car,V288,Minivan,1997,Gasoline,67.19
EMP04546,Main Terminal Information Desk,34161,16.76,1,5,Carpool,V714,SUV,2002,Diesel,2.01
EMP04547,Airside E,33678,66.18,3,1,Car,V575,Minivan,1983,Diesel,119.12
EMP04548,Airside C,33601,9.91,2,3,Rideshare,V718,Minivan,1977,Diesel,3.96
EMP04549,Main Terminal Information Desk,33953,41.54,4,1,Car,V939,SUV,1976,Hybrid,99.7
EMP04550,Airside A,33868,29.61,1,3,Carpool,V409,Sedan,2000,Hybrid,5.92
EMP04551,Airside A,34356,39.42,2,2,Carpool,V787,Sedan,2017,Gasoline,23.65
EMP04552,Airside C,33998,38.55,2,1,Train,N/A,N/A,,Electric,23.13
EMP04553,Airside F,34565,21.41,5,3,Rideshare,V186,Minivan,1991,Gasoline,21.41
EMP04554,Airside A,33573,7.11,1,1,Car,V540,Truck,2010,Gasoline,4.27
EMP04555,Main Terminal & Airside Shopping,33556,14.36,2,4,Carpool,V816,Truck,2005,Electric,4.31
EMP04556,Airside C,34224,48.75,3,1,Train,N/A,N/A,,Electric,43.88
EMP04557,Rental Car Center,34686,36.47,1,5,Rideshare,V332,SUV,2002,Gasoline,4.38
EMP04558,Airside D,34042,23.73,2,3,Rideshare,V494,Sedan,2015,Electric,9.49
EMP04559,Main Terminal Information Desk,34083,43.64,1,1,Train,N/A,N/A,,Electric,13.09
EMP04560,Main Terminal Restaurants,34466,24.94,3,1,Bus,N/A,N/A,,N/A,14.96
EMP04561,Airside D,33742,32.97,4,2,Carpool,V875,Truck,1994,Hybrid,39.56
EMP04562,Airside F,33713,63.93,5,19,Shuttle,S006,Shuttle Bus,1978,Electric,47.95
EMP04563,Main Terminal Information Desk,33604,6.25,4,1,Bus,N/A,N/A,,N/A,5
EMP04564,Main Terminal Restaurants,33862,51.88,3,1,Car,V763,Minivan,2009,Electric,93.38
EMP04565,Airside C,34634,49.54,1,3,Carpool,V941,Sedan,2020,Hybrid,9.91
EMP04566,Main Terminal Information Desk,34396,20.61,1,1,Train,N/A,N/A,,Electric,6.18
EMP04567,Sheltair Aviation,33622,49.6,5,1,Car,V235,SUV,1988,Diesel,148.8
EMP04568,Airside C,34479,66.63,1,14,Shuttle,S041,Shuttle Bus,2006,Electric,9.99
EMP04569,Airside A,34438,21.23,4,1,Bus,N/A,N/A,,N/A,16.98
EMP04570,Airside F,33569,8.6,2,3,Rideshare,V800,SUV,2015,Electric,3.44
EMP04571,Airside C,33881,24.26,3,1,Train,N/A,N/A,,Electric,21.83
EMP04572,Airside C,34612,21.99,4,4,Carpool,V524,Truck,2020,Diesel,13.19
EMP04573,Main Terminal Information Desk,34085,54.81,1,1,Car,V720,SUV,1994,Hybrid,32.89
EMP04574,Airside F,33615,19.28,1,1,Car,V564,SUV,1982,Hybrid,11.57
EMP04575,Airside F,34656,35.9,5,1,Train,N/A,N/A,,Electric,53.85
EMP04576,Airside E,33793,67.98,1,3,Carpool,V547,Truck,2018,Hybrid,13.6
EMP04577,Rental Car Center,34278,65.1,5,14,Shuttle,S040,Shuttle Bus,2008,Diesel,48.82
EMP04578,Airside E,34084,17.44,5,1,Bus,N/A,N/A,,N/A,17.44
EMP04579,Airside C,33969,15.8,5,1,Bus,N/A,N/A,,N/A,15.8
EMP04580,Sheltair Aviation,34257,19.99,4,1,Bus,N/A,N/A,,N/A,15.99
EMP04581,Rental Car Center,33930,52.29,3,1,Car,V142,SUV,1974,Gasoline,94.12
EMP04582,Airside C,34223,36.36,1,5,Rideshare,V817,SUV,2022,Electric,4.36
EMP04583,Main Terminal & Airside Shopping,34411,31.38,2,5,Rideshare,V992,SUV,2018,Hybrid,7.53
EMP04584,Airside C,34128,17.66,4,3,Carpool,V453,Truck,1979,Diesel,14.13
EMP04585,Airside F,33558,10.37,3,1,Bus,N/A,N/A,,N/A,6.22
EMP04586,Main Terminal Restaurants,33568,14.85,5,1,Bus,N/A,N/A,,N/A,14.85
EMP04587,Main Terminal & Airside Shopping,34547,59.39,5,5,Rideshare,V702,Truck,2020,Electric,35.63
EMP04588,Airside E,34315,23,3,4,Carpool,V122,Sedan,2016,Hybrid,10.35
EMP04589,Main Terminal & Airside Shopping,33574,24.43,2,13,Shuttle,S027,Shuttle Bus,2017,Diesel,7.33
EMP04590,Rental Car Center,33599,9.76,3,1,Bus,N/A,N/A,,N/A,5.86
EMP04591,Sky Connect,33611,30.26,1,3,Rideshare,V884,Minivan,1992,Diesel,6.05
EMP04592,Main Terminal Information Desk,33572,7.61,4,1,Bus,N/A,N/A,,N/A,6.09
EMP04593,Rental Car Center,34449,29.17,3,2,Carpool,V363,SUV,1996,Hybrid,26.25
EMP04594,Airside E,33522,14.44,2,1,Car,V547,Truck,2013,Hybrid,17.33
EMP04595,Airside A,34099,55.73,2,3,Carpool,V572,Minivan,2001,Gasoline,22.29
EMP04596,Airside D,33780,44.5,4,5,Rideshare,V219,Truck,1978,Hybrid,21.36
EMP04597,Sheltair Aviation,33549,35.84,4,1,Car,V335,SUV,1982,Diesel,86.02
EMP04598,Airside C,33581,7.34,4,3,Rideshare,V555,SUV,2006,Diesel,5.87
EMP04599,Airside A,34148,42.31,3,1,Train,N/A,N/A,,Electric,38.08
EMP04600,Airside C,34319,55.15,4,15,Shuttle,S050,Shuttle Bus,1984,Electric,33.09
EMP04601,Airside A,34396,22.09,2,1,Bus,N/A,N/A,,N/A,8.84
EMP04602,Sheltair Aviation,33910,49.41,2,5,Carpool,V215,Sedan,2010,Gasoline,11.86
EMP04603,Airside E,34616,18.43,1,2,Carpool,V615,Truck,2004,Hybrid,5.53
EMP04604,Airside E,33979,21.91,3,1,Bus,N/A,N/A,,N/A,13.15
EMP04605,Airside F,34680,56.94,4,5,Carpool,V123,Minivan,2002,Diesel,27.33
EMP04606,Sky Connect,34521,44.19,4,1,Train,N/A,N/A,,Electric,53.03
EMP04607,Sheltair Aviation,34280,45.99,2,1,Car,V972,Sedan,2002,Hybrid,55.19
EMP04608,Sheltair Aviation,34085,52.27,3,17,Shuttle,S028,Shuttle Bus,1986,Diesel,23.52
EMP04609,Airside A,34358,31.48,3,1,Train,N/A,N/A,,Electric,28.33
EMP04610,Airside D,33732,39.49,1,1,Train,N/A,N/A,,Electric,11.85
EMP04611,Airside F,33691,45.78,3,4,Carpool,V483,SUV,2000,Gasoline,20.6
EMP04612,Sheltair Aviation,33721,56.52,1,1,Car,V398,Truck,1987,Electric,33.91
EMP04613,Airside C,33678,18.52,3,1,Bus,N/A,N/A,,N/A,11.11
EMP04614,Sky Connect,34572,64,2,1,Car,V392,Sedan,1992,Hybrid,76.8
EMP04615,Sheltair Aviation,33586,6.61,1,1,Car,V378,Sedan,1990,Diesel,3.97
EMP04616,Airside C,33573,10.2,4,5,Rideshare,V177,Truck,1979,Diesel,4.9
EMP04617,Main Terminal Restaurants,34062,59.71,5,2,Carpool,V588,SUV,1973,Hybrid,89.56
EMP04618,Main Terminal Information Desk,33966,20.12,3,2,Rideshare,V739,Sedan,1982,Gasoline,18.11
EMP04619,Airside C,34213,23.52,5,1,Bus,N/A,N/A,,N/A,23.52
EMP04620,Main Terminal & Airside Shopping,33612,5.59,4,2,Rideshare,V662,Minivan,1978,Hybrid,6.71
EMP04621,Airside A,33576,65.14,5,1,Car,V573,SUV,1990,Gasoline,195.42
EMP04622,Main Terminal & Airside Shopping,34644,36.77,5,1,Train,N/A,N/A,,Electric,55.16
EMP04623,Sheltair Aviation,33710,62.74,2,15,Shuttle,S028,Shuttle Bus,2010,Diesel,18.82
EMP04624,Airside C,34368,51.45,5,5,Rideshare,V215,Minivan,1975,Gasoline,30.87
EMP04625,Rental Car Center,34345,17.54,4,1,Train,N/A,N/A,,Electric,21.05
EMP04626,Main Terminal Information Desk,33907,57.32,5,3,Rideshare,V523,SUV,2008,Gasoline,57.32
EMP04627,Main Terminal Information Desk,33604,26.87,3,1,Car,V649,Truck,2001,Diesel,48.37
EMP04628,Main Terminal Restaurants,34604,37.16,3,4,Carpool,V702,Sedan,1996,Hybrid,16.72
EMP04629,Main Terminal & Airside Shopping,34617,50.26,4,3,Rideshare,V352,Truck,1972,Hybrid,40.21
EMP04630,Airside F,34078,37.68,5,3,Carpool,V497,SUV,1989,Electric,37.68
EMP04631,Sheltair Aviation,34487,53.33,1,5,Carpool,V672,Truck,1982,Gasoline,6.4
EMP04632,Airside C,34095,26.72,3,16,Shuttle,S028,Shuttle Bus,1984,Electric,12.02
EMP04633,Sky Connect,33534,14.67,5,1,Bus,N/A,N/A,,N/A,14.67
EMP04634,Airside A,34618,24.15,1,3,Carpool,V309,Truck,1974,Diesel,4.83
EMP04635,Main Terminal Information Desk,34380,54.47,4,5,Carpool,V361,SUV,1985,Hybrid,26.15
EMP04636,Airside C,33688,23.54,3,20,Shuttle,S011,Shuttle Bus,1988,Electric,10.59
EMP04637,Airside E,33546,12.12,3,1,Train,N/A,N/A,,Electric,10.91
EMP04638,Main Terminal & Airside Shopping,33509,54.07,2,1,Car,V937,Minivan,2008,Diesel,64.88
EMP04639,Airside A,34466,45.26,5,1,Train,N/A,N/A,,Electric,67.89
EMP04640,Airside E,34435,43.59,1,18,Shuttle,S049,Shuttle Bus,1996,Diesel,6.54
EMP04641,Sky Connect,34473,31.22,2,15,Shuttle,S031,Shuttle Bus,1993,Electric,9.37
EMP04642,Airside C,34155,15.06,5,1,Car,V426,SUV,2007,Diesel,45.18
EMP04643,Main Terminal Information Desk,33906,58.22,5,14,Shuttle,S001,Shuttle Bus,1992,Diesel,43.66
EMP04644,Airside A,33855,16.2,1,1,Bus,N/A,N/A,,N/A,3.24
EMP04645,Airside C,34070,30.12,2,1,Car,V298,SUV,1996,Hybrid,36.14
EMP04646,Sheltair Aviation,33606,53.59,4,3,Rideshare,V856,Truck,2010,Electric,42.87
EMP04647,Sheltair Aviation,33562,5.12,4,1,Bus,N/A,N/A,,N/A,4.1
EMP04648,Rental Car Center,33568,10.1,4,9,Shuttle,S007,Shuttle Bus,2007,Electric,6.06
EMP04649,Main Terminal Restaurants,34216,46.39,5,14,Shuttle,S050,Shuttle Bus,2017,Electric,34.79
EMP04650,Main Terminal & Airside Shopping,34162,19.14,4,1,Bus,N/A,N/A,,N/A,15.31
EMP04651,Airside A,34273,46.8,5,1,Train,N/A,N/A,,Electric,70.2
EMP04652,Sky Connect,34107,22.59,2,4,Carpool,V117,Sedan,1999,Hybrid,6.78
EMP04653,Airside E,34277,65.16,3,3,Carpool,V300,Truck,1974,Electric,39.1
EMP04654,Rental Car Center,33680,62.31,2,3,Carpool,V878,Sedan,2004,Hybrid,24.92
EMP04655,Airside F,34439,46.5,1,1,Train,N/A,N/A,,Electric,13.95
EMP04656,Airside A,33998,61.8,3,5,Rideshare,V151,Minivan,1981,Gasoline,22.25
EMP04657,Main Terminal Restaurants,33790,18.38,5,1,Bus,N/A,N/A,,N/A,18.38
EMP04658,Airside C,33589,31.67,1,2,Rideshare,V506,Sedan,1998,Diesel,9.5
EMP04659,Main Terminal & Airside Shopping,34532,51.74,1,1,Car,V237,Sedan,1976,Electric,31.04
EMP04660,Main Terminal Restaurants,33983,17.64,5,1,Train,N/A,N/A,,Electric,26.46
EMP04661,Sheltair Aviation,34433,56.38,4,4,Rideshare,V325,SUV,1985,Hybrid,33.83
EMP04662,Airside D,33986,22.07,5,1,Train,N/A,N/A,,Electric,33.1
EMP04663,Main Terminal Restaurants,33531,12.68,1,1,Bus,N/A,N/A,,N/A,2.54
EMP04664,Airside C,34466,60.54,5,5,Rideshare,V937,Sedan,2001,Hybrid,36.32
EMP04665,Main Terminal & Airside Shopping,34293,30.37,5,5,Carpool,V795,Truck,1985,Diesel,18.22
EMP04666,Airside E,33561,6.89,2,1,Car,V809,Minivan,2015,Diesel,8.27
EMP04667,Sheltair Aviation,34310,23.42,4,1,Bus,N/A,N/A,,N/A,18.74
EMP04668,Airside E,34135,33.26,2,1,Train,N/A,N/A,,Electric,19.96
EMP04669,Main Terminal & Airside Shopping,34040,31.34,3,1,Train,N/A,N/A,,Electric,28.21
EMP04670,Rental Car Center,34094,43.77,4,3,Carpool,V140,Sedan,1991,Gasoline,35.02
EMP04671,Sheltair Aviation,34357,18.8,2,8,Shuttle,S043,Shuttle Bus,2005,Diesel,5.64
EMP04672,Airside C,33548,12.59,4,2,Rideshare,V703,Sedan,2014,Gasoline,15.11
EMP04673,Sky Connect,33793,58.21,3,3,Rideshare,V998,Minivan,2007,Gasoline,34.93
EMP04674,Main Terminal & Airside Shopping,33616,65.88,2,19,Shuttle,S042,Shuttle Bus,2014,Diesel,19.76
EMP04675,Airside F,34337,17.7,4,3,Rideshare,V931,SUV,1998,Gasoline,14.16
EMP04676,Airside C,33577,54.67,1,1,Car,V638,Sedan,2016,Diesel,32.8
EMP04677,Airside C,33574,12.28,4,1,Train,N/A,N/A,,Electric,14.74
EMP04678,Airside C,34134,48.73,1,20,Shuttle,S035,Shuttle Bus,2021,Diesel,7.31
EMP04679,Airside E,34187,39.14,2,1,Train,N/A,N/A,,Electric,23.48
EMP04680,Airside D,33924,17.98,3,1,Car,V736,Sedan,1986,Diesel,32.36
EMP04681,Airside A,34354,37.61,2,5,Rideshare,V190,Minivan,2022,Diesel,9.03
EMP04682,Main Terminal & Airside Shopping,33576,11.11,2,1,Bus,N/A,N/A,,N/A,4.44
EMP04683,Sheltair Aviation,33668,39.09,5,1,Car,V240,SUV,1977,Electric,117.27
EMP04684,Sky Connect,34671,36.53,3,1,Car,V898,Truck,2013,Electric,65.75
EMP04685,Airside D,34274,20.34,1,1,Bus,N/A,N/A,,N/A,4.07
EMP04686,Airside F,33574,68.22,1,1,Car,V797,Truck,1983,Diesel,40.93
EMP04687,Sheltair Aviation,33628,9.62,2,8,Shuttle,S028,Shuttle Bus,1983,Electric,2.89
EMP04688,Airside F,34531,32.23,4,1,Train,N/A,N/A,,Electric,38.68
EMP04689,Airside D,34131,50.47,1,2,Carpool,V783,SUV,1982,Electric,15.14
EMP04690,Rental Car Center,34229,58.16,4,5,Carpool,V875,Sedan,2002,Gasoline,27.92
EMP04691,Main Terminal & Airside Shopping,34536,18.32,4,1,Bus,N/A,N/A,,N/A,14.66
EMP04692,Airside C,34480,30.99,4,1,Train,N/A,N/A,,Electric,37.19
EMP04693,Main Terminal & Airside Shopping,34337,46.56,5,3,Carpool,V542,SUV,1995,Hybrid,46.56
EMP04694,Airside A,33830,34.67,4,1,Car,V511,Minivan,2002,Diesel,83.21
EMP04695,Rental Car Center,34385,43.18,2,5,Carpool,V554,Minivan,2012,Gasoline,10.36
EMP04696,Rental Car Center,34313,31.46,2,15,Shuttle,S006,Shuttle Bus,1973,Electric,9.44
EMP04697,Main Terminal Restaurants,34449,54.16,2,2,Carpool,V694,Truck,1974,Diesel,32.5
EMP04698,Main Terminal Restaurants,33717,34.08,5,1,Train,N/A,N/A,,Electric,51.12
EMP04699,Airside E,34483,50.33,3,5,Rideshare,V255,Minivan,1982,Electric,18.12
EMP04700,Main Terminal Restaurants,34325,26.42,4,1,Train,N/A,N/A,,Electric,31.7
EMP04701,Airside D,33884,63.41,5,1,Car,V859,Truck,1981,Gasoline,190.23
EMP04702,Main Terminal Restaurants,34151,17.32,1,1,Car,V891,Sedan,2021,Electric,10.39
EMP04703,Airside C,33569,13.62,3,1,Bus,N/A,N/A,,N/A,8.17
EMP04704,Sky Connect,33699,17.92,2,1,Train,N/A,N/A,,Electric,10.75
EMP04705,Airside E,34358,27.52,3,1,Train,N/A,N/A,,Electric,24.77
EMP04706,Main Terminal Restaurants,34591,31.57,5,1,Car,V182,Minivan,1973,Gasoline,94.71
EMP04707,Airside D,33636,19.57,4,1,Train,N/A,N/A,,Electric,23.48
EMP04708,Airside A,33589,32.17,3,20,Shuttle,S001,Shuttle Bus,1997,Diesel,14.48
EMP04709,Airside D,33574,14.74,5,3,Rideshare,V674,Minivan,2001,Electric,14.74
EMP04710,Main Terminal Restaurants,33537,13.77,4,8,Shuttle,S042,Shuttle Bus,1982,Diesel,8.26
EMP04711,Airside E,33536,32.39,2,1,Train,N/A,N/A,,Electric,19.43
EMP04712,Airside C,34243,28.34,2,1,Car,V165,Sedan,1990,Electric,34.01
EMP04713,Sheltair Aviation,34110,27.54,4,1,Car,V685,SUV,1991,Gasoline,66.1
EMP04714,Main Terminal & Airside Shopping,33805,56.74,5,13,Shuttle,S012,Shuttle Bus,1992,Diesel,42.55
EMP04715,Airside F,33743,54.19,4,3,Carpool,V493,Sedan,1983,Diesel,43.35
EMP04716,Airside A,33900,53.39,4,1,Car,V239,Sedan,1989,Hybrid,128.14
EMP04717,Airside E,33847,20.85,4,1,Bus,N/A,N/A,,N/A,16.68
EMP04718,Airside D,34307,23.14,5,15,Shuttle,S016,Shuttle Bus,1995,Electric,17.36
EMP04719,Sheltair Aviation,34513,57.5,1,4,Rideshare,V926,Sedan,1976,Hybrid,8.62
EMP04720,Airside D,33597,5.83,5,1,Bus,N/A,N/A,,N/A,5.83
EMP04721,Main Terminal & Airside Shopping,33601,58.99,4,12,Shuttle,S047,Shuttle Bus,1984,Electric,35.39
EMP04722,Sky Connect,34297,17.15,2,1,Bus,N/A,N/A,,N/A,6.86
EMP04723,Sheltair Aviation,33948,39.01,3,4,Rideshare,V438,Truck,1997,Gasoline,17.55
EMP04724,Airside D,33620,5.87,4,1,Bus,N/A,N/A,,N/A,4.7
EMP04725,Sky Connect,34615,21.97,4,13,Shuttle,S013,Shuttle Bus,1972,Electric,13.18
EMP04726,Sky Connect,34286,20.16,3,3,Carpool,V745,Minivan,2022,Diesel,12.1
EMP04727,Main Terminal & Airside Shopping,33605,5.35,2,1,Bus,N/A,N/A,,N/A,2.14
EMP04728,Main Terminal & Airside Shopping,33992,38.61,5,4,Rideshare,V130,SUV,1988,Electric,28.96
EMP04729,Main Terminal Information Desk,33550,6.05,5,5,Rideshare,V349,Truck,2010,Diesel,3.63
EMP04730,Sheltair Aviation,33579,10.95,5,1,Bus,N/A,N/A,,N/A,10.95
EMP04731,Airside F,33999,49.31,3,12,Shuttle,S047,Shuttle Bus,1974,Electric,22.19
EMP04732,Rental Car Center,33554,9.73,3,16,Shuttle,S023,Shuttle Bus,2013,Diesel,4.38
EMP04733,Airside D,33621,19.16,1,4,Rideshare,V644,SUV,2018,Hybrid,2.87
EMP04734,Main Terminal & Airside Shopping,33509,10.67,2,1,Bus,N/A,N/A,,N/A,4.27
EMP04735,Airside A,33543,10.68,2,1,Bus,N/A,N/A,,N/A,4.27
EMP04736,Airside E,33640,29.29,2,1,Train,N/A,N/A,,Electric,17.57
EMP04737,Main Terminal Information Desk,34559,19.39,2,1,Bus,N/A,N/A,,N/A,7.76
EMP04738,Airside E,34115,24.35,3,1,Train,N/A,N/A,,Electric,21.91
EMP04739,Sheltair Aviation,34651,44.65,1,3,Rideshare,V164,Sedan,2013,Electric,8.93
EMP04740,Airside E,33788,24.16,5,4,Rideshare,V139,Truck,2001,Diesel,18.12
EMP04741,Sheltair Aviation,33593,6.62,3,1,Car,V773,Sedan,1978,Diesel,11.92
EMP04742,Sky Connect,33976,29.63,3,1,Car,V332,Truck,1980,Gasoline,53.33
EMP04743,Airside E,33541,13.13,5,1,Bus,N/A,N/A,,N/A,13.13
EMP04744,Sheltair Aviation,34506,60.33,2,11,Shuttle,S040,Shuttle Bus,1972,Electric,18.1
EMP04745,Airside F,33728,65.44,1,1,Car,V344,SUV,1990,Hybrid,39.26
EMP04746,Rental Car Center,33841,48,3,1,Car,V466,Minivan,2011,Diesel,86.4
EMP04747,Main Terminal Information Desk,34325,27.05,2,5,Rideshare,V925,SUV,1980,Hybrid,6.49
EMP04748,Airside C,34307,20.09,1,16,Shuttle,S032,Shuttle Bus,1993,Diesel,3.01
EMP04749,Sky Connect,34269,19.19,5,4,Carpool,V450,Truck,2013,Gasoline,14.39
EMP04750,Airside D,33665,60.71,4,8,Shuttle,S038,Shuttle Bus,1980,Diesel,36.43
EMP04751,Main Terminal Restaurants,34532,15.01,1,1,Car,V452,Truck,2019,Hybrid,9.01
EMP04752,Main Terminal Restaurants,34429,33.46,2,19,Shuttle,S045,Shuttle Bus,1978,Diesel,10.04
EMP04753,Main Terminal & Airside Shopping,34613,35.46,4,3,Carpool,V525,Sedan,1987,Electric,28.37
EMP04754,Airside F,34289,55.2,4,4,Carpool,V963,Sedan,2008,Diesel,33.12
EMP04755,Airside C,34267,62.78,3,15,Shuttle,S028,Shuttle Bus,2008,Diesel,28.25
EMP04756,Main Terminal & Airside Shopping,33604,7.29,1,3,Rideshare,V626,Sedan,1997,Hybrid,1.46
EMP04757,Sky Connect,34405,56.13,5,1,Car,V263,Minivan,1979,Gasoline,168.39
EMP04758,Rental Car Center,33562,13.59,1,1,Train,N/A,N/A,,Electric,4.08
EMP04759,Rental Car Center,33992,67.5,1,5,Carpool,V909,Sedan,2001,Diesel,8.1
EMP04760,Rental Car Center,33698,28.96,3,1,Train,N/A,N/A,,Electric,26.06
EMP04761,Main Terminal & Airside Shopping,33589,5.27,4,8,Shuttle,S022,Shuttle Bus,2014,Diesel,3.16
EMP04762,Main Terminal Restaurants,34605,65.67,5,17,Shuttle,S010,Shuttle Bus,1995,Diesel,49.25
EMP04763,Sheltair Aviation,34022,15.08,4,15,Shuttle,S044,Shuttle Bus,2008,Diesel,9.05
EMP04764,Airside E,34587,41.61,3,3,Carpool,V415,Sedan,1996,Hybrid,24.97
EMP04765,Airside C,33867,16.56,3,18,Shuttle,S004,Shuttle Bus,1995,Diesel,7.45
EMP04766,Main Terminal Restaurants,34320,47.54,2,1,Train,N/A,N/A,,Electric,28.52
EMP04767,Airside D,33915,16.12,1,3,Rideshare,V209,SUV,1990,Diesel,3.22
EMP04768,Airside D,34259,56.35,4,4,Carpool,V487,Minivan,2006,Electric,33.81
EMP04769,Airside E,33630,44.47,5,1,Train,N/A,N/A,,Electric,66.7
EMP04770,Airside C,33549,36.01,3,12,Shuttle,S048,Shuttle Bus,1972,Electric,16.2
EMP04771,Sheltair Aviation,34567,62.34,2,2,Rideshare,V762,SUV,1980,Hybrid,37.4
EMP04772,Airside F,33597,6.48,5,1,Bus,N/A,N/A,,N/A,6.48
EMP04773,Airside F,33821,69.53,1,1,Car,V595,Minivan,1976,Gasoline,41.72
EMP04774,Sheltair Aviation,33595,23.68,1,13,Shuttle,S027,Shuttle Bus,1993,Diesel,3.55
EMP04775,Sheltair Aviation,34457,30.73,1,1,Train,N/A,N/A,,Electric,9.22
EMP04776,Rental Car Center,33631,43.18,4,4,Carpool,V318,Minivan,1994,Diesel,25.91
EMP04777,Sky Connect,33789,67.59,4,1,Car,V861,Sedan,1998,Gasoline,162.22
EMP04778,Sky Connect,33881,21.74,2,1,Bus,N/A,N/A,,N/A,8.7
EMP04779,Airside E,34626,42.2,5,1,Car,V506,SUV,1980,Gasoline,126.6
EMP04780,Main Terminal Restaurants,33566,10.74,2,1,Bus,N/A,N/A,,N/A,4.3
EMP04781,Main Terminal & Airside Shopping,33511,10.61,1,1,Bus,N/A,N/A,,N/A,2.12
EMP04782,Main Terminal Restaurants,34554,15.38,5,5,Carpool,V552,Sedan,1977,Hybrid,9.23
EMP04783,Main Terminal Restaurants,33518,12.58,5,1,Train,N/A,N/A,,Electric,18.87
EMP04784,Main Terminal Restaurants,34061,68.21,1,4,Carpool,V152,Truck,2000,Gasoline,10.23
EMP04785,Airside E,34272,41.39,2,1,Car,V673,SUV,2007,Electric,49.67
EMP04786,Sky Connect,33992,19.29,1,1,Train,N/A,N/A,,Electric,5.79
EMP04787,Airside D,33848,62.28,3,8,Shuttle,S039,Shuttle Bus,1997,Electric,28.03
EMP04788,Sky Connect,33558,10.74,4,1,Bus,N/A,N/A,,N/A,8.59
EMP04789,Airside A,33517,38.24,1,4,Carpool,V379,SUV,1975,Electric,5.74
EMP04790,Sheltair Aviation,34212,46.35,4,18,Shuttle,S020,Shuttle Bus,1993,Diesel,27.81
EMP04791,Sky Connect,34368,44.22,2,11,Shuttle,S035,Shuttle Bus,2022,Diesel,13.27
EMP04792,Airside A,33833,23.67,2,1,Car,V276,Minivan,2013,Gasoline,28.4
EMP04793,Airside A,33581,5.98,1,3,Rideshare,V484,Truck,1989,Gasoline,1.2
EMP04794,Airside C,33827,33.53,3,1,Train,N/A,N/A,,Electric,30.18
EMP04795,Airside E,33538,13.99,1,1,Car,V470,SUV,1972,Diesel,8.39
EMP04796,Airside E,33903,36.32,5,1,Car,V870,Sedan,1972,Electric,108.96
EMP04797,Sky Connect,33955,43.93,4,1,Car,V961,Minivan,1991,Gasoline,105.43
EMP04798,Airside F,33676,44.99,5,1,Train,N/A,N/A,,Electric,67.48
EMP04799,Sheltair Aviation,34279,66.02,4,11,Shuttle,S039,Shuttle Bus,2017,Diesel,39.61
EMP04800,Main Terminal Information Desk,34127,60.29,5,17,Shuttle,S042,Shuttle Bus,2005,Electric,45.22
EMP04801,Main Terminal & Airside Shopping,33513,13.21,2,1,Bus,N/A,N/A,,N/A,5.28
EMP04802,Airside A,33812,26.64,3,1,Car,V363,Sedan,1991,Gasoline,47.95
EMP04803,Airside A,33566,12.97,1,1,Bus,N/A,N/A,,N/A,2.59
EMP04804,Airside C,33542,11.34,2,1,Bus,N/A,N/A,,N/A,4.54
EMP04805,Sky Connect,33713,35.38,1,4,Rideshare,V321,SUV,2020,Electric,5.31
EMP04806,Airside A,33728,20.19,3,1,Train,N/A,N/A,,Electric,18.17
EMP04807,Airside C,34042,49.93,1,1,Train,N/A,N/A,,Electric,14.98
EMP04808,Sheltair Aviation,34300,17.22,3,4,Rideshare,V720,Minivan,1988,Electric,7.75
EMP04809,Airside E,34204,31.07,4,1,Train,N/A,N/A,,Electric,37.28
EMP04810,Main Terminal Restaurants,33626,6.14,1,1,Bus,N/A,N/A,,N/A,1.23
EMP04811,Airside E,33613,7.21,4,1,Bus,N/A,N/A,,N/A,5.77
EMP04812,Airside C,33794,19.26,4,5,Carpool,V868,Minivan,2006,Diesel,9.24
EMP04813,Main Terminal & Airside Shopping,34320,39.8,5,4,Carpool,V237,Sedan,2002,Electric,29.85
EMP04814,Main Terminal & Airside Shopping,34011,21.36,5,1,Bus,N/A,N/A,,N/A,21.36
EMP04815,Airside A,33924,67.26,3,5,Rideshare,V200,Minivan,1979,Diesel,24.21
EMP04816,Sky Connect,34149,23.35,4,1,Train,N/A,N/A,,Electric,28.02
EMP04817,Airside A,34138,25.57,2,3,Carpool,V170,Minivan,1976,Hybrid,10.23
EMP04818,Airside D,33572,7,4,1,Bus,N/A,N/A,,N/A,5.6
EMP04819,Main Terminal Information Desk,33577,6.09,2,1,Bus,N/A,N/A,,N/A,2.44
EMP04820,Airside A,34436,48.32,1,2,Rideshare,V897,Minivan,2019,Gasoline,14.5
EMP04821,Sheltair Aviation,34267,36.01,2,2,Rideshare,V402,SUV,2008,Diesel,21.61
EMP04822,Airside C,33576,12.19,4,1,Train,N/A,N/A,,Electric,14.63
EMP04823,Main Terminal & Airside Shopping,34481,39.81,4,4,Carpool,V961,Sedan,1996,Hybrid,23.89
EMP04824,Main Terminal & Airside Shopping,34545,43.84,4,5,Rideshare,V122,Minivan,1993,Diesel,21.04
EMP04825,Main Terminal & Airside Shopping,34020,29.29,5,1,Train,N/A,N/A,,Electric,43.93
EMP04826,Airside A,34608,38.82,3,1,Car,V598,SUV,2014,Diesel,69.88
EMP04827,Main Terminal & Airside Shopping,33661,55.06,2,19,Shuttle,S049,Shuttle Bus,1993,Electric,16.52
EMP04828,Rental Car Center,33899,18.99,2,2,Carpool,V159,Minivan,1973,Electric,11.39
EMP04829,Main Terminal Restaurants,33543,12.4,2,1,Train,N/A,N/A,,Electric,7.44
EMP04830,Airside C,33602,38.64,3,1,Car,V860,Minivan,1987,Diesel,69.55
EMP04831,Rental Car Center,34612,48.95,1,1,Car,V274,Minivan,1979,Diesel,29.37
EMP04832,Sky Connect,33754,65.55,3,5,Carpool,V120,SUV,1984,Gasoline,23.6
EMP04833,Sky Connect,34694,30.2,4,1,Car,V767,Minivan,2015,Gasoline,72.48
EMP04834,Main Terminal Information Desk,34680,64.7,4,4,Rideshare,V391,Minivan,2017,Electric,38.82
EMP04835,Rental Car Center,34209,24.53,1,1,Train,N/A,N/A,,Electric,7.36
EMP04836,Airside E,33754,30.37,1,5,Carpool,V385,Sedan,2009,Electric,3.64
EMP04837,Main Terminal Restaurants,34614,17.38,3,1,Bus,N/A,N/A,,N/A,10.43
EMP04838,Airside C,33764,16.38,5,1,Train,N/A,N/A,,Electric,24.57
EMP04839,Airside A,34571,24.36,1,1,Bus,N/A,N/A,,N/A,4.87
EMP04840,Airside F,33998,64.46,3,14,Shuttle,S007,Shuttle Bus,2021,Electric,29.01
EMP04841,Airside F,33567,12.88,2,1,Car,V952,Truck,1997,Hybrid,15.46
EMP04842,Main Terminal Information Desk,34357,38.44,4,2,Carpool,V723,Truck,2017,Electric,46.13
EMP04843,Airside F,33614,8.87,5,1,Bus,N/A,N/A,,N/A,8.87
EMP04844,Airside C,33932,32.06,5,1,Car,V501,Sedan,1975,Diesel,96.18
EMP04845,Airside A,33526,37.99,2,1,Car,V178,Minivan,1977,Electric,45.59
EMP04846,Main Terminal Information Desk,33564,9.66,2,3,Rideshare,V327,Minivan,1997,Diesel,3.86
EMP04847,Main Terminal & Airside Shopping,33657,33.07,2,1,Car,V728,Minivan,2010,Hybrid,39.68
EMP04848,Airside D,33592,46.34,1,1,Train,N/A,N/A,,Electric,13.9
EMP04849,Airside D,33996,55.78,5,8,Shuttle,S031,Shuttle Bus,2020,Diesel,41.83
EMP04850,Rental Car Center,33574,11.97,3,4,Rideshare,V615,Truck,2000,Diesel,5.39
EMP04851,Main Terminal Restaurants,34622,45.82,4,11,Shuttle,S049,Shuttle Bus,2001,Diesel,27.49
EMP04852,Airside E,34009,24.84,3,1,Bus,N/A,N/A,,N/A,14.9
EMP04853,Rental Car Center,34159,45.89,2,10,Shuttle,S050,Shuttle Bus,1978,Electric,13.77
EMP04854,Airside C,33558,6.44,3,1,Bus,N/A,N/A,,N/A,3.86
EMP04855,Rental Car Center,34642,64.09,2,13,Shuttle,S005,Shuttle Bus,1990,Electric,19.23
EMP04856,Main Terminal Information Desk,33780,21.29,2,1,Bus,N/A,N/A,,N/A,8.52
EMP04857,Airside E,33639,20.2,2,14,Shuttle,S008,Shuttle Bus,2007,Electric,6.06
EMP04858,Airside F,34097,22.13,5,1,Train,N/A,N/A,,Electric,33.19
EMP04859,Main Terminal Restaurants,34636,30.53,1,3,Rideshare,V425,Truck,1973,Diesel,6.11
EMP04860,Airside C,33670,24.92,4,3,Rideshare,V108,SUV,1980,Electric,19.94
EMP04861,Rental Car Center,34254,24.16,5,1,Bus,N/A,N/A,,N/A,24.16
EMP04862,Rental Car Center,34377,37.7,5,1,Car,V471,Truck,1984,Electric,113.1
EMP04863,Airside E,33565,52.63,3,19,Shuttle,S036,Shuttle Bus,2003,Diesel,23.68
EMP04864,Airside C,33532,11.8,4,1,Bus,N/A,N/A,,N/A,9.44
EMP04865,Main Terminal Restaurants,34320,60.64,1,14,Shuttle,S033,Shuttle Bus,2012,Diesel,9.1
EMP04866,Airside C,33893,36.09,2,5,Carpool,V563,Minivan,2009,Gasoline,8.66
EMP04867,Main Terminal Information Desk,34536,17.42,2,9,Shuttle,S043,Shuttle Bus,2011,Diesel,5.23
EMP04868,Airside D,34125,50.77,2,1,Car,V766,SUV,2008,Diesel,60.92
EMP04869,Sheltair Aviation,34575,54.87,3,2,Carpool,V930,SUV,2012,Gasoline,49.38
EMP04870,Main Terminal & Airside Shopping,33580,9.88,2,10,Shuttle,S028,Shuttle Bus,1975,Electric,2.96
EMP04871,Airside D,34614,35.26,1,1,Car,V764,Sedan,1981,Hybrid,21.16
EMP04872,Airside D,33620,5.32,2,4,Rideshare,V259,Truck,1985,Gasoline,1.6
EMP04873,Airside E,34309,18.45,3,11,Shuttle,S001,Shuttle Bus,2016,Electric,8.3
EMP04874,Main Terminal Information Desk,33749,21.84,3,1,Bus,N/A,N/A,,N/A,13.1
EMP04875,Airside C,33633,36.39,5,14,Shuttle,S022,Shuttle Bus,1982,Electric,27.29
EMP04876,Airside D,34679,34.94,5,1,Car,V205,Truck,1974,Hybrid,104.82
EMP04877,Main Terminal Information Desk,33894,36.01,2,2,Rideshare,V139,Minivan,1991,Hybrid,21.61
EMP04878,Airside D,34212,29.93,2,12,Shuttle,S006,Shuttle Bus,2005,Diesel,8.98
EMP04879,Sky Connect,33644,36.42,4,2,Carpool,V758,Sedan,2002,Diesel,43.7
EMP04880,Main Terminal Restaurants,34110,21.13,3,1,Bus,N/A,N/A,,N/A,12.68
EMP04881,Airside E,33572,5.24,5,17,Shuttle,S003,Shuttle Bus,1989,Diesel,3.93
EMP04882,Airside F,33556,13.44,4,1,Bus,N/A,N/A,,N/A,10.75
EMP04883,Main Terminal & Airside Shopping,33910,19.19,4,1,Train,N/A,N/A,,Electric,23.03
EMP04884,Airside E,34034,17.98,3,1,Train,N/A,N/A,,Electric,16.18
EMP04885,Airside F,33519,11.51,4,1,Train,N/A,N/A,,Electric,13.81
EMP04886,Rental Car Center,34609,46.82,1,2,Rideshare,V723,SUV,1974,Gasoline,14.05
EMP04887,Rental Car Center,34074,54.74,3,3,Carpool,V401,SUV,1993,Gasoline,32.84
EMP04888,Main Terminal & Airside Shopping,33615,9.62,2,1,Bus,N/A,N/A,,N/A,3.85
EMP04889,Airside F,33912,57.12,4,3,Rideshare,V790,Truck,2022,Diesel,45.7
EMP04890,Airside F,34306,29.52,2,5,Rideshare,V855,Sedan,2001,Electric,7.08
EMP04891,Main Terminal & Airside Shopping,33623,26.64,3,1,Train,N/A,N/A,,Electric,23.98
EMP04892,Sky Connect,34152,24.56,3,1,Bus,N/A,N/A,,N/A,14.74
EMP04893,Airside E,34341,18.04,2,3,Rideshare,V667,SUV,2006,Hybrid,7.22
EMP04894,Main Terminal Restaurants,34050,47.15,4,1,Car,V448,SUV,2017,Gasoline,113.16
EMP04895,Rental Car Center,34113,16.23,2,4,Rideshare,V963,Minivan,1979,Gasoline,4.87
EMP04896,Airside F,34364,36.89,4,1,Train,N/A,N/A,,Electric,44.27
EMP04897,Airside D,33696,39.53,2,4,Rideshare,V514,Minivan,2009,Hybrid,11.86
EMP04898,Airside A,34625,31.78,4,2,Rideshare,V104,SUV,2015,Gasoline,38.14
EMP04899,Rental Car Center,34061,44.64,3,1,Train,N/A,N/A,,Electric,40.18
EMP04900,Airside E,34488,16.89,5,1,Train,N/A,N/A,,Electric,25.34
EMP04901,Airside F,34272,60.28,3,5,Rideshare,V540,Minivan,1975,Electric,21.7
EMP04902,Rental Car Center,34686,31.98,5,1,Train,N/A,N/A,,Electric,47.97
EMP04903,Airside D,34392,18.12,1,1,Bus,N/A,N/A,,N/A,3.62
EMP04904,Airside C,33563,12.64,1,1,Bus,N/A,N/A,,N/A,2.53
EMP04905,Rental Car Center,34097,23.32,1,1,Car,V184,Minivan,2019,Gasoline,13.99
EMP04906,Airside A,34417,46.48,5,4,Carpool,V444,Sedan,2009,Electric,34.86
EMP04907,Main Terminal Information Desk,34167,47.52,4,5,Rideshare,V768,Sedan,2010,Hybrid,22.81
EMP04908,Airside C,34412,27.08,5,1,Train,N/A,N/A,,Electric,40.62
EMP04909,Airside A,33570,13.37,1,14,Shuttle,S043,Shuttle Bus,1990,Electric,2.01
EMP04910,Airside D,33965,27.83,2,1,Train,N/A,N/A,,Electric,16.7
EMP04911,Airside D,33628,8.21,2,13,Shuttle,S041,Shuttle Bus,1999,Electric,2.46
EMP04912,Rental Car Center,33538,40.65,3,1,Train,N/A,N/A,,Electric,36.58
EMP04913,Airside D,34337,37.37,1,4,Rideshare,V977,Minivan,1993,Diesel,5.61
EMP04914,Main Terminal Information Desk,33840,24.87,3,2,Rideshare,V282,Truck,1980,Electric,22.38
EMP04915,Airside C,33906,22.34,5,1,Bus,N/A,N/A,,N/A,22.34
EMP04916,Main Terminal Restaurants,34171,18.46,1,1,Bus,N/A,N/A,,N/A,3.69
EMP04917,Airside A,33637,8.05,3,2,Carpool,V651,SUV,2003,Hybrid,7.25
EMP04918,Main Terminal Information Desk,33556,10.81,2,1,Bus,N/A,N/A,,N/A,4.32
EMP04919,Airside D,34342,45.29,1,1,Train,N/A,N/A,,Electric,13.59
EMP04920,Airside F,34056,15.88,3,1,Train,N/A,N/A,,Electric,14.29
EMP04921,Main Terminal & Airside Shopping,34289,38.44,1,1,Train,N/A,N/A,,Electric,11.53
EMP04922,Airside F,33952,68.27,5,4,Rideshare,V837,Sedan,1987,Gasoline,51.2
EMP04923,Airside A,34399,53.93,2,1,Car,V715,Minivan,2003,Hybrid,64.72
EMP04924,Airside C,33503,46.33,2,1,Train,N/A,N/A,,Electric,27.8
EMP04925,Airside D,33526,11.05,5,13,Shuttle,S046,Shuttle Bus,1983,Electric,8.29
EMP04926,Main Terminal Information Desk,34472,62.69,5,5,Rideshare,V321,Sedan,1985,Electric,37.61
EMP04927,Main Terminal Restaurants,33661,15.82,2,1,Bus,N/A,N/A,,N/A,6.33
EMP04928,Airside F,34019,49.02,4,11,Shuttle,S020,Shuttle Bus,2014,Electric,29.41
EMP04929,Airside F,34325,38.08,5,12,Shuttle,S033,Shuttle Bus,2004,Electric,28.56
EMP04930,Airside F,33808,67.98,1,2,Carpool,V327,SUV,1983,Hybrid,20.39
EMP04931,Main Terminal Information Desk,34476,46.74,4,9,Shuttle,S046,Shuttle Bus,1999,Diesel,28.04
EMP04932,Main Terminal Information Desk,33546,13.22,1,5,Carpool,V987,Truck,1985,Hybrid,1.59
EMP04933,Main Terminal Information Desk,33917,23.06,4,1,Bus,N/A,N/A,,N/A,18.45
EMP04934,Sheltair Aviation,34357,22.01,2,1,Bus,N/A,N/A,,N/A,8.8
EMP04935,Airside F,33576,13.29,4,1,Bus,N/A,N/A,,N/A,10.63
EMP04936,Main Terminal Restaurants,33578,12.31,1,16,Shuttle,S039,Shuttle Bus,2013,Electric,1.85
EMP04937,Main Terminal Information Desk,34058,44.11,4,4,Rideshare,V765,Truck,2009,Diesel,26.47
EMP04938,Airside D,33783,35.71,3,1,Train,N/A,N/A,,Electric,32.14
EMP04939,Rental Car Center,34441,60.24,2,5,Rideshare,V999,Truck,2015,Gasoline,14.46
EMP04940,Airside F,33567,13.72,4,1,Bus,N/A,N/A,,N/A,10.98
EMP04941,Main Terminal & Airside Shopping,34076,39.95,4,1,Train,N/A,N/A,,Electric,47.94
EMP04942,Airside A,34483,58.82,2,2,Rideshare,V578,Minivan,1995,Hybrid,35.29
EMP04943,Airside C,33594,7.52,5,5,Rideshare,V405,SUV,1973,Gasoline,4.51
EMP04944,Airside C,33925,38.06,4,3,Rideshare,V736,Sedan,2004,Gasoline,30.45
EMP04945,Airside A,34068,65.76,1,17,Shuttle,S048,Shuttle Bus,2017,Diesel,9.86
EMP04946,Main Terminal & Airside Shopping,34583,26.17,4,4,Rideshare,V347,SUV,1994,Hybrid,15.7
EMP04947,Airside D,34365,62.03,2,4,Rideshare,V351,Truck,1996,Hybrid,18.61
EMP04948,Airside E,34380,57.31,2,5,Carpool,V746,Sedan,2019,Gasoline,13.75
EMP04949,Airside A,34668,60.55,4,2,Rideshare,V171,Sedan,1986,Gasoline,72.66
EMP04950,Airside F,34410,27.67,5,4,Rideshare,V180,Sedan,1974,Electric,20.75
EMP04951,Main Terminal Restaurants,33578,10.42,1,1,Car,V799,Sedan,1985,Hybrid,6.25
EMP04952,Sky Connect,34322,63.26,4,4,Carpool,V178,Minivan,2018,Hybrid,37.96
EMP04953,Airside D,34426,18.34,4,1,Bus,N/A,N/A,,N/A,14.67
EMP04954,Airside C,34546,46.46,4,1,Train,N/A,N/A,,Electric,55.75
EMP04955,Main Terminal Information Desk,34492,27.47,1,12,Shuttle,S047,Shuttle Bus,2018,Electric,4.12
EMP04956,Main Terminal & Airside Shopping,33864,20.36,4,16,Shuttle,S046,Shuttle Bus,1998,Diesel,12.22
EMP04957,Main Terminal Restaurants,34327,30.48,2,13,Shuttle,S022,Shuttle Bus,1976,Electric,9.14
EMP04958,Airside A,33638,40.67,5,1,Train,N/A,N/A,,Electric,61.01
EMP04959,Airside D,34023,27.79,2,19,Shuttle,S045,Shuttle Bus,2000,Diesel,8.34
EMP04960,Airside A,33927,27.5,2,17,Shuttle,S032,Shuttle Bus,2018,Electric,8.25
EMP04961,Airside D,33585,5.02,3,1,Car,V796,Minivan,1983,Diesel,9.04
EMP04962,Rental Car Center,33857,37.04,4,1,Train,N/A,N/A,,Electric,44.45
EMP04963,Airside E,33675,21.17,3,1,Car,V168,Truck,1980,Diesel,38.11
EMP04964,Airside C,34270,42.24,4,1,Train,N/A,N/A,,Electric,50.69
EMP04965,Airside A,34486,23.18,4,4,Rideshare,V318,SUV,1973,Gasoline,13.91
EMP04966,Airside D,34251,19.18,5,1,Bus,N/A,N/A,,N/A,19.18
EMP04967,Airside E,33588,6.37,4,4,Rideshare,V102,SUV,1987,Diesel,3.82
EMP04968,Main Terminal Restaurants,34133,19.65,3,1,Train,N/A,N/A,,Electric,17.68
EMP04969,Airside C,33536,10.1,2,1,Car,V760,Minivan,2022,Diesel,12.12
EMP04970,Main Terminal Restaurants,34332,63.12,5,1,Car,V417,Minivan,1988,Electric,189.36
EMP04971,Main Terminal Information Desk,33684,40.79,1,3,Rideshare,V475,SUV,1972,Gasoline,8.16
EMP04972,Sky Connect,33836,25.13,2,8,Shuttle,S023,Shuttle Bus,2022,Electric,7.54
EMP04973,Airside F,34594,56.52,4,4,Rideshare,V457,Sedan,2011,Diesel,33.91
EMP04974,Rental Car Center,34293,26.07,5,1,Train,N/A,N/A,,Electric,39.1
EMP04975,Sheltair Aviation,33620,9.96,1,5,Carpool,V451,Truck,2015,Gasoline,1.2
EMP04976,Rental Car Center,33655,49.37,3,1,Train,N/A,N/A,,Electric,44.43
EMP04977,Airside E,34223,25.34,4,1,Train,N/A,N/A,,Electric,30.41
EMP04978,Main Terminal Restaurants,34327,16.09,1,1,Train,N/A,N/A,,Electric,4.83
EMP04979,Main Terminal Information Desk,33940,48.34,5,3,Rideshare,V974,SUV,1981,Gasoline,48.34
EMP04980,Rental Car Center,33647,21.86,3,2,Carpool,V300,Sedan,2012,Gasoline,19.67
EMP04981,Airside D,33541,14.08,2,1,Bus,N/A,N/A,,N/A,5.63
EMP04982,Airside E,34138,61.12,5,10,Shuttle,S011,Shuttle Bus,1989,Diesel,45.84
EMP04983,Rental Car Center,33995,69.79,5,5,Rideshare,V960,Sedan,2019,Gasoline,41.87
EMP04984,Airside E,34143,39.95,5,1,Car,V583,SUV,1991,Diesel,119.85
EMP04985,Airside D,34168,22.29,1,1,Car,V190,Minivan,1992,Diesel,13.37
EMP04986,Airside F,34229,30.66,3,1,Car,V300,Truck,1980,Gasoline,55.19
EMP04987,Airside C,33532,14.79,2,2,Rideshare,V927,Sedan,1996,Hybrid,8.87
EMP04988,Airside D,34403,49.73,4,1,Car,V787,Sedan,2003,Gasoline,119.35
EMP04989,Airside A,33554,10.81,4,1,Train,N/A,N/A,,Electric,12.97
EMP04990,Rental Car Center,34196,18.21,3,1,Train,N/A,N/A,,Electric,16.39
EMP04991,Main Terminal Restaurants,33563,14.74,4,1,Bus,N/A,N/A,,N/A,11.79
EMP04992,Airside F,34121,62.09,3,13,Shuttle,S008,Shuttle Bus,1976,Diesel,27.94
EMP04993,Rental Car Center,33852,22.11,1,1,Train,N/A,N/A,,Electric,6.63
EMP04994,Main Terminal & Airside Shopping,34093,28.71,5,1,Train,N/A,N/A,,Electric,43.06
EMP04995,Main Terminal Restaurants,34191,22.73,1,5,Carpool,V732,Sedan,2001,Gasoline,2.73
EMP04996,Airside A,33598,7.39,1,1,Bus,N/A,N/A,,N/A,1.48
EMP04997,Sheltair Aviation,33754,21.05,5,1,Bus,N/A,N/A,,N/A,21.05
EMP04998,Airside A,33834,21.05,5,1,Car,V780,SUV,1972,Hybrid,63.15
EMP04999,Airside E,34596,31.26,1,14,Shuttle,S010,Shuttle Bus,1996,Electric,4.69
EMP05000,Sky Connect,34522,66.32,2,2,Carpool,V753,Truck,1997,Electric,39.79
EMP05001,Airside E,34344,23.44,4,17,Shuttle,S010,Shuttle Bus,1987,Diesel,14.06
EMP05002,Sky Connect,34673,55.6,3,5,Carpool,V863,Sedan,1995,Gasoline,20.02
EMP05003,Airside A,33784,34.25,5,3,Rideshare,V604,Truck,1986,Diesel,34.25
EMP05004,Airside E,33514,11.37,4,1,Train,N/A,N/A,,Electric,13.64
EMP05005,Airside F,33595,37.34,2,2,Carpool,V965,Minivan,1998,Hybrid,22.4
EMP05006,Sky Connect,33763,65.09,5,5,Rideshare,V924,Truck,1994,Diesel,39.05
EMP05007,Sky Connect,33526,12.3,1,1,Bus,N/A,N/A,,N/A,2.46
EMP05008,Rental Car Center,34185,33.11,1,4,Rideshare,V834,SUV,1975,Gasoline,4.97
EMP05009,Main Terminal Restaurants,33547,68.24,5,20,Shuttle,S046,Shuttle Bus,2013,Diesel,51.18
EMP05010,Sheltair Aviation,33532,42.22,4,1,Train,N/A,N/A,,Electric,50.66
EMP05011,Main Terminal & Airside Shopping,33620,8.79,3,1,Car,V277,Sedan,2003,Diesel,15.82
EMP05012,Airside D,34234,61.84,4,1,Car,V588,Truck,1997,Hybrid,148.42
EMP05013,Main Terminal Information Desk,34254,19.77,5,1,Bus,N/A,N/A,,N/A,19.77
EMP05014,Airside A,34073,26.81,5,8,Shuttle,S006,Shuttle Bus,2003,Electric,20.11
EMP05015,Main Terminal & Airside Shopping,33534,13.14,3,1,Bus,N/A,N/A,,N/A,7.88
EMP05016,Airside A,34174,34.9,4,1,Car,V541,Truck,1973,Diesel,83.76
EMP05017,Airside F,34507,35.92,5,1,Train,N/A,N/A,,Electric,53.88
EMP05018,Sky Connect,33564,10.73,5,1,Train,N/A,N/A,,Electric,16.09
EMP05019,Main Terminal & Airside Shopping,33651,47.51,4,3,Rideshare,V498,SUV,1993,Gasoline,38.01
EMP05020,Main Terminal & Airside Shopping,33594,25.14,2,10,Shuttle,S006,Shuttle Bus,2012,Diesel,7.54
EMP05021,Airside F,33518,49.78,4,1,Train,N/A,N/A,,Electric,59.74
EMP05022,Airside D,33543,14.64,5,1,Bus,N/A,N/A,,N/A,14.64
EMP05023,Sheltair Aviation,33594,20.12,1,1,Bus,N/A,N/A,,N/A,4.02
EMP05024,Airside F,33971,28.09,1,1,Train,N/A,N/A,,Electric,8.43
EMP05025,Main Terminal Restaurants,33616,7.81,3,1,Car,V847,Truck,1981,Diesel,14.06
EMP05026,Sky Connect,34130,43.51,5,4,Carpool,V703,Sedan,2000,Gasoline,32.63
EMP05027,Airside D,33556,5.87,5,1,Bus,N/A,N/A,,N/A,5.87
EMP05028,Main Terminal Restaurants,33825,20.38,3,5,Carpool,V702,SUV,2020,Hybrid,7.34
EMP05029,Airside C,33940,67.9,4,15,Shuttle,S041,Shuttle Bus,1983,Diesel,40.74
EMP05030,Rental Car Center,34362,18.09,2,3,Rideshare,V108,Minivan,2015,Hybrid,7.24
EMP05031,Sky Connect,34582,49.85,4,1,Train,N/A,N/A,,Electric,59.82
EMP05032,Main Terminal & Airside Shopping,33897,17.43,4,3,Rideshare,V892,Truck,1986,Diesel,13.94
EMP05033,Airside E,33576,12.68,2,1,Train,N/A,N/A,,Electric,7.61
EMP05034,Airside A,33577,6.83,5,1,Car,V351,SUV,1981,Hybrid,20.49
EMP05035,Airside F,34544,39.32,4,1,Car,V537,Truck,2010,Hybrid,94.37
EMP05036,Sheltair Aviation,34394,19.48,4,1,Bus,N/A,N/A,,N/A,15.58
EMP05037,Sheltair Aviation,33552,9.24,5,1,Bus,N/A,N/A,,N/A,9.24
EMP05038,Rental Car Center,33591,7.1,3,1,Bus,N/A,N/A,,N/A,4.26
EMP05039,Sky Connect,34074,49.75,4,4,Carpool,V950,Truck,1992,Electric,29.85
EMP05040,Main Terminal Restaurants,34231,38.61,1,3,Carpool,V183,SUV,1983,Electric,7.72
EMP05041,Main Terminal Restaurants,34530,57.28,3,3,Rideshare,V381,Minivan,1980,Electric,34.37
EMP05042,Airside D,33631,5.7,1,1,Car,V639,Truck,1999,Electric,3.42
EMP05043,Sheltair Aviation,33549,12.36,4,5,Carpool,V959,Sedan,2016,Gasoline,5.93
EMP05044,Rental Car Center,33562,14.9,4,1,Train,N/A,N/A,,Electric,17.88
EMP05045,Airside D,34332,39.71,2,4,Rideshare,V906,Truck,1995,Hybrid,11.91
EMP05046,Airside C,33728,42.96,4,4,Rideshare,V551,Minivan,1997,Electric,25.78
EMP05047,Airside F,33602,36.33,1,20,Shuttle,S037,Shuttle Bus,1987,Diesel,5.45
EMP05048,Main Terminal Restaurants,33557,9.54,5,10,Shuttle,S008,Shuttle Bus,2021,Electric,7.15
EMP05049,Airside F,34170,66.43,1,1,Car,V767,Minivan,1978,Diesel,39.86
EMP05050,Airside E,34573,64.25,2,3,Rideshare,V877,Truck,1979,Diesel,25.7
EMP05051,Airside D,34482,48.63,5,10,Shuttle,S025,Shuttle Bus,2010,Electric,36.47
EMP05052,Sky Connect,34564,54.66,5,1,Car,V546,Truck,1993,Gasoline,163.98
EMP05053,Airside C,34062,53.01,5,8,Shuttle,S001,Shuttle Bus,2016,Diesel,39.76
EMP05054,Airside F,33647,45.71,5,2,Rideshare,V991,Truck,1978,Diesel,68.56
EMP05055,Main Terminal Information Desk,34579,52.86,2,13,Shuttle,S026,Shuttle Bus,1974,Electric,15.86
EMP05056,Main Terminal Information Desk,34168,47.65,3,1,Car,V379,Truck,1992,Electric,85.77
EMP05057,Airside A,34304,55.35,2,3,Rideshare,V729,Sedan,2005,Electric,22.14
EMP05058,Main Terminal Information Desk,34515,65.68,4,3,Rideshare,V149,SUV,2006,Hybrid,52.54
EMP05059,Airside F,33684,17.52,3,1,Bus,N/A,N/A,,N/A,10.51
EMP05060,Airside C,34586,45.65,2,1,Train,N/A,N/A,,Electric,27.39
EMP05061,Main Terminal Restaurants,33870,15.11,4,1,Bus,N/A,N/A,,N/A,12.09
EMP05062,Sky Connect,33518,10.01,1,3,Rideshare,V428,Truck,2003,Diesel,2
EMP05063,Sky Connect,34429,55.05,1,5,Carpool,V995,Truck,2004,Hybrid,6.61
EMP05064,Sky Connect,34354,20.55,1,3,Carpool,V526,SUV,1992,Hybrid,4.11
EMP05065,Airside F,34314,45.61,3,1,Train,N/A,N/A,,Electric,41.05
EMP05066,Main Terminal Information Desk,34153,22.57,5,12,Shuttle,S048,Shuttle Bus,1985,Electric,16.93
EMP05067,Airside A,33601,15.17,5,1,Bus,N/A,N/A,,N/A,15.17
EMP05068,Main Terminal Information Desk,34580,25.7,1,2,Rideshare,V567,Sedan,1977,Electric,7.71
EMP05069,Main Terminal Restaurants,34114,25.44,1,3,Rideshare,V198,Truck,2008,Hybrid,5.09
EMP05070,Rental Car Center,33705,52.91,3,3,Carpool,V382,Minivan,2009,Diesel,31.75
EMP05071,Sky Connect,34188,31.71,2,16,Shuttle,S043,Shuttle Bus,1999,Electric,9.51
EMP05072,Airside D,33563,14.99,4,1,Bus,N/A,N/A,,N/A,11.99
EMP05073,Main Terminal Restaurants,33512,13.77,3,1,Bus,N/A,N/A,,N/A,8.26
EMP05074,Main Terminal Information Desk,34167,44.72,3,1,Car,V842,Truck,1977,Hybrid,80.5
EMP05075,Sheltair Aviation,34126,54.16,2,18,Shuttle,S015,Shuttle Bus,1995,Electric,16.25
EMP05076,Sky Connect,33771,23.1,4,1,Bus,N/A,N/A,,N/A,18.48
EMP05077,Main Terminal Restaurants,33920,21.36,5,1,Bus,N/A,N/A,,N/A,21.36
EMP05078,Airside E,34091,27.51,1,17,Shuttle,S050,Shuttle Bus,1992,Diesel,4.13
EMP05079,Main Terminal Information Desk,34167,19.99,2,1,Bus,N/A,N/A,,N/A,8
EMP05080,Airside C,33567,11.29,2,4,Rideshare,V227,Minivan,1997,Gasoline,3.39
EMP05081,Sheltair Aviation,33752,67.52,1,1,Car,V758,Truck,2017,Hybrid,40.51
EMP05082,Main Terminal Information Desk,34152,20.41,2,1,Bus,N/A,N/A,,N/A,8.16
EMP05083,Rental Car Center,34093,18.68,2,2,Rideshare,V236,Minivan,2013,Diesel,11.21
EMP05084,Main Terminal Restaurants,34368,26.11,4,4,Rideshare,V206,Truck,1975,Diesel,15.67
EMP05085,Main Terminal Restaurants,33695,31.62,4,4,Rideshare,V646,Minivan,2000,Hybrid,18.97
EMP05086,Sheltair Aviation,34143,36.56,4,3,Rideshare,V343,SUV,1996,Diesel,29.25
EMP05087,Sky Connect,34631,64.94,3,4,Rideshare,V954,Sedan,2018,Hybrid,29.22
EMP05088,Main Terminal Information Desk,34555,16.43,5,12,Shuttle,S024,Shuttle Bus,1996,Diesel,12.32
EMP05089,Sheltair Aviation,33646,15.04,4,1,Bus,N/A,N/A,,N/A,12.03
EMP05090,Airside E,33740,34.2,3,1,Train,N/A,N/A,,Electric,30.78
EMP05091,Airside F,34044,16.2,2,1,Bus,N/A,N/A,,N/A,6.48
EMP05092,Airside F,33503,36.62,3,15,Shuttle,S020,Shuttle Bus,1972,Diesel,16.48
EMP05093,Main Terminal Information Desk,34376,16.47,3,1,Car,V748,Minivan,2010,Gasoline,29.65
EMP05094,Airside D,34501,62.63,4,18,Shuttle,S047,Shuttle Bus,1975,Diesel,37.58
EMP05095,Airside D,33552,13.52,5,1,Car,V685,Truck,2022,Hybrid,40.56
EMP05096,Airside A,34569,28.62,2,1,Train,N/A,N/A,,Electric,17.17
EMP05097,Airside D,33814,22.23,4,2,Rideshare,V126,Minivan,1990,Diesel,26.68
EMP05098,Rental Car Center,33510,12.38,1,1,Bus,N/A,N/A,,N/A,2.48
EMP05099,Airside C,33628,7.71,3,1,Bus,N/A,N/A,,N/A,4.63
EMP05100,Sheltair Aviation,33714,38.7,1,1,Car,V867,Minivan,1985,Gasoline,23.22
EMP05101,Main Terminal & Airside Shopping,34115,23.3,5,1,Bus,N/A,N/A,,N/A,23.3
EMP05102,Rental Car Center,34448,24.07,4,1,Car,V641,SUV,1976,Hybrid,57.77
EMP05103,Main Terminal Restaurants,33882,21.43,1,14,Shuttle,S008,Shuttle Bus,1978,Electric,3.21
EMP05104,Rental Car Center,34411,54.42,5,5,Carpool,V793,Minivan,2010,Diesel,32.65
EMP05105,Main Terminal Restaurants,33991,34.66,4,5,Carpool,V789,Truck,1994,Hybrid,16.64
EMP05106,Sky Connect,33656,20.69,4,1,Train,N/A,N/A,,Electric,24.83
EMP05107,Main Terminal Information Desk,33762,38.09,4,1,Car,V646,SUV,2009,Diesel,91.42
EMP05108,Airside D,33972,55.81,2,1,Car,V939,Truck,1998,Gasoline,66.97
EMP05109,Airside F,33652,32.63,1,1,Train,N/A,N/A,,Electric,9.79
EMP05110,Airside D,34134,51.46,1,5,Carpool,V604,SUV,1978,Hybrid,6.18
EMP05111,Rental Car Center,33960,64.3,4,5,Carpool,V591,Truck,1986,Electric,30.86
EMP05112,Main Terminal Information Desk,34628,20.91,3,1,Car,V300,Sedan,1982,Gasoline,37.64
EMP05113,Sheltair Aviation,33967,40.15,4,1,Car,V892,Truck,1997,Electric,96.36
EMP05114,Main Terminal Restaurants,34298,45.8,2,1,Train,N/A,N/A,,Electric,27.48
EMP05115,Airside A,34201,48.88,2,1,Train,N/A,N/A,,Electric,29.33
EMP05116,Airside E,34464,60.86,4,11,Shuttle,S038,Shuttle Bus,1975,Electric,36.52
EMP05117,Airside C,34378,42.02,5,5,Carpool,V190,Sedan,1989,Diesel,25.21
EMP05118,Sheltair Aviation,33654,41.5,2,3,Carpool,V741,Truck,2004,Diesel,16.6
EMP05119,Main Terminal Restaurants,33721,33.76,4,2,Carpool,V908,Minivan,1981,Diesel,40.51
EMP05120,Main Terminal Restaurants,34307,31.76,3,1,Train,N/A,N/A,,Electric,28.58
EMP05121,Main Terminal Restaurants,33542,11.77,3,1,Bus,N/A,N/A,,N/A,7.06
EMP05122,Main Terminal & Airside Shopping,34267,35.77,2,3,Rideshare,V386,Truck,1974,Hybrid,14.31
EMP05123,Airside C,33699,50.23,5,1,Car,V187,Truck,1985,Diesel,150.69
EMP05124,Main Terminal & Airside Shopping,34602,18.24,2,1,Bus,N/A,N/A,,N/A,7.3
EMP05125,Airside A,33618,33.21,3,10,Shuttle,S014,Shuttle Bus,1995,Diesel,14.94
EMP05126,Rental Car Center,34550,55.67,4,5,Carpool,V899,Truck,2019,Gasoline,26.72
EMP05127,Sky Connect,33541,12.78,4,2,Rideshare,V786,Minivan,2021,Diesel,15.34
EMP05128,Airside E,34034,50.2,1,1,Car,V303,SUV,2008,Diesel,30.12
EMP05129,Main Terminal Restaurants,33564,8.06,1,2,Rideshare,V553,SUV,1998,Diesel,2.42
EMP05130,Sky Connect,33900,36.21,4,2,Carpool,V620,Sedan,1986,Electric,43.45
EMP05131,Main Terminal & Airside Shopping,33650,15.59,4,5,Rideshare,V531,Sedan,1975,Electric,7.48
EMP05132,Main Terminal & Airside Shopping,33985,60.47,5,1,Car,V486,Minivan,1972,Diesel,181.41
EMP05133,Rental Car Center,34362,59.16,1,5,Rideshare,V805,Minivan,2017,Gasoline,7.1
EMP05134,Sheltair Aviation,33755,23.08,2,1,Bus,N/A,N/A,,N/A,9.23
EMP05135,Main Terminal Information Desk,34664,25.84,1,4,Carpool,V674,Minivan,1988,Gasoline,3.88
EMP05136,Sheltair Aviation,33623,8.28,1,5,Rideshare,V145,SUV,2018,Diesel,0.99
EMP05137,Sheltair Aviation,34172,68.9,4,4,Carpool,V362,Minivan,1992,Electric,41.34
EMP05138,Main Terminal Information Desk,34321,33.89,1,2,Rideshare,V430,Sedan,1982,Diesel,10.17
EMP05139,Rental Car Center,34059,26.18,1,14,Shuttle,S037,Shuttle Bus,1972,Diesel,3.93
EMP05140,Rental Car Center,33531,48.55,4,18,Shuttle,S015,Shuttle Bus,1984,Electric,29.13
EMP05141,Airside E,33655,26.24,1,5,Rideshare,V665,Sedan,2002,Gasoline,3.15
EMP05142,Main Terminal Restaurants,33520,13.17,5,1,Train,N/A,N/A,,Electric,19.75
EMP05143,Airside F,33568,8.83,5,1,Bus,N/A,N/A,,N/A,8.83
EMP05144,Rental Car Center,33509,12.72,4,1,Bus,N/A,N/A,,N/A,10.18
EMP05145,Main Terminal Information Desk,34180,36.52,2,2,Rideshare,V168,SUV,2018,Diesel,21.91
EMP05146,Sheltair Aviation,34261,22.91,2,1,Bus,N/A,N/A,,N/A,9.16
EMP05147,Airside E,33567,7.52,1,1,Bus,N/A,N/A,,N/A,1.5
EMP05148,Airside E,33511,13.01,4,1,Car,V475,Minivan,1978,Hybrid,31.22
EMP05149,Sky Connect,33627,6.93,2,1,Car,V303,SUV,1981,Hybrid,8.32
EMP05150,Sky Connect,33893,61.88,5,4,Carpool,V104,Sedan,2001,Electric,46.41
EMP05151,Main Terminal Restaurants,33549,13.63,2,1,Bus,N/A,N/A,,N/A,5.45
EMP05152,Airside C,34255,20.27,3,1,Bus,N/A,N/A,,N/A,12.16
EMP05153,Airside D,34008,24.85,5,1,Bus,N/A,N/A,,N/A,24.85
EMP05154,Main Terminal Restaurants,33833,47.84,1,1,Car,V411,Sedan,1996,Gasoline,28.7
EMP05155,Airside C,33574,8.48,5,3,Carpool,V685,Sedan,1999,Hybrid,8.48
EMP05156,Main Terminal Restaurants,34487,34.9,5,1,Train,N/A,N/A,,Electric,52.35
EMP05157,Rental Car Center,34007,18.31,1,1,Train,N/A,N/A,,Electric,5.49
EMP05158,Main Terminal Restaurants,33704,30.16,4,1,Train,N/A,N/A,,Electric,36.19
EMP05159,Main Terminal Information Desk,34551,15.9,1,1,Bus,N/A,N/A,,N/A,3.18
EMP05160,Airside A,34404,23.43,1,4,Carpool,V158,Minivan,2018,Hybrid,3.51
EMP05161,Airside C,33509,41.06,3,5,Carpool,V195,Truck,1983,Electric,14.78
EMP05162,Airside D,34637,38.89,2,1,Train,N/A,N/A,,Electric,23.33
EMP05163,Rental Car Center,33565,10.07,2,3,Rideshare,V672,Minivan,1996,Hybrid,4.03
EMP05164,Airside C,33559,12.57,4,1,Train,N/A,N/A,,Electric,15.08
EMP05165,Main Terminal Information Desk,33680,17.86,4,1,Bus,N/A,N/A,,N/A,14.29
EMP05166,Airside A,34015,16.75,3,1,Bus,N/A,N/A,,N/A,10.05
EMP05167,Airside D,33977,63.23,5,5,Rideshare,V754,Sedan,1990,Electric,37.94
EMP05168,Airside F,33962,36.69,2,1,Car,V370,SUV,2000,Electric,44.03
EMP05169,Main Terminal Information Desk,34196,67.8,4,4,Rideshare,V898,Sedan,1980,Gasoline,40.68
EMP05170,Airside D,33644,15.16,3,1,Train,N/A,N/A,,Electric,13.64
EMP05171,Rental Car Center,33739,32.97,4,3,Rideshare,V452,Sedan,2007,Electric,26.38
EMP05172,Airside A,34537,29.28,3,3,Rideshare,V565,Sedan,2020,Hybrid,17.57
EMP05173,Rental Car Center,33611,7.64,3,20,Shuttle,S027,Shuttle Bus,1991,Diesel,3.44
EMP05174,Airside C,34554,21.68,1,1,Car,V501,Minivan,2014,Hybrid,13.01
EMP05175,Main Terminal Information Desk,34419,24.34,3,4,Rideshare,V572,Truck,1975,Diesel,10.95
EMP05176,Sky Connect,33857,26.1,4,1,Train,N/A,N/A,,Electric,31.32
EMP05177,Airside E,33576,8.03,5,1,Bus,N/A,N/A,,N/A,8.03
EMP05178,Airside D,34096,27.67,3,1,Train,N/A,N/A,,Electric,24.9
EMP05179,Sheltair Aviation,34687,55.09,2,1,Car,V723,Sedan,1982,Hybrid,66.11
EMP05180,Sheltair Aviation,33552,12.25,5,1,Bus,N/A,N/A,,N/A,12.25
EMP05181,Main Terminal & Airside Shopping,33598,9.32,4,1,Car,V986,SUV,1987,Electric,22.37
EMP05182,Airside C,34339,47.57,5,3,Carpool,V134,Minivan,1972,Electric,47.57
EMP05183,Main Terminal Information Desk,33555,11.41,4,1,Bus,N/A,N/A,,N/A,9.13
EMP05184,Main Terminal Information Desk,34666,61.4,2,1,Car,V247,Minivan,1983,Electric,73.68
EMP05185,Airside F,33932,15.64,4,1,Bus,N/A,N/A,,N/A,12.51
EMP05186,Main Terminal Information Desk,33612,36.35,1,1,Car,V877,Minivan,1986,Diesel,21.81
EMP05187,Main Terminal Restaurants,33620,9.42,2,1,Car,V276,Minivan,1998,Diesel,11.3
EMP05188,Sheltair Aviation,34605,53.28,4,1,Car,V394,SUV,2002,Diesel,127.87
EMP05189,Airside E,33662,17.29,2,3,Carpool,V320,SUV,2017,Diesel,6.92
EMP05190,Airside D,34321,42.45,4,2,Rideshare,V954,Sedan,2003,Electric,50.94
EMP05191,Rental Car Center,34316,61.01,2,2,Rideshare,V770,Truck,2016,Diesel,36.61
EMP05192,Airside F,33591,8.66,4,5,Rideshare,V713,SUV,2017,Hybrid,4.16
EMP05193,Airside C,33996,69.53,5,4,Carpool,V832,Minivan,1987,Gasoline,52.15
EMP05194,Airside A,33582,6,3,1,Bus,N/A,N/A,,N/A,3.6
EMP05195,Sky Connect,34151,20.74,3,1,Train,N/A,N/A,,Electric,18.67
EMP05196,Sky Connect,34058,18.08,3,1,Bus,N/A,N/A,,N/A,10.85
EMP05197,Airside C,34565,39.69,5,1,Car,V362,Sedan,2019,Diesel,119.07
EMP05198,Main Terminal Restaurants,34584,38.09,3,3,Rideshare,V431,Sedan,1988,Diesel,22.85
EMP05199,Main Terminal Information Desk,33826,15.25,3,1,Bus,N/A,N/A,,N/A,9.15
EMP05200,Main Terminal Restaurants,34431,22.41,1,5,Rideshare,V657,Minivan,2012,Electric,2.69
EMP05201,Airside A,33968,45.27,2,8,Shuttle,S047,Shuttle Bus,2014,Diesel,13.58
EMP05202,Airside E,33653,55.53,2,1,Car,V135,Minivan,1998,Gasoline,66.64
EMP05203,Rental Car Center,34368,26.41,3,16,Shuttle,S027,Shuttle Bus,2020,Diesel,11.88
EMP05204,Rental Car Center,33577,10.54,2,1,Train,N/A,N/A,,Electric,6.32
EMP05205,Main Terminal Information Desk,34547,16.49,5,1,Train,N/A,N/A,,Electric,24.73
EMP05206,Airside E,33915,49.4,4,1,Train,N/A,N/A,,Electric,59.28
EMP05207,Airside C,33622,9.94,2,4,Rideshare,V916,Truck,1990,Electric,2.98
EMP05208,Airside E,34470,49.4,1,1,Train,N/A,N/A,,Electric,14.82
EMP05209,Sheltair Aviation,34134,47.83,4,1,Train,N/A,N/A,,Electric,57.4
EMP05210,Airside D,33573,17.81,4,1,Car,V299,SUV,1999,Diesel,42.74
EMP05211,Sky Connect,33560,28.15,5,1,Train,N/A,N/A,,Electric,42.22
EMP05212,Main Terminal Information Desk,34163,40.14,1,1,Car,V818,Sedan,2008,Gasoline,24.08
EMP05213,Airside E,34195,17.78,4,1,Train,N/A,N/A,,Electric,21.34
EMP05214,Main Terminal Restaurants,33543,52.56,1,10,Shuttle,S010,Shuttle Bus,1992,Diesel,7.88
EMP05215,Sheltair Aviation,34501,37.06,1,1,Car,V404,Truck,1984,Hybrid,22.24
EMP05216,Airside D,34064,38.45,4,1,Car,V734,Minivan,1987,Diesel,92.28
EMP05217,Sheltair Aviation,34051,63.56,1,8,Shuttle,S026,Shuttle Bus,1973,Electric,9.53
EMP05218,Airside E,33592,15.38,3,1,Bus,N/A,N/A,,N/A,9.23
EMP05219,Airside C,34479,24.37,2,5,Rideshare,V382,Truck,2013,Diesel,5.85
EMP05220,Airside A,34548,24.39,4,2,Carpool,V399,Truck,1988,Diesel,29.27
EMP05221,Airside F,33555,10.12,5,1,Car,V245,Minivan,1974,Diesel,30.36
EMP05222,Sky Connect,34419,28.58,4,2,Carpool,V914,Sedan,1984,Gasoline,34.3
EMP05223,Airside D,33969,43.27,4,3,Rideshare,V510,SUV,1980,Electric,34.62
EMP05224,Airside C,34524,49.45,5,4,Rideshare,V735,Sedan,2011,Electric,37.09
EMP05225,Airside A,33590,55.57,3,1,Car,V679,Sedan,1994,Electric,100.03
EMP05226,Main Terminal Information Desk,33770,33.19,4,1,Train,N/A,N/A,,Electric,39.83
EMP05227,Airside A,34217,34.76,2,1,Train,N/A,N/A,,Electric,20.86
EMP05228,Airside C,33657,21.32,2,1,Train,N/A,N/A,,Electric,12.79
EMP05229,Airside C,34625,45.79,2,1,Train,N/A,N/A,,Electric,27.47
EMP05230,Main Terminal Restaurants,33569,6.57,2,3,Carpool,V961,Minivan,1978,Gasoline,2.63
EMP05231,Airside D,34476,35.99,2,1,Train,N/A,N/A,,Electric,21.59
EMP05232,Rental Car Center,33625,6.61,5,3,Rideshare,V451,Sedan,2017,Hybrid,6.61
EMP05233,Main Terminal Restaurants,34379,39.88,1,1,Car,V921,SUV,1999,Electric,23.93
EMP05234,Airside C,33539,53.03,5,3,Rideshare,V442,Minivan,1987,Electric,53.03
EMP05235,Airside D,34190,15.56,1,20,Shuttle,S012,Shuttle Bus,1997,Electric,2.33
EMP05236,Sky Connect,34399,18.72,2,1,Bus,N/A,N/A,,N/A,7.49
EMP05237,Airside E,33594,10,2,1,Bus,N/A,N/A,,N/A,4
EMP05238,Rental Car Center,33619,9.26,5,1,Car,V809,SUV,2002,Gasoline,27.78
EMP05239,Airside E,33565,14.79,5,5,Rideshare,V877,SUV,1976,Electric,8.87
EMP05240,Main Terminal Information Desk,34084,16.7,2,1,Bus,N/A,N/A,,N/A,6.68
EMP05241,Airside D,34201,38.36,3,3,Carpool,V737,Truck,1974,Electric,23.02
EMP05242,Sky Connect,34333,24.41,2,1,Bus,N/A,N/A,,N/A,9.76
EMP05243,Main Terminal Restaurants,33593,8.51,1,1,Bus,N/A,N/A,,N/A,1.7
EMP05244,Main Terminal & Airside Shopping,34561,43.81,3,11,Shuttle,S044,Shuttle Bus,1997,Diesel,19.71
EMP05245,Airside E,33643,27.35,5,1,Train,N/A,N/A,,Electric,41.02
EMP05246,Airside F,34154,28.13,5,2,Rideshare,V400,SUV,1972,Electric,42.2
EMP05247,Rental Car Center,33625,21.5,1,1,Bus,N/A,N/A,,N/A,4.3
EMP05248,Airside A,33566,29.41,3,1,Train,N/A,N/A,,Electric,26.47
EMP05249,Rental Car Center,34225,40.32,4,1,Car,V333,Minivan,1974,Electric,96.77
EMP05250,Main Terminal & Airside Shopping,34386,16.82,3,3,Carpool,V811,Minivan,2015,Diesel,10.09
EMP05251,Airside E,33512,12.55,3,3,Rideshare,V522,SUV,2011,Diesel,7.53
EMP05252,Airside A,34096,27.75,1,1,Train,N/A,N/A,,Electric,8.32
EMP05253,Sheltair Aviation,34236,17.22,1,1,Car,V577,SUV,1999,Diesel,10.33
EMP05254,Airside C,34442,32.03,1,20,Shuttle,S012,Shuttle Bus,2022,Diesel,4.8
EMP05255,Main Terminal & Airside Shopping,34506,41.03,1,4,Rideshare,V531,Truck,1986,Gasoline,6.15
EMP05256,Airside A,33542,11.54,1,16,Shuttle,S009,Shuttle Bus,1974,Diesel,1.73
EMP05257,Airside F,33607,8.58,5,4,Rideshare,V267,Truck,2013,Diesel,6.43
EMP05258,Rental Car Center,34161,36.63,2,1,Train,N/A,N/A,,Electric,21.98
EMP05259,Rental Car Center,33569,10.72,4,1,Bus,N/A,N/A,,N/A,8.58
EMP05260,Main Terminal Information Desk,34010,34.91,3,1,Car,V908,Sedan,2002,Diesel,62.84
EMP05261,Airside E,34179,21.35,2,1,Bus,N/A,N/A,,N/A,8.54
EMP05262,Main Terminal Information Desk,34164,59.79,2,14,Shuttle,S001,Shuttle Bus,1974,Diesel,17.94
EMP05263,Airside F,33633,18.7,5,2,Carpool,V542,Sedan,2000,Hybrid,28.05
EMP05264,Main Terminal Information Desk,33632,5.11,1,1,Bus,N/A,N/A,,N/A,1.02
EMP05265,Airside D,33614,7.29,2,5,Rideshare,V355,Minivan,2000,Hybrid,1.75
EMP05266,Main Terminal Restaurants,33860,46.55,1,4,Rideshare,V227,SUV,1975,Electric,6.98
EMP05267,Rental Car Center,33526,14.01,5,1,Bus,N/A,N/A,,N/A,14.01
EMP05268,Airside A,34244,53.98,4,15,Shuttle,S018,Shuttle Bus,2004,Diesel,32.39
EMP05269,Rental Car Center,34366,27.08,3,3,Carpool,V383,Sedan,1974,Hybrid,16.25
EMP05270,Airside F,34210,59.75,5,10,Shuttle,S012,Shuttle Bus,2012,Electric,44.81
EMP05271,Sky Connect,34498,21.64,2,13,Shuttle,S013,Shuttle Bus,1992,Diesel,6.49
EMP05272,Sky Connect,34004,59.18,2,1,Car,V592,Sedan,2002,Diesel,71.02
EMP05273,Airside D,33603,39.87,2,3,Rideshare,V335,SUV,2012,Electric,15.95
EMP05274,Airside D,33812,34.81,2,1,Car,V876,Truck,2009,Electric,41.77
EMP05275,Airside D,34603,44.26,5,1,Car,V295,Truck,2012,Electric,132.78
EMP05276,Airside E,33537,11.11,2,1,Car,V145,Truck,1974,Hybrid,13.33
EMP05277,Airside C,33524,13.09,1,1,Bus,N/A,N/A,,N/A,2.62
EMP05278,Airside F,33614,19.64,3,2,Carpool,V825,Minivan,1990,Gasoline,17.68
EMP05279,Main Terminal Restaurants,33610,69.76,3,5,Rideshare,V749,Truck,1993,Gasoline,25.11
EMP05280,Airside D,34245,28.87,2,4,Carpool,V412,Minivan,1985,Gasoline,8.66
EMP05281,Airside C,33820,46.06,5,1,Train,N/A,N/A,,Electric,69.09
EMP05282,Main Terminal Restaurants,34156,41.23,1,3,Rideshare,V622,SUV,2009,Gasoline,8.25
EMP05283,Main Terminal Information Desk,33686,43.46,1,1,Train,N/A,N/A,,Electric,13.04
EMP05284,Airside F,34215,47.3,3,8,Shuttle,S046,Shuttle Bus,2009,Diesel,21.29
EMP05285,Airside D,33640,37.93,3,1,Train,N/A,N/A,,Electric,34.14
EMP05286,Rental Car Center,34245,23.94,4,9,Shuttle,S045,Shuttle Bus,1976,Electric,14.36
EMP05287,Main Terminal Restaurants,33600,7.49,4,2,Rideshare,V916,Minivan,1987,Diesel,8.99
EMP05288,Airside E,33543,10.8,2,1,Train,N/A,N/A,,Electric,6.48
EMP05289,Main Terminal & Airside Shopping,33746,42.87,1,5,Carpool,V237,Minivan,2004,Gasoline,5.14
EMP05290,Sheltair Aviation,34246,37.32,5,18,Shuttle,S046,Shuttle Bus,1981,Electric,27.99
EMP05291,Airside F,33508,14.11,2,2,Rideshare,V546,Minivan,2012,Gasoline,8.47
EMP05292,Main Terminal Restaurants,33815,61.65,3,1,Car,V421,Sedan,1974,Electric,110.97
EMP05293,Sky Connect,33566,11.18,4,5,Rideshare,V413,Sedan,2005,Diesel,5.37
EMP05294,Sheltair Aviation,34534,52.16,4,2,Carpool,V863,Sedan,1990,Gasoline,62.59
EMP05295,Airside C,34082,37.26,1,1,Car,V850,Minivan,2003,Gasoline,22.36
EMP05296,Airside A,33867,21.23,2,17,Shuttle,S032,Shuttle Bus,2005,Diesel,6.37
EMP05297,Sky Connect,33625,26.84,2,1,Train,N/A,N/A,,Electric,16.1
EMP05298,Airside D,34353,24.23,1,1,Bus,N/A,N/A,,N/A,4.85
EMP05299,Airside F,33733,33.97,5,1,Train,N/A,N/A,,Electric,50.95
EMP05300,Main Terminal & Airside Shopping,34597,42.3,4,1,Train,N/A,N/A,,Electric,50.76
EMP05301,Main Terminal Restaurants,33553,12.11,5,1,Car,V710,Minivan,1993,Gasoline,36.33
EMP05302,Main Terminal Restaurants,34281,50.07,1,18,Shuttle,S022,Shuttle Bus,1994,Electric,7.51
EMP05303,Sky Connect,34278,32.78,2,1,Train,N/A,N/A,,Electric,19.67
EMP05304,Main Terminal Information Desk,33524,60.97,5,2,Carpool,V259,Minivan,1978,Electric,91.45
EMP05305,Airside E,33729,37.74,5,1,Car,V558,Truck,2020,Diesel,113.22
EMP05306,Sheltair Aviation,34276,18.84,4,3,Carpool,V389,Minivan,1979,Gasoline,15.07
EMP05307,Main Terminal Information Desk,33605,26.19,2,1,Train,N/A,N/A,,Electric,15.71
EMP05308,Sky Connect,34408,37.91,1,5,Carpool,V205,Truck,1976,Hybrid,4.55
EMP05309,Main Terminal Restaurants,33560,13.13,5,3,Rideshare,V181,Minivan,1976,Hybrid,13.13
EMP05310,Main Terminal & Airside Shopping,33635,20.85,3,1,Bus,N/A,N/A,,N/A,12.51
EMP05311,Main Terminal & Airside Shopping,33615,9.5,5,1,Bus,N/A,N/A,,N/A,9.5
EMP05312,Main Terminal & Airside Shopping,33696,18.63,3,1,Bus,N/A,N/A,,N/A,11.18
EMP05313,Sky Connect,33735,21.49,4,2,Rideshare,V411,Minivan,1997,Hybrid,25.79
EMP05314,Main Terminal & Airside Shopping,34248,41.5,3,1,Car,V312,Minivan,1979,Hybrid,74.7
EMP05315,Airside F,33599,59.4,5,1,Car,V314,Minivan,1992,Diesel,178.2
EMP05316,Airside A,34215,37.1,1,10,Shuttle,S034,Shuttle Bus,1997,Electric,5.57
EMP05317,Main Terminal & Airside Shopping,34461,44.62,2,3,Rideshare,V593,Minivan,2002,Diesel,17.85
EMP05318,Airside A,34338,23.54,2,9,Shuttle,S032,Shuttle Bus,1983,Electric,7.06
EMP05319,Airside C,34351,39.93,2,1,Train,N/A,N/A,,Electric,23.96
EMP05320,Airside C,33814,55.96,3,5,Rideshare,V972,Sedan,2022,Gasoline,20.15
EMP05321,Airside E,34267,51.88,1,3,Rideshare,V445,Truck,2013,Hybrid,10.38
EMP05322,Airside A,34105,41.42,1,13,Shuttle,S038,Shuttle Bus,1995,Diesel,6.21
EMP05323,Sky Connect,34654,65.52,1,18,Shuttle,S038,Shuttle Bus,1974,Diesel,9.83
EMP05324,Rental Car Center,34494,19.47,4,1,Bus,N/A,N/A,,N/A,15.58
EMP05325,Airside F,34542,20.96,5,1,Train,N/A,N/A,,Electric,31.44
EMP05326,Airside E,34302,59.99,4,2,Rideshare,V113,SUV,1973,Diesel,71.99
EMP05327,Airside D,33684,21.86,5,3,Carpool,V130,Sedan,1992,Gasoline,21.86
EMP05328,Airside D,33547,12.75,3,3,Carpool,V118,SUV,2018,Electric,7.65
EMP05329,Airside D,33560,14.66,4,1,Car,V377,Truck,2004,Electric,35.18
EMP05330,Main Terminal & Airside Shopping,33898,59.63,5,5,Carpool,V202,Truck,1992,Electric,35.78
EMP05331,Airside E,34426,56.29,3,3,Carpool,V747,Truck,1991,Electric,33.77
EMP05332,Airside A,33760,58.74,2,1,Car,V138,SUV,2008,Diesel,70.49
EMP05333,Airside F,34282,30.59,1,4,Rideshare,V562,Minivan,1996,Gasoline,4.59
EMP05334,Airside E,34562,61.87,1,4,Rideshare,V945,Sedan,1990,Hybrid,9.28
EMP05335,Airside C,34538,33.64,2,1,Train,N/A,N/A,,Electric,20.18
EMP05336,Airside A,34324,69.3,1,5,Rideshare,V144,Minivan,2013,Gasoline,8.32
EMP05337,Airside E,34499,67.49,5,3,Carpool,V889,Truck,1988,Hybrid,67.49
EMP05338,Main Terminal Information Desk,34695,55.67,5,8,Shuttle,S036,Shuttle Bus,2009,Electric,41.75
EMP05339,Airside F,34231,23.84,1,1,Bus,N/A,N/A,,N/A,4.77
EMP05340,Airside E,34217,17.07,4,1,Bus,N/A,N/A,,N/A,13.66
EMP05341,Sky Connect,33527,11.84,3,4,Rideshare,V248,Sedan,1989,Diesel,5.33
EMP05342,Airside D,34014,31.58,5,10,Shuttle,S035,Shuttle Bus,2007,Electric,23.68
EMP05343,Airside F,34445,60.61,1,11,Shuttle,S016,Shuttle Bus,1988,Electric,9.09
EMP05344,Airside C,33963,45.99,3,2,Rideshare,V957,Sedan,2016,Gasoline,41.39
EMP05345,Sky Connect,34278,48.92,2,1,Car,V746,Minivan,1998,Gasoline,58.7
EMP05346,Airside D,34009,38.01,5,1,Car,V106,Minivan,1993,Electric,114.03
EMP05347,Airside C,34430,42.29,3,1,Car,V994,Sedan,2003,Gasoline,76.12
EMP05348,Airside C,33756,39.42,5,1,Train,N/A,N/A,,Electric,59.13
EMP05349,Main Terminal Restaurants,33848,18.28,5,1,Bus,N/A,N/A,,N/A,18.28
EMP05350,Airside D,33579,12.37,4,14,Shuttle,S036,Shuttle Bus,2004,Diesel,7.42
EMP05351,Airside D,34014,24.02,1,1,Car,V180,Truck,1983,Hybrid,14.41
EMP05352,Airside C,33774,27.23,1,2,Carpool,V419,Sedan,1979,Gasoline,8.17
EMP05353,Main Terminal Restaurants,33570,8.59,2,1,Car,V751,Truck,2009,Gasoline,10.31
EMP05354,Main Terminal Information Desk,34134,39.33,1,1,Train,N/A,N/A,,Electric,11.8
EMP05355,Airside D,33614,6.88,1,1,Bus,N/A,N/A,,N/A,1.38
EMP05356,Main Terminal Restaurants,34125,24.03,1,1,Bus,N/A,N/A,,N/A,4.81
EMP05357,Airside A,33760,17.45,4,1,Bus,N/A,N/A,,N/A,13.96
EMP05358,Airside D,34578,50.94,5,15,Shuttle,S014,Shuttle Bus,1987,Diesel,38.2
EMP05359,Airside A,33595,5.54,1,4,Carpool,V378,Minivan,1975,Hybrid,0.83
EMP05360,Main Terminal Information Desk,34171,42.75,2,5,Carpool,V714,Minivan,2014,Hybrid,10.26
EMP05361,Airside A,33618,23.33,3,1,Bus,N/A,N/A,,N/A,14
EMP05362,Airside F,34028,50.86,4,4,Carpool,V103,Minivan,2019,Diesel,30.52
EMP05363,Airside F,34031,24.84,1,1,Train,N/A,N/A,,Electric,7.45
EMP05364,Main Terminal & Airside Shopping,33682,51.81,5,12,Shuttle,S012,Shuttle Bus,1980,Electric,38.86
EMP05365,Airside D,33557,12.81,1,1,Car,V329,Sedan,1988,Diesel,7.69
EMP05366,Main Terminal & Airside Shopping,33537,14.78,3,1,Bus,N/A,N/A,,N/A,8.87
EMP05367,Airside C,34259,29.89,5,8,Shuttle,S032,Shuttle Bus,1987,Electric,22.42
EMP05368,Airside F,33666,52.49,1,1,Car,V646,Sedan,2004,Electric,31.49
EMP05369,Sheltair Aviation,33562,9.82,3,5,Rideshare,V429,SUV,1977,Diesel,3.54
EMP05370,Main Terminal & Airside Shopping,34091,66.36,4,1,Car,V162,Sedan,1976,Hybrid,159.26
EMP05371,Main Terminal Information Desk,34450,52.12,5,5,Rideshare,V997,Truck,1989,Electric,31.27
EMP05372,Sheltair Aviation,34056,69.84,5,16,Shuttle,S033,Shuttle Bus,1972,Electric,52.38
EMP05373,Sky Connect,33524,69.36,4,1,Car,V515,SUV,1979,Gasoline,166.46
EMP05374,Airside A,33609,5.77,4,1,Car,V871,Sedan,1996,Gasoline,13.85
EMP05375,Main Terminal Information Desk,34540,19.7,2,1,Bus,N/A,N/A,,N/A,7.88
EMP05376,Main Terminal Restaurants,33967,22.18,3,1,Train,N/A,N/A,,Electric,19.96
EMP05377,Airside F,34636,16.44,4,1,Car,V213,Sedan,2021,Gasoline,39.46
EMP05378,Main Terminal Information Desk,34366,42.71,5,1,Car,V137,Sedan,2004,Hybrid,128.13
EMP05379,Rental Car Center,33690,64.44,2,1,Car,V393,Truck,2010,Hybrid,77.33
EMP05380,Airside C,34472,17.21,3,5,Rideshare,V332,Truck,1987,Diesel,6.2
EMP05381,Airside F,34656,62.26,5,12,Shuttle,S047,Shuttle Bus,2012,Electric,46.69
EMP05382,Main Terminal Restaurants,33779,18.73,2,3,Rideshare,V894,Minivan,2014,Gasoline,7.49
EMP05383,Airside F,34062,24.23,2,13,Shuttle,S001,Shuttle Bus,2019,Diesel,7.27
EMP05384,Airside D,34695,46.08,5,1,Train,N/A,N/A,,Electric,69.12
EMP05385,Airside E,33552,12.94,4,1,Bus,N/A,N/A,,N/A,10.35
EMP05386,Airside F,33791,20.94,4,19,Shuttle,S048,Shuttle Bus,2000,Electric,12.56
EMP05387,Sheltair Aviation,33521,11.41,2,1,Bus,N/A,N/A,,N/A,4.56
EMP05388,Main Terminal Information Desk,34375,53.39,5,4,Carpool,V379,SUV,1998,Electric,40.04
EMP05389,Airside E,34577,33.47,5,4,Carpool,V978,Minivan,1979,Hybrid,25.1
EMP05390,Sheltair Aviation,34481,48.97,5,3,Carpool,V666,Minivan,1983,Electric,48.97
EMP05391,Sheltair Aviation,33716,15.22,3,1,Car,V380,SUV,2006,Diesel,27.4
EMP05392,Airside C,33557,11.95,5,1,Bus,N/A,N/A,,N/A,11.95
EMP05393,Main Terminal Information Desk,33512,49.27,4,1,Car,V472,Truck,2015,Gasoline,118.25
EMP05394,Main Terminal Information Desk,33524,14.46,3,5,Carpool,V834,Sedan,1989,Gasoline,5.21
EMP05395,Main Terminal & Airside Shopping,34305,63.58,3,2,Carpool,V997,SUV,2010,Hybrid,57.22
EMP05396,Airside D,34376,16.54,3,1,Bus,N/A,N/A,,N/A,9.92
EMP05397,Airside F,33565,11.64,5,1,Train,N/A,N/A,,Electric,17.46
EMP05398,Airside A,34171,39.28,3,1,Car,V597,Truck,2017,Gasoline,70.7
EMP05399,Airside F,34013,49.34,2,1,Train,N/A,N/A,,Electric,29.6
EMP05400,Sheltair Aviation,34607,48.38,4,2,Carpool,V507,Minivan,1994,Diesel,58.06
EMP05401,Main Terminal Restaurants,34174,64.93,2,2,Rideshare,V736,Sedan,2021,Diesel,38.96
EMP05402,Main Terminal & Airside Shopping,33598,45.52,1,1,Car,V902,Sedan,1994,Gasoline,27.31
EMP05403,Sheltair Aviation,34169,41.21,1,9,Shuttle,S028,Shuttle Bus,1981,Diesel,6.18
EMP05404,Main Terminal & Airside Shopping,34441,34.25,5,1,Car,V675,SUV,1987,Hybrid,102.75
EMP05405,Airside D,33615,8.01,5,18,Shuttle,S006,Shuttle Bus,2008,Diesel,6.01
EMP05406,Airside C,34604,15.71,1,2,Carpool,V770,SUV,1988,Diesel,4.71
EMP05407,Sky Connect,34648,38.45,4,2,Rideshare,V589,Minivan,2007,Diesel,46.14
EMP05408,Airside F,33625,36.43,2,9,Shuttle,S017,Shuttle Bus,1973,Electric,10.93
EMP05409,Sky Connect,34454,55.64,4,1,Car,V743,SUV,2021,Electric,133.54
EMP05410,Main Terminal Restaurants,33525,14.58,4,2,Rideshare,V173,SUV,1993,Diesel,17.5
EMP05411,Airside E,33936,42,4,1,Car,V638,Sedan,1979,Electric,100.8
EMP05412,Airside D,34287,53.91,4,1,Car,V753,Sedan,1988,Diesel,129.38
EMP05413,Airside A,34092,17.34,2,5,Carpool,V806,Sedan,1984,Electric,4.16
EMP05414,Rental Car Center,34148,51.88,4,3,Carpool,V523,Sedan,2012,Electric,41.5
EMP05415,Main Terminal & Airside Shopping,33801,46.75,1,3,Rideshare,V900,SUV,1978,Gasoline,9.35
EMP05416,Rental Car Center,33867,52.2,2,18,Shuttle,S022,Shuttle Bus,1976,Diesel,15.66
EMP05417,Sky Connect,33771,24.44,4,5,Carpool,V489,SUV,2001,Diesel,11.73
EMP05418,Main Terminal Information Desk,34220,24.3,3,1,Train,N/A,N/A,,Electric,21.87
EMP05419,Airside E,34411,23.03,3,3,Carpool,V364,Truck,1987,Hybrid,13.82
EMP05420,Sheltair Aviation,34008,39.06,3,1,Train,N/A,N/A,,Electric,35.15
EMP05421,Sheltair Aviation,34453,21.72,5,1,Bus,N/A,N/A,,N/A,21.72
EMP05422,Sky Connect,33652,31.99,1,1,Car,V901,Truck,1984,Diesel,19.19
EMP05423,Airside F,34027,55.04,4,1,Car,V719,Sedan,2016,Gasoline,132.1
EMP05424,Main Terminal Restaurants,34543,22.89,4,1,Train,N/A,N/A,,Electric,27.47
EMP05425,Airside C,33614,68.33,3,4,Rideshare,V815,Minivan,1989,Diesel,30.75
EMP05426,Main Terminal Information Desk,33606,30.71,4,1,Train,N/A,N/A,,Electric,36.85
EMP05427,Airside E,33811,42.56,5,2,Rideshare,V830,Sedan,2002,Hybrid,63.84
EMP05428,Main Terminal & Airside Shopping,33738,38.98,4,3,Carpool,V282,Minivan,1976,Electric,31.18
EMP05429,Main Terminal & Airside Shopping,33568,9.78,1,11,Shuttle,S013,Shuttle Bus,1994,Electric,1.47
EMP05430,Sky Connect,33858,65.42,1,2,Rideshare,V452,Truck,1974,Electric,19.63
EMP05431,Main Terminal Information Desk,34235,39.44,4,3,Carpool,V973,Minivan,2006,Hybrid,31.55
EMP05432,Main Terminal Restaurants,33799,41.11,5,1,Car,V837,Truck,1974,Electric,123.33
EMP05433,Airside D,33516,11.09,1,9,Shuttle,S031,Shuttle Bus,2010,Diesel,1.66
EMP05434,Main Terminal & Airside Shopping,33535,10.45,1,1,Bus,N/A,N/A,,N/A,2.09
EMP05435,Sky Connect,33595,8.39,2,1,Bus,N/A,N/A,,N/A,3.36
EMP05436,Main Terminal & Airside Shopping,33713,45.35,4,14,Shuttle,S007,Shuttle Bus,2011,Diesel,27.21
EMP05437,Main Terminal Restaurants,33828,43.51,3,1,Train,N/A,N/A,,Electric,39.16
EMP05438,Airside F,33619,9.7,1,2,Carpool,V470,Sedan,2002,Electric,2.91
EMP05439,Airside F,33862,21.68,5,1,Car,V743,SUV,2007,Hybrid,65.04
EMP05440,Sheltair Aviation,34547,33.3,2,1,Train,N/A,N/A,,Electric,19.98
EMP05441,Main Terminal Information Desk,33513,13.24,2,2,Carpool,V799,Minivan,2014,Diesel,7.94
EMP05442,Airside C,34374,31.94,4,3,Carpool,V880,Truck,1997,Hybrid,25.55
EMP05443,Sky Connect,33505,63.34,2,3,Rideshare,V236,Minivan,2004,Gasoline,25.34
EMP05444,Airside C,33609,21.09,4,1,Train,N/A,N/A,,Electric,25.31
EMP05445,Sky Connect,34018,69.78,2,5,Rideshare,V547,Sedan,2008,Diesel,16.75
EMP05446,Main Terminal Information Desk,33534,11.34,4,1,Train,N/A,N/A,,Electric,13.61
EMP05447,Sheltair Aviation,33691,16.21,3,1,Bus,N/A,N/A,,N/A,9.73
EMP05448,Airside E,34223,37.79,3,1,Train,N/A,N/A,,Electric,34.01
EMP05449,Main Terminal Restaurants,33537,56.73,1,1,Car,V182,Truck,1990,Gasoline,34.04
EMP05450,Sky Connect,34121,41.02,5,1,Car,V827,Truck,1975,Diesel,123.06
EMP05451,Airside E,33534,14.59,2,1,Bus,N/A,N/A,,N/A,5.84
EMP05452,Airside A,33603,6.03,2,1,Car,V562,Sedan,1980,Diesel,7.24
EMP05453,Airside E,33569,7.17,3,2,Carpool,V102,SUV,1985,Diesel,6.45
EMP05454,Sheltair Aviation,33904,33.42,2,4,Rideshare,V438,Minivan,2017,Diesel,10.03
EMP05455,Rental Car Center,34673,34.07,4,1,Car,V969,SUV,2019,Gasoline,81.77
EMP05456,Rental Car Center,33600,8.6,4,1,Car,V226,SUV,1994,Electric,20.64
EMP05457,Main Terminal & Airside Shopping,34521,18.93,4,1,Train,N/A,N/A,,Electric,22.72
EMP05458,Sheltair Aviation,33922,64.95,1,3,Rideshare,V360,Sedan,2016,Hybrid,12.99
EMP05459,Airside D,34297,46.59,1,2,Rideshare,V546,Sedan,2022,Electric,13.98
EMP05460,Airside D,33508,32.16,4,1,Train,N/A,N/A,,Electric,38.59
EMP05461,Airside A,34094,65.5,5,12,Shuttle,S048,Shuttle Bus,2011,Electric,49.12
EMP05462,Sky Connect,33550,12.13,1,1,Car,V601,Sedan,2019,Electric,7.28
EMP05463,Airside D,33848,63.7,5,5,Carpool,V700,Sedan,2011,Diesel,38.22
EMP05464,Airside D,33595,8.56,1,1,Car,V425,Sedan,1982,Gasoline,5.14
EMP05465,Sheltair Aviation,34673,38.3,4,1,Train,N/A,N/A,,Electric,45.96
EMP05466,Main Terminal & Airside Shopping,33750,35.07,2,1,Car,V956,Truck,1979,Diesel,42.08
EMP05467,Main Terminal Restaurants,33889,16.68,2,3,Rideshare,V776,SUV,1982,Gasoline,6.67
EMP05468,Main Terminal Restaurants,33532,10.03,5,1,Train,N/A,N/A,,Electric,15.04
EMP05469,Main Terminal Information Desk,34122,57.66,4,18,Shuttle,S016,Shuttle Bus,1987,Electric,34.6
EMP05470,Airside D,34126,61.85,1,19,Shuttle,S032,Shuttle Bus,1992,Electric,9.28
EMP05471,Airside E,33595,38.57,2,4,Rideshare,V189,Sedan,1990,Gasoline,11.57
EMP05472,Main Terminal Restaurants,34537,48.24,3,4,Carpool,V954,Minivan,1985,Diesel,21.71
EMP05473,Main Terminal Information Desk,33620,8.25,5,1,Bus,N/A,N/A,,N/A,8.25
EMP05474,Sky Connect,33952,48.82,4,2,Carpool,V555,Sedan,1997,Hybrid,58.58
EMP05475,Sky Connect,33987,42.23,1,1,Train,N/A,N/A,,Electric,12.67
EMP05476,Airside A,34464,69.33,3,2,Rideshare,V956,Sedan,2021,Electric,62.4
EMP05477,Airside C,33950,43.96,2,3,Rideshare,V819,Truck,1996,Hybrid,17.58
EMP05478,Airside D,33573,8.02,3,17,Shuttle,S003,Shuttle Bus,1973,Electric,3.61
EMP05479,Main Terminal Restaurants,34407,46.86,4,1,Train,N/A,N/A,,Electric,56.23
EMP05480,Main Terminal Restaurants,33626,7.57,4,1,Bus,N/A,N/A,,N/A,6.06
EMP05481,Rental Car Center,33885,33.98,1,1,Car,V706,Minivan,2007,Diesel,20.39
EMP05482,Airside A,33550,13.33,3,20,Shuttle,S030,Shuttle Bus,1999,Electric,6
EMP05483,Airside E,34221,15.39,3,1,Bus,N/A,N/A,,N/A,9.23
EMP05484,Sheltair Aviation,34296,41.73,1,1,Car,V662,Sedan,2017,Hybrid,25.04
EMP05485,Sky Connect,33642,20.48,4,1,Train,N/A,N/A,,Electric,24.58
EMP05486,Airside C,33738,62.31,2,3,Rideshare,V306,SUV,1977,Electric,24.92
EMP05487,Sky Connect,33624,32.38,4,1,Train,N/A,N/A,,Electric,38.86
EMP05488,Airside A,33542,10.58,2,1,Train,N/A,N/A,,Electric,6.35
EMP05489,Main Terminal Information Desk,33566,6.62,1,1,Bus,N/A,N/A,,N/A,1.32
EMP05490,Sheltair Aviation,34557,33.09,5,1,Train,N/A,N/A,,Electric,49.64
EMP05491,Rental Car Center,33514,47.45,2,1,Train,N/A,N/A,,Electric,28.47
EMP05492,Sheltair Aviation,34362,22.33,3,1,Bus,N/A,N/A,,N/A,13.4
EMP05493,Airside C,34004,68.87,1,19,Shuttle,S047,Shuttle Bus,2021,Electric,10.33
EMP05494,Rental Car Center,34518,21.3,2,1,Train,N/A,N/A,,Electric,12.78
EMP05495,Airside C,34353,29.57,3,19,Shuttle,S004,Shuttle Bus,1984,Diesel,13.31
EMP05496,Airside F,34607,38.76,4,1,Train,N/A,N/A,,Electric,46.51
EMP05497,Sky Connect,34551,37.75,3,10,Shuttle,S024,Shuttle Bus,2000,Electric,16.99
EMP05498,Sky Connect,34028,60.76,1,16,Shuttle,S050,Shuttle Bus,2000,Diesel,9.11
EMP05499,Rental Car Center,33539,11.49,4,1,Bus,N/A,N/A,,N/A,9.19
EMP05500,Airside A,33555,26.72,5,8,Shuttle,S031,Shuttle Bus,1981,Diesel,20.04
EMP05501,Main Terminal Information Desk,34171,23.64,3,1,Train,N/A,N/A,,Electric,21.28
EMP05502,Airside D,34134,57.21,4,4,Rideshare,V212,Truck,2006,Gasoline,34.33
EMP05503,Main Terminal Information Desk,33529,13.75,5,1,Bus,N/A,N/A,,N/A,13.75
EMP05504,Main Terminal & Airside Shopping,34083,65.62,4,4,Carpool,V404,SUV,1977,Electric,39.37
EMP05505,Main Terminal Restaurants,33558,11.23,1,1,Train,N/A,N/A,,Electric,3.37
EMP05506,Airside A,34198,62.15,3,11,Shuttle,S038,Shuttle Bus,2018,Diesel,27.97
EMP05507,Rental Car Center,34662,47.79,3,1,Train,N/A,N/A,,Electric,43.01
EMP05508,Airside A,33562,14.78,5,1,Bus,N/A,N/A,,N/A,14.78
EMP05509,Main Terminal Restaurants,34485,23.68,3,1,Train,N/A,N/A,,Electric,21.31
EMP05510,Sky Connect,34353,65.07,4,4,Carpool,V487,Sedan,1992,Electric,39.04
EMP05511,Sky Connect,33579,42.79,2,4,Rideshare,V961,Minivan,1990,Diesel,12.84
EMP05512,Airside A,33567,10.27,1,1,Bus,N/A,N/A,,N/A,2.05
EMP05513,Main Terminal Information Desk,33958,24.09,1,1,Bus,N/A,N/A,,N/A,4.82
EMP05514,Main Terminal Restaurants,33505,44.23,1,18,Shuttle,S032,Shuttle Bus,1998,Diesel,6.63
EMP05515,Main Terminal & Airside Shopping,33804,39.09,2,1,Train,N/A,N/A,,Electric,23.45
EMP05516,Airside F,33586,5.05,5,4,Carpool,V341,Sedan,1977,Diesel,3.79
EMP05517,Main Terminal & Airside Shopping,34196,44.23,5,1,Train,N/A,N/A,,Electric,66.34
EMP05518,Airside E,33588,37.24,3,1,Train,N/A,N/A,,Electric,33.52
EMP05519,Airside E,34360,17.13,1,3,Carpool,V300,Truck,2004,Diesel,3.43
EMP05520,Main Terminal Information Desk,33565,7.46,3,4,Carpool,V738,Truck,1995,Electric,3.36
EMP05521,Airside E,33885,34.5,5,2,Rideshare,V231,SUV,2013,Diesel,51.75
EMP05522,Airside D,33517,11.3,4,1,Bus,N/A,N/A,,N/A,9.04
EMP05523,Airside D,33592,7.31,5,1,Bus,N/A,N/A,,N/A,7.31
EMP05524,Airside A,33553,14.28,2,1,Train,N/A,N/A,,Electric,8.57
EMP05525,Main Terminal Restaurants,33585,51.76,3,5,Rideshare,V137,SUV,2001,Gasoline,18.63
EMP05526,Main Terminal & Airside Shopping,34015,37.92,4,1,Car,V299,Sedan,1998,Electric,91.01
EMP05527,Airside D,33610,6.36,3,4,Rideshare,V213,Minivan,2010,Diesel,2.86
EMP05528,Airside C,33539,12.26,5,1,Train,N/A,N/A,,Electric,18.39
EMP05529,Sheltair Aviation,33526,14.14,1,1,Train,N/A,N/A,,Electric,4.24
EMP05530,Main Terminal Information Desk,34165,33.05,1,14,Shuttle,S002,Shuttle Bus,2002,Electric,4.96
EMP05531,Main Terminal & Airside Shopping,33845,38.54,2,1,Car,V654,SUV,1973,Diesel,46.25
EMP05532,Sheltair Aviation,34290,66.13,1,13,Shuttle,S019,Shuttle Bus,2014,Electric,9.92
EMP05533,Main Terminal & Airside Shopping,34008,32.67,3,1,Train,N/A,N/A,,Electric,29.4
EMP05534,Sheltair Aviation,34306,28.04,3,1,Car,V431,Truck,1988,Hybrid,50.47
EMP05535,Rental Car Center,34335,40.16,1,3,Rideshare,V822,SUV,1978,Hybrid,8.03
EMP05536,Main Terminal & Airside Shopping,34520,52.29,4,1,Car,V886,Minivan,2006,Hybrid,125.5
EMP05537,Airside F,34339,60.69,2,5,Carpool,V690,SUV,2006,Gasoline,14.57
EMP05538,Airside D,33615,16.97,4,8,Shuttle,S034,Shuttle Bus,2015,Diesel,10.18
EMP05539,Airside F,34328,16.21,5,1,Bus,N/A,N/A,,N/A,16.21
EMP05540,Sheltair Aviation,33531,11.18,4,2,Carpool,V253,SUV,2003,Gasoline,13.42
EMP05541,Rental Car Center,33593,7.51,3,1,Bus,N/A,N/A,,N/A,4.51
EMP05542,Sheltair Aviation,33713,57.89,4,1,Car,V891,Minivan,2009,Gasoline,138.94
EMP05543,Main Terminal & Airside Shopping,33637,39.33,4,8,Shuttle,S022,Shuttle Bus,2018,Diesel,23.6
EMP05544,Airside E,33924,34.62,1,1,Car,V358,SUV,2008,Hybrid,20.77
EMP05545,Rental Car Center,34393,63.88,4,1,Car,V267,Minivan,1988,Gasoline,153.31
EMP05546,Main Terminal & Airside Shopping,33986,35.62,1,3,Carpool,V702,SUV,2012,Gasoline,7.12
EMP05547,Rental Car Center,33800,41.94,5,5,Carpool,V102,Sedan,1984,Hybrid,25.16
EMP05548,Airside F,33560,9.37,4,1,Car,V277,SUV,1973,Electric,22.49
EMP05549,Airside A,33757,49.22,5,1,Car,V623,SUV,1984,Diesel,147.66
EMP05550,Sheltair Aviation,34128,17.29,4,1,Bus,N/A,N/A,,N/A,13.83
EMP05551,Airside E,34209,21.64,1,1,Bus,N/A,N/A,,N/A,4.33
EMP05552,Airside D,34210,29.76,5,1,Train,N/A,N/A,,Electric,44.64
EMP05553,Main Terminal Information Desk,33564,12.7,5,16,Shuttle,S011,Shuttle Bus,2007,Diesel,9.52
EMP05554,Airside A,33569,7.37,2,1,Bus,N/A,N/A,,N/A,2.95
EMP05555,Airside E,33552,46.97,5,19,Shuttle,S006,Shuttle Bus,1978,Diesel,35.23
EMP05556,Main Terminal & Airside Shopping,33608,41.61,5,1,Train,N/A,N/A,,Electric,62.41
EMP05557,Airside D,34311,24.22,4,5,Rideshare,V240,Truck,2014,Hybrid,11.63
EMP05558,Main Terminal Information Desk,33622,7.7,1,1,Bus,N/A,N/A,,N/A,1.54
EMP05559,Main Terminal & Airside Shopping,34373,42.11,1,18,Shuttle,S017,Shuttle Bus,1984,Electric,6.32
EMP05560,Airside E,33862,47.99,3,13,Shuttle,S024,Shuttle Bus,2014,Electric,21.6
EMP05561,Airside F,33609,8.93,5,1,Bus,N/A,N/A,,N/A,8.93
EMP05562,Airside D,33620,6.11,4,1,Bus,N/A,N/A,,N/A,4.89
EMP05563,Sky Connect,33563,17.88,1,5,Rideshare,V526,Truck,2015,Hybrid,2.15
EMP05564,Main Terminal Information Desk,33514,13.05,4,1,Bus,N/A,N/A,,N/A,10.44
EMP05565,Main Terminal & Airside Shopping,34599,29.35,2,1,Car,V256,Minivan,2015,Hybrid,35.22
EMP05566,Airside E,33557,8.87,5,1,Bus,N/A,N/A,,N/A,8.87
EMP05567,Rental Car Center,34368,27.48,5,3,Carpool,V824,Sedan,1980,Electric,27.48
EMP05568,Airside D,33553,5.55,4,1,Car,V449,Sedan,1979,Diesel,13.32
EMP05569,Main Terminal Information Desk,34368,55.47,5,1,Car,V442,Sedan,1978,Electric,166.41
EMP05570,Main Terminal & Airside Shopping,33521,47.61,5,1,Train,N/A,N/A,,Electric,71.41
EMP05571,Airside F,34274,62.98,4,1,Car,V583,Truck,1973,Hybrid,151.15
EMP05572,Sheltair Aviation,34454,61.63,2,1,Car,V226,SUV,2000,Diesel,73.96
EMP05573,Airside D,33987,47.5,5,4,Carpool,V788,Truck,1993,Hybrid,35.62
EMP05574,Airside C,33729,17.94,1,1,Bus,N/A,N/A,,N/A,3.59
EMP05575,Rental Car Center,33579,11.79,1,1,Train,N/A,N/A,,Electric,3.54
EMP05576,Sheltair Aviation,33616,8.51,5,2,Rideshare,V102,Minivan,1982,Gasoline,12.77
EMP05577,Main Terminal Information Desk,33559,11.1,5,1,Car,V993,Minivan,1995,Gasoline,33.3
EMP05578,Main Terminal Restaurants,34457,62.71,1,5,Carpool,V841,Sedan,2002,Gasoline,7.53
EMP05579,Main Terminal Information Desk,33963,37.12,1,4,Rideshare,V534,SUV,2006,Hybrid,5.57
EMP05580,Main Terminal Information Desk,34483,18.4,4,1,Train,N/A,N/A,,Electric,22.08
EMP05581,Airside E,33670,30.62,3,14,Shuttle,S043,Shuttle Bus,2018,Diesel,13.78
EMP05582,Main Terminal Restaurants,33571,36.32,1,1,Car,V152,Sedan,2019,Electric,21.79
EMP05583,Airside A,34637,58.66,4,1,Car,V128,Truck,1998,Diesel,140.78
EMP05584,Airside A,34212,57.11,1,3,Rideshare,V678,Truck,2016,Electric,11.42
EMP05585,Airside E,33859,36.89,2,19,Shuttle,S003,Shuttle Bus,1999,Diesel,11.07
EMP05586,Airside A,34463,63.27,2,17,Shuttle,S024,Shuttle Bus,2009,Electric,18.98
EMP05587,Airside D,34183,36.88,4,18,Shuttle,S041,Shuttle Bus,1986,Diesel,22.13
EMP05588,Rental Car Center,33565,13.31,3,1,Bus,N/A,N/A,,N/A,7.99
EMP05589,Airside D,33809,31.52,2,4,Rideshare,V779,Minivan,2004,Hybrid,9.46
EMP05590,Sheltair Aviation,34132,19.37,2,8,Shuttle,S006,Shuttle Bus,1994,Electric,5.81
EMP05591,Airside D,33932,57.2,3,1,Car,V398,Minivan,2015,Gasoline,102.96
EMP05592,Sheltair Aviation,33580,7.9,1,3,Rideshare,V899,Minivan,2000,Diesel,1.58
EMP05593,Main Terminal Information Desk,33623,7.61,4,1,Bus,N/A,N/A,,N/A,6.09
EMP05594,Sheltair Aviation,34276,41.84,4,1,Train,N/A,N/A,,Electric,50.21
EMP05595,Sky Connect,33509,30.66,4,1,Car,V451,Truck,2018,Electric,73.58
EMP05596,Airside C,33658,21.11,3,1,Bus,N/A,N/A,,N/A,12.67
EMP05597,Main Terminal Restaurants,34300,36.77,3,1,Train,N/A,N/A,,Electric,33.09
EMP05598,Sky Connect,34063,39.3,1,1,Train,N/A,N/A,,Electric,11.79
EMP05599,Airside D,33618,27.29,5,1,Train,N/A,N/A,,Electric,40.93
EMP05600,Sky Connect,34191,49.18,2,1,Car,V275,Minivan,2020,Hybrid,59.02
EMP05601,Airside A,34086,20.91,3,15,Shuttle,S017,Shuttle Bus,2000,Electric,9.41
EMP05602,Airside A,34689,27.87,5,1,Train,N/A,N/A,,Electric,41.81
EMP05603,Main Terminal & Airside Shopping,34265,35.73,2,4,Carpool,V424,SUV,2000,Diesel,10.72
EMP05604,Main Terminal Information Desk,33699,31.71,5,9,Shuttle,S008,Shuttle Bus,2004,Diesel,23.78
EMP05605,Airside A,33645,33.36,5,13,Shuttle,S035,Shuttle Bus,2002,Electric,25.02
EMP05606,Main Terminal & Airside Shopping,34214,16.6,4,16,Shuttle,S039,Shuttle Bus,1991,Diesel,9.96
EMP05607,Airside E,34278,25.54,2,1,Car,V220,Minivan,1988,Diesel,30.65
EMP05608,Airside A,33969,21.94,4,19,Shuttle,S042,Shuttle Bus,1972,Electric,13.16
EMP05609,Sky Connect,33527,11.88,1,1,Car,V772,SUV,2018,Electric,7.13
EMP05610,Airside D,33525,11.18,3,5,Carpool,V442,Sedan,1991,Hybrid,4.02
EMP05611,Airside D,34676,42.87,2,1,Train,N/A,N/A,,Electric,25.72
EMP05612,Sky Connect,33771,20.39,5,1,Bus,N/A,N/A,,N/A,20.39
EMP05613,Rental Car Center,34463,43.79,1,4,Carpool,V723,Truck,1986,Hybrid,6.57
EMP05614,Main Terminal Information Desk,34166,22.06,4,2,Rideshare,V697,SUV,1990,Diesel,26.47
EMP05615,Main Terminal Information Desk,34621,38.13,4,1,Car,V798,Truck,2000,Electric,91.51
EMP05616,Airside E,34380,69.88,3,1,Car,V569,Sedan,1986,Diesel,125.78
EMP05617,Main Terminal Information Desk,34055,35.9,5,2,Rideshare,V919,Truck,1994,Diesel,53.85
EMP05618,Rental Car Center,34376,41.61,4,5,Carpool,V703,Minivan,2012,Electric,19.97
EMP05619,Main Terminal Information Desk,34230,18.62,3,4,Rideshare,V562,Truck,1988,Hybrid,8.38
EMP05620,Airside C,33783,29.79,3,2,Carpool,V839,SUV,2015,Diesel,26.81
EMP05621,Main Terminal & Airside Shopping,34390,67.97,3,1,Car,V812,SUV,2015,Electric,122.35
EMP05622,Main Terminal Restaurants,34690,52.38,1,19,Shuttle,S014,Shuttle Bus,1990,Electric,7.86
EMP05623,Main Terminal & Airside Shopping,33790,23.13,5,2,Carpool,V960,SUV,2007,Hybrid,34.69
EMP05624,Sky Connect,34052,16.14,3,5,Rideshare,V836,Minivan,1997,Hybrid,5.81
EMP05625,Main Terminal & Airside Shopping,34237,44.2,1,1,Car,V667,Minivan,2009,Electric,26.52
EMP05626,Airside E,33991,63.1,2,19,Shuttle,S004,Shuttle Bus,1987,Electric,18.93
EMP05627,Airside A,34016,48.51,4,13,Shuttle,S034,Shuttle Bus,1999,Diesel,29.11
EMP05628,Main Terminal Restaurants,33571,69.98,1,5,Carpool,V823,SUV,2014,Diesel,8.4
EMP05629,Main Terminal Information Desk,33581,7.51,3,11,Shuttle,S004,Shuttle Bus,1978,Diesel,3.38
EMP05630,Main Terminal Information Desk,34507,43.12,2,20,Shuttle,S005,Shuttle Bus,1995,Electric,12.94
EMP05631,Sheltair Aviation,33546,13.38,2,12,Shuttle,S030,Shuttle Bus,1975,Electric,4.01
EMP05632,Main Terminal & Airside Shopping,33766,63.36,1,2,Carpool,V314,Sedan,2015,Gasoline,19.01
EMP05633,Main Terminal Information Desk,33579,11.24,2,1,Train,N/A,N/A,,Electric,6.74
EMP05634,Main Terminal Information Desk,34372,21,1,1,Train,N/A,N/A,,Electric,6.3
EMP05635,Main Terminal & Airside Shopping,33588,7.13,3,1,Car,V737,Truck,1997,Hybrid,12.83
EMP05636,Sky Connect,34037,23.72,4,1,Bus,N/A,N/A,,N/A,18.98
EMP05637,Main Terminal Restaurants,33587,9.68,3,1,Bus,N/A,N/A,,N/A,5.81
EMP05638,Airside C,33529,13.38,1,1,Train,N/A,N/A,,Electric,4.01
EMP05639,Sheltair Aviation,33923,20.37,5,1,Train,N/A,N/A,,Electric,30.55
EMP05640,Main Terminal Restaurants,33634,6.23,1,3,Carpool,V543,Minivan,2014,Gasoline,1.25
EMP05641,Main Terminal Restaurants,34298,46.59,3,1,Train,N/A,N/A,,Electric,41.93
EMP05642,Rental Car Center,34182,27.88,5,16,Shuttle,S012,Shuttle Bus,1980,Diesel,20.91
EMP05643,Sky Connect,34172,54.24,4,2,Rideshare,V145,SUV,2013,Diesel,65.09
EMP05644,Airside C,33906,22.58,2,18,Shuttle,S040,Shuttle Bus,1976,Electric,6.77
EMP05645,Airside C,33882,18.72,2,11,Shuttle,S002,Shuttle Bus,1998,Diesel,5.62
EMP05646,Main Terminal & Airside Shopping,33563,13.94,5,1,Bus,N/A,N/A,,N/A,13.94
EMP05647,Airside D,34663,25.13,4,5,Carpool,V239,Minivan,1981,Electric,12.06
EMP05648,Sky Connect,34512,26,3,10,Shuttle,S010,Shuttle Bus,2000,Electric,11.7
EMP05649,Main Terminal & Airside Shopping,33806,34.46,2,1,Car,V617,Sedan,1979,Electric,41.35
EMP05650,Main Terminal Information Desk,34050,43.54,2,1,Train,N/A,N/A,,Electric,26.12
EMP05651,Main Terminal Information Desk,34332,47.56,1,1,Car,V781,SUV,1993,Diesel,28.54
EMP05652,Airside F,34483,64.36,3,4,Rideshare,V450,SUV,1982,Electric,28.96
EMP05653,Airside E,34570,25.46,2,5,Carpool,V157,Sedan,2012,Hybrid,6.11
EMP05654,Main Terminal Restaurants,34696,67.47,3,4,Carpool,V323,Minivan,1974,Gasoline,30.36
EMP05655,Airside E,33631,9.19,2,1,Bus,N/A,N/A,,N/A,3.68
EMP05656,Sheltair Aviation,34417,34.6,2,4,Carpool,V419,Sedan,2021,Diesel,10.38
EMP05657,Airside D,33550,11.79,2,1,Car,V445,Truck,2001,Hybrid,14.15
EMP05658,Main Terminal & Airside Shopping,34019,22.14,5,1,Train,N/A,N/A,,Electric,33.21
EMP05659,Rental Car Center,33512,11.91,4,1,Bus,N/A,N/A,,N/A,9.53
EMP05660,Airside D,34351,69.42,1,1,Car,V671,Minivan,1994,Gasoline,41.65
EMP05661,Main Terminal Restaurants,34147,24.55,4,1,Train,N/A,N/A,,Electric,29.46
EMP05662,Main Terminal & Airside Shopping,34580,54.18,4,11,Shuttle,S026,Shuttle Bus,2016,Electric,32.51
EMP05663,Main Terminal & Airside Shopping,33546,13.69,1,1,Train,N/A,N/A,,Electric,4.11
EMP05664,Airside D,34383,36.96,3,1,Train,N/A,N/A,,Electric,33.26
EMP05665,Main Terminal Information Desk,33573,8.67,2,11,Shuttle,S046,Shuttle Bus,1985,Diesel,2.6
EMP05666,Rental Car Center,34080,34.13,2,1,Car,V460,Truck,1984,Electric,40.96
EMP05667,Main Terminal Information Desk,34366,30.92,1,1,Car,V344,SUV,2015,Hybrid,18.55
EMP05668,Main Terminal Restaurants,34071,37.08,5,1,Train,N/A,N/A,,Electric,55.62
EMP05669,Airside E,33628,20.44,3,1,Bus,N/A,N/A,,N/A,12.26
EMP05670,Main Terminal Information Desk,33579,14.46,1,1,Bus,N/A,N/A,,N/A,2.89
EMP05671,Rental Car Center,33674,45.15,2,2,Rideshare,V835,SUV,1981,Gasoline,27.09
EMP05672,Airside F,33740,51.99,5,2,Carpool,V838,SUV,2013,Electric,77.98
EMP05673,Airside C,33577,14.96,2,1,Bus,N/A,N/A,,N/A,5.98
EMP05674,Airside F,34625,59.72,3,5,Carpool,V428,Sedan,1991,Gasoline,21.5
EMP05675,Airside A,33739,33.57,1,1,Train,N/A,N/A,,Electric,10.07
EMP05676,Main Terminal Restaurants,34073,34.54,2,5,Carpool,V433,SUV,2022,Electric,8.29
EMP05677,Main Terminal Information Desk,34421,31.4,2,1,Car,V269,Minivan,2008,Electric,37.68
EMP05678,Airside C,33627,5.69,4,4,Rideshare,V775,Minivan,1979,Hybrid,3.41
EMP05679,Main Terminal Information Desk,34105,58.41,5,18,Shuttle,S023,Shuttle Bus,1982,Electric,43.81
EMP05680,Main Terminal Restaurants,34322,24.14,3,1,Train,N/A,N/A,,Electric,21.73
EMP05681,Main Terminal Restaurants,34163,46.74,3,1,Car,V804,SUV,2013,Electric,84.13
EMP05682,Airside E,34407,41.76,1,1,Train,N/A,N/A,,Electric,12.53
EMP05683,Airside C,34086,61.84,5,4,Rideshare,V672,Sedan,1992,Diesel,46.38
EMP05684,Rental Car Center,33524,11.43,2,4,Rideshare,V246,Truck,1989,Gasoline,3.43
EMP05685,Main Terminal Information Desk,34588,22.49,5,18,Shuttle,S011,Shuttle Bus,2009,Diesel,16.87
EMP05686,Main Terminal & Airside Shopping,33684,27.52,3,9,Shuttle,S040,Shuttle Bus,1983,Diesel,12.38
EMP05687,Airside C,33587,8.43,3,5,Rideshare,V427,Truck,1972,Diesel,3.03
EMP05688,Airside A,34532,22.44,1,3,Carpool,V883,Minivan,2021,Hybrid,4.49
EMP05689,Main Terminal Information Desk,34114,62.71,1,3,Carpool,V293,Sedan,2022,Hybrid,12.54
EMP05690,Sheltair Aviation,33845,34.31,2,2,Carpool,V999,Truck,2008,Hybrid,20.59
EMP05691,Airside A,33910,50.99,2,17,Shuttle,S050,Shuttle Bus,2006,Electric,15.3
EMP05692,Airside F,33684,35.65,1,4,Rideshare,V916,SUV,1983,Gasoline,5.35
EMP05693,Sky Connect,33529,14.01,3,1,Car,V589,Truck,1990,Hybrid,25.22
EMP05694,Rental Car Center,33611,17.03,1,1,Train,N/A,N/A,,Electric,5.11
EMP05695,Airside D,34080,24.21,5,1,Bus,N/A,N/A,,N/A,24.21
EMP05696,Airside C,34165,50.06,2,3,Carpool,V516,Truck,1984,Gasoline,20.02
EMP05697,Airside C,33678,40.95,5,1,Train,N/A,N/A,,Electric,61.42
EMP05698,Airside C,34083,28.29,3,3,Carpool,V584,Truck,1979,Gasoline,16.97
EMP05699,Airside F,33923,20.24,5,5,Carpool,V537,Minivan,1996,Electric,12.14
EMP05700,Airside C,34141,26.31,4,3,Carpool,V218,SUV,2010,Gasoline,21.05
EMP05701,Airside E,33676,46.07,2,1,Car,V614,SUV,1975,Gasoline,55.28
EMP05702,Airside F,34093,66.66,1,1,Car,V673,Truck,1992,Gasoline,40
EMP05703,Airside E,33603,48.63,5,1,Train,N/A,N/A,,Electric,72.95
EMP05704,Sky Connect,33516,10.59,5,1,Train,N/A,N/A,,Electric,15.88
EMP05705,Rental Car Center,33546,14.62,4,1,Bus,N/A,N/A,,N/A,11.7
EMP05706,Main Terminal Restaurants,33767,26.67,2,2,Carpool,V625,Sedan,1988,Diesel,16
EMP05707,Airside C,34213,18.61,2,11,Shuttle,S026,Shuttle Bus,1994,Diesel,5.58
EMP05708,Airside C,33537,13.71,2,1,Bus,N/A,N/A,,N/A,5.48
EMP05709,Main Terminal & Airside Shopping,33610,31.97,4,15,Shuttle,S020,Shuttle Bus,1997,Diesel,19.18
EMP05710,Main Terminal Information Desk,33633,9.5,1,1,Car,V807,SUV,1994,Gasoline,5.7
EMP05711,Rental Car Center,34544,23.36,5,1,Car,V136,Truck,2005,Hybrid,70.08
EMP05712,Airside A,33921,52.48,2,1,Car,V123,SUV,1981,Diesel,62.98
EMP05713,Airside D,34427,29.03,5,4,Rideshare,V604,Sedan,2000,Gasoline,21.77
EMP05714,Airside D,34300,48.06,4,1,Train,N/A,N/A,,Electric,57.67
EMP05715,Main Terminal Restaurants,34476,28.5,4,1,Car,V869,Truck,1980,Diesel,68.4
EMP05716,Main Terminal Restaurants,33963,53.02,4,10,Shuttle,S005,Shuttle Bus,1980,Electric,31.81
EMP05717,Airside F,33553,49.4,4,1,Car,V778,SUV,2019,Electric,118.56
EMP05718,Sheltair Aviation,33690,31.22,1,1,Train,N/A,N/A,,Electric,9.37
EMP05719,Sheltair Aviation,34400,32.03,1,13,Shuttle,S002,Shuttle Bus,1977,Diesel,4.8
EMP05720,Rental Car Center,33534,12.08,4,1,Train,N/A,N/A,,Electric,14.5
EMP05721,Airside A,34508,22.68,4,1,Bus,N/A,N/A,,N/A,18.14
EMP05722,Airside A,34075,61.07,3,1,Car,V711,Minivan,1987,Electric,109.93
EMP05723,Main Terminal & Airside Shopping,33836,19.97,5,11,Shuttle,S050,Shuttle Bus,2000,Diesel,14.98
EMP05724,Airside F,33559,68.45,4,8,Shuttle,S032,Shuttle Bus,1982,Diesel,41.07
EMP05725,Sheltair Aviation,33601,25.81,5,2,Rideshare,V987,Minivan,1974,Gasoline,38.71
EMP05726,Airside D,33561,10.4,1,16,Shuttle,S013,Shuttle Bus,1972,Diesel,1.56
EMP05727,Airside E,33625,21.09,3,3,Carpool,V445,Minivan,1997,Electric,12.65
EMP05728,Airside D,33850,69.24,5,3,Rideshare,V579,SUV,1985,Hybrid,69.24
EMP05729,Rental Car Center,34509,30.1,1,17,Shuttle,S012,Shuttle Bus,2014,Diesel,4.51
EMP05730,Sky Connect,34265,57.08,5,3,Rideshare,V860,Truck,1978,Hybrid,57.08
EMP05731,Main Terminal Restaurants,33734,67.55,1,3,Rideshare,V900,Minivan,2007,Gasoline,13.51
EMP05732,Airside F,33981,53.25,5,3,Rideshare,V607,Minivan,2021,Diesel,53.25
EMP05733,Sky Connect,34311,37.48,4,11,Shuttle,S037,Shuttle Bus,1987,Diesel,22.49
EMP05734,Airside E,33566,56.12,5,2,Carpool,V811,Truck,2013,Diesel,84.18
EMP05735,Main Terminal & Airside Shopping,34562,48.12,4,4,Rideshare,V523,Truck,1993,Electric,28.87
EMP05736,Airside D,34545,23.24,4,1,Train,N/A,N/A,,Electric,27.89
EMP05737,Airside D,33972,53.12,4,1,Car,V885,Minivan,1980,Gasoline,127.49
EMP05738,Airside E,34029,20.74,4,1,Car,V568,Sedan,1987,Hybrid,49.78
EMP05739,Main Terminal Restaurants,34484,43.67,5,5,Carpool,V138,Minivan,2019,Gasoline,26.2
EMP05740,Airside D,33572,23.85,5,4,Rideshare,V213,Sedan,1992,Hybrid,17.89
EMP05741,Airside D,33564,12.67,3,1,Car,V657,SUV,2012,Gasoline,22.81
EMP05742,Airside D,33598,6.87,2,19,Shuttle,S005,Shuttle Bus,2003,Diesel,2.06
EMP05743,Main Terminal & Airside Shopping,33523,14.31,4,1,Train,N/A,N/A,,Electric,17.17
EMP05744,Airside C,33969,22.05,4,2,Rideshare,V177,Minivan,2007,Gasoline,26.46
EMP05745,Sky Connect,34374,19.34,2,1,Train,N/A,N/A,,Electric,11.6
EMP05746,Airside A,34052,55.59,3,4,Rideshare,V459,Minivan,1973,Hybrid,25.02
EMP05747,Airside E,34005,41.47,4,16,Shuttle,S025,Shuttle Bus,1976,Electric,24.88
EMP05748,Airside F,33746,20.81,4,1,Bus,N/A,N/A,,N/A,16.65
EMP05749,Airside D,33545,13.68,2,1,Car,V747,Truck,1975,Hybrid,16.42
EMP05750,Airside D,34340,45.02,5,4,Rideshare,V129,Minivan,2000,Gasoline,33.77
EMP05751,Airside F,33689,40.03,1,1,Car,V758,Minivan,1981,Diesel,24.02
EMP05752,Airside E,34014,22.51,2,1,Bus,N/A,N/A,,N/A,9
EMP05753,Sky Connect,33568,13.31,5,1,Bus,N/A,N/A,,N/A,13.31
EMP05754,Airside D,33702,31.18,2,19,Shuttle,S042,Shuttle Bus,1981,Electric,9.35
EMP05755,Airside F,33537,12.48,5,1,Bus,N/A,N/A,,N/A,12.48
EMP05756,Sky Connect,34423,66.81,1,4,Rideshare,V908,Sedan,1977,Diesel,10.02
EMP05757,Airside D,33737,24.74,5,1,Car,V799,Minivan,2018,Hybrid,74.22
EMP05758,Airside A,33705,20.09,1,1,Train,N/A,N/A,,Electric,6.03
EMP05759,Airside F,33595,15.68,3,1,Bus,N/A,N/A,,N/A,9.41
EMP05760,Airside F,34650,58.55,5,4,Rideshare,V293,Truck,2011,Electric,43.91
EMP05761,Main Terminal Information Desk,34360,63.22,1,1,Car,V929,SUV,2003,Electric,37.93
EMP05762,Rental Car Center,33754,56.68,5,4,Rideshare,V930,Truck,2006,Diesel,42.51
EMP05763,Rental Car Center,34292,51.28,3,4,Rideshare,V689,Minivan,2007,Hybrid,23.08
EMP05764,Airside D,33553,13.2,1,5,Carpool,V233,Minivan,2017,Electric,1.58
EMP05765,Main Terminal Restaurants,33524,55.91,5,2,Carpool,V524,Sedan,1990,Gasoline,83.86
EMP05766,Sheltair Aviation,33584,7.53,2,1,Bus,N/A,N/A,,N/A,3.01
EMP05767,Airside D,33544,13.41,5,1,Bus,N/A,N/A,,N/A,13.41
EMP05768,Main Terminal Restaurants,34026,29.24,2,1,Train,N/A,N/A,,Electric,17.54
EMP05769,Main Terminal Restaurants,33982,29.46,1,14,Shuttle,S036,Shuttle Bus,2010,Diesel,4.42
EMP05770,Airside E,33615,5.39,3,1,Bus,N/A,N/A,,N/A,3.23
EMP05771,Rental Car Center,33657,21.11,1,1,Bus,N/A,N/A,,N/A,4.22
EMP05772,Airside A,33509,12.03,4,1,Car,V669,Minivan,2000,Gasoline,28.87
EMP05773,Airside E,34247,17.66,5,12,Shuttle,S029,Shuttle Bus,1975,Electric,13.25
EMP05774,Airside C,34054,47.31,2,8,Shuttle,S050,Shuttle Bus,1997,Electric,14.19
EMP05775,Sky Connect,33855,36.62,1,4,Rideshare,V420,SUV,1977,Hybrid,5.49
EMP05776,Airside E,33936,49.3,2,1,Train,N/A,N/A,,Electric,29.58
EMP05777,Main Terminal Information Desk,34291,17.87,5,5,Carpool,V774,Minivan,2014,Electric,10.72
EMP05778,Rental Car Center,33534,11.61,1,1,Train,N/A,N/A,,Electric,3.48
EMP05779,Airside A,33556,11.16,4,4,Carpool,V752,Truck,2014,Electric,6.7
EMP05780,Main Terminal Information Desk,33593,9.48,1,1,Car,V846,SUV,1981,Gasoline,5.69
EMP05781,Sky Connect,33574,10.78,1,1,Bus,N/A,N/A,,N/A,2.16
EMP05782,Rental Car Center,33570,14.7,1,2,Rideshare,V218,Sedan,1978,Electric,4.41
EMP05783,Airside C,34377,18.31,3,1,Car,V360,Truck,1981,Electric,32.96
EMP05784,Sheltair Aviation,33624,6.28,1,1,Car,V161,SUV,1977,Electric,3.77
EMP05785,Main Terminal Restaurants,34502,30.67,2,4,Rideshare,V849,SUV,2008,Hybrid,9.2
EMP05786,Airside E,33545,12.82,4,5,Carpool,V569,Minivan,1997,Gasoline,6.15
EMP05787,Airside A,33579,12.56,5,1,Bus,N/A,N/A,,N/A,12.56
EMP05788,Airside C,34043,25.58,2,13,Shuttle,S012,Shuttle Bus,1995,Electric,7.67
EMP05789,Airside C,34627,42.86,1,2,Carpool,V873,SUV,2003,Diesel,12.86
EMP05790,Main Terminal & Airside Shopping,33679,16.54,5,1,Bus,N/A,N/A,,N/A,16.54
EMP05791,Rental Car Center,33602,6.32,4,1,Bus,N/A,N/A,,N/A,5.06
EMP05792,Airside A,34294,17.43,5,5,Carpool,V662,SUV,2006,Diesel,10.46
EMP05793,Rental Car Center,33629,65.51,3,15,Shuttle,S027,Shuttle Bus,2008,Electric,29.48
EMP05794,Main Terminal & Airside Shopping,33769,29.52,5,10,Shuttle,S050,Shuttle Bus,2008,Diesel,22.14
EMP05795,Airside A,33543,55.12,4,2,Carpool,V147,Minivan,1988,Diesel,66.14
EMP05796,Main Terminal Information Desk,34636,15.08,1,1,Train,N/A,N/A,,Electric,4.52
EMP05797,Sheltair Aviation,33563,12.34,4,1,Train,N/A,N/A,,Electric,14.81
EMP05798,Rental Car Center,34584,24.85,2,2,Carpool,V684,Sedan,1981,Diesel,14.91
EMP05799,Airside D,33816,42.43,3,1,Train,N/A,N/A,,Electric,38.19
EMP05800,Sheltair Aviation,34123,68.76,4,15,Shuttle,S035,Shuttle Bus,1987,Electric,41.26
EMP05801,Main Terminal & Airside Shopping,33602,6.03,2,17,Shuttle,S023,Shuttle Bus,1983,Diesel,1.81
EMP05802,Main Terminal Information Desk,34355,29.66,3,4,Rideshare,V552,Truck,1991,Diesel,13.35
EMP05803,Main Terminal & Airside Shopping,33596,7.12,4,1,Bus,N/A,N/A,,N/A,5.7
EMP05804,Sheltair Aviation,34528,49.76,1,3,Rideshare,V557,Sedan,2018,Hybrid,9.95
EMP05805,Main Terminal Information Desk,33552,10.9,5,1,Bus,N/A,N/A,,N/A,10.9
EMP05806,Airside A,34129,52.67,2,1,Car,V883,Truck,2005,Diesel,63.2
EMP05807,Airside E,33563,11.35,2,1,Car,V506,SUV,2006,Diesel,13.62
EMP05808,Airside A,34070,27.22,2,5,Carpool,V275,Truck,1997,Hybrid,6.53
EMP05809,Main Terminal Information Desk,33567,40.84,2,2,Carpool,V871,Minivan,2013,Hybrid,24.5
EMP05810,Airside A,34186,68.4,4,11,Shuttle,S006,Shuttle Bus,1986,Electric,41.04
EMP05811,Sky Connect,34056,43.31,2,3,Rideshare,V509,Minivan,1977,Electric,17.32
EMP05812,Main Terminal Restaurants,33593,5.29,2,1,Car,V593,SUV,1995,Gasoline,6.35
EMP05813,Airside A,34318,34.37,3,11,Shuttle,S047,Shuttle Bus,2000,Electric,15.47
EMP05814,Rental Car Center,33571,12.22,2,3,Carpool,V336,Minivan,2003,Diesel,4.89
EMP05815,Airside D,34319,40.62,2,4,Carpool,V891,SUV,1976,Diesel,12.19
EMP05816,Main Terminal Information Desk,33530,11.61,2,5,Carpool,V445,SUV,1993,Diesel,2.79
EMP05817,Airside C,33537,14.92,2,1,Car,V944,Minivan,1988,Gasoline,17.9
EMP05818,Airside A,34202,23.12,5,1,Train,N/A,N/A,,Electric,34.68
EMP05819,Airside E,33569,47.93,2,12,Shuttle,S014,Shuttle Bus,1973,Electric,14.38
EMP05820,Airside A,33977,31.76,2,3,Rideshare,V799,SUV,1986,Gasoline,12.7
EMP05821,Sheltair Aviation,34553,48.51,5,20,Shuttle,S014,Shuttle Bus,2008,Electric,36.38
EMP05822,Main Terminal Restaurants,33817,18.36,1,1,Bus,N/A,N/A,,N/A,3.67
EMP05823,Main Terminal Restaurants,33630,7.64,4,16,Shuttle,S001,Shuttle Bus,2006,Electric,4.58
EMP05824,Main Terminal Information Desk,34572,56.86,4,2,Carpool,V870,Truck,1999,Gasoline,68.23
EMP05825,Main Terminal Information Desk,34352,24.57,5,1,Bus,N/A,N/A,,N/A,24.57
EMP05826,Sky Connect,33587,5.69,4,1,Car,V964,Truck,2007,Hybrid,13.66
EMP05827,Airside D,34252,31.83,2,2,Rideshare,V781,Minivan,1997,Diesel,19.1
EMP05828,Main Terminal Information Desk,33563,14.14,2,1,Train,N/A,N/A,,Electric,8.48
EMP05829,Airside D,33978,16.74,3,1,Car,V744,SUV,1978,Electric,30.13
EMP05830,Airside F,34569,44.89,5,14,Shuttle,S034,Shuttle Bus,2002,Electric,33.67
EMP05831,Rental Car Center,34577,35.94,3,3,Carpool,V750,SUV,1983,Gasoline,21.56
EMP05832,Airside F,33567,10.88,4,1,Train,N/A,N/A,,Electric,13.06
EMP05833,Sheltair Aviation,33932,58.1,5,11,Shuttle,S006,Shuttle Bus,1981,Electric,43.58
EMP05834,Airside A,34544,47.71,2,2,Carpool,V875,Truck,1991,Electric,28.63
EMP05835,Main Terminal Restaurants,33761,36.21,1,2,Rideshare,V111,Truck,2012,Electric,10.86
EMP05836,Main Terminal & Airside Shopping,34385,18.92,5,1,Bus,N/A,N/A,,N/A,18.92
EMP05837,Sheltair Aviation,34484,27.26,1,14,Shuttle,S015,Shuttle Bus,1985,Electric,4.09
EMP05838,Main Terminal Information Desk,33519,14.9,4,1,Bus,N/A,N/A,,N/A,11.92
EMP05839,Airside D,34433,15.35,5,1,Train,N/A,N/A,,Electric,23.02
EMP05840,Airside F,33682,62.57,5,4,Carpool,V336,Sedan,2007,Hybrid,46.93
EMP05841,Airside E,34280,53.24,2,5,Rideshare,V256,SUV,1990,Gasoline,12.78
EMP05842,Main Terminal Restaurants,33580,7.19,5,5,Rideshare,V402,Minivan,1988,Diesel,4.31
EMP05843,Rental Car Center,34026,30.88,4,11,Shuttle,S040,Shuttle Bus,2004,Electric,18.53
EMP05844,Rental Car Center,34268,16.65,1,3,Rideshare,V906,Truck,1995,Hybrid,3.33
EMP05845,Main Terminal & Airside Shopping,33906,68.44,4,4,Rideshare,V581,Sedan,1987,Gasoline,41.06
EMP05846,Sky Connect,33620,19.46,2,1,Bus,N/A,N/A,,N/A,7.78
EMP05847,Airside A,33799,57.67,1,2,Carpool,V308,Minivan,2022,Electric,17.3
EMP05848,Sheltair Aviation,33906,21.95,2,1,Bus,N/A,N/A,,N/A,8.78
EMP05849,Main Terminal Restaurants,34444,33.68,4,18,Shuttle,S014,Shuttle Bus,2013,Diesel,20.21
EMP05850,Airside E,33614,9.84,2,12,Shuttle,S029,Shuttle Bus,1992,Electric,2.95
EMP05851,Rental Car Center,34372,68.01,5,2,Carpool,V105,Minivan,2021,Gasoline,102.02
EMP05852,Rental Car Center,33521,55.99,1,1,Car,V661,Truck,1995,Electric,33.59
EMP05853,Main Terminal & Airside Shopping,34461,17.31,1,19,Shuttle,S014,Shuttle Bus,1983,Diesel,2.6
EMP05854,Main Terminal & Airside Shopping,34642,58.96,3,5,Rideshare,V780,SUV,2011,Electric,21.23
EMP05855,Sky Connect,34072,50.39,5,4,Rideshare,V595,Sedan,2021,Electric,37.79
EMP05856,Airside A,33905,43.14,1,1,Train,N/A,N/A,,Electric,12.94
EMP05857,Main Terminal Information Desk,34099,56.24,4,1,Car,V753,Truck,1980,Gasoline,134.98
EMP05858,Airside A,34005,38.39,3,5,Rideshare,V528,Truck,1993,Electric,13.82
EMP05859,Rental Car Center,33993,18.97,3,5,Rideshare,V652,SUV,1983,Electric,6.83
EMP05860,Sky Connect,33767,43.1,3,1,Car,V775,Sedan,1993,Hybrid,77.58
EMP05861,Main Terminal & Airside Shopping,33561,8.57,3,1,Bus,N/A,N/A,,N/A,5.14
EMP05862,Sky Connect,34467,26.95,4,4,Carpool,V192,Minivan,2002,Diesel,16.17
EMP05863,Main Terminal Information Desk,34226,56.59,2,4,Rideshare,V720,Sedan,1994,Electric,16.98
EMP05864,Sky Connect,34530,35.99,5,3,Rideshare,V504,Sedan,1989,Diesel,35.99
EMP05865,Main Terminal Restaurants,33990,46.6,2,1,Car,V623,Sedan,1989,Electric,55.92
EMP05866,Airside D,33901,23.92,5,1,Bus,N/A,N/A,,N/A,23.92
EMP05867,Airside D,34233,65.44,3,3,Carpool,V641,Truck,1974,Electric,39.26
EMP05868,Rental Car Center,33882,61.35,2,2,Rideshare,V802,Sedan,1998,Hybrid,36.81
EMP05869,Main Terminal & Airside Shopping,34589,16.17,2,1,Car,V165,Minivan,1998,Gasoline,19.4
EMP05870,Sky Connect,33534,14.22,1,1,Train,N/A,N/A,,Electric,4.27
EMP05871,Main Terminal Restaurants,34337,17,4,4,Rideshare,V100,Minivan,1995,Hybrid,10.2
EMP05872,Rental Car Center,34532,18.39,2,1,Car,V365,Minivan,2017,Electric,22.07
EMP05873,Airside D,33806,19.23,4,1,Bus,N/A,N/A,,N/A,15.38
EMP05874,Sheltair Aviation,33722,18.71,1,14,Shuttle,S012,Shuttle Bus,1987,Diesel,2.81
EMP05875,Airside C,34676,50.78,1,3,Rideshare,V815,Minivan,1992,Hybrid,10.16
EMP05876,Main Terminal Restaurants,34529,44.57,4,1,Train,N/A,N/A,,Electric,53.48
EMP05877,Airside C,33590,35.2,5,18,Shuttle,S003,Shuttle Bus,1977,Electric,26.4
EMP05878,Airside C,33940,32.86,5,3,Rideshare,V481,SUV,2016,Diesel,32.86
EMP05879,Sky Connect,33558,16.33,4,1,Bus,N/A,N/A,,N/A,13.06
EMP05880,Airside C,34146,30.9,5,4,Carpool,V884,Sedan,1975,Gasoline,23.17
EMP05881,Airside E,34486,47.64,3,1,Train,N/A,N/A,,Electric,42.88
EMP05882,Airside F,33763,29.45,1,1,Train,N/A,N/A,,Electric,8.83
EMP05883,Airside A,34102,35.07,2,1,Car,V976,Truck,1997,Electric,42.08
EMP05884,Airside C,34267,42.86,1,1,Train,N/A,N/A,,Electric,12.86
EMP05885,Sky Connect,33685,41.04,4,1,Car,V722,Truck,1998,Gasoline,98.5
EMP05886,Airside F,33554,5.53,3,1,Bus,N/A,N/A,,N/A,3.32
EMP05887,Main Terminal Restaurants,33635,5.81,1,2,Rideshare,V953,SUV,2004,Electric,1.74
EMP05888,Sky Connect,34590,20.06,1,1,Bus,N/A,N/A,,N/A,4.01
EMP05889,Main Terminal & Airside Shopping,34489,57.73,4,9,Shuttle,S001,Shuttle Bus,2015,Diesel,34.64
EMP05890,Sheltair Aviation,33917,61.68,5,3,Rideshare,V869,SUV,2005,Hybrid,61.68
EMP05891,Airside A,34421,17.93,1,1,Bus,N/A,N/A,,N/A,3.59
EMP05892,Airside C,33925,58.95,5,3,Carpool,V176,SUV,2014,Diesel,58.95
EMP05893,Airside D,33834,43.37,3,1,Train,N/A,N/A,,Electric,39.03
EMP05894,Airside E,34043,36.83,5,1,Car,V781,Sedan,1988,Gasoline,110.49
EMP05895,Airside F,33610,8.95,1,1,Bus,N/A,N/A,,N/A,1.79
EMP05896,Main Terminal Information Desk,34336,25.62,5,4,Rideshare,V833,SUV,2014,Electric,19.21
EMP05897,Airside D,34295,45.69,1,1,Train,N/A,N/A,,Electric,13.71
EMP05898,Main Terminal & Airside Shopping,33871,35.58,1,1,Car,V907,Minivan,1996,Diesel,21.35
EMP05899,Airside A,34295,69.98,2,8,Shuttle,S038,Shuttle Bus,1995,Electric,20.99
EMP05900,Airside C,33612,7.65,3,1,Bus,N/A,N/A,,N/A,4.59
EMP05901,Sheltair Aviation,33788,20.17,2,1,Car,V667,Sedan,1977,Electric,24.2
EMP05902,Airside A,33667,45.7,1,16,Shuttle,S008,Shuttle Bus,1975,Diesel,6.86
EMP05903,Sheltair Aviation,33953,54.63,2,18,Shuttle,S013,Shuttle Bus,2009,Diesel,16.39
EMP05904,Airside E,34689,67.91,3,5,Rideshare,V160,SUV,1988,Electric,24.45
EMP05905,Airside E,34198,45.19,1,4,Carpool,V668,Minivan,1993,Gasoline,6.78
EMP05906,Airside A,33521,12.51,4,1,Train,N/A,N/A,,Electric,15.01
EMP05907,Rental Car Center,33514,14.52,5,1,Bus,N/A,N/A,,N/A,14.52
EMP05908,Airside D,33834,49.8,1,4,Rideshare,V166,Sedan,1986,Diesel,7.47
EMP05909,Airside A,34562,39.98,4,2,Carpool,V514,Sedan,2021,Hybrid,47.98
EMP05910,Airside C,33527,30.23,5,20,Shuttle,S017,Shuttle Bus,2013,Electric,22.67
EMP05911,Main Terminal & Airside Shopping,33717,23.03,5,1,Car,V204,Minivan,1995,Hybrid,69.09
EMP05912,Airside A,34059,33.02,2,1,Train,N/A,N/A,,Electric,19.81
EMP05913,Main Terminal & Airside Shopping,34086,26.94,3,1,Train,N/A,N/A,,Electric,24.25
EMP05914,Airside D,33561,30.6,3,1,Train,N/A,N/A,,Electric,27.54
EMP05915,Main Terminal & Airside Shopping,34236,16.09,5,1,Car,V523,Sedan,2022,Diesel,48.27
EMP05916,Main Terminal Information Desk,33605,9.33,3,5,Rideshare,V800,SUV,2020,Hybrid,3.36
EMP05917,Rental Car Center,34091,21.77,1,15,Shuttle,S010,Shuttle Bus,1999,Electric,3.27
EMP05918,Airside C,34094,48.6,2,2,Rideshare,V565,Truck,1999,Electric,29.16
EMP05919,Main Terminal & Airside Shopping,34639,26.66,3,3,Carpool,V565,Truck,1996,Electric,16
EMP05920,Main Terminal & Airside Shopping,34254,28.81,1,1,Train,N/A,N/A,,Electric,8.64
EMP05921,Airside F,34300,67.16,1,1,Car,V607,Truck,2016,Diesel,40.3
EMP05922,Sky Connect,33568,10.83,4,9,Shuttle,S019,Shuttle Bus,1990,Electric,6.5
EMP05923,Sky Connect,33775,53.51,5,2,Rideshare,V232,Minivan,2022,Electric,80.26
EMP05924,Main Terminal & Airside Shopping,34299,56.23,1,1,Car,V240,Minivan,2007,Electric,33.74
EMP05925,Main Terminal & Airside Shopping,34131,43.33,2,1,Car,V376,SUV,2000,Electric,52
EMP05926,Sky Connect,34489,44.33,4,1,Train,N/A,N/A,,Electric,53.2
EMP05927,Sheltair Aviation,34310,67.19,1,1,Car,V487,Truck,2013,Diesel,40.31
EMP05928,Main Terminal Information Desk,34104,60.25,4,18,Shuttle,S003,Shuttle Bus,1997,Diesel,36.15
EMP05929,Airside C,33969,28.16,4,3,Rideshare,V834,Sedan,2000,Diesel,22.53
EMP05930,Main Terminal Restaurants,33971,18.6,3,3,Carpool,V255,Truck,1978,Hybrid,11.16
EMP05931,Main Terminal & Airside Shopping,34567,32.56,1,1,Car,V863,Truck,1989,Hybrid,19.54
EMP05932,Rental Car Center,34482,15.19,1,1,Bus,N/A,N/A,,N/A,3.04
EMP05933,Airside E,33662,29.7,3,1,Car,V891,Truck,1972,Diesel,53.46
EMP05934,Airside A,34013,27.36,3,19,Shuttle,S022,Shuttle Bus,2015,Diesel,12.31
EMP05935,Airside C,34307,27.77,1,4,Carpool,V117,Minivan,1994,Hybrid,4.17
EMP05936,Rental Car Center,34090,40.45,2,1,Train,N/A,N/A,,Electric,24.27
EMP05937,Sheltair Aviation,33759,67.09,2,3,Carpool,V106,Sedan,1979,Gasoline,26.84
EMP05938,Airside E,34028,32.83,3,1,Train,N/A,N/A,,Electric,29.55
EMP05939,Airside F,34067,54.45,1,20,Shuttle,S045,Shuttle Bus,1974,Diesel,8.17
EMP05940,Airside D,34541,29.59,5,1,Car,V371,SUV,1991,Diesel,88.77
EMP05941,Sheltair Aviation,33872,21.49,4,15,Shuttle,S045,Shuttle Bus,2003,Electric,12.89
EMP05942,Airside A,34374,64.01,1,2,Carpool,V333,SUV,1977,Gasoline,19.2
EMP05943,Airside F,33622,7.61,5,1,Bus,N/A,N/A,,N/A,7.61
EMP05944,Sheltair Aviation,34575,25.1,5,9,Shuttle,S007,Shuttle Bus,2022,Diesel,18.82
EMP05945,Airside A,33808,50.37,5,14,Shuttle,S020,Shuttle Bus,1984,Diesel,37.78
EMP05946,Main Terminal & Airside Shopping,33991,25.06,4,5,Rideshare,V470,Truck,1972,Electric,12.03
EMP05947,Main Terminal Information Desk,33603,6.97,3,3,Rideshare,V885,SUV,1982,Hybrid,4.18
EMP05948,Sky Connect,33526,11.85,5,1,Train,N/A,N/A,,Electric,17.77
EMP05949,Airside F,33868,22.31,4,18,Shuttle,S021,Shuttle Bus,2003,Electric,13.39
EMP05950,Airside D,34159,67.5,2,10,Shuttle,S013,Shuttle Bus,1985,Electric,20.25
EMP05951,Airside C,34634,17.47,4,1,Car,V666,SUV,2007,Gasoline,41.93
EMP05952,Main Terminal Restaurants,33582,6.44,2,1,Car,V474,Truck,1998,Diesel,7.73
EMP05953,Sky Connect,34546,48.5,5,10,Shuttle,S031,Shuttle Bus,1986,Diesel,36.38
EMP05954,Airside A,34531,22.55,4,5,Rideshare,V488,Minivan,2016,Electric,10.82
EMP05955,Airside A,34606,36.16,2,1,Train,N/A,N/A,,Electric,21.7
EMP05956,Sky Connect,33549,13.32,3,1,Bus,N/A,N/A,,N/A,7.99
EMP05957,Sky Connect,33635,8.59,1,1,Bus,N/A,N/A,,N/A,1.72
EMP05958,Airside E,34141,49.79,4,1,Car,V173,SUV,2017,Diesel,119.5
EMP05959,Main Terminal & Airside Shopping,33888,49.4,3,1,Train,N/A,N/A,,Electric,44.46
EMP05960,Airside C,33809,25.13,2,5,Rideshare,V772,Sedan,1972,Gasoline,6.03
EMP05961,Main Terminal Information Desk,34039,56.07,1,4,Rideshare,V103,SUV,1978,Gasoline,8.41
EMP05962,Airside A,34131,22.93,1,1,Bus,N/A,N/A,,N/A,4.59
EMP05963,Airside D,34126,46.35,2,5,Rideshare,V824,Truck,2022,Electric,11.12
EMP05964,Airside D,33641,33.7,2,3,Rideshare,V199,Minivan,1980,Gasoline,13.48
EMP05965,Sheltair Aviation,33997,64.27,2,3,Rideshare,V904,Truck,1986,Electric,25.71
EMP05966,Airside E,34457,35.71,4,1,Train,N/A,N/A,,Electric,42.85
EMP05967,Airside A,33640,29.83,1,1,Car,V910,SUV,2004,Hybrid,17.9
EMP05968,Airside F,34302,18.25,3,5,Rideshare,V933,Truck,2000,Electric,6.57
EMP05969,Sheltair Aviation,34572,67.54,5,1,Car,V957,Sedan,2002,Electric,202.62
EMP05970,Sky Connect,33830,20.18,1,1,Bus,N/A,N/A,,N/A,4.04
EMP05971,Airside C,34522,39.62,5,3,Rideshare,V322,Truck,1985,Electric,39.62
EMP05972,Main Terminal & Airside Shopping,34505,69.71,5,3,Carpool,V697,Truck,2001,Gasoline,69.71
EMP05973,Airside F,33529,11.57,1,3,Carpool,V334,SUV,1998,Hybrid,2.31
EMP05974,Airside D,34399,34.45,1,1,Train,N/A,N/A,,Electric,10.34
EMP05975,Airside A,33740,67.66,4,3,Rideshare,V849,Truck,2004,Diesel,54.13
EMP05976,Main Terminal & Airside Shopping,33547,10.9,4,1,Train,N/A,N/A,,Electric,13.08
EMP05977,Main Terminal Information Desk,33582,6.11,4,1,Bus,N/A,N/A,,N/A,4.89
EMP05978,Airside A,33578,6.05,1,1,Bus,N/A,N/A,,N/A,1.21
EMP05979,Main Terminal & Airside Shopping,34286,23.16,4,1,Bus,N/A,N/A,,N/A,18.53
EMP05980,Main Terminal & Airside Shopping,34420,51.88,1,1,Car,V834,Minivan,2001,Diesel,31.13
EMP05981,Airside E,33523,13.41,2,1,Train,N/A,N/A,,Electric,8.05
EMP05982,Airside E,33747,47.26,5,10,Shuttle,S038,Shuttle Bus,2010,Diesel,35.45
EMP05983,Sky Connect,33900,24.12,5,1,Bus,N/A,N/A,,N/A,24.12
EMP05984,Main Terminal Information Desk,33564,10.12,3,1,Train,N/A,N/A,,Electric,9.11
EMP05985,Airside E,33577,9.96,3,1,Bus,N/A,N/A,,N/A,5.98
EMP05986,Rental Car Center,34113,65.31,2,2,Carpool,V759,Truck,1986,Electric,39.19
EMP05987,Rental Car Center,34368,25.57,1,5,Carpool,V133,Minivan,1998,Hybrid,3.07
EMP05988,Sky Connect,33872,54.77,2,2,Rideshare,V358,SUV,1978,Hybrid,32.86
EMP05989,Airside F,34684,54.66,5,4,Rideshare,V215,Sedan,2012,Hybrid,40.99
EMP05990,Main Terminal & Airside Shopping,34098,20.05,1,3,Rideshare,V221,SUV,1983,Gasoline,4.01
EMP05991,Main Terminal & Airside Shopping,33579,10.62,2,15,Shuttle,S044,Shuttle Bus,2011,Diesel,3.19
EMP05992,Main Terminal Information Desk,34645,63.41,1,12,Shuttle,S046,Shuttle Bus,2000,Diesel,9.51
EMP05993,Main Terminal & Airside Shopping,33670,61.39,5,2,Rideshare,V844,Minivan,1972,Hybrid,92.08
EMP05994,Rental Car Center,34672,68.57,3,4,Rideshare,V270,Truck,1975,Gasoline,30.86
EMP05995,Rental Car Center,33713,32.73,4,3,Carpool,V881,SUV,2004,Electric,26.18
EMP05996,Airside F,34572,16.06,4,13,Shuttle,S012,Shuttle Bus,2012,Electric,9.64
EMP05997,Main Terminal & Airside Shopping,34627,22.38,4,1,Bus,N/A,N/A,,N/A,17.9
EMP05998,Main Terminal Information Desk,34305,16.08,4,1,Bus,N/A,N/A,,N/A,12.86
EMP05999,Rental Car Center,33647,44.57,3,5,Carpool,V953,SUV,1987,Hybrid,16.05
EMP06000,Airside C,33712,24.44,3,1,Bus,N/A,N/A,,N/A,14.66
EMP06001,Rental Car Center,33578,14.97,2,2,Rideshare,V283,Truck,1977,Electric,8.98
EMP06002,Main Terminal Information Desk,33627,5.03,2,3,Carpool,V795,Sedan,1993,Electric,2.01
EMP06003,Main Terminal & Airside Shopping,33556,67.93,3,1,Car,V196,Sedan,1988,Gasoline,122.27
EMP06004,Airside C,34240,17.06,5,2,Carpool,V638,Truck,2021,Gasoline,25.59
EMP06005,Airside D,34345,34.39,2,3,Rideshare,V611,Truck,1978,Diesel,13.76
EMP06006,Airside C,33678,49.72,5,2,Rideshare,V984,Sedan,1976,Electric,74.58
EMP06007,Airside C,33608,7.97,3,1,Bus,N/A,N/A,,N/A,4.78
EMP06008,Rental Car Center,34668,31.91,3,1,Car,V450,Sedan,1992,Electric,57.44
EMP06009,Airside F,34281,46.93,1,1,Train,N/A,N/A,,Electric,14.08
EMP06010,Main Terminal Information Desk,34327,28.29,5,1,Train,N/A,N/A,,Electric,42.44
EMP06011,Main Terminal Information Desk,34425,60,2,14,Shuttle,S012,Shuttle Bus,2022,Diesel,18
EMP06012,Rental Car Center,33592,36.79,4,9,Shuttle,S012,Shuttle Bus,1992,Diesel,22.07
EMP06013,Main Terminal Information Desk,33958,47.99,4,4,Carpool,V158,SUV,1978,Hybrid,28.79
EMP06014,Sky Connect,34454,15.75,5,1,Bus,N/A,N/A,,N/A,15.75
EMP06015,Airside E,33563,6.46,3,5,Rideshare,V470,Truck,1980,Electric,2.33
EMP06016,Rental Car Center,34456,39.44,2,5,Carpool,V221,Sedan,1992,Gasoline,9.47
EMP06017,Sheltair Aviation,34455,49.2,3,2,Rideshare,V310,Minivan,2011,Diesel,44.28
EMP06018,Main Terminal & Airside Shopping,34368,67.96,5,1,Car,V516,Truck,1986,Electric,203.88
EMP06019,Airside C,33593,6.17,5,1,Car,V305,Minivan,2020,Hybrid,18.51
EMP06020,Sky Connect,33545,13.13,4,1,Bus,N/A,N/A,,N/A,10.5
EMP06021,Airside F,34060,42.5,2,14,Shuttle,S018,Shuttle Bus,2013,Electric,12.75
EMP06022,Airside A,33854,26.05,4,3,Carpool,V505,Minivan,1985,Electric,20.84
EMP06023,Sheltair Aviation,34369,22.75,3,1,Bus,N/A,N/A,,N/A,13.65
EMP06024,Airside D,34410,35.6,3,16,Shuttle,S042,Shuttle Bus,1983,Electric,16.02
EMP06025,Main Terminal & Airside Shopping,34694,36.47,3,1,Train,N/A,N/A,,Electric,32.82
EMP06026,Sheltair Aviation,34214,58.1,4,2,Rideshare,V962,Truck,2009,Diesel,69.72
EMP06027,Airside D,34217,21.09,3,1,Bus,N/A,N/A,,N/A,12.65
EMP06028,Sheltair Aviation,34018,47.85,2,1,Car,V893,Sedan,1978,Hybrid,57.42
EMP06029,Airside F,33529,11.71,4,1,Bus,N/A,N/A,,N/A,9.37
EMP06030,Rental Car Center,34058,58.03,1,16,Shuttle,S044,Shuttle Bus,1986,Electric,8.7
EMP06031,Main Terminal Restaurants,34228,29.29,5,4,Carpool,V342,Sedan,1983,Electric,21.97
EMP06032,Main Terminal Restaurants,33569,12.51,5,2,Rideshare,V483,Sedan,2019,Diesel,18.76
EMP06033,Sky Connect,34325,64.45,2,4,Carpool,V291,SUV,2016,Gasoline,19.34
EMP06034,Airside F,33556,12.15,5,1,Bus,N/A,N/A,,N/A,12.15
EMP06035,Airside D,33585,9.28,5,8,Shuttle,S050,Shuttle Bus,1986,Diesel,6.96
EMP06036,Main Terminal Information Desk,33613,31.37,4,3,Carpool,V189,Truck,2015,Hybrid,25.1
EMP06037,Airside A,33861,41.6,4,11,Shuttle,S046,Shuttle Bus,2013,Electric,24.96
EMP06038,Airside A,33789,43.59,1,2,Rideshare,V469,Minivan,1998,Diesel,13.08
EMP06039,Sky Connect,33563,10.14,5,1,Bus,N/A,N/A,,N/A,10.14
EMP06040,Airside F,34456,48.17,3,5,Carpool,V763,Truck,1980,Electric,17.34
EMP06041,Airside D,33576,47.65,4,14,Shuttle,S016,Shuttle Bus,2014,Diesel,28.59
EMP06042,Airside E,33568,10.85,2,1,Bus,N/A,N/A,,N/A,4.34
EMP06043,Airside D,33526,10.15,3,1,Car,V825,Sedan,1975,Hybrid,18.27
EMP06044,Airside C,33543,63.49,1,1,Car,V743,SUV,1982,Electric,38.09
EMP06045,Main Terminal & Airside Shopping,33781,18.14,4,1,Car,V217,Truck,1999,Electric,43.54
EMP06046,Airside D,34492,25.73,3,1,Train,N/A,N/A,,Electric,23.16
EMP06047,Main Terminal Information Desk,33961,25.51,4,1,Train,N/A,N/A,,Electric,30.61
EMP06048,Sky Connect,34437,23.65,2,2,Carpool,V369,Sedan,1973,Hybrid,14.19
EMP06049,Airside F,34115,23.25,4,4,Rideshare,V640,Minivan,2021,Diesel,13.95
EMP06050,Main Terminal Restaurants,33635,9.54,3,1,Car,V519,SUV,2014,Gasoline,17.17
EMP06051,Airside E,33559,11.58,1,1,Bus,N/A,N/A,,N/A,2.32
EMP06052,Sky Connect,34442,18.19,3,1,Bus,N/A,N/A,,N/A,10.91
EMP06053,Main Terminal Information Desk,33737,24.11,4,1,Car,V263,Sedan,1999,Diesel,57.86
EMP06054,Airside F,34010,22.55,4,9,Shuttle,S037,Shuttle Bus,1990,Diesel,13.53
EMP06055,Airside E,34066,25.32,4,5,Carpool,V712,Truck,2007,Hybrid,12.15
EMP06056,Sheltair Aviation,34064,19.4,2,1,Car,V521,Minivan,2020,Electric,23.28
EMP06057,Airside A,34502,57.3,5,2,Rideshare,V876,Sedan,1994,Gasoline,85.95
EMP06058,Sheltair Aviation,33806,20.52,3,1,Bus,N/A,N/A,,N/A,12.31
EMP06059,Airside A,33646,20.95,3,1,Bus,N/A,N/A,,N/A,12.57
EMP06060,Main Terminal Information Desk,34580,39.96,4,1,Car,V879,SUV,1974,Hybrid,95.9
EMP06061,Main Terminal Information Desk,34549,43.89,3,1,Train,N/A,N/A,,Electric,39.5
EMP06062,Airside F,33582,5.62,2,1,Car,V573,Truck,1975,Diesel,6.74
EMP06063,Main Terminal & Airside Shopping,34096,44.09,3,2,Rideshare,V735,Truck,2016,Diesel,39.68
EMP06064,Main Terminal Information Desk,33520,53.12,5,2,Carpool,V220,SUV,1982,Electric,79.68
EMP06065,Sky Connect,34298,31.19,2,1,Train,N/A,N/A,,Electric,18.71
EMP06066,Airside D,34555,27.61,1,5,Carpool,V864,Truck,1972,Hybrid,3.31
EMP06067,Airside D,33941,47.6,1,4,Rideshare,V304,Sedan,1997,Diesel,7.14
EMP06068,Sheltair Aviation,34261,37.31,4,1,Car,V105,Minivan,1997,Hybrid,89.54
EMP06069,Airside E,33673,22.22,5,1,Bus,N/A,N/A,,N/A,22.22
EMP06070,Airside C,33979,15.05,3,10,Shuttle,S042,Shuttle Bus,2015,Diesel,6.77
EMP06071,Airside E,34370,29.51,5,1,Train,N/A,N/A,,Electric,44.27
EMP06072,Main Terminal & Airside Shopping,33838,45.99,2,2,Carpool,V466,SUV,2012,Electric,27.59
EMP06073,Main Terminal Restaurants,33560,36.72,1,3,Rideshare,V711,Minivan,1981,Gasoline,7.34
EMP06074,Main Terminal Restaurants,34448,62.04,1,3,Rideshare,V267,SUV,2018,Gasoline,12.41
EMP06075,Airside C,33987,26.4,5,4,Carpool,V671,Sedan,1972,Hybrid,19.8
EMP06076,Airside A,33762,42.16,3,1,Car,V180,SUV,1990,Diesel,75.89
EMP06077,Airside A,33821,20.15,4,16,Shuttle,S004,Shuttle Bus,1979,Electric,12.09
EMP06078,Sky Connect,34660,68.77,1,1,Car,V157,SUV,1997,Hybrid,41.26
EMP06079,Airside D,33565,13.91,3,1,Train,N/A,N/A,,Electric,12.52
EMP06080,Airside F,33564,10.6,3,1,Train,N/A,N/A,,Electric,9.54
EMP06081,Main Terminal Information Desk,33974,16.44,4,1,Train,N/A,N/A,,Electric,19.73
EMP06082,Rental Car Center,34054,49.84,2,1,Train,N/A,N/A,,Electric,29.9
EMP06083,Main Terminal Restaurants,34633,16.7,3,11,Shuttle,S007,Shuttle Bus,1974,Electric,7.51
EMP06084,Airside C,34495,43.94,2,1,Train,N/A,N/A,,Electric,26.36
EMP06085,Airside E,33615,6.33,2,20,Shuttle,S009,Shuttle Bus,2005,Electric,1.9
EMP06086,Airside D,33701,56.98,5,4,Carpool,V289,Truck,1996,Hybrid,42.73
EMP06087,Main Terminal Restaurants,34357,61.05,4,18,Shuttle,S050,Shuttle Bus,2010,Diesel,36.63
EMP06088,Main Terminal Restaurants,33999,32.98,5,2,Rideshare,V625,Sedan,2018,Gasoline,49.47
EMP06089,Rental Car Center,33592,9.8,5,1,Bus,N/A,N/A,,N/A,9.8
EMP06090,Airside D,34293,63.15,5,5,Rideshare,V791,Sedan,2009,Hybrid,37.89
EMP06091,Airside A,34635,31.6,3,16,Shuttle,S019,Shuttle Bus,2017,Diesel,14.22
EMP06092,Main Terminal Restaurants,34671,57.65,1,16,Shuttle,S009,Shuttle Bus,1974,Electric,8.65
EMP06093,Airside D,33647,23.94,3,1,Bus,N/A,N/A,,N/A,14.36
EMP06094,Airside F,34345,37.82,1,5,Rideshare,V454,Truck,1982,Hybrid,4.54
EMP06095,Rental Car Center,34181,44.28,2,13,Shuttle,S033,Shuttle Bus,1995,Diesel,13.28
EMP06096,Airside A,33859,27,2,1,Train,N/A,N/A,,Electric,16.2
EMP06097,Main Terminal Information Desk,33546,10.51,3,1,Bus,N/A,N/A,,N/A,6.31
EMP06098,Main Terminal Information Desk,33571,10.3,4,1,Bus,N/A,N/A,,N/A,8.24
EMP06099,Airside D,34257,39.85,5,3,Rideshare,V825,Truck,2005,Gasoline,39.85
EMP06100,Airside E,33866,24.89,5,5,Carpool,V854,Truck,2019,Diesel,14.93
EMP06101,Main Terminal Information Desk,33512,13.65,4,1,Train,N/A,N/A,,Electric,16.38
EMP06102,Airside A,34139,19.37,1,1,Bus,N/A,N/A,,N/A,3.87
EMP06103,Main Terminal Restaurants,34191,18.89,5,4,Rideshare,V572,Minivan,1982,Hybrid,14.17
EMP06104,Airside C,33834,20.36,4,1,Bus,N/A,N/A,,N/A,16.29
EMP06105,Airside F,34363,67.45,5,13,Shuttle,S043,Shuttle Bus,2015,Electric,50.59
EMP06106,Airside C,33952,42.95,3,4,Carpool,V130,Truck,2005,Diesel,19.33
EMP06107,Main Terminal Information Desk,33541,13.82,4,1,Bus,N/A,N/A,,N/A,11.06
EMP06108,Rental Car Center,34116,36.13,1,14,Shuttle,S008,Shuttle Bus,1997,Diesel,5.42
EMP06109,Airside E,33636,8.12,2,1,Bus,N/A,N/A,,N/A,3.25
EMP06110,Main Terminal Information Desk,33967,22.61,3,1,Bus,N/A,N/A,,N/A,13.57
EMP06111,Airside C,33913,33.19,3,2,Rideshare,V205,Truck,1977,Electric,29.87
EMP06112,Sheltair Aviation,33593,5.53,1,1,Car,V473,Truck,2022,Hybrid,3.32
EMP06113,Sky Connect,34228,41.02,3,4,Carpool,V950,Truck,1981,Hybrid,18.46
EMP06114,Main Terminal & Airside Shopping,33621,5.85,1,5,Carpool,V308,SUV,2000,Hybrid,0.7
EMP06115,Sheltair Aviation,33603,8.55,4,1,Bus,N/A,N/A,,N/A,6.84
EMP06116,Sky Connect,34292,21.39,5,1,Car,V408,Sedan,2017,Gasoline,64.17
EMP06117,Airside A,33514,12.54,4,1,Train,N/A,N/A,,Electric,15.05
EMP06118,Airside D,33737,19.37,1,5,Carpool,V437,Truck,2018,Electric,2.32
EMP06119,Sky Connect,34685,37.35,2,2,Rideshare,V697,Minivan,1973,Diesel,22.41
EMP06120,Airside F,33599,5.69,5,1,Bus,N/A,N/A,,N/A,5.69
EMP06121,Airside A,33696,16.81,2,1,Train,N/A,N/A,,Electric,10.09
EMP06122,Sheltair Aviation,34572,37.48,4,8,Shuttle,S037,Shuttle Bus,1990,Electric,22.49
EMP06123,Sheltair Aviation,33568,51.15,1,9,Shuttle,S024,Shuttle Bus,1999,Electric,7.67
EMP06124,Sky Connect,33690,30.92,5,2,Carpool,V478,Sedan,1994,Diesel,46.38
EMP06125,Airside E,33601,5.6,2,1,Car,V149,Truck,1984,Gasoline,6.72
EMP06126,Rental Car Center,33986,69.17,2,18,Shuttle,S046,Shuttle Bus,2019,Diesel,20.75
EMP06127,Rental Car Center,34579,17.12,2,1,Bus,N/A,N/A,,N/A,6.85
EMP06128,Rental Car Center,33551,26.9,2,1,Car,V656,SUV,1999,Electric,32.28
EMP06129,Sky Connect,34581,32.08,1,3,Carpool,V390,Truck,1993,Electric,6.42
EMP06130,Sky Connect,33565,10.65,4,1,Car,V513,Minivan,2008,Diesel,25.56
EMP06131,Airside D,34112,44.4,1,3,Carpool,V290,Sedan,2004,Hybrid,8.88
EMP06132,Airside E,34098,32.82,4,14,Shuttle,S031,Shuttle Bus,2011,Electric,19.69
EMP06133,Airside E,34062,56.4,4,12,Shuttle,S002,Shuttle Bus,1973,Electric,33.84
EMP06134,Main Terminal Information Desk,33637,5.78,5,11,Shuttle,S049,Shuttle Bus,1981,Diesel,4.33
EMP06135,Main Terminal Information Desk,33560,10.24,4,1,Train,N/A,N/A,,Electric,12.29
EMP06136,Airside F,33549,12.52,5,1,Bus,N/A,N/A,,N/A,12.52
EMP06137,Sky Connect,33610,9.11,5,1,Car,V944,Minivan,1979,Hybrid,27.33
EMP06138,Airside D,33892,28.85,5,1,Train,N/A,N/A,,Electric,43.27
EMP06139,Airside D,34469,16.47,5,1,Bus,N/A,N/A,,N/A,16.47
EMP06140,Sheltair Aviation,34026,65.31,3,1,Car,V935,Minivan,1981,Diesel,117.56
EMP06141,Rental Car Center,34010,35.1,3,1,Train,N/A,N/A,,Electric,31.59
EMP06142,Airside C,34326,55.99,3,5,Rideshare,V769,Truck,2004,Diesel,20.16
EMP06143,Airside F,33583,20.51,3,1,Train,N/A,N/A,,Electric,18.46
EMP06144,Airside E,34694,37.79,4,20,Shuttle,S049,Shuttle Bus,1998,Diesel,22.67
EMP06145,Sky Connect,34049,44.54,4,1,Train,N/A,N/A,,Electric,53.45
EMP06146,Rental Car Center,34412,18.48,4,1,Bus,N/A,N/A,,N/A,14.78
EMP06147,Sheltair Aviation,33805,18.59,1,1,Train,N/A,N/A,,Electric,5.58
EMP06148,Sheltair Aviation,33784,35.51,2,1,Train,N/A,N/A,,Electric,21.31
EMP06149,Rental Car Center,34045,37.9,2,3,Carpool,V673,Minivan,2005,Electric,15.16
EMP06150,Airside E,34457,48.17,1,3,Carpool,V335,SUV,2006,Electric,9.63
EMP06151,Sky Connect,33631,62.79,1,5,Rideshare,V627,SUV,1979,Electric,7.53
EMP06152,Main Terminal Information Desk,33613,9.15,5,4,Rideshare,V152,SUV,2015,Hybrid,6.86
EMP06153,Main Terminal Restaurants,34166,49.95,5,5,Rideshare,V778,Minivan,2008,Electric,29.97
EMP06154,Sheltair Aviation,34442,63.54,3,20,Shuttle,S033,Shuttle Bus,2007,Electric,28.59
EMP06155,Sky Connect,34269,25.36,1,8,Shuttle,S022,Shuttle Bus,1992,Diesel,3.8
EMP06156,Airside E,34425,19.02,4,1,Bus,N/A,N/A,,N/A,15.22
EMP06157,Airside D,34040,52.23,3,17,Shuttle,S014,Shuttle Bus,2001,Electric,23.5
EMP06158,Airside F,34252,61.27,4,2,Carpool,V209,Minivan,1983,Hybrid,73.52
EMP06159,Main Terminal & Airside Shopping,34018,45.52,2,4,Rideshare,V143,SUV,2020,Gasoline,13.66
EMP06160,Airside D,34463,18.96,1,5,Carpool,V566,Truck,1995,Gasoline,2.28
EMP06161,Main Terminal Restaurants,34167,47.73,1,3,Carpool,V746,Sedan,1982,Gasoline,9.55
EMP06162,Rental Car Center,33600,17.04,3,1,Train,N/A,N/A,,Electric,15.34
EMP06163,Main Terminal Restaurants,33763,19.87,3,1,Bus,N/A,N/A,,N/A,11.92
EMP06164,Airside F,33664,21.38,3,4,Carpool,V740,Sedan,1991,Hybrid,9.62
EMP06165,Airside F,34366,30.08,2,5,Carpool,V827,Minivan,1978,Diesel,7.22
EMP06166,Airside E,33514,14.61,5,1,Bus,N/A,N/A,,N/A,14.61
EMP06167,Airside D,34622,34.12,2,3,Carpool,V101,Sedan,2014,Electric,13.65
EMP06168,Airside A,33517,10.84,5,17,Shuttle,S048,Shuttle Bus,1992,Electric,8.13
EMP06169,Airside A,33872,23.69,3,1,Car,V717,SUV,2006,Gasoline,42.64
EMP06170,Sky Connect,34105,32.22,3,5,Rideshare,V470,Minivan,1986,Gasoline,11.6
EMP06171,Main Terminal Restaurants,33573,8.51,4,2,Carpool,V731,Truck,2022,Electric,10.21
EMP06172,Airside C,33577,7,3,1,Car,V615,Truck,2007,Diesel,12.6
EMP06173,Airside A,33569,11.75,1,5,Rideshare,V226,Truck,1974,Diesel,1.41
EMP06174,Airside A,33585,23.63,1,1,Bus,N/A,N/A,,N/A,4.73
EMP06175,Rental Car Center,34322,51.01,2,2,Carpool,V394,Minivan,2015,Hybrid,30.61
EMP06176,Airside F,33586,8.93,1,1,Bus,N/A,N/A,,N/A,1.79
EMP06177,Main Terminal Information Desk,34143,21.34,2,2,Carpool,V184,SUV,1985,Diesel,12.8
EMP06178,Main Terminal Information Desk,33867,59.09,2,2,Rideshare,V535,Minivan,1981,Electric,35.45
EMP06179,Main Terminal Restaurants,33572,9.27,1,1,Bus,N/A,N/A,,N/A,1.85
EMP06180,Airside F,34347,30.03,4,2,Carpool,V447,Truck,1996,Gasoline,36.04
EMP06181,Main Terminal & Airside Shopping,34167,32.15,3,5,Carpool,V446,Truck,2010,Diesel,11.57
EMP06182,Main Terminal & Airside Shopping,33556,5.39,2,1,Bus,N/A,N/A,,N/A,2.16
EMP06183,Sheltair Aviation,33617,48.64,4,5,Carpool,V565,SUV,1999,Hybrid,23.35
EMP06184,Airside C,34292,21.46,1,1,Car,V663,Minivan,1997,Electric,12.88
EMP06185,Airside A,33561,16.81,5,1,Bus,N/A,N/A,,N/A,16.81
EMP06186,Main Terminal Restaurants,33559,6.4,1,1,Bus,N/A,N/A,,N/A,1.28
EMP06187,Airside E,33561,6.71,5,1,Car,V564,Minivan,1992,Diesel,20.13
EMP06188,Airside E,34676,30.91,3,3,Carpool,V878,SUV,1988,Diesel,18.55
EMP06189,Airside A,34584,64,3,12,Shuttle,S019,Shuttle Bus,2002,Electric,28.8
EMP06190,Airside C,33568,10.26,3,1,Bus,N/A,N/A,,N/A,6.16
EMP06191,Airside A,34163,16.12,5,1,Bus,N/A,N/A,,N/A,16.12
EMP06192,Airside F,33565,31.74,1,3,Carpool,V377,SUV,1977,Diesel,6.35
EMP06193,Main Terminal & Airside Shopping,33575,13.21,3,14,Shuttle,S022,Shuttle Bus,1997,Electric,5.94
EMP06194,Airside C,33526,14.44,1,1,Train,N/A,N/A,,Electric,4.33
EMP06195,Airside A,34224,23.11,1,2,Rideshare,V657,Truck,1985,Gasoline,6.93
EMP06196,Main Terminal Restaurants,34000,27.03,1,1,Car,V391,SUV,2013,Electric,16.22
EMP06197,Main Terminal Restaurants,34353,57.78,2,11,Shuttle,S013,Shuttle Bus,1997,Diesel,17.33
EMP06198,Airside A,34175,15.63,4,4,Rideshare,V576,SUV,2000,Gasoline,9.38
EMP06199,Airside A,34077,32.66,5,1,Train,N/A,N/A,,Electric,48.99
EMP06200,Airside C,33537,14.44,3,1,Bus,N/A,N/A,,N/A,8.66
EMP06201,Main Terminal Information Desk,33526,14.92,1,1,Bus,N/A,N/A,,N/A,2.98
EMP06202,Airside C,34108,19.64,1,1,Bus,N/A,N/A,,N/A,3.93
EMP06203,Main Terminal Information Desk,33531,10.71,1,1,Car,V820,Truck,2003,Diesel,6.43
EMP06204,Sky Connect,34510,27.2,2,11,Shuttle,S006,Shuttle Bus,1987,Electric,8.16
EMP06205,Sheltair Aviation,33556,12.31,3,1,Train,N/A,N/A,,Electric,11.08
EMP06206,Sky Connect,33556,14.14,4,1,Car,V483,Minivan,2003,Gasoline,33.94
EMP06207,Main Terminal Restaurants,34573,24.26,1,1,Train,N/A,N/A,,Electric,7.28
EMP06208,Airside F,33609,26.03,5,11,Shuttle,S049,Shuttle Bus,1973,Diesel,19.52
EMP06209,Airside A,34243,37.52,3,19,Shuttle,S038,Shuttle Bus,1989,Diesel,16.88
EMP06210,Main Terminal & Airside Shopping,33943,15.06,5,1,Train,N/A,N/A,,Electric,22.59
EMP06211,Airside F,33933,35.98,1,15,Shuttle,S025,Shuttle Bus,1990,Electric,5.4
EMP06212,Sheltair Aviation,33574,14.85,1,1,Bus,N/A,N/A,,N/A,2.97
EMP06213,Rental Car Center,34161,27.03,3,19,Shuttle,S003,Shuttle Bus,2010,Electric,12.16
EMP06214,Main Terminal Restaurants,33805,69.48,3,13,Shuttle,S048,Shuttle Bus,2017,Electric,31.27
EMP06215,Rental Car Center,33543,53.93,3,5,Carpool,V972,Minivan,1991,Electric,19.41
EMP06216,Main Terminal Restaurants,34034,31.97,5,1,Car,V284,Minivan,1976,Gasoline,95.91
EMP06217,Main Terminal Information Desk,34371,30.88,3,1,Train,N/A,N/A,,Electric,27.79
EMP06218,Airside E,33782,15.1,2,15,Shuttle,S038,Shuttle Bus,1987,Diesel,4.53
EMP06219,Main Terminal & Airside Shopping,34340,18.2,2,1,Car,V224,Sedan,1987,Electric,21.84
EMP06220,Sky Connect,33511,10.66,1,1,Car,V546,SUV,1985,Gasoline,6.4
EMP06221,Rental Car Center,34117,27.51,1,17,Shuttle,S037,Shuttle Bus,2004,Diesel,4.13
EMP06222,Sky Connect,33663,24.13,4,1,Car,V993,Sedan,1991,Diesel,57.91
EMP06223,Airside E,33900,16.72,4,1,Bus,N/A,N/A,,N/A,13.38
EMP06224,Sky Connect,34619,28.22,3,1,Car,V576,Minivan,2003,Electric,50.8
EMP06225,Main Terminal Information Desk,34068,34.87,1,1,Car,V237,Minivan,2010,Electric,20.92
EMP06226,Sky Connect,33550,10.45,1,2,Carpool,V763,Minivan,1993,Electric,3.13
EMP06227,Airside D,33570,11.03,1,1,Bus,N/A,N/A,,N/A,2.21
EMP06228,Main Terminal Information Desk,34299,67.92,3,4,Carpool,V707,Sedan,1994,Diesel,30.56
EMP06229,Airside E,33746,62.1,3,1,Car,V477,SUV,1981,Electric,111.78
EMP06230,Airside F,34441,32.09,5,19,Shuttle,S019,Shuttle Bus,2003,Diesel,24.07
EMP06231,Main Terminal Restaurants,34562,26.39,1,1,Car,V208,Truck,1977,Electric,15.83
EMP06232,Main Terminal Information Desk,34575,59.73,3,20,Shuttle,S027,Shuttle Bus,2022,Electric,26.88
EMP06233,Airside F,34628,31.7,5,2,Rideshare,V848,SUV,1998,Gasoline,47.55
EMP06234,Main Terminal Information Desk,33615,5.54,4,12,Shuttle,S029,Shuttle Bus,1989,Electric,3.32
EMP06235,Main Terminal Information Desk,34051,23.87,5,1,Bus,N/A,N/A,,N/A,23.87
EMP06236,Main Terminal Restaurants,33550,11.68,5,1,Train,N/A,N/A,,Electric,17.52
EMP06237,Sheltair Aviation,33942,30.12,3,1,Train,N/A,N/A,,Electric,27.11
EMP06238,Sky Connect,34685,42.97,3,5,Carpool,V869,Minivan,2001,Gasoline,15.47
EMP06239,Airside E,33664,55.92,2,2,Rideshare,V163,SUV,2012,Electric,33.55
EMP06240,Airside D,33808,16.47,5,1,Bus,N/A,N/A,,N/A,16.47
EMP06241,Airside E,33792,22.07,4,1,Bus,N/A,N/A,,N/A,17.66
EMP06242,Rental Car Center,34423,20.73,5,1,Car,V315,SUV,1996,Hybrid,62.19
EMP06243,Airside F,33517,10.37,1,11,Shuttle,S016,Shuttle Bus,2007,Electric,1.56
EMP06244,Sky Connect,34305,52.61,1,4,Carpool,V627,SUV,1990,Electric,7.89
EMP06245,Main Terminal Restaurants,34178,38.28,2,4,Carpool,V533,SUV,2003,Diesel,11.48
EMP06246,Airside A,33620,7.92,5,4,Carpool,V359,Minivan,2008,Electric,5.94
EMP06247,Sky Connect,33881,39.16,1,1,Car,V512,SUV,1984,Diesel,23.5
EMP06248,Airside D,33607,6.88,3,9,Shuttle,S015,Shuttle Bus,1980,Diesel,3.1
EMP06249,Airside E,33669,64.82,5,3,Carpool,V760,Minivan,1985,Electric,64.82
EMP06250,Sky Connect,33551,7.49,3,1,Bus,N/A,N/A,,N/A,4.49
EMP06251,Airside F,34455,18.57,3,1,Train,N/A,N/A,,Electric,16.71
EMP06252,Main Terminal Restaurants,33591,9.19,1,13,Shuttle,S031,Shuttle Bus,1999,Electric,1.38
EMP06253,Main Terminal Information Desk,33566,14.19,1,1,Train,N/A,N/A,,Electric,4.26
EMP06254,Airside D,34116,34.52,1,3,Carpool,V409,SUV,1997,Hybrid,6.9
EMP06255,Airside F,33640,60.97,2,2,Rideshare,V606,Truck,2017,Hybrid,36.58
EMP06256,Airside A,34440,38.94,2,1,Train,N/A,N/A,,Electric,23.36
EMP06257,Airside E,34056,59.12,5,1,Car,V850,Sedan,1979,Diesel,177.36
EMP06258,Main Terminal & Airside Shopping,34423,32.62,3,1,Train,N/A,N/A,,Electric,29.36
EMP06259,Sheltair Aviation,34025,47.19,4,3,Rideshare,V304,SUV,1994,Gasoline,37.75
EMP06260,Main Terminal & Airside Shopping,34443,35.5,4,1,Train,N/A,N/A,,Electric,42.6
EMP06261,Airside A,34145,38.65,5,1,Train,N/A,N/A,,Electric,57.97
EMP06262,Main Terminal Restaurants,34113,19.58,4,1,Car,V892,SUV,2021,Hybrid,46.99
EMP06263,Airside D,33558,5.28,1,1,Car,V407,Sedan,1982,Diesel,3.17
EMP06264,Main Terminal Information Desk,34033,41.41,5,15,Shuttle,S040,Shuttle Bus,1982,Diesel,31.06
EMP06265,Main Terminal Restaurants,33522,11.17,5,3,Rideshare,V209,Sedan,2013,Gasoline,11.17
EMP06266,Sky Connect,34351,46.6,5,1,Train,N/A,N/A,,Electric,69.9
EMP06267,Rental Car Center,33994,16.78,1,1,Train,N/A,N/A,,Electric,5.03
EMP06268,Airside E,34257,58.13,5,11,Shuttle,S029,Shuttle Bus,2016,Electric,43.6
EMP06269,Airside F,34576,27.72,3,1,Train,N/A,N/A,,Electric,24.95
EMP06270,Sheltair Aviation,33561,7.22,1,1,Car,V833,Truck,1986,Electric,4.33
EMP06271,Airside A,34256,57.68,3,5,Carpool,V154,Minivan,2009,Gasoline,20.76
EMP06272,Main Terminal & Airside Shopping,33573,8.96,2,5,Rideshare,V952,Truck,1996,Hybrid,2.15
EMP06273,Main Terminal Restaurants,33553,25.21,4,3,Rideshare,V226,SUV,1975,Diesel,20.17
EMP06274,Main Terminal Restaurants,34297,30.71,3,20,Shuttle,S040,Shuttle Bus,1998,Diesel,13.82
EMP06275,Airside E,34082,68.73,2,17,Shuttle,S001,Shuttle Bus,2003,Electric,20.62
EMP06276,Airside C,33545,10.96,2,1,Bus,N/A,N/A,,N/A,4.38
EMP06277,Airside F,33627,43.91,4,5,Rideshare,V953,Truck,2012,Hybrid,21.08
EMP06278,Main Terminal Information Desk,33634,8.37,1,19,Shuttle,S004,Shuttle Bus,2004,Electric,1.26
EMP06279,Airside A,33556,9.88,5,2,Carpool,V691,Minivan,1983,Hybrid,14.82
EMP06280,Airside C,33551,12.3,2,1,Bus,N/A,N/A,,N/A,4.92
EMP06281,Airside E,33674,64.32,3,1,Car,V100,SUV,1975,Diesel,115.78
EMP06282,Airside E,34192,54.1,1,5,Rideshare,V168,Minivan,2022,Electric,6.49
EMP06283,Sky Connect,34191,39.55,5,1,Car,V359,Minivan,1985,Gasoline,118.65
EMP06284,Sky Connect,33749,46.47,3,12,Shuttle,S013,Shuttle Bus,1979,Diesel,20.91
EMP06285,Sheltair Aviation,33554,12.25,4,5,Carpool,V243,Sedan,2009,Hybrid,5.88
EMP06286,Rental Car Center,34382,69.12,3,1,Car,V665,Truck,1973,Gasoline,124.42
EMP06287,Main Terminal Information Desk,34320,17.72,5,9,Shuttle,S047,Shuttle Bus,1985,Electric,13.29
EMP06288,Sky Connect,34174,57.33,5,2,Carpool,V855,SUV,2011,Hybrid,85.99
EMP06289,Rental Car Center,34697,58.99,2,2,Carpool,V758,Sedan,1988,Gasoline,35.39
EMP06290,Sheltair Aviation,34531,38.42,2,4,Rideshare,V397,Sedan,2003,Gasoline,11.53
EMP06291,Airside D,33943,44.25,1,1,Car,V810,Truck,1984,Electric,26.55
EMP06292,Rental Car Center,34688,32.83,2,1,Train,N/A,N/A,,Electric,19.7
EMP06293,Airside C,34158,39.26,2,5,Rideshare,V105,SUV,2002,Gasoline,9.42
EMP06294,Airside E,34422,59.55,1,9,Shuttle,S020,Shuttle Bus,1996,Diesel,8.93
EMP06295,Airside E,34536,58.82,5,1,Car,V818,Truck,2009,Hybrid,176.46
EMP06296,Main Terminal & Airside Shopping,34551,38.86,5,1,Train,N/A,N/A,,Electric,58.29
EMP06297,Sky Connect,33596,5.12,4,1,Bus,N/A,N/A,,N/A,4.1
EMP06298,Rental Car Center,34610,43.51,5,2,Rideshare,V574,SUV,1996,Diesel,65.27
EMP06299,Rental Car Center,33557,13.03,2,1,Car,V784,Minivan,2014,Hybrid,15.64
EMP06300,Rental Car Center,34139,30.59,4,1,Car,V810,Truck,2007,Gasoline,73.42
EMP06301,Main Terminal Restaurants,34646,52.26,2,2,Carpool,V197,Sedan,1977,Gasoline,31.36
EMP06302,Airside F,34144,48.39,5,1,Car,V322,SUV,2021,Gasoline,145.17
EMP06303,Main Terminal Restaurants,33905,17.87,5,1,Bus,N/A,N/A,,N/A,17.87
EMP06304,Airside F,33509,10.72,2,4,Rideshare,V251,SUV,1979,Hybrid,3.22
EMP06305,Main Terminal & Airside Shopping,33667,30.3,4,5,Carpool,V899,SUV,2005,Diesel,14.54
EMP06306,Airside A,34018,54.13,3,3,Carpool,V347,SUV,2007,Electric,32.48
EMP06307,Main Terminal Information Desk,34470,30.35,4,1,Car,V130,Minivan,2006,Hybrid,72.84
EMP06308,Airside E,34573,22.58,2,1,Train,N/A,N/A,,Electric,13.55
EMP06309,Sheltair Aviation,34309,57.66,4,19,Shuttle,S031,Shuttle Bus,2016,Electric,34.6
EMP06310,Airside A,34496,44.56,4,1,Train,N/A,N/A,,Electric,53.47
EMP06311,Airside E,34419,55.8,1,1,Car,V282,Truck,2002,Hybrid,33.48
EMP06312,Airside A,33947,69.16,2,1,Car,V910,Sedan,1991,Hybrid,82.99
EMP06313,Airside C,34572,23.07,5,1,Car,V390,SUV,2000,Electric,69.21
EMP06314,Airside E,34441,16.06,3,3,Rideshare,V396,Truck,2005,Gasoline,9.64
EMP06315,Main Terminal & Airside Shopping,33924,41.71,5,17,Shuttle,S038,Shuttle Bus,2008,Diesel,31.28
EMP06316,Main Terminal Information Desk,34216,22.5,2,1,Bus,N/A,N/A,,N/A,9
EMP06317,Airside E,33620,6.73,5,2,Carpool,V914,SUV,1993,Diesel,10.1
EMP06318,Main Terminal & Airside Shopping,33840,60.35,2,18,Shuttle,S050,Shuttle Bus,2021,Electric,18.11
EMP06319,Sky Connect,33590,27.16,4,16,Shuttle,S031,Shuttle Bus,1986,Diesel,16.3
EMP06320,Airside D,34435,38.77,2,4,Carpool,V180,SUV,1980,Hybrid,11.63
EMP06321,Rental Car Center,34373,47.55,1,2,Carpool,V790,SUV,1996,Gasoline,14.26
EMP06322,Sheltair Aviation,34139,55.39,3,3,Carpool,V837,Minivan,2020,Gasoline,33.23
EMP06323,Main Terminal Restaurants,33506,43.47,4,1,Car,V590,Minivan,2019,Hybrid,104.33
EMP06324,Airside A,34109,42.14,5,16,Shuttle,S037,Shuttle Bus,2014,Electric,31.6
EMP06325,Sheltair Aviation,34318,31.98,5,1,Train,N/A,N/A,,Electric,47.97
EMP06326,Airside F,34533,49.1,4,5,Rideshare,V821,Minivan,1986,Electric,23.57
EMP06327,Airside E,33586,22.87,2,1,Car,V692,Truck,2001,Hybrid,27.44
EMP06328,Airside C,34135,20.61,3,1,Train,N/A,N/A,,Electric,18.55
EMP06329,Main Terminal Restaurants,34315,15.94,2,3,Rideshare,V444,Truck,2015,Gasoline,6.38
EMP06330,Airside F,33684,26.37,1,4,Carpool,V401,Truck,1993,Gasoline,3.96
EMP06331,Rental Car Center,34281,18.75,2,1,Bus,N/A,N/A,,N/A,7.5
EMP06332,Airside C,34388,29.21,1,8,Shuttle,S032,Shuttle Bus,2016,Electric,4.38
EMP06333,Main Terminal Restaurants,34378,54.07,2,1,Car,V511,SUV,1996,Hybrid,64.88
EMP06334,Rental Car Center,33562,55.29,3,1,Car,V166,Truck,1981,Electric,99.52
EMP06335,Airside F,33844,16.07,2,1,Bus,N/A,N/A,,N/A,6.43
EMP06336,Airside F,33612,5.74,2,5,Rideshare,V989,Minivan,2002,Gasoline,1.38
EMP06337,Airside F,34663,29.44,2,11,Shuttle,S008,Shuttle Bus,2015,Diesel,8.83
EMP06338,Sky Connect,33629,49.74,4,1,Car,V461,SUV,1988,Hybrid,119.38
EMP06339,Sheltair Aviation,33525,14.17,3,1,Bus,N/A,N/A,,N/A,8.5
EMP06340,Airside C,34403,46.75,2,1,Car,V695,Truck,1975,Electric,56.1
EMP06341,Airside F,33517,14.53,2,1,Bus,N/A,N/A,,N/A,5.81
EMP06342,Airside C,34051,24.24,5,3,Rideshare,V116,Sedan,1983,Electric,24.24
EMP06343,Airside E,34184,66.86,1,5,Carpool,V789,Truck,2016,Gasoline,8.02
EMP06344,Airside A,34543,68.55,5,2,Carpool,V349,Sedan,1984,Electric,102.82
EMP06345,Airside D,33689,32.51,3,1,Train,N/A,N/A,,Electric,29.26
EMP06346,Sheltair Aviation,33566,8.08,1,1,Car,V612,Sedan,2021,Diesel,4.85
EMP06347,Airside D,33548,39.15,3,1,Car,V558,Sedan,2020,Gasoline,70.47
EMP06348,Airside E,34412,27.44,3,1,Train,N/A,N/A,,Electric,24.7
EMP06349,Airside C,34519,17.6,5,1,Bus,N/A,N/A,,N/A,17.6
EMP06350,Sky Connect,33531,11.81,2,1,Bus,N/A,N/A,,N/A,4.72
EMP06351,Airside C,33585,24.58,5,5,Rideshare,V780,SUV,1991,Diesel,14.75
EMP06352,Airside A,34570,15.5,2,4,Rideshare,V318,Truck,1976,Diesel,4.65
EMP06353,Airside D,33588,42.67,2,2,Rideshare,V469,Minivan,2009,Gasoline,25.6
EMP06354,Airside A,34309,65.29,3,1,Car,V167,Sedan,1988,Gasoline,117.52
EMP06355,Sheltair Aviation,33523,10.45,1,3,Rideshare,V444,SUV,2004,Hybrid,2.09
EMP06356,Main Terminal Restaurants,34121,64.44,4,17,Shuttle,S009,Shuttle Bus,2017,Diesel,38.66
EMP06357,Main Terminal Information Desk,33626,9.83,2,3,Carpool,V533,Truck,1977,Electric,3.93
EMP06358,Airside E,34273,57.84,1,15,Shuttle,S050,Shuttle Bus,2017,Diesel,8.68
EMP06359,Sky Connect,34580,21.7,5,1,Train,N/A,N/A,,Electric,32.55
EMP06360,Sky Connect,34423,18.68,4,1,Bus,N/A,N/A,,N/A,14.94
EMP06361,Main Terminal Information Desk,33630,56.66,4,13,Shuttle,S014,Shuttle Bus,1999,Electric,34
EMP06362,Main Terminal Information Desk,33936,36.52,1,10,Shuttle,S039,Shuttle Bus,1991,Diesel,5.48
EMP06363,Sky Connect,33566,14.05,2,1,Train,N/A,N/A,,Electric,8.43
EMP06364,Sheltair Aviation,34068,61.72,2,8,Shuttle,S033,Shuttle Bus,2005,Electric,18.52
EMP06365,Airside F,34239,41.68,3,1,Car,V701,Sedan,2009,Hybrid,75.02
EMP06366,Main Terminal Restaurants,34591,28.93,5,5,Rideshare,V760,Sedan,2019,Electric,17.36
EMP06367,Airside F,34521,32.66,1,2,Rideshare,V897,Minivan,2021,Hybrid,9.8
EMP06368,Sheltair Aviation,33782,23.3,2,1,Car,V997,Truck,1997,Electric,27.96
EMP06369,Main Terminal Restaurants,33957,24.56,3,1,Train,N/A,N/A,,Electric,22.1
EMP06370,Rental Car Center,34166,59.16,5,1,Car,V777,SUV,1991,Electric,177.48
EMP06371,Airside E,34071,38.84,3,1,Car,V715,Truck,2021,Diesel,69.91
EMP06372,Airside F,33565,14.3,2,1,Train,N/A,N/A,,Electric,8.58
EMP06373,Airside C,34015,60,5,13,Shuttle,S002,Shuttle Bus,1984,Electric,45
EMP06374,Airside F,34361,35.36,3,1,Train,N/A,N/A,,Electric,31.82
EMP06375,Main Terminal Information Desk,33611,69,2,1,Car,V750,Minivan,2001,Gasoline,82.8
EMP06376,Main Terminal Restaurants,33927,25.56,4,4,Carpool,V803,Sedan,1993,Hybrid,15.34
EMP06377,Main Terminal Restaurants,34189,32.61,3,19,Shuttle,S049,Shuttle Bus,2019,Diesel,14.67
EMP06378,Sheltair Aviation,33573,34.65,3,4,Rideshare,V877,Minivan,1974,Electric,15.59
EMP06379,Main Terminal Information Desk,33575,14.8,5,1,Bus,N/A,N/A,,N/A,14.8
EMP06380,Sky Connect,33777,30.7,2,1,Train,N/A,N/A,,Electric,18.42
EMP06381,Airside C,34432,33.1,1,1,Car,V795,SUV,1997,Gasoline,19.86
EMP06382,Airside D,34135,38.59,5,1,Car,V878,Minivan,1981,Gasoline,115.77
EMP06383,Airside C,33779,25,3,5,Carpool,V475,Minivan,2014,Electric,9
EMP06384,Sky Connect,33562,7.65,1,12,Shuttle,S002,Shuttle Bus,1985,Electric,1.15
EMP06385,Sky Connect,34553,24.94,4,1,Bus,N/A,N/A,,N/A,19.95
EMP06386,Airside C,34089,21.7,4,1,Train,N/A,N/A,,Electric,26.04
EMP06387,Airside D,34145,28.26,4,3,Carpool,V943,Truck,2003,Electric,22.61
EMP06388,Airside A,34404,19.84,3,17,Shuttle,S031,Shuttle Bus,2017,Diesel,8.93
EMP06389,Airside C,34584,18.08,1,1,Car,V577,Minivan,2010,Gasoline,10.85
EMP06390,Airside F,34448,66.37,2,4,Carpool,V809,Sedan,1995,Hybrid,19.91
EMP06391,Sheltair Aviation,34449,55.37,2,2,Rideshare,V237,SUV,1999,Hybrid,33.22
EMP06392,Main Terminal & Airside Shopping,34585,52.9,4,20,Shuttle,S037,Shuttle Bus,2011,Electric,31.74
EMP06393,Sheltair Aviation,33937,35.18,5,2,Rideshare,V367,Sedan,1973,Diesel,52.77
EMP06394,Sky Connect,34468,22.95,4,1,Car,V367,SUV,2015,Electric,55.08
EMP06395,Rental Car Center,33552,6.98,3,5,Carpool,V975,Truck,1980,Gasoline,2.51
EMP06396,Airside C,33690,60.75,2,8,Shuttle,S033,Shuttle Bus,1988,Electric,18.22
EMP06397,Airside D,33671,53.86,2,3,Carpool,V465,Truck,2008,Electric,21.54
EMP06398,Main Terminal Restaurants,33523,11.95,5,1,Car,V574,SUV,2022,Hybrid,35.85
EMP06399,Rental Car Center,33663,29.05,4,1,Car,V351,Sedan,1978,Hybrid,69.72
EMP06400,Airside F,33961,19.37,3,1,Bus,N/A,N/A,,N/A,11.62
EMP06401,Airside E,34106,39.01,4,5,Rideshare,V932,Sedan,1986,Hybrid,18.72
EMP06402,Airside F,34201,19.45,2,1,Bus,N/A,N/A,,N/A,7.78
EMP06403,Airside C,33808,18.29,2,11,Shuttle,S005,Shuttle Bus,1994,Electric,5.49
EMP06404,Airside D,33732,53.48,1,1,Car,V755,Sedan,2016,Diesel,32.09
EMP06405,Airside A,33570,11.62,1,1,Bus,N/A,N/A,,N/A,2.32
EMP06406,Airside C,33608,54.07,4,3,Carpool,V469,Sedan,2016,Diesel,43.26
EMP06407,Airside E,33541,13.99,3,1,Car,V762,SUV,1984,Electric,25.18
EMP06408,Main Terminal Information Desk,34248,60.51,2,19,Shuttle,S013,Shuttle Bus,2003,Electric,18.15
EMP06409,Sheltair Aviation,33565,7.69,3,5,Carpool,V952,Sedan,1995,Electric,2.77
EMP06410,Airside C,34669,33.14,3,18,Shuttle,S046,Shuttle Bus,1989,Electric,14.91
EMP06411,Airside D,33518,11.63,2,14,Shuttle,S035,Shuttle Bus,1981,Electric,3.49
EMP06412,Main Terminal Restaurants,34148,50.64,2,5,Rideshare,V511,SUV,2018,Diesel,12.15
EMP06413,Sheltair Aviation,33515,14.79,3,1,Train,N/A,N/A,,Electric,13.31
EMP06414,Sky Connect,34688,34.32,3,1,Car,V132,Truck,1994,Diesel,61.78
EMP06415,Airside F,34636,38.78,2,4,Carpool,V707,Truck,2005,Diesel,11.63
EMP06416,Main Terminal Restaurants,33922,33.06,1,1,Train,N/A,N/A,,Electric,9.92
EMP06417,Sheltair Aviation,33851,56.48,3,18,Shuttle,S033,Shuttle Bus,2006,Diesel,25.42
EMP06418,Main Terminal Restaurants,33548,13.11,4,1,Car,V993,Sedan,1994,Electric,31.46
EMP06419,Sheltair Aviation,34479,15.42,1,1,Train,N/A,N/A,,Electric,4.63
EMP06420,Airside F,33832,23.93,3,4,Rideshare,V285,Truck,1988,Hybrid,10.77
EMP06421,Main Terminal Information Desk,34551,20.99,4,1,Bus,N/A,N/A,,N/A,16.79
EMP06422,Airside D,34041,33.13,3,5,Rideshare,V134,SUV,2016,Hybrid,11.93
EMP06423,Main Terminal & Airside Shopping,34453,22.26,1,2,Rideshare,V495,Sedan,2021,Diesel,6.68
EMP06424,Main Terminal & Airside Shopping,33757,39.31,5,5,Rideshare,V472,Minivan,2010,Hybrid,23.59
EMP06425,Airside F,33625,9.78,4,1,Bus,N/A,N/A,,N/A,7.82
EMP06426,Airside F,33545,11.67,3,1,Train,N/A,N/A,,Electric,10.5
EMP06427,Sheltair Aviation,33762,17.48,1,1,Bus,N/A,N/A,,N/A,3.5
EMP06428,Airside E,34020,41.56,1,1,Car,V579,Sedan,2015,Diesel,24.94
EMP06429,Main Terminal Restaurants,34391,69.09,3,3,Rideshare,V194,Sedan,1979,Electric,41.45
EMP06430,Airside A,33955,32.02,5,1,Train,N/A,N/A,,Electric,48.03
EMP06431,Airside E,33626,21.29,3,15,Shuttle,S029,Shuttle Bus,2001,Diesel,9.58
EMP06432,Main Terminal & Airside Shopping,34476,32.83,3,2,Carpool,V306,Truck,2010,Gasoline,29.55
EMP06433,Sheltair Aviation,34008,22.9,1,1,Bus,N/A,N/A,,N/A,4.58
EMP06434,Airside E,34697,30.54,1,3,Rideshare,V352,Truck,1984,Hybrid,6.11
EMP06435,Airside D,33818,51.75,4,4,Carpool,V537,SUV,2019,Gasoline,31.05
EMP06436,Main Terminal Information Desk,34667,34.04,3,1,Train,N/A,N/A,,Electric,30.64
EMP06437,Main Terminal & Airside Shopping,34127,51.14,3,13,Shuttle,S039,Shuttle Bus,1991,Electric,23.01
EMP06438,Rental Car Center,33917,21.25,4,2,Rideshare,V842,Minivan,1975,Diesel,25.5
EMP06439,Airside C,33850,19.92,3,1,Bus,N/A,N/A,,N/A,11.95
EMP06440,Main Terminal Information Desk,33968,38.85,1,16,Shuttle,S009,Shuttle Bus,1981,Diesel,5.83
EMP06441,Sheltair Aviation,33936,55.48,1,3,Rideshare,V503,SUV,2004,Diesel,11.1
EMP06442,Main Terminal Information Desk,34508,20.92,1,1,Bus,N/A,N/A,,N/A,4.18
EMP06443,Main Terminal & Airside Shopping,33582,35.88,1,4,Rideshare,V845,Truck,2019,Electric,5.38
EMP06444,Main Terminal Restaurants,33665,36.28,3,9,Shuttle,S011,Shuttle Bus,1989,Electric,16.33
EMP06445,Airside F,33751,47.55,1,1,Train,N/A,N/A,,Electric,14.26
EMP06446,Airside A,33768,39.71,1,3,Rideshare,V138,SUV,2013,Electric,7.94
EMP06447,Sheltair Aviation,33847,67.51,3,4,Rideshare,V552,SUV,2021,Electric,30.38
EMP06448,Main Terminal Information Desk,33573,8.41,3,1,Bus,N/A,N/A,,N/A,5.05
EMP06449,Airside F,34151,35.32,2,1,Train,N/A,N/A,,Electric,21.19
EMP06450,Airside D,33896,32.29,2,5,Carpool,V832,SUV,2012,Electric,7.75
EMP06451,Sky Connect,33624,9.09,5,5,Carpool,V181,SUV,1973,Hybrid,5.45
EMP06452,Airside C,33782,40.37,1,1,Car,V101,Minivan,2020,Electric,24.22
EMP06453,Main Terminal Information Desk,33952,17.05,1,4,Carpool,V813,Truck,2005,Electric,2.56
EMP06454,Rental Car Center,33551,13.76,4,20,Shuttle,S014,Shuttle Bus,2004,Electric,8.26
EMP06455,Airside C,34009,46.66,3,5,Rideshare,V126,Sedan,2015,Hybrid,16.8
EMP06456,Airside E,33579,13.2,5,1,Car,V167,SUV,2013,Electric,39.6
EMP06457,Airside F,34296,18.68,5,1,Car,V587,Sedan,1996,Diesel,56.04
EMP06458,Airside F,34022,18.19,4,1,Bus,N/A,N/A,,N/A,14.55
EMP06459,Airside C,33894,31.12,5,5,Carpool,V187,Truck,1980,Hybrid,18.67
EMP06460,Sky Connect,33566,12.03,1,3,Rideshare,V721,Truck,1985,Gasoline,2.41
EMP06461,Sky Connect,33500,55,4,2,Carpool,V583,Sedan,2011,Diesel,66
EMP06462,Airside E,34534,19.23,5,1,Car,V992,Sedan,2006,Diesel,57.69
EMP06463,Airside C,34071,42.82,5,1,Train,N/A,N/A,,Electric,64.23
EMP06464,Main Terminal Restaurants,34667,60.51,2,4,Carpool,V890,Minivan,2014,Gasoline,18.15
EMP06465,Airside E,34218,27.65,2,2,Carpool,V459,Minivan,2016,Gasoline,16.59
EMP06466,Main Terminal Information Desk,33967,23.57,4,2,Rideshare,V301,SUV,1978,Gasoline,28.28
EMP06467,Sky Connect,33663,27.54,5,1,Train,N/A,N/A,,Electric,41.31
EMP06468,Main Terminal & Airside Shopping,33586,6.97,5,1,Car,V576,Sedan,2014,Hybrid,20.91
EMP06469,Airside A,33952,45.42,3,2,Carpool,V148,Sedan,1991,Electric,40.88
EMP06470,Sky Connect,34566,17.99,5,14,Shuttle,S042,Shuttle Bus,1997,Electric,13.49
EMP06471,Sky Connect,34197,43.37,4,13,Shuttle,S044,Shuttle Bus,2019,Electric,26.02
EMP06472,Airside A,34677,32.53,3,1,Train,N/A,N/A,,Electric,29.28
EMP06473,Airside C,33587,5.38,3,2,Rideshare,V280,Minivan,1972,Diesel,4.84
EMP06474,Main Terminal & Airside Shopping,33587,8.83,5,1,Bus,N/A,N/A,,N/A,8.83
EMP06475,Sheltair Aviation,33607,8.35,2,1,Bus,N/A,N/A,,N/A,3.34
EMP06476,Airside E,34250,17.25,4,1,Train,N/A,N/A,,Electric,20.7
EMP06477,Airside C,34089,36.88,1,1,Train,N/A,N/A,,Electric,11.06
EMP06478,Airside E,33962,34.87,3,1,Car,V883,Truck,2022,Hybrid,62.77
EMP06479,Airside A,33855,19.75,3,14,Shuttle,S007,Shuttle Bus,2012,Electric,8.89
EMP06480,Main Terminal & Airside Shopping,33912,67,2,4,Rideshare,V209,Truck,1996,Electric,20.1
EMP06481,Main Terminal & Airside Shopping,33631,21.64,3,1,Bus,N/A,N/A,,N/A,12.98
EMP06482,Main Terminal Information Desk,34406,28.79,5,1,Train,N/A,N/A,,Electric,43.18
EMP06483,Rental Car Center,34591,32.18,3,1,Train,N/A,N/A,,Electric,28.96
EMP06484,Main Terminal Restaurants,33717,21.86,3,1,Bus,N/A,N/A,,N/A,13.12
EMP06485,Airside C,34394,36.26,4,1,Car,V756,Minivan,1977,Diesel,87.02
EMP06486,Main Terminal & Airside Shopping,33538,11.06,1,5,Rideshare,V650,Minivan,1983,Hybrid,1.33
EMP06487,Airside F,33663,15.76,4,1,Bus,N/A,N/A,,N/A,12.61
EMP06488,Airside C,33522,14.95,3,3,Carpool,V858,Minivan,2017,Hybrid,8.97
EMP06489,Main Terminal Restaurants,33801,42.09,5,16,Shuttle,S017,Shuttle Bus,2002,Diesel,31.57
EMP06490,Main Terminal Information Desk,34053,45.07,1,1,Train,N/A,N/A,,Electric,13.52
EMP06491,Main Terminal Information Desk,33513,13.19,3,1,Car,V743,Minivan,2019,Diesel,23.74
EMP06492,Main Terminal & Airside Shopping,34264,38.29,1,5,Rideshare,V905,Minivan,2020,Diesel,4.59
EMP06493,Main Terminal & Airside Shopping,33556,9.95,5,10,Shuttle,S050,Shuttle Bus,2021,Diesel,7.46
EMP06494,Sheltair Aviation,33926,50.55,2,15,Shuttle,S022,Shuttle Bus,1993,Electric,15.16
EMP06495,Airside C,34490,56.47,3,5,Carpool,V174,SUV,1983,Diesel,20.33
EMP06496,Airside F,34262,20.7,1,1,Car,V775,Minivan,1981,Hybrid,12.42
EMP06497,Rental Car Center,33979,66.23,3,1,Car,V822,SUV,1984,Hybrid,119.21
EMP06498,Airside E,33552,5.24,4,5,Rideshare,V694,Sedan,2022,Gasoline,2.52
EMP06499,Main Terminal Restaurants,33577,5.47,5,1,Bus,N/A,N/A,,N/A,5.47
EMP06500,Main Terminal & Airside Shopping,33967,26.41,5,8,Shuttle,S002,Shuttle Bus,1995,Diesel,19.81
EMP06501,Airside D,34330,34.34,2,1,Car,V769,Truck,1977,Diesel,41.21
EMP06502,Airside E,34161,43.86,5,1,Train,N/A,N/A,,Electric,65.79
EMP06503,Main Terminal & Airside Shopping,33564,13.29,5,12,Shuttle,S047,Shuttle Bus,2013,Electric,9.97
EMP06504,Airside A,33589,43.3,4,20,Shuttle,S028,Shuttle Bus,2004,Diesel,25.98
EMP06505,Airside A,33556,10.83,3,1,Bus,N/A,N/A,,N/A,6.5
EMP06506,Airside C,34411,58.48,2,3,Rideshare,V152,Sedan,2014,Hybrid,23.39
EMP06507,Rental Car Center,34132,65.28,4,1,Car,V301,Truck,1983,Electric,156.67
EMP06508,Sky Connect,34337,15.42,1,1,Bus,N/A,N/A,,N/A,3.08
EMP06509,Airside F,34441,27.93,4,1,Train,N/A,N/A,,Electric,33.52
EMP06510,Airside E,34541,21.65,3,1,Car,V919,Minivan,1996,Hybrid,38.97
EMP06511,Airside A,34267,35.94,3,12,Shuttle,S033,Shuttle Bus,1974,Electric,16.17
EMP06512,Main Terminal & Airside Shopping,33805,54.24,5,1,Car,V878,Truck,1994,Electric,162.72
EMP06513,Airside D,33848,34.52,3,1,Car,V618,Minivan,2013,Hybrid,62.14
EMP06514,Airside F,33722,56.84,1,12,Shuttle,S047,Shuttle Bus,2011,Electric,8.53
EMP06515,Airside E,33583,5.38,2,1,Bus,N/A,N/A,,N/A,2.15
EMP06516,Sheltair Aviation,33518,14.02,2,1,Train,N/A,N/A,,Electric,8.41
EMP06517,Sheltair Aviation,33948,37.25,2,3,Carpool,V225,SUV,1992,Hybrid,14.9
EMP06518,Rental Car Center,34444,31.94,1,1,Car,V316,Sedan,2021,Diesel,19.16
EMP06519,Sheltair Aviation,34059,50.21,1,12,Shuttle,S033,Shuttle Bus,2006,Electric,7.53
EMP06520,Main Terminal Restaurants,34545,15.27,4,1,Bus,N/A,N/A,,N/A,12.22
EMP06521,Airside C,33567,14.05,3,2,Rideshare,V499,Minivan,2017,Gasoline,12.64
EMP06522,Airside D,34681,64.47,4,3,Rideshare,V201,Sedan,2017,Electric,51.58
EMP06523,Sheltair Aviation,34464,22.46,3,13,Shuttle,S042,Shuttle Bus,1985,Electric,10.11
EMP06524,Main Terminal Information Desk,34381,25,4,20,Shuttle,S024,Shuttle Bus,2011,Electric,15
EMP06525,Main Terminal & Airside Shopping,33540,13.04,4,1,Bus,N/A,N/A,,N/A,10.43
EMP06526,Main Terminal Information Desk,34278,19.34,1,1,Bus,N/A,N/A,,N/A,3.87
EMP06527,Airside E,34200,61.98,5,1,Car,V700,SUV,2000,Electric,185.94
EMP06528,Airside D,33644,55.1,3,3,Rideshare,V472,Minivan,2022,Gasoline,33.06
EMP06529,Airside D,34600,40.3,5,1,Train,N/A,N/A,,Electric,60.45
EMP06530,Sky Connect,33525,12.14,5,1,Bus,N/A,N/A,,N/A,12.14
EMP06531,Rental Car Center,34498,49.58,5,1,Train,N/A,N/A,,Electric,74.37
EMP06532,Airside E,33546,10.25,3,1,Bus,N/A,N/A,,N/A,6.15
EMP06533,Airside D,34445,21.56,2,2,Carpool,V803,Sedan,2000,Hybrid,12.94
EMP06534,Airside A,33904,15.14,5,1,Bus,N/A,N/A,,N/A,15.14
EMP06535,Rental Car Center,33975,37.5,4,1,Train,N/A,N/A,,Electric,45
EMP06536,Sheltair Aviation,34064,35.33,4,1,Train,N/A,N/A,,Electric,42.4
EMP06537,Airside A,34480,57.7,4,1,Car,V412,SUV,1990,Electric,138.48
EMP06538,Main Terminal & Airside Shopping,34066,24.27,5,2,Carpool,V919,SUV,1976,Gasoline,36.41
EMP06539,Airside D,33682,67.23,1,3,Carpool,V680,SUV,1985,Diesel,13.45
EMP06540,Airside F,33778,19.28,1,1,Car,V920,Sedan,1979,Hybrid,11.57
EMP06541,Sheltair Aviation,34224,38.92,4,1,Car,V613,Truck,1987,Hybrid,93.41
EMP06542,Main Terminal Restaurants,34201,25.24,4,1,Train,N/A,N/A,,Electric,30.29
EMP06543,Main Terminal Restaurants,33814,51.77,3,4,Carpool,V206,Minivan,2012,Hybrid,23.3
EMP06544,Airside C,34436,68.47,2,5,Rideshare,V454,Truck,2019,Electric,16.43
EMP06545,Sky Connect,34427,40.18,3,2,Carpool,V765,SUV,2018,Electric,36.16
EMP06546,Airside C,34214,69.78,2,13,Shuttle,S026,Shuttle Bus,1987,Electric,20.93
EMP06547,Rental Car Center,33534,13.36,2,1,Bus,N/A,N/A,,N/A,5.34
EMP06548,Sky Connect,34600,66.29,5,13,Shuttle,S028,Shuttle Bus,2019,Electric,49.72
EMP06549,Airside C,33851,21.32,5,1,Bus,N/A,N/A,,N/A,21.32
EMP06550,Main Terminal Restaurants,33751,65.76,4,8,Shuttle,S039,Shuttle Bus,2012,Diesel,39.46
EMP06551,Main Terminal & Airside Shopping,34127,52.6,3,5,Carpool,V531,Minivan,1985,Diesel,18.94
EMP06552,Rental Car Center,33781,44.6,4,4,Carpool,V637,Minivan,2013,Hybrid,26.76
EMP06553,Airside C,34493,17.53,5,1,Bus,N/A,N/A,,N/A,17.53
EMP06554,Airside F,33662,20.9,4,1,Bus,N/A,N/A,,N/A,16.72
EMP06555,Airside C,34512,67.99,2,1,Car,V721,Sedan,1989,Gasoline,81.59
EMP06556,Sheltair Aviation,33760,32.95,3,1,Train,N/A,N/A,,Electric,29.66
EMP06557,Airside A,33825,33.91,5,5,Carpool,V231,Sedan,1976,Gasoline,20.35
EMP06558,Main Terminal Restaurants,33584,61.92,1,17,Shuttle,S041,Shuttle Bus,2009,Electric,9.29
EMP06559,Main Terminal Restaurants,34124,40.18,4,10,Shuttle,S047,Shuttle Bus,1983,Electric,24.11
EMP06560,Main Terminal & Airside Shopping,33512,11.4,2,10,Shuttle,S007,Shuttle Bus,2007,Electric,3.42
EMP06561,Main Terminal Restaurants,34007,20.82,4,1,Bus,N/A,N/A,,N/A,16.66
EMP06562,Sheltair Aviation,34285,21.81,5,3,Carpool,V634,Sedan,1998,Diesel,21.81
EMP06563,Airside D,33762,37.84,2,5,Carpool,V346,Truck,2008,Gasoline,9.08
EMP06564,Airside D,33665,16.67,2,1,Car,V421,Minivan,1997,Hybrid,20
EMP06565,Rental Car Center,33681,29.74,3,1,Train,N/A,N/A,,Electric,26.77
EMP06566,Sheltair Aviation,33789,62.24,2,2,Rideshare,V641,Truck,1978,Hybrid,37.34
EMP06567,Airside F,34120,27.84,1,5,Rideshare,V114,Truck,2008,Diesel,3.34
EMP06568,Airside F,34500,27.74,5,2,Carpool,V243,Sedan,1982,Hybrid,41.61
EMP06569,Airside D,33914,41.08,3,1,Car,V124,Sedan,2013,Gasoline,73.94
EMP06570,Main Terminal Information Desk,33912,16.11,1,1,Bus,N/A,N/A,,N/A,3.22
EMP06571,Airside F,33538,11.5,3,19,Shuttle,S009,Shuttle Bus,1988,Electric,5.17
EMP06572,Main Terminal Information Desk,34393,66.59,2,15,Shuttle,S023,Shuttle Bus,2016,Electric,19.98
EMP06573,Airside D,33688,19.51,4,1,Bus,N/A,N/A,,N/A,15.61
EMP06574,Main Terminal Information Desk,34530,18.63,4,4,Carpool,V445,SUV,1993,Hybrid,11.18
EMP06575,Airside D,34137,29.95,1,1,Train,N/A,N/A,,Electric,8.98
EMP06576,Main Terminal Information Desk,34297,69.3,2,1,Car,V538,Minivan,1974,Gasoline,83.16
EMP06577,Main Terminal Restaurants,34000,16.85,2,17,Shuttle,S050,Shuttle Bus,1988,Diesel,5.06
EMP06578,Rental Car Center,33604,68.53,2,5,Rideshare,V170,SUV,2022,Hybrid,16.45
EMP06579,Airside A,34077,18.52,1,11,Shuttle,S015,Shuttle Bus,1985,Diesel,2.78
EMP06580,Rental Car Center,33822,63.8,4,1,Car,V733,Minivan,1986,Hybrid,153.12
EMP06581,Sky Connect,34469,50.22,3,5,Carpool,V320,SUV,2019,Gasoline,18.08
EMP06582,Airside E,33588,46.26,5,1,Train,N/A,N/A,,Electric,69.39
EMP06583,Airside F,33780,15.6,1,1,Bus,N/A,N/A,,N/A,3.12
EMP06584,Airside E,33626,7.76,3,1,Bus,N/A,N/A,,N/A,4.66
EMP06585,Airside F,34208,24.76,3,1,Train,N/A,N/A,,Electric,22.28
EMP06586,Main Terminal Information Desk,33870,51.94,1,12,Shuttle,S006,Shuttle Bus,1977,Diesel,7.79
EMP06587,Main Terminal & Airside Shopping,33615,25.19,2,10,Shuttle,S046,Shuttle Bus,2017,Electric,7.56
EMP06588,Sheltair Aviation,33728,27.35,3,17,Shuttle,S003,Shuttle Bus,2000,Diesel,12.31
EMP06589,Airside D,34014,62.47,2,5,Rideshare,V501,SUV,1980,Hybrid,14.99
EMP06590,Airside D,34653,54.51,2,3,Rideshare,V702,Minivan,1997,Gasoline,21.8
EMP06591,Airside D,33678,21.33,2,2,Carpool,V744,Minivan,1998,Diesel,12.8
EMP06592,Airside E,34587,20.05,4,1,Bus,N/A,N/A,,N/A,16.04
EMP06593,Airside F,34541,61.15,2,5,Rideshare,V967,Sedan,1987,Electric,14.68
EMP06594,Sky Connect,33615,31.43,4,2,Rideshare,V292,SUV,1982,Hybrid,37.72
EMP06595,Airside F,33636,27.6,1,1,Car,V161,Sedan,1972,Electric,16.56
EMP06596,Airside F,34616,24.21,2,13,Shuttle,S047,Shuttle Bus,1980,Electric,7.26
EMP06597,Sheltair Aviation,34240,21.71,4,1,Bus,N/A,N/A,,N/A,17.37
EMP06598,Airside D,33620,8.25,3,1,Bus,N/A,N/A,,N/A,4.95
EMP06599,Main Terminal & Airside Shopping,33839,60.53,4,1,Car,V573,Truck,2020,Gasoline,145.27
EMP06600,Airside F,33999,17.26,3,5,Rideshare,V288,SUV,2010,Hybrid,6.21
EMP06601,Main Terminal & Airside Shopping,33633,58.97,4,4,Rideshare,V403,Truck,2009,Electric,35.38
EMP06602,Airside F,34140,51.1,1,5,Rideshare,V308,Minivan,1995,Hybrid,6.13
EMP06603,Airside C,33784,21.39,3,1,Train,N/A,N/A,,Electric,19.25
EMP06604,Main Terminal Information Desk,34347,15.1,5,1,Bus,N/A,N/A,,N/A,15.1
EMP06605,Main Terminal Restaurants,34687,39.54,5,13,Shuttle,S027,Shuttle Bus,1985,Electric,29.66
EMP06606,Main Terminal & Airside Shopping,34031,20.94,1,1,Car,V558,SUV,2013,Hybrid,12.56
EMP06607,Airside E,34057,42.79,5,5,Carpool,V752,Truck,2019,Diesel,25.67
EMP06608,Airside C,33827,46.13,5,1,Car,V230,SUV,2013,Hybrid,138.39
EMP06609,Airside C,33595,8.25,3,13,Shuttle,S031,Shuttle Bus,1984,Electric,3.71
EMP06610,Airside F,34033,20.56,2,1,Bus,N/A,N/A,,N/A,8.22
EMP06611,Main Terminal Information Desk,33513,14.86,4,1,Bus,N/A,N/A,,N/A,11.89
EMP06612,Airside D,33794,41.67,3,1,Car,V414,Minivan,2022,Diesel,75.01
EMP06613,Airside A,33594,31.61,5,5,Carpool,V325,Sedan,1989,Electric,18.97
EMP06614,Airside E,33565,8.69,5,3,Carpool,V734,Sedan,2020,Diesel,8.69
EMP06615,Main Terminal Restaurants,33945,16.59,2,12,Shuttle,S039,Shuttle Bus,1980,Diesel,4.98
EMP06616,Airside E,33567,33.12,3,1,Train,N/A,N/A,,Electric,29.81
EMP06617,Airside C,34354,29.44,3,17,Shuttle,S009,Shuttle Bus,1997,Electric,13.25
EMP06618,Airside A,33636,5.94,4,1,Bus,N/A,N/A,,N/A,4.75
EMP06619,Sheltair Aviation,34172,62.14,5,20,Shuttle,S013,Shuttle Bus,1987,Diesel,46.6
EMP06620,Sky Connect,33535,10.32,5,1,Bus,N/A,N/A,,N/A,10.32
EMP06621,Sheltair Aviation,34521,35.04,3,20,Shuttle,S026,Shuttle Bus,1978,Electric,15.77
EMP06622,Sheltair Aviation,33514,12.82,1,1,Train,N/A,N/A,,Electric,3.85
EMP06623,Main Terminal Information Desk,34136,33.2,2,1,Train,N/A,N/A,,Electric,19.92
EMP06624,Airside D,34359,19.39,4,1,Bus,N/A,N/A,,N/A,15.51
EMP06625,Main Terminal & Airside Shopping,33579,13.77,3,1,Train,N/A,N/A,,Electric,12.39
EMP06626,Airside F,34189,17.68,1,1,Bus,N/A,N/A,,N/A,3.54
EMP06627,Airside F,34598,21.45,4,1,Train,N/A,N/A,,Electric,25.74
EMP06628,Airside E,33533,54.68,3,19,Shuttle,S034,Shuttle Bus,2020,Electric,24.61
EMP06629,Main Terminal Restaurants,34240,15.16,2,1,Train,N/A,N/A,,Electric,9.1
EMP06630,Sheltair Aviation,34532,15.53,2,1,Bus,N/A,N/A,,N/A,6.21
EMP06631,Airside E,33526,12.91,4,1,Bus,N/A,N/A,,N/A,10.33
EMP06632,Airside F,33881,16.72,3,5,Carpool,V350,Minivan,1974,Hybrid,6.02
EMP06633,Main Terminal & Airside Shopping,33839,32.4,5,1,Train,N/A,N/A,,Electric,48.6
EMP06634,Main Terminal Information Desk,34520,24.56,3,1,Car,V297,SUV,1981,Diesel,44.21
EMP06635,Airside D,33603,5.82,3,14,Shuttle,S026,Shuttle Bus,2001,Diesel,2.62
EMP06636,Airside A,34354,20.1,1,4,Rideshare,V659,Sedan,1992,Gasoline,3.02
EMP06637,Main Terminal & Airside Shopping,33529,12.17,4,1,Train,N/A,N/A,,Electric,14.6
EMP06638,Sky Connect,34564,33.87,4,1,Train,N/A,N/A,,Electric,40.64
EMP06639,Sky Connect,33571,6.74,5,1,Bus,N/A,N/A,,N/A,6.74
EMP06640,Airside D,33538,50.61,5,4,Rideshare,V796,SUV,1991,Hybrid,37.96
EMP06641,Airside C,34163,40.16,4,1,Train,N/A,N/A,,Electric,48.19
EMP06642,Main Terminal & Airside Shopping,33546,12.18,2,1,Car,V148,Truck,2000,Diesel,14.62
EMP06643,Sheltair Aviation,34615,63.28,1,3,Carpool,V224,Sedan,1984,Electric,12.66
EMP06644,Rental Car Center,34460,43.88,2,12,Shuttle,S027,Shuttle Bus,1987,Diesel,13.16
EMP06645,Airside E,33571,14.2,2,15,Shuttle,S039,Shuttle Bus,1977,Diesel,4.26
EMP06646,Sheltair Aviation,33504,30.7,5,1,Train,N/A,N/A,,Electric,46.05
EMP06647,Airside C,33556,65.08,2,10,Shuttle,S005,Shuttle Bus,1978,Electric,19.52
EMP06648,Airside F,34251,45.05,5,1,Car,V131,SUV,2003,Gasoline,135.15
EMP06649,Sheltair Aviation,34245,31.11,2,2,Carpool,V321,SUV,2001,Gasoline,18.67
EMP06650,Airside F,33636,6.97,4,3,Carpool,V398,Sedan,1992,Gasoline,5.58
EMP06651,Rental Car Center,33662,43.77,2,1,Train,N/A,N/A,,Electric,26.26
EMP06652,Airside E,33531,13.65,1,1,Bus,N/A,N/A,,N/A,2.73
EMP06653,Airside F,34373,58.86,5,1,Car,V291,Minivan,1989,Gasoline,176.58
EMP06654,Airside C,33537,65.1,5,4,Carpool,V200,SUV,2014,Electric,48.82
EMP06655,Main Terminal Information Desk,34678,50.57,3,14,Shuttle,S045,Shuttle Bus,1982,Diesel,22.76
EMP06656,Airside A,33715,69.97,1,19,Shuttle,S042,Shuttle Bus,2019,Diesel,10.5
EMP06657,Main Terminal Information Desk,33535,10.93,3,1,Bus,N/A,N/A,,N/A,6.56
EMP06658,Airside E,34026,52.16,3,3,Rideshare,V902,SUV,2019,Electric,31.3
EMP06659,Airside C,34139,15.7,1,4,Rideshare,V411,Minivan,2019,Electric,2.35
EMP06660,Rental Car Center,34452,34.66,1,1,Car,V832,Sedan,1977,Electric,20.8
EMP06661,Airside A,33576,11.79,4,3,Carpool,V133,SUV,1985,Hybrid,9.43
EMP06662,Airside A,33580,9.52,5,1,Car,V981,Sedan,1991,Diesel,28.56
EMP06663,Airside D,33564,5.93,5,18,Shuttle,S012,Shuttle Bus,2015,Diesel,4.45
EMP06664,Airside E,33525,68.09,4,1,Car,V483,Sedan,1997,Diesel,163.42
EMP06665,Airside E,33525,13.76,1,3,Rideshare,V291,Truck,1985,Electric,2.75
EMP06666,Main Terminal & Airside Shopping,33634,25.72,3,3,Carpool,V190,SUV,2007,Diesel,15.43
EMP06667,Airside C,34457,62.69,4,1,Car,V842,Truck,1993,Hybrid,150.46
EMP06668,Airside E,33898,15.85,2,1,Train,N/A,N/A,,Electric,9.51
EMP06669,Main Terminal & Airside Shopping,33562,8.78,1,1,Bus,N/A,N/A,,N/A,1.76
EMP06670,Airside C,34598,22.19,4,1,Bus,N/A,N/A,,N/A,17.75
EMP06671,Airside C,34522,21.66,4,1,Car,V854,Minivan,1996,Diesel,51.98
EMP06672,Rental Car Center,34155,58.64,2,1,Car,V441,Sedan,1998,Diesel,70.37
EMP06673,Sky Connect,33902,18.26,3,1,Bus,N/A,N/A,,N/A,10.96
EMP06674,Main Terminal & Airside Shopping,33510,11.83,2,1,Bus,N/A,N/A,,N/A,4.73
EMP06675,Airside E,33671,49.44,1,4,Carpool,V802,Minivan,1992,Hybrid,7.42
EMP06676,Airside F,33524,34.13,1,12,Shuttle,S024,Shuttle Bus,1975,Diesel,5.12
EMP06677,Airside C,34122,29.48,5,1,Train,N/A,N/A,,Electric,44.22
EMP06678,Airside C,33556,57.86,3,1,Car,V430,Minivan,1980,Hybrid,104.15
EMP06679,Airside A,34527,38.62,3,1,Train,N/A,N/A,,Electric,34.76
EMP06680,Main Terminal Restaurants,34345,51.9,5,4,Carpool,V557,Minivan,1976,Gasoline,38.92
EMP06681,Airside F,34069,15.24,5,1,Bus,N/A,N/A,,N/A,15.24
EMP06682,Main Terminal & Airside Shopping,33570,12.2,5,1,Bus,N/A,N/A,,N/A,12.2
EMP06683,Airside A,33965,35.23,1,16,Shuttle,S002,Shuttle Bus,1979,Electric,5.28
EMP06684,Main Terminal & Airside Shopping,33551,12.86,3,2,Rideshare,V429,SUV,2004,Hybrid,11.57
EMP06685,Airside A,33890,18.45,4,1,Car,V271,Minivan,2009,Electric,44.28
EMP06686,Sheltair Aviation,33996,33.75,4,1,Train,N/A,N/A,,Electric,40.5
EMP06687,Airside E,34656,35.82,2,1,Train,N/A,N/A,,Electric,21.49
EMP06688,Airside A,33983,30.76,5,1,Car,V111,SUV,1972,Hybrid,92.28
EMP06689,Airside C,33692,23.2,2,1,Car,V361,SUV,2016,Gasoline,27.84
EMP06690,Main Terminal & Airside Shopping,33649,49.77,4,2,Carpool,V472,Sedan,1974,Gasoline,59.72
EMP06691,Airside E,34207,23.93,1,5,Rideshare,V167,Sedan,1981,Electric,2.87
EMP06692,Sheltair Aviation,33559,5.51,3,15,Shuttle,S047,Shuttle Bus,2019,Diesel,2.48
EMP06693,Main Terminal Information Desk,34056,63.45,4,1,Car,V931,Truck,1994,Electric,152.28
EMP06694,Rental Car Center,33621,6.65,5,1,Bus,N/A,N/A,,N/A,6.65
EMP06695,Main Terminal & Airside Shopping,33582,5.18,1,3,Carpool,V558,Sedan,1987,Gasoline,1.04
EMP06696,Airside D,33664,37.71,3,16,Shuttle,S016,Shuttle Bus,2007,Diesel,16.97
EMP06697,Rental Car Center,33704,37.59,1,1,Car,V940,Truck,1995,Hybrid,22.55
EMP06698,Main Terminal & Airside Shopping,34507,19.21,4,1,Bus,N/A,N/A,,N/A,15.37
EMP06699,Main Terminal Information Desk,33624,8.39,1,1,Bus,N/A,N/A,,N/A,1.68
EMP06700,Main Terminal Restaurants,33559,59.08,3,5,Carpool,V595,Sedan,1976,Gasoline,21.27
EMP06701,Rental Car Center,34364,42.95,1,5,Carpool,V439,Truck,2009,Gasoline,5.15
EMP06702,Main Terminal Information Desk,33524,13.55,1,1,Bus,N/A,N/A,,N/A,2.71
EMP06703,Airside E,33508,67.14,2,16,Shuttle,S017,Shuttle Bus,1992,Electric,20.14
EMP06704,Airside F,34401,45.01,4,3,Rideshare,V772,Minivan,1989,Diesel,36.01
EMP06705,Main Terminal Restaurants,34223,66.78,2,2,Carpool,V644,SUV,2017,Hybrid,40.07
EMP06706,Sky Connect,34471,47.16,5,1,Train,N/A,N/A,,Electric,70.74
EMP06707,Airside F,33904,29.57,5,5,Rideshare,V275,Minivan,2009,Diesel,17.74
EMP06708,Airside F,34523,16.66,3,19,Shuttle,S044,Shuttle Bus,1985,Diesel,7.5
EMP06709,Airside E,33997,44.58,3,8,Shuttle,S037,Shuttle Bus,2009,Electric,20.06
EMP06710,Sheltair Aviation,34638,16.75,2,1,Bus,N/A,N/A,,N/A,6.7
EMP06711,Airside D,33618,6.23,3,1,Bus,N/A,N/A,,N/A,3.74
EMP06712,Airside D,34008,67.31,2,5,Rideshare,V426,SUV,2019,Electric,16.15
EMP06713,Sheltair Aviation,33627,9.93,2,3,Rideshare,V666,Sedan,1988,Electric,3.97
EMP06714,Sheltair Aviation,33896,17.48,4,1,Bus,N/A,N/A,,N/A,13.98
EMP06715,Airside E,33592,8.78,2,1,Bus,N/A,N/A,,N/A,3.51
EMP06716,Airside F,34299,35.51,3,2,Carpool,V157,SUV,2019,Gasoline,31.96
EMP06717,Main Terminal & Airside Shopping,33539,10.52,2,1,Bus,N/A,N/A,,N/A,4.21
EMP06718,Airside D,34092,19.13,1,1,Car,V194,SUV,2013,Hybrid,11.48
EMP06719,Main Terminal & Airside Shopping,34203,36.89,2,12,Shuttle,S012,Shuttle Bus,2018,Electric,11.07
EMP06720,Airside F,34644,23.78,2,1,Bus,N/A,N/A,,N/A,9.51
EMP06721,Sky Connect,34000,18.43,2,1,Bus,N/A,N/A,,N/A,7.37
EMP06722,Airside F,33586,9.86,4,2,Rideshare,V372,Truck,1999,Hybrid,11.83
EMP06723,Main Terminal Restaurants,34127,35.19,1,19,Shuttle,S014,Shuttle Bus,2015,Electric,5.28
EMP06724,Airside D,33521,11.14,1,2,Carpool,V447,Minivan,2008,Hybrid,3.34
EMP06725,Rental Car Center,34526,28.24,3,4,Rideshare,V270,Truck,2005,Gasoline,12.71
EMP06726,Sheltair Aviation,33546,13.13,5,1,Train,N/A,N/A,,Electric,19.7
EMP06727,Airside E,33986,65.67,3,14,Shuttle,S033,Shuttle Bus,2016,Diesel,29.55
EMP06728,Main Terminal Restaurants,33783,19.78,2,1,Car,V517,Sedan,1982,Hybrid,23.74
EMP06729,Main Terminal Information Desk,34015,32.19,5,10,Shuttle,S043,Shuttle Bus,2022,Electric,24.14
EMP06730,Airside D,33855,44.27,5,5,Carpool,V551,Truck,1985,Diesel,26.56
EMP06731,Main Terminal Restaurants,34267,55.34,5,5,Carpool,V468,Sedan,2010,Diesel,33.2
EMP06732,Airside A,33590,9.64,4,1,Car,V367,Sedan,2000,Hybrid,23.14
EMP06733,Sheltair Aviation,34007,17.14,5,1,Car,V591,Truck,2003,Diesel,51.42
EMP06734,Sheltair Aviation,34516,23.87,1,4,Carpool,V366,SUV,1999,Hybrid,3.58
EMP06735,Airside F,34530,35.49,1,1,Car,V243,Sedan,1989,Hybrid,21.29
EMP06736,Main Terminal & Airside Shopping,33618,7.87,2,5,Rideshare,V272,Minivan,1976,Hybrid,1.89
EMP06737,Airside F,33517,14.47,1,18,Shuttle,S018,Shuttle Bus,1993,Electric,2.17
EMP06738,Airside A,33557,14.02,4,1,Bus,N/A,N/A,,N/A,11.22
EMP06739,Airside C,34346,58.75,1,14,Shuttle,S016,Shuttle Bus,1990,Electric,8.81
EMP06740,Airside D,33526,14.63,1,1,Train,N/A,N/A,,Electric,4.39
EMP06741,Airside C,33575,47.85,4,1,Train,N/A,N/A,,Electric,57.42
EMP06742,Main Terminal & Airside Shopping,33658,52.67,1,5,Rideshare,V548,Truck,2001,Gasoline,6.32
EMP06743,Main Terminal Restaurants,33709,47.3,1,1,Train,N/A,N/A,,Electric,14.19
EMP06744,Airside C,33847,21.15,3,2,Carpool,V183,SUV,2004,Electric,19.04
EMP06745,Airside A,33514,11.95,3,1,Car,V592,SUV,2001,Diesel,21.51
EMP06746,Sky Connect,34351,30.29,5,1,Train,N/A,N/A,,Electric,45.44
EMP06747,Sky Connect,33853,56.11,2,2,Carpool,V667,Sedan,1986,Electric,33.67
EMP06748,Airside C,33788,59.52,5,4,Rideshare,V137,Truck,2020,Electric,44.64
EMP06749,Rental Car Center,34483,18.81,4,1,Bus,N/A,N/A,,N/A,15.05
EMP06750,Sky Connect,33626,39.71,2,2,Rideshare,V392,Sedan,1998,Gasoline,23.83
EMP06751,Airside D,34350,27.12,2,4,Rideshare,V757,Sedan,2004,Electric,8.14
EMP06752,Airside F,33539,13.78,2,1,Bus,N/A,N/A,,N/A,5.51
EMP06753,Sky Connect,34287,21.87,1,1,Bus,N/A,N/A,,N/A,4.37
EMP06754,Rental Car Center,34059,36.82,2,4,Rideshare,V431,Minivan,1986,Electric,11.05
EMP06755,Main Terminal & Airside Shopping,33970,31.14,4,3,Carpool,V448,Sedan,1982,Hybrid,24.91
EMP06756,Main Terminal Information Desk,33610,8.12,5,1,Bus,N/A,N/A,,N/A,8.12
EMP06757,Sheltair Aviation,33983,18.26,5,1,Train,N/A,N/A,,Electric,27.39
EMP06758,Main Terminal & Airside Shopping,33588,18.75,4,1,Bus,N/A,N/A,,N/A,15
EMP06759,Main Terminal Information Desk,34302,27.91,1,2,Rideshare,V719,SUV,2013,Hybrid,8.37
EMP06760,Sheltair Aviation,34148,38.72,1,1,Train,N/A,N/A,,Electric,11.62
EMP06761,Airside A,33984,53.28,2,2,Rideshare,V927,Truck,1981,Electric,31.97
EMP06762,Airside A,34395,15.18,5,4,Carpool,V535,Minivan,1992,Gasoline,11.38
EMP06763,Rental Car Center,33553,13.11,2,1,Bus,N/A,N/A,,N/A,5.24
EMP06764,Airside D,33582,26.92,4,14,Shuttle,S032,Shuttle Bus,2014,Electric,16.15
EMP06765,Airside C,33519,13.71,1,2,Carpool,V232,Truck,1989,Electric,4.11
EMP06766,Airside E,34136,32.37,2,14,Shuttle,S042,Shuttle Bus,1995,Electric,9.71
EMP06767,Airside C,33767,30.43,1,1,Train,N/A,N/A,,Electric,9.13
EMP06768,Airside D,33624,34.58,5,4,Rideshare,V905,Truck,1995,Diesel,25.93
EMP06769,Main Terminal Restaurants,34055,20.82,3,1,Bus,N/A,N/A,,N/A,12.49
EMP06770,Main Terminal Restaurants,34463,38.16,3,3,Carpool,V882,Minivan,2011,Hybrid,22.9
EMP06771,Airside A,33637,9.49,4,1,Bus,N/A,N/A,,N/A,7.59
EMP06772,Main Terminal Restaurants,34495,52.25,4,3,Rideshare,V673,Truck,2009,Hybrid,41.8
EMP06773,Airside E,33912,22.09,1,3,Rideshare,V937,Truck,2017,Hybrid,4.42
EMP06774,Main Terminal & Airside Shopping,33668,23.3,5,1,Bus,N/A,N/A,,N/A,23.3
EMP06775,Airside C,33591,9.19,4,20,Shuttle,S050,Shuttle Bus,1981,Diesel,5.51
EMP06776,Airside E,33631,9.84,5,1,Bus,N/A,N/A,,N/A,9.84
EMP06777,Airside E,34423,25.94,3,1,Train,N/A,N/A,,Electric,23.35
EMP06778,Main Terminal Restaurants,33613,6.25,2,5,Carpool,V794,Truck,2010,Gasoline,1.5
EMP06779,Airside E,34558,56.22,2,1,Car,V375,Truck,2005,Gasoline,67.46
EMP06780,Main Terminal Information Desk,34647,36.86,1,1,Car,V877,Truck,2012,Gasoline,22.12
EMP06781,Main Terminal Restaurants,33763,40.96,1,1,Train,N/A,N/A,,Electric,12.29
EMP06782,Airside D,34462,57.9,4,4,Carpool,V326,Truck,2022,Hybrid,34.74
EMP06783,Airside C,34550,20.85,2,18,Shuttle,S025,Shuttle Bus,2010,Diesel,6.25
EMP06784,Main Terminal Restaurants,34354,52.92,5,4,Carpool,V419,Sedan,2020,Diesel,39.69
EMP06785,Main Terminal & Airside Shopping,34055,35.39,2,8,Shuttle,S004,Shuttle Bus,1999,Electric,10.62
EMP06786,Airside E,34003,34.22,4,1,Car,V369,SUV,1998,Electric,82.13
EMP06787,Airside C,34520,68.87,5,1,Car,V293,Minivan,1988,Electric,206.61
EMP06788,Airside E,34283,38.25,2,1,Train,N/A,N/A,,Electric,22.95
EMP06789,Main Terminal Restaurants,34010,21.62,2,1,Train,N/A,N/A,,Electric,12.97
EMP06790,Sky Connect,33765,15.74,3,1,Car,V592,Sedan,1995,Gasoline,28.33
EMP06791,Main Terminal & Airside Shopping,33970,17.38,2,1,Car,V162,SUV,1992,Hybrid,20.86
EMP06792,Airside D,34074,23.12,1,4,Rideshare,V768,Minivan,2022,Electric,3.47
EMP06793,Airside A,33532,30.33,2,18,Shuttle,S041,Shuttle Bus,1984,Diesel,9.1
EMP06794,Airside C,33824,30.16,4,2,Carpool,V132,Sedan,2003,Diesel,36.19
EMP06795,Main Terminal & Airside Shopping,33571,11.61,4,1,Bus,N/A,N/A,,N/A,9.29
EMP06796,Main Terminal Information Desk,34047,16.91,4,1,Bus,N/A,N/A,,N/A,13.53
EMP06797,Main Terminal & Airside Shopping,34137,61.69,4,5,Rideshare,V456,Truck,1975,Hybrid,29.61
EMP06798,Main Terminal Restaurants,33973,25.42,1,1,Train,N/A,N/A,,Electric,7.63
EMP06799,Airside D,34233,16.33,1,1,Train,N/A,N/A,,Electric,4.9
EMP06800,Airside D,33720,50.2,3,2,Carpool,V243,Sedan,1986,Electric,45.18
EMP06801,Rental Car Center,34323,24.17,5,4,Carpool,V340,SUV,2016,Gasoline,18.13
EMP06802,Sky Connect,33956,21.45,2,1,Train,N/A,N/A,,Electric,12.87
EMP06803,Airside F,34303,17.93,1,3,Carpool,V418,Sedan,1974,Hybrid,3.59
EMP06804,Main Terminal Restaurants,33546,64.69,1,15,Shuttle,S010,Shuttle Bus,2013,Electric,9.7
EMP06805,Airside D,33783,33.46,4,1,Car,V114,Minivan,2021,Electric,80.3
EMP06806,Main Terminal Information Desk,33752,56.46,1,4,Rideshare,V413,Truck,1995,Electric,8.47
EMP06807,Main Terminal & Airside Shopping,34085,37.57,1,5,Carpool,V852,SUV,1981,Hybrid,4.51
EMP06808,Sheltair Aviation,33539,11.08,4,5,Carpool,V278,Sedan,1994,Hybrid,5.32
EMP06809,Airside A,33549,12.53,5,1,Bus,N/A,N/A,,N/A,12.53
EMP06810,Main Terminal Information Desk,33568,48.7,3,3,Carpool,V334,SUV,2006,Hybrid,29.22
EMP06811,Sky Connect,34429,31.23,2,1,Train,N/A,N/A,,Electric,18.74
EMP06812,Main Terminal Information Desk,34266,43.34,2,1,Car,V649,SUV,2008,Hybrid,52.01
EMP06813,Sky Connect,33736,21.49,5,1,Train,N/A,N/A,,Electric,32.23
EMP06814,Rental Car Center,34289,15.52,5,12,Shuttle,S006,Shuttle Bus,2017,Electric,11.64
EMP06815,Sheltair Aviation,34692,36.11,3,17,Shuttle,S005,Shuttle Bus,1986,Electric,16.25
EMP06816,Main Terminal Restaurants,34167,15.39,3,1,Bus,N/A,N/A,,N/A,9.23
EMP06817,Main Terminal & Airside Shopping,33987,41.57,3,3,Rideshare,V130,Sedan,2013,Hybrid,24.94
EMP06818,Airside C,33819,63.64,2,4,Rideshare,V607,Minivan,2010,Hybrid,19.09
EMP06819,Main Terminal Restaurants,33641,46.71,4,2,Rideshare,V880,Minivan,1973,Electric,56.05
EMP06820,Rental Car Center,33655,22.58,3,20,Shuttle,S008,Shuttle Bus,1980,Electric,10.16
EMP06821,Main Terminal & Airside Shopping,33537,10.1,1,1,Bus,N/A,N/A,,N/A,2.02
EMP06822,Main Terminal & Airside Shopping,33551,10.25,2,1,Bus,N/A,N/A,,N/A,4.1
EMP06823,Airside A,33553,7.55,2,16,Shuttle,S004,Shuttle Bus,1993,Electric,2.26
EMP06824,Sheltair Aviation,33569,12.67,4,1,Car,V948,Sedan,2013,Electric,30.41
EMP06825,Airside F,33636,8.09,4,2,Rideshare,V208,SUV,1998,Electric,9.71
EMP06826,Airside C,34498,42.63,3,2,Carpool,V921,SUV,1993,Gasoline,38.37
EMP06827,Main Terminal & Airside Shopping,34162,55.87,3,5,Rideshare,V599,SUV,1990,Hybrid,20.11
EMP06828,Airside D,34529,38.48,2,19,Shuttle,S046,Shuttle Bus,1990,Diesel,11.54
EMP06829,Airside E,34550,25.52,4,1,Train,N/A,N/A,,Electric,30.62
EMP06830,Sheltair Aviation,33740,16.4,3,1,Train,N/A,N/A,,Electric,14.76
EMP06831,Main Terminal Restaurants,34301,30.88,1,14,Shuttle,S034,Shuttle Bus,1973,Diesel,4.63
EMP06832,Main Terminal Restaurants,34165,66.62,4,2,Rideshare,V955,Truck,2001,Electric,79.94
EMP06833,Sheltair Aviation,34418,16.74,1,1,Bus,N/A,N/A,,N/A,3.35
EMP06834,Main Terminal & Airside Shopping,34164,29.06,5,1,Train,N/A,N/A,,Electric,43.59
EMP06835,Airside A,34424,23.03,2,1,Train,N/A,N/A,,Electric,13.82
EMP06836,Airside F,34390,19.43,3,1,Bus,N/A,N/A,,N/A,11.66
EMP06837,Sheltair Aviation,33622,9.85,3,1,Car,V421,Truck,1985,Gasoline,17.73
EMP06838,Main Terminal & Airside Shopping,33948,58.29,1,1,Car,V701,SUV,1984,Hybrid,34.97
EMP06839,Main Terminal & Airside Shopping,34034,67.55,2,3,Carpool,V176,Truck,1997,Diesel,27.02
EMP06840,Main Terminal Restaurants,33559,10.71,5,1,Bus,N/A,N/A,,N/A,10.71
EMP06841,Airside C,33729,21.92,2,1,Train,N/A,N/A,,Electric,13.15
EMP06842,Airside E,34470,29.9,4,17,Shuttle,S048,Shuttle Bus,1997,Electric,17.94
EMP06843,Sky Connect,34558,22.86,4,17,Shuttle,S036,Shuttle Bus,2006,Electric,13.72
EMP06844,Sky Connect,33572,13.77,5,1,Bus,N/A,N/A,,N/A,13.77
EMP06845,Sheltair Aviation,33952,25.73,4,1,Train,N/A,N/A,,Electric,30.88
EMP06846,Airside C,33959,43.86,4,1,Train,N/A,N/A,,Electric,52.63
EMP06847,Airside A,33604,32.75,2,5,Rideshare,V825,Truck,1974,Diesel,7.86
EMP06848,Main Terminal & Airside Shopping,33869,46.01,2,1,Train,N/A,N/A,,Electric,27.61
EMP06849,Main Terminal Restaurants,34364,30.92,1,1,Train,N/A,N/A,,Electric,9.28
EMP06850,Airside D,33523,12.44,2,2,Carpool,V594,SUV,1972,Hybrid,7.46
EMP06851,Main Terminal & Airside Shopping,33726,42.36,1,1,Train,N/A,N/A,,Electric,12.71
EMP06852,Main Terminal Information Desk,33784,20.61,2,1,Bus,N/A,N/A,,N/A,8.24
EMP06853,Rental Car Center,34584,18.98,5,1,Car,V349,Minivan,1982,Electric,56.94
EMP06854,Sheltair Aviation,34243,64.26,1,16,Shuttle,S043,Shuttle Bus,1985,Electric,9.64
EMP06855,Airside F,33603,8.45,1,1,Bus,N/A,N/A,,N/A,1.69
EMP06856,Airside E,33602,5.17,2,2,Carpool,V456,SUV,2020,Electric,3.1
EMP06857,Main Terminal Information Desk,34431,61.23,3,5,Carpool,V500,Truck,1995,Hybrid,22.04
EMP06858,Airside E,34133,32.2,5,1,Train,N/A,N/A,,Electric,48.3
EMP06859,Airside C,33573,17.22,3,1,Car,V322,Sedan,1980,Diesel,31
EMP06860,Main Terminal Information Desk,33761,47.1,1,3,Carpool,V885,Truck,2011,Diesel,9.42
EMP06861,Main Terminal Information Desk,33549,14.54,4,3,Rideshare,V799,SUV,2021,Diesel,11.63
EMP06862,Main Terminal Restaurants,33522,14.98,1,1,Bus,N/A,N/A,,N/A,3
EMP06863,Sky Connect,33582,18.6,2,1,Train,N/A,N/A,,Electric,11.16
EMP06864,Airside F,34442,20.87,1,1,Train,N/A,N/A,,Electric,6.26
EMP06865,Sheltair Aviation,34591,16.03,5,13,Shuttle,S043,Shuttle Bus,1982,Electric,12.02
EMP06866,Airside E,34185,56.55,1,16,Shuttle,S013,Shuttle Bus,2016,Diesel,8.48
EMP06867,Airside C,34529,35.05,2,1,Car,V577,Sedan,2021,Electric,42.06
EMP06868,Rental Car Center,34301,55.64,2,1,Car,V494,Minivan,1979,Electric,66.77
EMP06869,Airside F,33588,7.77,5,1,Bus,N/A,N/A,,N/A,7.77
EMP06870,Main Terminal Information Desk,34004,67.8,5,2,Carpool,V524,SUV,1995,Hybrid,101.7
EMP06871,Rental Car Center,34188,32.19,3,1,Train,N/A,N/A,,Electric,28.97
EMP06872,Airside A,33600,42.39,2,5,Carpool,V783,SUV,1987,Hybrid,10.17
EMP06873,Airside A,33535,13.17,4,4,Carpool,V748,Truck,1983,Diesel,7.9
EMP06874,Sheltair Aviation,33974,22.44,1,18,Shuttle,S010,Shuttle Bus,2015,Electric,3.37
EMP06875,Main Terminal Restaurants,34396,25.38,4,4,Carpool,V950,Minivan,2008,Gasoline,15.23
EMP06876,Rental Car Center,34011,53.51,3,8,Shuttle,S004,Shuttle Bus,1989,Electric,24.08
EMP06877,Main Terminal & Airside Shopping,34637,39.06,4,1,Train,N/A,N/A,,Electric,46.87
EMP06878,Airside A,33813,15.2,1,1,Bus,N/A,N/A,,N/A,3.04
EMP06879,Main Terminal & Airside Shopping,34098,45.43,2,4,Rideshare,V612,Sedan,1974,Hybrid,13.63
EMP06880,Airside E,33987,46.46,5,16,Shuttle,S033,Shuttle Bus,1979,Diesel,34.84
EMP06881,Airside A,33747,32.64,1,13,Shuttle,S018,Shuttle Bus,1983,Electric,4.9
EMP06882,Main Terminal Information Desk,34112,22.04,4,1,Bus,N/A,N/A,,N/A,17.63
EMP06883,Rental Car Center,34319,49.46,2,1,Car,V518,Sedan,1987,Hybrid,59.35
EMP06884,Main Terminal Information Desk,33837,18.19,3,1,Bus,N/A,N/A,,N/A,10.91
EMP06885,Sky Connect,33769,27.7,2,5,Carpool,V772,Truck,1985,Hybrid,6.65
EMP06886,Rental Car Center,34187,24.94,1,10,Shuttle,S036,Shuttle Bus,1984,Electric,3.74
EMP06887,Rental Car Center,34155,65.52,2,4,Rideshare,V591,Minivan,1983,Electric,19.66
EMP06888,Main Terminal & Airside Shopping,34657,27.44,2,1,Car,V451,Minivan,1975,Hybrid,32.93
EMP06889,Airside A,33732,27.2,1,19,Shuttle,S045,Shuttle Bus,2015,Electric,4.08
EMP06890,Rental Car Center,34555,42.39,4,5,Rideshare,V245,SUV,2009,Diesel,20.35
EMP06891,Rental Car Center,33948,22.52,3,20,Shuttle,S025,Shuttle Bus,1981,Diesel,10.13
EMP06892,Airside C,33519,13.19,3,1,Train,N/A,N/A,,Electric,11.87
EMP06893,Airside E,33603,9.54,4,8,Shuttle,S025,Shuttle Bus,1980,Diesel,5.72
EMP06894,Sky Connect,33570,42.41,2,5,Rideshare,V647,Minivan,1980,Gasoline,10.18
EMP06895,Main Terminal Information Desk,33553,5.13,1,3,Carpool,V749,SUV,1980,Diesel,1.03
EMP06896,Sky Connect,33636,48.83,1,1,Train,N/A,N/A,,Electric,14.65
EMP06897,Airside E,34374,66.59,5,1,Car,V972,Minivan,1973,Electric,199.77
EMP06898,Main Terminal & Airside Shopping,33582,28.1,4,3,Carpool,V762,SUV,1979,Electric,22.48
EMP06899,Airside F,34268,46.21,3,3,Rideshare,V530,Truck,1977,Electric,27.73
EMP06900,Airside A,33568,20.11,1,1,Bus,N/A,N/A,,N/A,4.02
EMP06901,Main Terminal Restaurants,33570,10.34,3,1,Bus,N/A,N/A,,N/A,6.2
EMP06902,Airside D,34501,35.99,5,5,Carpool,V134,Minivan,2020,Hybrid,21.59
EMP06903,Airside D,33533,11.78,4,1,Bus,N/A,N/A,,N/A,9.42
EMP06904,Rental Car Center,34070,16.42,1,5,Carpool,V704,Sedan,1990,Hybrid,1.97
EMP06905,Airside D,34570,15.67,5,1,Bus,N/A,N/A,,N/A,15.67
EMP06906,Airside F,34224,38.44,1,20,Shuttle,S034,Shuttle Bus,1985,Electric,5.77
EMP06907,Sky Connect,33829,69.69,1,1,Car,V317,Truck,2007,Gasoline,41.81
EMP06908,Airside E,34428,24.61,2,1,Train,N/A,N/A,,Electric,14.77
EMP06909,Main Terminal & Airside Shopping,34514,30.53,3,4,Carpool,V802,Sedan,1991,Gasoline,13.74
EMP06910,Rental Car Center,34126,65.96,5,2,Rideshare,V969,Sedan,1999,Gasoline,98.94
EMP06911,Airside D,33590,6.91,1,1,Bus,N/A,N/A,,N/A,1.38
EMP06912,Rental Car Center,33639,18.18,1,1,Bus,N/A,N/A,,N/A,3.64
EMP06913,Airside A,33613,47.06,5,1,Car,V561,Sedan,1979,Diesel,141.18
EMP06914,Sky Connect,34027,30.09,3,1,Train,N/A,N/A,,Electric,27.08
EMP06915,Main Terminal & Airside Shopping,33630,5.4,2,1,Bus,N/A,N/A,,N/A,2.16
EMP06916,Airside D,34062,21.44,4,12,Shuttle,S026,Shuttle Bus,2016,Diesel,12.86
EMP06917,Rental Car Center,34065,43,1,16,Shuttle,S007,Shuttle Bus,2003,Diesel,6.45
EMP06918,Airside C,34214,20.58,5,1,Train,N/A,N/A,,Electric,30.87
EMP06919,Rental Car Center,33694,15.28,4,1,Bus,N/A,N/A,,N/A,12.22
EMP06920,Sky Connect,33911,42.25,2,2,Carpool,V458,Sedan,1972,Hybrid,25.35
EMP06921,Airside E,34018,65.71,5,18,Shuttle,S042,Shuttle Bus,1976,Diesel,49.28
EMP06922,Main Terminal Restaurants,33677,31.96,1,9,Shuttle,S038,Shuttle Bus,2007,Diesel,4.79
EMP06923,Airside F,33592,20.4,5,4,Rideshare,V270,Truck,1980,Hybrid,15.3
EMP06924,Airside C,33630,18,3,5,Carpool,V878,SUV,1975,Diesel,6.48
EMP06925,Airside F,34463,28.66,5,1,Train,N/A,N/A,,Electric,42.99
EMP06926,Sheltair Aviation,33557,11.11,4,1,Bus,N/A,N/A,,N/A,8.89
EMP06927,Main Terminal & Airside Shopping,33838,32.9,4,1,Car,V957,Truck,2006,Gasoline,78.96
EMP06928,Airside F,34655,53.02,1,3,Rideshare,V663,Minivan,2013,Diesel,10.6
EMP06929,Sky Connect,34150,16.88,3,1,Bus,N/A,N/A,,N/A,10.13
EMP06930,Sheltair Aviation,33617,6.02,2,8,Shuttle,S007,Shuttle Bus,2007,Diesel,1.81
EMP06931,Main Terminal & Airside Shopping,34416,47.99,2,3,Carpool,V284,Sedan,1989,Electric,19.2
EMP06932,Main Terminal & Airside Shopping,33572,21.37,5,3,Carpool,V225,Minivan,1998,Hybrid,21.37
EMP06933,Airside D,34230,21.74,1,1,Train,N/A,N/A,,Electric,6.52
EMP06934,Airside C,33659,62.06,2,2,Carpool,V621,Minivan,1978,Electric,37.24
EMP06935,Airside A,34331,43.74,4,5,Rideshare,V605,Minivan,1974,Gasoline,21
EMP06936,Rental Car Center,33568,37.61,5,3,Carpool,V160,SUV,2013,Diesel,37.61
EMP06937,Sky Connect,33564,12.06,3,1,Bus,N/A,N/A,,N/A,7.24
EMP06938,Airside D,34531,46.36,3,1,Car,V343,SUV,1981,Gasoline,83.45
EMP06939,Airside F,34337,22.26,1,1,Bus,N/A,N/A,,N/A,4.45
EMP06940,Main Terminal Information Desk,33569,14.51,5,1,Bus,N/A,N/A,,N/A,14.51
EMP06941,Airside C,34045,49.78,2,1,Train,N/A,N/A,,Electric,29.87
EMP06942,Rental Car Center,34337,24.6,2,1,Bus,N/A,N/A,,N/A,9.84
EMP06943,Main Terminal Restaurants,33887,62.34,4,2,Rideshare,V388,Minivan,2015,Electric,74.81
EMP06944,Main Terminal Information Desk,34133,30.87,3,2,Rideshare,V334,Truck,1972,Electric,27.78
EMP06945,Main Terminal Restaurants,34115,47.98,3,5,Carpool,V794,Truck,1986,Diesel,17.27
EMP06946,Main Terminal Restaurants,33730,63.2,4,2,Carpool,V206,Truck,1972,Gasoline,75.84
EMP06947,Airside C,34011,44.24,4,5,Rideshare,V656,SUV,1993,Hybrid,21.24
EMP06948,Airside C,33544,12.73,4,5,Rideshare,V606,Minivan,2017,Gasoline,6.11
EMP06949,Sheltair Aviation,33574,15.09,1,5,Rideshare,V616,SUV,1987,Diesel,1.81
EMP06950,Airside C,34086,19.8,2,1,Train,N/A,N/A,,Electric,11.88
EMP06951,Main Terminal & Airside Shopping,34493,52.43,1,3,Rideshare,V621,Truck,2003,Electric,10.49
EMP06952,Airside A,34271,69.77,3,4,Carpool,V804,SUV,1986,Diesel,31.4
EMP06953,Airside F,33808,49.66,5,1,Train,N/A,N/A,,Electric,74.49
EMP06954,Airside F,33846,24.11,5,4,Rideshare,V887,Truck,1983,Hybrid,18.08
EMP06955,Main Terminal Information Desk,33657,56.35,3,1,Car,V984,Truck,1988,Hybrid,101.43
EMP06956,Main Terminal Information Desk,33559,13.39,2,1,Train,N/A,N/A,,Electric,8.03
EMP06957,Airside F,33515,34.92,5,1,Train,N/A,N/A,,Electric,52.38
EMP06958,Sheltair Aviation,33636,5.44,2,4,Carpool,V575,SUV,1999,Gasoline,1.63
EMP06959,Main Terminal & Airside Shopping,34298,46.99,5,1,Car,V832,SUV,1993,Electric,140.97
EMP06960,Rental Car Center,34541,15.55,3,1,Bus,N/A,N/A,,N/A,9.33
EMP06961,Main Terminal & Airside Shopping,34461,52.83,2,11,Shuttle,S002,Shuttle Bus,2017,Diesel,15.85
EMP06962,Sheltair Aviation,34071,44.52,3,1,Train,N/A,N/A,,Electric,40.07
EMP06963,Main Terminal Information Desk,33926,29.26,4,1,Train,N/A,N/A,,Electric,35.11
EMP06964,Main Terminal & Airside Shopping,33532,13.14,1,1,Train,N/A,N/A,,Electric,3.94
EMP06965,Airside C,33866,32.42,2,1,Train,N/A,N/A,,Electric,19.45
EMP06966,Rental Car Center,34003,26.58,1,3,Rideshare,V622,SUV,1977,Gasoline,5.32
EMP06967,Main Terminal & Airside Shopping,34687,31.02,3,3,Carpool,V988,Truck,2004,Gasoline,18.61
EMP06968,Sky Connect,34253,41.37,3,4,Rideshare,V165,Truck,1977,Diesel,18.62
EMP06969,Main Terminal Restaurants,33989,42.24,5,1,Train,N/A,N/A,,Electric,63.36
EMP06970,Airside C,33975,50.04,1,2,Rideshare,V511,Truck,2012,Diesel,15.01
EMP06971,Airside A,34382,46.84,2,3,Carpool,V295,Minivan,2008,Hybrid,18.74
EMP06972,Sheltair Aviation,34187,17.84,5,2,Rideshare,V693,Minivan,1984,Electric,26.76
EMP06973,Main Terminal Restaurants,33562,10.76,1,1,Bus,N/A,N/A,,N/A,2.15
EMP06974,Sky Connect,33785,40.74,4,1,Train,N/A,N/A,,Electric,48.89
EMP06975,Airside C,33678,18.34,2,4,Carpool,V276,Minivan,1990,Electric,5.5
EMP06976,Sky Connect,33930,42.69,4,4,Rideshare,V548,Truck,1993,Electric,25.61
EMP06977,Airside A,33858,43.94,5,16,Shuttle,S014,Shuttle Bus,1984,Diesel,32.95
EMP06978,Rental Car Center,33862,37.26,3,5,Carpool,V504,Truck,1999,Electric,13.41
EMP06979,Sheltair Aviation,33706,29.2,4,3,Carpool,V307,Minivan,2004,Diesel,23.36
EMP06980,Airside A,34293,39.38,3,1,Train,N/A,N/A,,Electric,35.44
EMP06981,Airside A,33822,42.35,4,1,Car,V255,Minivan,2011,Gasoline,101.64
EMP06982,Airside F,33600,41.77,4,4,Carpool,V901,Truck,1993,Electric,25.06
EMP06983,Airside D,33684,47.45,1,1,Train,N/A,N/A,,Electric,14.24
EMP06984,Main Terminal & Airside Shopping,33637,8.57,3,3,Carpool,V334,Sedan,1987,Gasoline,5.14
EMP06985,Airside A,34390,29.05,1,14,Shuttle,S016,Shuttle Bus,2002,Electric,4.36
EMP06986,Main Terminal & Airside Shopping,34243,57.25,2,4,Carpool,V413,Truck,2019,Gasoline,17.18
EMP06987,Airside D,34241,24.24,5,1,Car,V730,Minivan,1983,Electric,72.72
EMP06988,Airside E,33517,10.48,5,4,Carpool,V749,Sedan,1989,Gasoline,7.86
EMP06989,Sky Connect,33663,57.11,5,5,Rideshare,V491,Sedan,1989,Electric,34.27
EMP06990,Airside A,34297,52.42,1,10,Shuttle,S001,Shuttle Bus,1987,Electric,7.86
EMP06991,Main Terminal & Airside Shopping,33712,48.76,1,1,Train,N/A,N/A,,Electric,14.63
EMP06992,Main Terminal Information Desk,33908,42.26,5,4,Rideshare,V942,Sedan,1997,Electric,31.69
EMP06993,Airside E,33548,59.01,3,2,Rideshare,V498,Minivan,1984,Electric,53.11
EMP06994,Sky Connect,34154,39.71,3,1,Train,N/A,N/A,,Electric,35.74
EMP06995,Main Terminal Information Desk,34381,31.93,2,2,Carpool,V157,Truck,1985,Diesel,19.16
EMP06996,Sheltair Aviation,33575,14.67,2,3,Rideshare,V454,SUV,2003,Hybrid,5.87
EMP06997,Airside D,33656,30.45,4,1,Car,V757,Sedan,1987,Gasoline,73.08
EMP06998,Sheltair Aviation,34612,16.6,2,1,Bus,N/A,N/A,,N/A,6.64
EMP06999,Main Terminal Restaurants,34046,29.06,2,1,Car,V454,Sedan,1994,Gasoline,34.87
EMP07000,Main Terminal & Airside Shopping,33756,23.16,4,1,Bus,N/A,N/A,,N/A,18.53
EMP07001,Airside D,33537,13.88,3,1,Train,N/A,N/A,,Electric,12.49
EMP07002,Airside F,33749,44.42,2,20,Shuttle,S032,Shuttle Bus,2005,Diesel,13.33
EMP07003,Airside D,33548,10.28,5,1,Bus,N/A,N/A,,N/A,10.28
EMP07004,Main Terminal Restaurants,34652,66.61,1,3,Rideshare,V399,SUV,1986,Diesel,13.32
EMP07005,Airside E,34539,33.21,2,1,Car,V465,Sedan,2003,Diesel,39.85
EMP07006,Airside A,34225,31.73,5,1,Train,N/A,N/A,,Electric,47.59
EMP07007,Airside E,33600,6.33,4,1,Car,V223,Sedan,2004,Diesel,15.19
EMP07008,Main Terminal & Airside Shopping,33840,34.56,4,1,Train,N/A,N/A,,Electric,41.47
EMP07009,Main Terminal Restaurants,33616,39.57,3,1,Car,V854,Minivan,2006,Diesel,71.23
EMP07010,Airside E,33974,42.63,5,2,Rideshare,V344,Truck,2005,Gasoline,63.95
EMP07011,Airside F,33593,69.97,2,13,Shuttle,S048,Shuttle Bus,2012,Diesel,20.99
EMP07012,Main Terminal Information Desk,33811,55.47,5,5,Rideshare,V674,SUV,2007,Diesel,33.28
EMP07013,Sky Connect,33975,58.51,3,2,Rideshare,V757,Minivan,2004,Electric,52.66
EMP07014,Main Terminal Restaurants,33816,68.8,2,4,Rideshare,V855,Truck,1989,Gasoline,20.64
EMP07015,Airside F,33631,5.2,1,5,Carpool,V940,Truck,1994,Gasoline,0.62
EMP07016,Airside D,33539,14.34,4,1,Train,N/A,N/A,,Electric,17.21
EMP07017,Airside E,34602,28.91,1,1,Train,N/A,N/A,,Electric,8.67
EMP07018,Main Terminal Restaurants,33617,49.01,3,1,Car,V787,Truck,2010,Electric,88.22
EMP07019,Sheltair Aviation,34697,58.56,3,1,Car,V956,Sedan,1985,Hybrid,105.41
EMP07020,Airside C,33932,47.54,2,1,Train,N/A,N/A,,Electric,28.52
EMP07021,Main Terminal Information Desk,33563,6.08,2,1,Bus,N/A,N/A,,N/A,2.43
EMP07022,Airside A,33569,10.49,1,1,Train,N/A,N/A,,Electric,3.15
EMP07023,Airside D,34672,47.99,3,5,Rideshare,V681,SUV,1991,Gasoline,17.28
EMP07024,Airside C,33570,10.07,1,1,Bus,N/A,N/A,,N/A,2.01
EMP07025,Airside D,33957,26.51,1,8,Shuttle,S046,Shuttle Bus,2005,Electric,3.98
EMP07026,Main Terminal Restaurants,34588,15.23,5,1,Bus,N/A,N/A,,N/A,15.23
EMP07027,Airside D,34221,27.61,4,1,Train,N/A,N/A,,Electric,33.13
EMP07028,Sheltair Aviation,34536,15.25,2,1,Bus,N/A,N/A,,N/A,6.1
EMP07029,Airside D,34329,48.73,5,5,Rideshare,V105,Minivan,2018,Electric,29.24
EMP07030,Airside E,33665,27.98,4,5,Carpool,V971,Truck,2013,Electric,13.43
EMP07031,Airside D,33569,15.8,2,1,Car,V656,Sedan,1991,Gasoline,18.96
EMP07032,Airside F,33534,11.37,5,1,Bus,N/A,N/A,,N/A,11.37
EMP07033,Sky Connect,33771,52.01,2,13,Shuttle,S035,Shuttle Bus,1994,Electric,15.6
EMP07034,Airside A,34247,48.35,2,3,Rideshare,V511,Sedan,1990,Gasoline,19.34
EMP07035,Airside E,34228,16.76,5,1,Bus,N/A,N/A,,N/A,16.76
EMP07036,Main Terminal Information Desk,33827,16.41,3,1,Bus,N/A,N/A,,N/A,9.85
EMP07037,Main Terminal & Airside Shopping,33545,14.69,5,1,Bus,N/A,N/A,,N/A,14.69
EMP07038,Sky Connect,33702,40.75,2,1,Car,V301,Minivan,2009,Electric,48.9
EMP07039,Main Terminal Information Desk,34504,24.5,1,1,Train,N/A,N/A,,Electric,7.35
EMP07040,Main Terminal Restaurants,34008,52.94,3,2,Carpool,V349,Truck,2021,Electric,47.65
EMP07041,Main Terminal & Airside Shopping,33536,12.13,2,3,Rideshare,V314,Sedan,2017,Hybrid,4.85
EMP07042,Airside F,33833,15.44,3,1,Train,N/A,N/A,,Electric,13.9
EMP07043,Main Terminal & Airside Shopping,33633,9.33,5,1,Car,V292,Truck,2014,Diesel,27.99
EMP07044,Rental Car Center,33984,43.26,4,1,Train,N/A,N/A,,Electric,51.91
EMP07045,Airside D,33672,65.61,1,9,Shuttle,S017,Shuttle Bus,2012,Electric,9.84
EMP07046,Airside D,33542,13.87,3,1,Bus,N/A,N/A,,N/A,8.32
EMP07047,Main Terminal Information Desk,33631,17.11,4,5,Carpool,V879,Truck,2006,Gasoline,8.21
EMP07048,Rental Car Center,33576,12.8,4,1,Bus,N/A,N/A,,N/A,10.24
EMP07049,Airside C,34293,25.71,3,1,Train,N/A,N/A,,Electric,23.14
EMP07050,Main Terminal & Airside Shopping,34423,45.04,5,5,Rideshare,V724,SUV,1990,Electric,27.02
EMP07051,Airside C,34060,28,2,1,Car,V451,Sedan,1991,Electric,33.6
EMP07052,Airside F,33753,18.3,5,1,Bus,N/A,N/A,,N/A,18.3
EMP07053,Airside A,34147,27.56,1,1,Train,N/A,N/A,,Electric,8.27
EMP07054,Airside C,34379,66.96,4,13,Shuttle,S040,Shuttle Bus,2019,Electric,40.18
EMP07055,Airside F,33886,19.3,4,1,Car,V801,Sedan,2018,Electric,46.32
EMP07056,Sheltair Aviation,33562,10.87,1,1,Bus,N/A,N/A,,N/A,2.17
EMP07057,Rental Car Center,33557,11.34,1,1,Train,N/A,N/A,,Electric,3.4
EMP07058,Main Terminal Restaurants,33870,42.63,4,1,Train,N/A,N/A,,Electric,51.16
EMP07059,Airside F,33547,14.01,2,1,Bus,N/A,N/A,,N/A,5.6
EMP07060,Airside C,34087,26.13,1,1,Car,V550,Truck,2013,Electric,15.68
EMP07061,Main Terminal Information Desk,34288,36.53,2,1,Car,V928,Truck,1977,Electric,43.84
EMP07062,Airside E,33578,14.98,1,1,Train,N/A,N/A,,Electric,4.49
EMP07063,Airside E,33840,44.31,1,1,Train,N/A,N/A,,Electric,13.29
EMP07064,Main Terminal Information Desk,34593,45.9,5,1,Train,N/A,N/A,,Electric,68.85
EMP07065,Sky Connect,34682,66.54,2,4,Rideshare,V739,Sedan,2008,Electric,19.96
EMP07066,Airside A,33767,21.27,5,12,Shuttle,S047,Shuttle Bus,2010,Electric,15.95
EMP07067,Sheltair Aviation,34316,24.95,3,1,Train,N/A,N/A,,Electric,22.45
EMP07068,Airside F,33515,11.66,2,1,Bus,N/A,N/A,,N/A,4.66
EMP07069,Airside D,33972,16.45,4,5,Carpool,V642,Sedan,1985,Hybrid,7.9
EMP07070,Main Terminal Restaurants,34511,40.05,4,1,Train,N/A,N/A,,Electric,48.06
EMP07071,Airside A,34454,23.67,1,1,Bus,N/A,N/A,,N/A,4.73
EMP07072,Rental Car Center,34101,25.61,3,2,Rideshare,V102,Truck,2009,Gasoline,23.05
EMP07073,Airside A,34410,46.85,3,8,Shuttle,S024,Shuttle Bus,2015,Electric,21.08
EMP07074,Airside A,33556,8.51,2,2,Carpool,V419,Minivan,1982,Gasoline,5.11
EMP07075,Main Terminal Information Desk,33825,38.14,4,1,Train,N/A,N/A,,Electric,45.77
EMP07076,Rental Car Center,33886,16.96,5,1,Bus,N/A,N/A,,N/A,16.96
EMP07077,Airside E,34176,36.84,5,16,Shuttle,S048,Shuttle Bus,2005,Electric,27.63
EMP07078,Airside E,34103,15.06,2,1,Bus,N/A,N/A,,N/A,6.02
EMP07079,Airside D,33527,10.56,4,1,Train,N/A,N/A,,Electric,12.67
EMP07080,Main Terminal Restaurants,33611,5.45,5,1,Car,V931,SUV,2009,Electric,16.35
EMP07081,Main Terminal & Airside Shopping,34412,32.91,3,12,Shuttle,S047,Shuttle Bus,2017,Electric,14.81
EMP07082,Sky Connect,33539,10.2,5,1,Bus,N/A,N/A,,N/A,10.2
EMP07083,Sheltair Aviation,33557,8.54,1,1,Bus,N/A,N/A,,N/A,1.71
EMP07084,Main Terminal Restaurants,33595,6.85,5,3,Carpool,V915,Sedan,1979,Electric,6.85
EMP07085,Main Terminal Information Desk,34219,16.83,1,1,Bus,N/A,N/A,,N/A,3.37
EMP07086,Airside F,33631,5.78,4,8,Shuttle,S007,Shuttle Bus,1987,Electric,3.47
EMP07087,Airside D,33625,64.29,1,4,Carpool,V458,SUV,1994,Electric,9.64
EMP07088,Airside A,33747,42.66,3,1,Car,V201,SUV,1993,Electric,76.79
EMP07089,Sheltair Aviation,33567,10.4,4,1,Bus,N/A,N/A,,N/A,8.32
EMP07090,Main Terminal Restaurants,34396,37.8,4,2,Carpool,V259,Sedan,1998,Electric,45.36
EMP07091,Rental Car Center,34399,62.06,4,9,Shuttle,S028,Shuttle Bus,2016,Diesel,37.24
EMP07092,Main Terminal Restaurants,34105,65.85,4,1,Car,V813,SUV,1997,Electric,158.04
EMP07093,Airside E,33611,23.79,5,1,Train,N/A,N/A,,Electric,35.68
EMP07094,Airside D,34497,63.09,5,2,Carpool,V572,Minivan,2004,Electric,94.63
EMP07095,Airside E,33794,55.05,4,2,Carpool,V419,Truck,2016,Diesel,66.06
EMP07096,Airside C,33623,6.99,2,1,Bus,N/A,N/A,,N/A,2.8
EMP07097,Airside C,34362,64.93,5,4,Rideshare,V594,Truck,2015,Diesel,48.7
EMP07098,Main Terminal Restaurants,33586,5.23,1,1,Bus,N/A,N/A,,N/A,1.05
EMP07099,Main Terminal & Airside Shopping,33528,10.99,5,1,Bus,N/A,N/A,,N/A,10.99
EMP07100,Sheltair Aviation,34392,45.51,2,1,Car,V500,Sedan,2014,Gasoline,54.61
EMP07101,Main Terminal Restaurants,33878,45.26,3,8,Shuttle,S026,Shuttle Bus,1979,Diesel,20.37
EMP07102,Airside F,34010,28.91,1,5,Rideshare,V985,Sedan,2010,Diesel,3.47
EMP07103,Airside E,34384,54.21,1,19,Shuttle,S025,Shuttle Bus,1975,Electric,8.13
EMP07104,Main Terminal & Airside Shopping,34149,22.85,3,1,Bus,N/A,N/A,,N/A,13.71
EMP07105,Sheltair Aviation,33979,62.52,3,1,Car,V384,SUV,2022,Diesel,112.54
EMP07106,Sheltair Aviation,34343,63.74,1,19,Shuttle,S037,Shuttle Bus,2008,Electric,9.56
EMP07107,Airside F,34525,38.28,2,3,Rideshare,V175,Minivan,2007,Electric,15.31
EMP07108,Sky Connect,34634,36.01,1,13,Shuttle,S005,Shuttle Bus,2016,Diesel,5.4
EMP07109,Sky Connect,34483,17.2,3,1,Car,V291,SUV,2005,Gasoline,30.96
EMP07110,Airside F,34351,23.3,4,1,Bus,N/A,N/A,,N/A,18.64
EMP07111,Airside D,33773,39.9,3,4,Rideshare,V212,Minivan,1989,Hybrid,17.95
EMP07112,Airside C,33551,7.45,4,1,Car,V781,Truck,2021,Hybrid,17.88
EMP07113,Main Terminal Information Desk,33876,19.95,3,1,Car,V136,Truck,1986,Electric,35.91
EMP07114,Sky Connect,33545,14.06,3,1,Bus,N/A,N/A,,N/A,8.44
EMP07115,Airside C,34451,20.81,2,4,Carpool,V425,SUV,1991,Electric,6.24
EMP07116,Rental Car Center,34142,53.89,4,3,Carpool,V125,Minivan,1973,Gasoline,43.11
EMP07117,Main Terminal & Airside Shopping,34208,63.49,2,13,Shuttle,S005,Shuttle Bus,1990,Electric,19.05
EMP07118,Airside C,34477,24.81,5,1,Bus,N/A,N/A,,N/A,24.81
EMP07119,Main Terminal Restaurants,33967,17.49,5,1,Car,V998,Minivan,1977,Hybrid,52.47
EMP07120,Rental Car Center,33916,24.74,2,2,Rideshare,V921,Minivan,1993,Diesel,14.84
EMP07121,Airside D,33516,13.39,3,2,Rideshare,V533,Minivan,2010,Diesel,12.05
EMP07122,Airside C,33738,18.17,3,5,Carpool,V383,Minivan,1998,Electric,6.54
EMP07123,Airside C,34186,42.59,2,5,Rideshare,V254,SUV,2018,Diesel,10.22
EMP07124,Airside E,34420,68.6,3,20,Shuttle,S003,Shuttle Bus,2013,Diesel,30.87
EMP07125,Airside A,33617,6.38,3,1,Car,V271,Sedan,1986,Electric,11.48
EMP07126,Airside C,34596,38.76,5,1,Train,N/A,N/A,,Electric,58.14
EMP07127,Airside D,34014,54.85,5,1,Car,V558,SUV,1985,Hybrid,164.55
EMP07128,Sky Connect,33567,6.1,1,20,Shuttle,S026,Shuttle Bus,1988,Diesel,0.91
EMP07129,Main Terminal Information Desk,33563,26.67,2,1,Train,N/A,N/A,,Electric,16
EMP07130,Airside A,34162,40.29,1,1,Train,N/A,N/A,,Electric,12.09
EMP07131,Sky Connect,33580,19.08,5,1,Train,N/A,N/A,,Electric,28.62
EMP07132,Main Terminal Restaurants,33803,19.38,5,8,Shuttle,S018,Shuttle Bus,2003,Diesel,14.53
EMP07133,Airside F,34243,29.18,3,2,Carpool,V666,Sedan,1980,Gasoline,26.26
EMP07134,Airside A,34198,68.61,4,3,Rideshare,V929,Minivan,2004,Gasoline,54.89
EMP07135,Sheltair Aviation,33640,32.06,1,3,Carpool,V520,Sedan,1988,Electric,6.41
EMP07136,Rental Car Center,33843,24.67,4,2,Rideshare,V264,Sedan,2007,Hybrid,29.6
EMP07137,Main Terminal & Airside Shopping,33583,8.36,4,1,Bus,N/A,N/A,,N/A,6.69
EMP07138,Airside E,33805,48.88,1,1,Train,N/A,N/A,,Electric,14.66
EMP07139,Sheltair Aviation,34572,45.14,3,17,Shuttle,S013,Shuttle Bus,1984,Electric,20.31
EMP07140,Airside E,34047,31.52,4,1,Car,V698,Truck,1991,Hybrid,75.65
EMP07141,Rental Car Center,34352,19.47,2,1,Car,V982,Sedan,1994,Diesel,23.36
EMP07142,Airside A,34031,38.27,2,2,Carpool,V478,Minivan,1974,Electric,22.96
EMP07143,Sheltair Aviation,34359,46.17,4,2,Rideshare,V462,Minivan,2017,Electric,55.4
EMP07144,Sky Connect,33609,22.09,1,11,Shuttle,S019,Shuttle Bus,1990,Electric,3.31
EMP07145,Airside A,34158,23.52,2,5,Rideshare,V507,Sedan,1986,Hybrid,5.64
EMP07146,Main Terminal Restaurants,34289,36.99,5,1,Car,V996,SUV,1985,Hybrid,110.97
EMP07147,Airside F,33610,21.42,2,3,Carpool,V251,Minivan,2020,Hybrid,8.57
EMP07148,Sky Connect,33582,7.05,4,1,Bus,N/A,N/A,,N/A,5.64
EMP07149,Airside C,33945,44.82,4,2,Carpool,V934,Truck,2003,Hybrid,53.78
EMP07150,Main Terminal Information Desk,33742,67.28,3,5,Rideshare,V804,Sedan,1999,Hybrid,24.22
EMP07151,Sky Connect,33589,6.33,5,3,Carpool,V630,Sedan,2004,Diesel,6.33
EMP07152,Main Terminal Restaurants,34470,49.4,3,3,Rideshare,V678,Truck,1993,Gasoline,29.64
EMP07153,Rental Car Center,34284,51.7,1,5,Carpool,V490,Truck,2018,Diesel,6.2
EMP07154,Airside E,33790,58.37,5,5,Rideshare,V546,Minivan,1973,Diesel,35.02
EMP07155,Airside E,33669,60.04,4,3,Carpool,V581,SUV,2009,Hybrid,48.03
EMP07156,Airside F,34205,46.99,1,3,Rideshare,V750,Truck,1978,Electric,9.4
EMP07157,Sky Connect,33830,18.05,1,10,Shuttle,S033,Shuttle Bus,2012,Diesel,2.71
EMP07158,Airside C,33518,13.8,4,1,Bus,N/A,N/A,,N/A,11.04
EMP07159,Sheltair Aviation,33524,13.01,4,1,Car,V471,Truck,2015,Gasoline,31.22
EMP07160,Airside E,33623,5.94,4,18,Shuttle,S019,Shuttle Bus,2001,Electric,3.56
EMP07161,Main Terminal Information Desk,34068,58.78,3,3,Carpool,V959,Sedan,2017,Hybrid,35.27
EMP07162,Airside F,33562,32.69,1,1,Train,N/A,N/A,,Electric,9.81
EMP07163,Airside F,34582,40.97,2,2,Carpool,V958,Minivan,1997,Electric,24.58
EMP07164,Main Terminal Information Desk,34432,21.52,1,1,Train,N/A,N/A,,Electric,6.46
EMP07165,Main Terminal & Airside Shopping,34026,64.48,4,19,Shuttle,S031,Shuttle Bus,1976,Electric,38.69
EMP07166,Sheltair Aviation,33605,30.84,2,20,Shuttle,S046,Shuttle Bus,2000,Diesel,9.25
EMP07167,Airside C,33550,9.63,1,12,Shuttle,S036,Shuttle Bus,2003,Diesel,1.44
EMP07168,Sky Connect,34642,55.96,2,5,Rideshare,V503,SUV,1998,Gasoline,13.43
EMP07169,Airside C,34460,60.56,5,15,Shuttle,S046,Shuttle Bus,1975,Electric,45.42
EMP07170,Rental Car Center,34078,36.22,2,3,Rideshare,V236,SUV,2010,Hybrid,14.49
EMP07171,Airside F,33821,19.61,2,1,Train,N/A,N/A,,Electric,11.77
EMP07172,Airside E,34571,23.21,2,4,Rideshare,V561,Minivan,1995,Diesel,6.96
EMP07173,Main Terminal Information Desk,34304,20.91,3,1,Bus,N/A,N/A,,N/A,12.55
EMP07174,Main Terminal Information Desk,33837,32.11,3,8,Shuttle,S007,Shuttle Bus,1987,Electric,14.45
EMP07175,Airside E,34077,33.22,1,1,Car,V542,Truck,1980,Gasoline,19.93
EMP07176,Airside F,34587,59.2,4,11,Shuttle,S015,Shuttle Bus,2000,Electric,35.52
EMP07177,Sky Connect,34591,17.32,5,1,Bus,N/A,N/A,,N/A,17.32
EMP07178,Airside D,34446,35.83,1,4,Carpool,V804,Truck,2019,Diesel,5.37
EMP07179,Main Terminal Restaurants,34137,38.72,5,20,Shuttle,S029,Shuttle Bus,2020,Electric,29.04
EMP07180,Airside A,33539,13.37,5,1,Bus,N/A,N/A,,N/A,13.37
EMP07181,Sheltair Aviation,34640,23.78,2,1,Train,N/A,N/A,,Electric,14.27
EMP07182,Main Terminal Restaurants,33807,37.38,2,2,Carpool,V417,Truck,1993,Electric,22.43
EMP07183,Airside C,33545,14.24,4,1,Bus,N/A,N/A,,N/A,11.39
EMP07184,Main Terminal & Airside Shopping,33607,6.38,4,18,Shuttle,S034,Shuttle Bus,1980,Diesel,3.83
EMP07185,Sky Connect,34389,30.53,5,1,Train,N/A,N/A,,Electric,45.8
EMP07186,Airside F,33723,20.76,4,19,Shuttle,S015,Shuttle Bus,1986,Electric,12.46
EMP07187,Rental Car Center,34171,60.92,3,20,Shuttle,S038,Shuttle Bus,1986,Diesel,27.41
EMP07188,Airside C,34186,54.57,5,1,Car,V277,Minivan,1982,Diesel,163.71
EMP07189,Sheltair Aviation,34075,45.73,1,2,Rideshare,V318,Minivan,2011,Electric,13.72
EMP07190,Main Terminal Information Desk,33828,27.85,4,1,Train,N/A,N/A,,Electric,33.42
EMP07191,Main Terminal & Airside Shopping,34694,31.71,2,16,Shuttle,S025,Shuttle Bus,1981,Electric,9.51
EMP07192,Airside D,34557,25.52,5,1,Train,N/A,N/A,,Electric,38.28
EMP07193,Sheltair Aviation,33518,12.52,5,1,Bus,N/A,N/A,,N/A,12.52
EMP07194,Main Terminal Information Desk,33776,35.6,2,1,Train,N/A,N/A,,Electric,21.36
EMP07195,Airside A,33752,37.16,5,1,Car,V907,Sedan,2022,Gasoline,111.48
EMP07196,Airside C,33572,11.28,3,10,Shuttle,S027,Shuttle Bus,2002,Electric,5.08
EMP07197,Rental Car Center,33873,32.49,4,1,Car,V187,Truck,1984,Hybrid,77.98
EMP07198,Main Terminal Information Desk,33720,45.98,5,4,Rideshare,V987,Truck,2019,Gasoline,34.48
EMP07199,Rental Car Center,33701,38.8,4,15,Shuttle,S041,Shuttle Bus,2021,Diesel,23.28
EMP07200,Sheltair Aviation,33503,45.55,1,1,Train,N/A,N/A,,Electric,13.66
EMP07201,Airside D,34546,19.75,3,16,Shuttle,S012,Shuttle Bus,2014,Electric,8.89
EMP07202,Airside E,34100,53.34,2,15,Shuttle,S047,Shuttle Bus,1992,Electric,16
EMP07203,Main Terminal & Airside Shopping,34557,48.37,2,4,Rideshare,V973,SUV,1994,Gasoline,14.51
EMP07204,Main Terminal Restaurants,33817,20.22,4,1,Car,V259,Minivan,2022,Hybrid,48.53
EMP07205,Airside C,33921,43.87,2,4,Carpool,V435,SUV,2011,Diesel,13.16
EMP07206,Main Terminal & Airside Shopping,33565,11.11,3,1,Bus,N/A,N/A,,N/A,6.67
EMP07207,Sheltair Aviation,33564,11.43,4,1,Bus,N/A,N/A,,N/A,9.14
EMP07208,Airside F,34241,15.38,2,5,Rideshare,V430,Minivan,2012,Gasoline,3.69
EMP07209,Airside F,34113,51.99,1,8,Shuttle,S046,Shuttle Bus,1987,Electric,7.8
EMP07210,Rental Car Center,33558,15.87,3,1,Car,V588,Minivan,1995,Gasoline,28.57
EMP07211,Sheltair Aviation,33561,36.08,2,16,Shuttle,S027,Shuttle Bus,1994,Diesel,10.82
EMP07212,Sheltair Aviation,33572,44.05,5,1,Train,N/A,N/A,,Electric,66.07
EMP07213,Main Terminal Information Desk,34344,49.26,4,5,Rideshare,V952,Minivan,1978,Hybrid,23.64
EMP07214,Main Terminal Information Desk,33745,42.08,1,5,Carpool,V396,SUV,1984,Diesel,5.05
EMP07215,Main Terminal Restaurants,34587,24.53,4,1,Bus,N/A,N/A,,N/A,19.62
EMP07216,Sheltair Aviation,33814,50.51,1,3,Carpool,V875,Truck,2008,Diesel,10.1
EMP07217,Main Terminal & Airside Shopping,33851,16.65,3,1,Train,N/A,N/A,,Electric,14.98
EMP07218,Main Terminal Restaurants,34277,50.85,5,5,Rideshare,V311,Minivan,1986,Hybrid,30.51
EMP07219,Airside A,33747,18.58,5,1,Bus,N/A,N/A,,N/A,18.58
EMP07220,Airside A,34570,52.13,4,10,Shuttle,S045,Shuttle Bus,2000,Diesel,31.28
EMP07221,Sheltair Aviation,34507,20.42,3,1,Train,N/A,N/A,,Electric,18.38
EMP07222,Main Terminal & Airside Shopping,33573,6.2,4,2,Rideshare,V190,Minivan,2000,Hybrid,7.44
EMP07223,Rental Car Center,34329,35.74,5,11,Shuttle,S043,Shuttle Bus,2020,Diesel,26.8
EMP07224,Airside C,33860,41.62,4,1,Train,N/A,N/A,,Electric,49.94
EMP07225,Main Terminal Information Desk,34079,17.59,4,4,Rideshare,V694,SUV,2015,Gasoline,10.55
EMP07226,Rental Car Center,34352,29.68,1,4,Rideshare,V322,Minivan,1992,Gasoline,4.45
EMP07227,Airside A,34345,26.49,4,11,Shuttle,S010,Shuttle Bus,1998,Diesel,15.89
EMP07228,Airside A,34030,47.1,1,5,Rideshare,V556,Sedan,2006,Electric,5.65
EMP07229,Sheltair Aviation,34526,56.97,3,1,Car,V192,Sedan,2016,Diesel,102.55
EMP07230,Sheltair Aviation,33539,10.45,2,5,Rideshare,V473,Minivan,1989,Diesel,2.51
EMP07231,Main Terminal Information Desk,34149,32.24,2,20,Shuttle,S038,Shuttle Bus,1996,Electric,9.67
EMP07232,Main Terminal Information Desk,33515,10.49,4,1,Bus,N/A,N/A,,N/A,8.39
EMP07233,Main Terminal Restaurants,34471,40.5,3,2,Rideshare,V286,Sedan,2000,Electric,36.45
EMP07234,Rental Car Center,34166,30.24,1,1,Train,N/A,N/A,,Electric,9.07
EMP07235,Airside D,34526,26.87,5,10,Shuttle,S001,Shuttle Bus,1990,Diesel,20.15
EMP07236,Sheltair Aviation,34007,22.34,5,3,Carpool,V317,Sedan,2002,Diesel,22.34
EMP07237,Main Terminal & Airside Shopping,33955,15.19,5,1,Train,N/A,N/A,,Electric,22.78
EMP07238,Main Terminal Information Desk,33820,53.75,4,2,Rideshare,V355,Sedan,1998,Electric,64.5
EMP07239,Sky Connect,33655,49.37,3,1,Train,N/A,N/A,,Electric,44.43
EMP07240,Main Terminal Restaurants,33560,5.4,4,1,Bus,N/A,N/A,,N/A,4.32
EMP07241,Airside E,34577,50.44,5,9,Shuttle,S018,Shuttle Bus,2004,Diesel,37.83
EMP07242,Sheltair Aviation,34223,65.2,3,9,Shuttle,S027,Shuttle Bus,2015,Diesel,29.34
EMP07243,Main Terminal Information Desk,33551,13.06,3,1,Bus,N/A,N/A,,N/A,7.84
EMP07244,Sky Connect,33817,47.41,2,1,Train,N/A,N/A,,Electric,28.45
EMP07245,Airside F,33566,5.76,3,13,Shuttle,S045,Shuttle Bus,2001,Electric,2.59
EMP07246,Sky Connect,34451,15.03,1,1,Bus,N/A,N/A,,N/A,3.01
EMP07247,Airside F,33802,61.77,2,1,Car,V722,SUV,2014,Diesel,74.12
EMP07248,Airside F,34642,22.62,2,5,Rideshare,V206,Minivan,1984,Hybrid,5.43
EMP07249,Airside F,34115,49.21,5,5,Rideshare,V260,Minivan,2004,Electric,29.53
EMP07250,Sky Connect,34521,51.37,3,19,Shuttle,S018,Shuttle Bus,1982,Electric,23.12
EMP07251,Airside D,33569,58.5,3,13,Shuttle,S030,Shuttle Bus,2006,Diesel,26.33
EMP07252,Sky Connect,33751,67.03,1,2,Carpool,V843,Truck,2008,Gasoline,20.11
EMP07253,Sky Connect,34652,25.92,1,1,Train,N/A,N/A,,Electric,7.78
EMP07254,Main Terminal Information Desk,34265,25.16,4,4,Rideshare,V865,Sedan,2001,Hybrid,15.1
EMP07255,Sky Connect,34202,29.97,1,1,Car,V211,Sedan,2013,Gasoline,17.98
EMP07256,Sky Connect,34361,55.64,5,18,Shuttle,S032,Shuttle Bus,1976,Electric,41.73
EMP07257,Airside D,33662,37.29,4,5,Rideshare,V557,SUV,1999,Electric,17.9
EMP07258,Main Terminal & Airside Shopping,34295,36.22,4,4,Carpool,V348,Truck,2020,Diesel,21.73
EMP07259,Airside F,34066,58.96,4,5,Rideshare,V334,Minivan,1972,Diesel,28.3
EMP07260,Main Terminal Information Desk,33819,42.02,2,1,Train,N/A,N/A,,Electric,25.21
EMP07261,Main Terminal & Airside Shopping,33652,43.02,5,2,Carpool,V100,Truck,1986,Diesel,64.53
EMP07262,Airside F,33534,14.12,3,1,Bus,N/A,N/A,,N/A,8.47
EMP07263,Sky Connect,34090,53.67,4,11,Shuttle,S021,Shuttle Bus,1996,Diesel,32.2
EMP07264,Main Terminal Restaurants,33509,12.08,1,4,Carpool,V748,Truck,1996,Gasoline,1.81
EMP07265,Airside D,34409,19.26,2,1,Bus,N/A,N/A,,N/A,7.7
EMP07266,Airside A,34430,16.56,4,1,Train,N/A,N/A,,Electric,19.87
EMP07267,Airside E,34052,48.22,1,1,Train,N/A,N/A,,Electric,14.47
EMP07268,Main Terminal Restaurants,34423,36.71,4,1,Train,N/A,N/A,,Electric,44.05
EMP07269,Airside F,33552,6.19,4,1,Bus,N/A,N/A,,N/A,4.95
EMP07270,Rental Car Center,34689,36.3,3,1,Train,N/A,N/A,,Electric,32.67
EMP07271,Airside C,33690,45.32,5,1,Train,N/A,N/A,,Electric,67.98
EMP07272,Main Terminal Information Desk,34296,42.51,4,3,Rideshare,V473,Minivan,1973,Diesel,34.01
EMP07273,Rental Car Center,34642,21.42,5,1,Bus,N/A,N/A,,N/A,21.42
EMP07274,Main Terminal Restaurants,34113,41.3,4,1,Train,N/A,N/A,,Electric,49.56
EMP07275,Sky Connect,34209,40.37,5,18,Shuttle,S042,Shuttle Bus,1999,Electric,30.28
EMP07276,Main Terminal Information Desk,33564,7.96,2,1,Car,V368,Truck,1978,Hybrid,9.55
EMP07277,Rental Car Center,34447,19.77,1,1,Bus,N/A,N/A,,N/A,3.95
EMP07278,Airside F,33870,42.24,3,1,Train,N/A,N/A,,Electric,38.02
EMP07279,Main Terminal Restaurants,33569,10.59,3,1,Bus,N/A,N/A,,N/A,6.35
EMP07280,Main Terminal Information Desk,33538,12.36,3,1,Bus,N/A,N/A,,N/A,7.42
EMP07281,Main Terminal Information Desk,33526,10.05,2,9,Shuttle,S015,Shuttle Bus,1985,Electric,3.02
EMP07282,Sky Connect,33597,5.07,4,1,Bus,N/A,N/A,,N/A,4.06
EMP07283,Main Terminal & Airside Shopping,33560,8.03,5,1,Car,V440,Minivan,2002,Hybrid,24.09
EMP07284,Main Terminal Information Desk,33952,46.33,5,1,Train,N/A,N/A,,Electric,69.49
EMP07285,Airside E,33629,25.12,2,17,Shuttle,S041,Shuttle Bus,1983,Diesel,7.54
EMP07286,Airside A,34217,24.34,5,2,Rideshare,V459,Truck,2020,Gasoline,36.51
EMP07287,Main Terminal Information Desk,34627,66.97,4,4,Carpool,V391,Truck,2020,Gasoline,40.18
EMP07288,Main Terminal Restaurants,34670,30.31,5,9,Shuttle,S015,Shuttle Bus,2011,Electric,22.73
EMP07289,Airside D,33757,39.59,3,5,Carpool,V205,Minivan,2005,Diesel,14.25
EMP07290,Airside F,34005,32.19,2,1,Train,N/A,N/A,,Electric,19.31
EMP07291,Airside A,33580,6.61,3,1,Bus,N/A,N/A,,N/A,3.97
EMP07292,Airside F,34467,56.36,2,4,Rideshare,V940,Truck,1984,Gasoline,16.91
EMP07293,Rental Car Center,34587,16.06,2,1,Bus,N/A,N/A,,N/A,6.42
EMP07294,Airside E,34389,21.46,1,17,Shuttle,S001,Shuttle Bus,1985,Electric,3.22
EMP07295,Sky Connect,33568,13.45,3,1,Bus,N/A,N/A,,N/A,8.07
EMP07296,Sky Connect,34475,56.13,5,10,Shuttle,S013,Shuttle Bus,2010,Electric,42.1
EMP07297,Main Terminal & Airside Shopping,33608,8.88,1,5,Carpool,V694,SUV,1972,Diesel,1.07
EMP07298,Main Terminal & Airside Shopping,33553,9.65,4,1,Bus,N/A,N/A,,N/A,7.72
EMP07299,Rental Car Center,33571,14.83,5,1,Bus,N/A,N/A,,N/A,14.83
EMP07300,Sky Connect,33613,61.71,3,2,Rideshare,V384,Truck,2001,Hybrid,55.54
EMP07301,Sheltair Aviation,33787,44.87,4,1,Car,V260,Minivan,1984,Gasoline,107.69
EMP07302,Sheltair Aviation,33564,10.79,1,1,Car,V827,SUV,1973,Diesel,6.47
EMP07303,Airside E,33568,5.76,3,1,Bus,N/A,N/A,,N/A,3.46
EMP07304,Main Terminal Information Desk,34263,15.88,2,1,Train,N/A,N/A,,Electric,9.53
EMP07305,Airside D,33595,23.34,2,1,Bus,N/A,N/A,,N/A,9.34
EMP07306,Main Terminal Restaurants,33660,49.93,3,1,Train,N/A,N/A,,Electric,44.94
EMP07307,Main Terminal Restaurants,33810,20.61,4,1,Bus,N/A,N/A,,N/A,16.49
EMP07308,Airside C,33548,10.74,4,1,Bus,N/A,N/A,,N/A,8.59
EMP07309,Airside F,34452,26.1,5,1,Train,N/A,N/A,,Electric,39.15
EMP07310,Airside E,34632,53.07,3,2,Rideshare,V786,Minivan,2012,Gasoline,47.76
EMP07311,Sky Connect,33508,14.23,5,12,Shuttle,S032,Shuttle Bus,2007,Electric,10.67
EMP07312,Main Terminal Restaurants,34246,63.83,5,2,Carpool,V859,SUV,2005,Electric,95.74
EMP07313,Main Terminal Restaurants,33790,44.94,4,1,Train,N/A,N/A,,Electric,53.93
EMP07314,Main Terminal & Airside Shopping,34315,19.09,2,1,Train,N/A,N/A,,Electric,11.45
EMP07315,Airside A,33594,5.16,1,1,Bus,N/A,N/A,,N/A,1.03
EMP07316,Airside C,34350,36.99,1,5,Carpool,V286,Minivan,2019,Gasoline,4.44
EMP07317,Airside E,34150,33.13,1,1,Train,N/A,N/A,,Electric,9.94
EMP07318,Main Terminal & Airside Shopping,34632,37.57,2,1,Train,N/A,N/A,,Electric,22.54
EMP07319,Main Terminal Information Desk,33569,11.95,2,1,Car,V329,Truck,2011,Electric,14.34
EMP07320,Rental Car Center,33775,28.81,2,1,Train,N/A,N/A,,Electric,17.29
EMP07321,Airside D,34182,25.63,5,10,Shuttle,S006,Shuttle Bus,1976,Diesel,19.22
EMP07322,Main Terminal Information Desk,33994,56.1,4,1,Car,V991,Sedan,1997,Electric,134.64
EMP07323,Airside F,34583,40.78,1,1,Train,N/A,N/A,,Electric,12.23
EMP07324,Main Terminal Restaurants,33624,16.27,2,1,Train,N/A,N/A,,Electric,9.76
EMP07325,Main Terminal & Airside Shopping,34527,39.66,3,1,Train,N/A,N/A,,Electric,35.69
EMP07326,Airside F,33809,16.99,5,1,Bus,N/A,N/A,,N/A,16.99
EMP07327,Main Terminal & Airside Shopping,33575,6.15,2,1,Bus,N/A,N/A,,N/A,2.46
EMP07328,Sky Connect,34251,20.55,4,1,Bus,N/A,N/A,,N/A,16.44
EMP07329,Sheltair Aviation,33559,12.66,1,1,Bus,N/A,N/A,,N/A,2.53
EMP07330,Main Terminal Information Desk,33552,11.61,3,1,Bus,N/A,N/A,,N/A,6.97
EMP07331,Rental Car Center,34169,34.12,4,3,Rideshare,V202,Truck,1999,Gasoline,27.3
EMP07332,Main Terminal Restaurants,33814,28.81,4,15,Shuttle,S023,Shuttle Bus,2009,Diesel,17.29
EMP07333,Airside D,34172,57.53,2,1,Car,V126,Sedan,1992,Hybrid,69.04
EMP07334,Main Terminal Restaurants,33872,24.6,4,1,Train,N/A,N/A,,Electric,29.52
EMP07335,Airside F,34236,63.79,4,4,Rideshare,V744,Minivan,2012,Diesel,38.27
EMP07336,Airside A,33869,17.32,1,1,Train,N/A,N/A,,Electric,5.2
EMP07337,Airside D,33544,13.53,1,1,Car,V478,Sedan,2014,Gasoline,8.12
EMP07338,Main Terminal Information Desk,34001,37.08,3,17,Shuttle,S008,Shuttle Bus,1985,Electric,16.69
EMP07339,Main Terminal & Airside Shopping,33635,8.45,5,1,Car,V538,Sedan,1975,Gasoline,25.35
EMP07340,Airside C,34394,57.91,3,5,Rideshare,V336,Sedan,1983,Hybrid,20.85
EMP07341,Airside A,33634,8.23,3,15,Shuttle,S042,Shuttle Bus,2006,Electric,3.7
EMP07342,Airside A,34138,51.02,1,1,Car,V665,Truck,2019,Hybrid,30.61
EMP07343,Airside A,33782,33.24,5,17,Shuttle,S009,Shuttle Bus,2014,Electric,24.93
EMP07344,Airside A,33639,22.87,5,1,Bus,N/A,N/A,,N/A,22.87
EMP07345,Sheltair Aviation,33627,8.88,3,1,Bus,N/A,N/A,,N/A,5.33
EMP07346,Airside D,34236,15.22,2,1,Train,N/A,N/A,,Electric,9.13
EMP07347,Main Terminal & Airside Shopping,34536,68.41,3,19,Shuttle,S003,Shuttle Bus,2015,Diesel,30.78
EMP07348,Sheltair Aviation,34008,22.86,2,1,Bus,N/A,N/A,,N/A,9.14
EMP07349,Main Terminal & Airside Shopping,33837,62.61,4,3,Rideshare,V471,Truck,1980,Hybrid,50.09
EMP07350,Sky Connect,33578,57.61,1,15,Shuttle,S034,Shuttle Bus,1992,Diesel,8.64
EMP07351,Airside F,33876,40.45,1,4,Rideshare,V378,Truck,2005,Electric,6.07
EMP07352,Main Terminal & Airside Shopping,33572,53.46,2,18,Shuttle,S050,Shuttle Bus,2012,Diesel,16.04
EMP07353,Airside A,34623,31,3,3,Rideshare,V379,Sedan,2011,Electric,18.6
EMP07354,Main Terminal Information Desk,33713,37.67,2,13,Shuttle,S020,Shuttle Bus,2003,Diesel,11.3
EMP07355,Sheltair Aviation,33787,21.47,4,1,Train,N/A,N/A,,Electric,25.76
EMP07356,Main Terminal Information Desk,34686,68,5,1,Car,V315,Minivan,2022,Gasoline,204
EMP07357,Main Terminal Information Desk,34582,17.72,5,1,Car,V507,Sedan,2005,Electric,53.16
EMP07358,Sky Connect,34003,25.82,1,1,Train,N/A,N/A,,Electric,7.75
EMP07359,Airside A,34277,58.16,5,4,Carpool,V795,Sedan,1993,Diesel,43.62
EMP07360,Sky Connect,33556,7.73,3,1,Car,V490,Sedan,2011,Hybrid,13.91
EMP07361,Main Terminal Restaurants,33870,15.01,4,5,Rideshare,V549,Truck,2018,Diesel,7.2
EMP07362,Airside C,34363,41.59,3,3,Carpool,V230,Sedan,1984,Electric,24.95
EMP07363,Main Terminal & Airside Shopping,34482,19.49,5,1,Train,N/A,N/A,,Electric,29.23
EMP07364,Main Terminal & Airside Shopping,34583,23.76,2,4,Carpool,V600,Truck,1995,Hybrid,7.13
EMP07365,Main Terminal Restaurants,33678,17.58,5,1,Car,V222,Minivan,2016,Electric,52.74
EMP07366,Airside F,34189,50.36,2,9,Shuttle,S050,Shuttle Bus,1997,Electric,15.11
EMP07367,Airside C,33585,8.15,1,1,Bus,N/A,N/A,,N/A,1.63
EMP07368,Airside E,34098,17.86,1,1,Bus,N/A,N/A,,N/A,3.57
EMP07369,Airside D,34410,15.73,1,1,Bus,N/A,N/A,,N/A,3.15
EMP07370,Main Terminal Restaurants,34100,22.86,3,1,Car,V478,Sedan,2006,Diesel,41.15
EMP07371,Main Terminal & Airside Shopping,34524,44.07,3,4,Rideshare,V713,SUV,2001,Electric,19.83
EMP07372,Rental Car Center,33732,18.34,3,4,Rideshare,V955,Sedan,2009,Diesel,8.25
EMP07373,Main Terminal Information Desk,34083,23.84,1,1,Train,N/A,N/A,,Electric,7.15
EMP07374,Rental Car Center,34377,39.87,4,1,Train,N/A,N/A,,Electric,47.84
EMP07375,Airside E,33887,60.05,5,1,Car,V554,SUV,1975,Diesel,180.15
EMP07376,Rental Car Center,33900,21.75,3,1,Bus,N/A,N/A,,N/A,13.05
EMP07377,Airside D,33508,14.93,4,5,Carpool,V388,Minivan,2016,Gasoline,7.17
EMP07378,Airside D,34116,24.99,3,1,Bus,N/A,N/A,,N/A,14.99
EMP07379,Airside A,33889,48.57,4,2,Carpool,V295,Truck,2000,Hybrid,58.28
EMP07380,Airside E,34289,64.01,3,4,Rideshare,V670,Sedan,1985,Diesel,28.8
EMP07381,Airside E,33736,19.67,2,1,Bus,N/A,N/A,,N/A,7.87
EMP07382,Airside F,33798,25.55,3,1,Train,N/A,N/A,,Electric,23
EMP07383,Main Terminal Restaurants,34678,33.14,1,2,Rideshare,V379,Truck,2007,Diesel,9.94
EMP07384,Sheltair Aviation,34241,27.39,2,5,Rideshare,V476,Sedan,1987,Electric,6.57
EMP07385,Sky Connect,34545,47.24,1,1,Train,N/A,N/A,,Electric,14.17
EMP07386,Airside D,33527,45.52,5,10,Shuttle,S029,Shuttle Bus,1977,Diesel,34.14
EMP07387,Main Terminal Information Desk,34301,68.24,2,1,Car,V310,SUV,1979,Hybrid,81.89
EMP07388,Airside A,33996,22.24,2,18,Shuttle,S032,Shuttle Bus,1978,Diesel,6.67
EMP07389,Airside F,33824,30.63,4,5,Carpool,V353,Minivan,2017,Diesel,14.7
EMP07390,Airside E,33565,14.52,2,1,Bus,N/A,N/A,,N/A,5.81
EMP07391,Main Terminal Information Desk,34096,69.6,4,15,Shuttle,S028,Shuttle Bus,1989,Electric,41.76
EMP07392,Sky Connect,34689,34.01,1,1,Train,N/A,N/A,,Electric,10.2
EMP07393,Sheltair Aviation,34500,23.46,4,5,Rideshare,V697,Truck,2010,Diesel,11.26
EMP07394,Rental Car Center,33649,63.69,3,3,Rideshare,V527,SUV,2001,Electric,38.21
EMP07395,Main Terminal Restaurants,34388,23.83,4,10,Shuttle,S027,Shuttle Bus,2017,Electric,14.3
EMP07396,Rental Car Center,34033,21.37,3,1,Car,V764,Minivan,2000,Electric,38.47
EMP07397,Main Terminal Information Desk,33882,42.8,5,11,Shuttle,S003,Shuttle Bus,2016,Diesel,32.1
EMP07398,Airside C,33978,15.48,1,1,Bus,N/A,N/A,,N/A,3.1
EMP07399,Airside C,33586,15.1,4,1,Bus,N/A,N/A,,N/A,12.08
EMP07400,Main Terminal Restaurants,33924,39.14,3,2,Carpool,V293,SUV,1980,Diesel,35.23
EMP07401,Airside C,33635,6.09,3,20,Shuttle,S047,Shuttle Bus,2011,Diesel,2.74
EMP07402,Sky Connect,34371,15.51,1,1,Car,V386,Minivan,2018,Gasoline,9.31
EMP07403,Airside E,33675,16.64,4,3,Carpool,V992,Sedan,2003,Diesel,13.31
EMP07404,Sky Connect,34248,41.94,5,1,Train,N/A,N/A,,Electric,62.91
EMP07405,Airside F,34224,39.06,1,1,Car,V893,Truck,2021,Diesel,23.44
EMP07406,Rental Car Center,33749,17.46,5,1,Bus,N/A,N/A,,N/A,17.46
EMP07407,Main Terminal Restaurants,34095,21.81,2,1,Bus,N/A,N/A,,N/A,8.72
EMP07408,Airside C,33544,49.37,5,2,Rideshare,V893,Minivan,2022,Electric,74.05
EMP07409,Airside A,33922,28.47,4,1,Train,N/A,N/A,,Electric,34.16
EMP07410,Airside F,33622,64.17,4,13,Shuttle,S019,Shuttle Bus,1999,Electric,38.5
EMP07411,Airside A,33793,37.42,4,3,Carpool,V983,Truck,2019,Electric,29.94
EMP07412,Sky Connect,33843,28.1,5,10,Shuttle,S022,Shuttle Bus,1990,Diesel,21.07
EMP07413,Sheltair Aviation,34372,39.91,2,1,Train,N/A,N/A,,Electric,23.95
EMP07414,Sheltair Aviation,34253,21.4,2,1,Car,V525,Sedan,2014,Diesel,25.68
EMP07415,Airside C,33545,10.35,5,1,Car,V179,Sedan,2020,Hybrid,31.05
EMP07416,Main Terminal Information Desk,34516,43.95,5,1,Train,N/A,N/A,,Electric,65.92
EMP07417,Sheltair Aviation,33567,5.65,4,1,Car,V138,Sedan,2013,Electric,13.56
EMP07418,Sheltair Aviation,34587,57.95,2,5,Rideshare,V528,Minivan,1984,Hybrid,13.91
EMP07419,Airside A,34420,22.87,2,1,Train,N/A,N/A,,Electric,13.72
EMP07420,Sky Connect,33898,21.02,4,1,Car,V397,Sedan,2020,Gasoline,50.45
EMP07421,Main Terminal Information Desk,33673,20.31,4,3,Carpool,V184,Minivan,2008,Hybrid,16.25
EMP07422,Airside F,33899,38.44,1,1,Train,N/A,N/A,,Electric,11.53
EMP07423,Rental Car Center,33880,24.75,5,1,Car,V153,Sedan,2005,Hybrid,74.25
EMP07424,Sheltair Aviation,34370,16.8,2,1,Bus,N/A,N/A,,N/A,6.72
EMP07425,Airside A,33530,10.96,1,1,Bus,N/A,N/A,,N/A,2.19
EMP07426,Sheltair Aviation,33615,7.28,4,4,Rideshare,V768,Truck,2020,Electric,4.37
EMP07427,Rental Car Center,33907,18.61,5,1,Train,N/A,N/A,,Electric,27.91
EMP07428,Airside C,33579,9.29,2,5,Carpool,V438,Sedan,2012,Diesel,2.23
EMP07429,Airside E,33917,22.72,2,1,Train,N/A,N/A,,Electric,13.63
EMP07430,Airside E,33857,41.85,4,1,Train,N/A,N/A,,Electric,50.22
EMP07431,Main Terminal Restaurants,34107,33.06,1,2,Rideshare,V663,SUV,2012,Hybrid,9.92
EMP07432,Main Terminal Information Desk,33674,62.31,3,3,Rideshare,V906,Minivan,1987,Hybrid,37.39
EMP07433,Main Terminal Restaurants,33566,12.69,3,1,Train,N/A,N/A,,Electric,11.42
EMP07434,Sky Connect,34536,21.45,1,1,Car,V854,SUV,1996,Hybrid,12.87
EMP07435,Main Terminal & Airside Shopping,34571,41.14,4,5,Carpool,V589,SUV,2016,Hybrid,19.75
EMP07436,Main Terminal Restaurants,33534,33.76,3,18,Shuttle,S018,Shuttle Bus,2010,Electric,15.19
EMP07437,Sky Connect,34286,26.46,5,5,Carpool,V113,Sedan,1976,Electric,15.88
EMP07438,Main Terminal Information Desk,34690,45.32,5,1,Car,V849,Sedan,2015,Diesel,135.96
EMP07439,Airside C,33757,22.23,2,1,Bus,N/A,N/A,,N/A,8.89
EMP07440,Sheltair Aviation,34298,19.55,2,1,Car,V389,Sedan,1999,Diesel,23.46
EMP07441,Airside F,34361,39.72,1,4,Carpool,V370,Minivan,1977,Gasoline,5.96
EMP07442,Airside C,34139,69.49,1,1,Car,V131,Minivan,1975,Gasoline,41.69
EMP07443,Rental Car Center,34169,33.1,2,11,Shuttle,S012,Shuttle Bus,2001,Diesel,9.93
EMP07444,Main Terminal & Airside Shopping,33611,54.68,2,5,Carpool,V179,SUV,1974,Electric,13.12
EMP07445,Airside D,33964,33.95,4,5,Carpool,V219,SUV,1998,Electric,16.3
EMP07446,Airside C,33889,62.99,1,3,Rideshare,V107,Sedan,1992,Gasoline,12.6
EMP07447,Main Terminal Information Desk,33565,7.8,4,1,Car,V424,Truck,2009,Electric,18.72
EMP07448,Airside D,33725,60.48,3,1,Car,V129,Truck,1989,Gasoline,108.86
EMP07449,Rental Car Center,33592,8.52,1,8,Shuttle,S027,Shuttle Bus,2019,Electric,1.28
EMP07450,Airside F,34354,56.72,3,10,Shuttle,S015,Shuttle Bus,1992,Electric,25.52
EMP07451,Rental Car Center,34432,26.49,1,5,Rideshare,V470,SUV,2022,Diesel,3.18
EMP07452,Airside D,33557,67.37,2,1,Car,V821,SUV,2008,Diesel,80.84
EMP07453,Sky Connect,33763,21.39,4,1,Bus,N/A,N/A,,N/A,17.11
EMP07454,Airside A,34231,21.51,4,1,Bus,N/A,N/A,,N/A,17.21
EMP07455,Main Terminal & Airside Shopping,33587,9.32,2,1,Car,V297,SUV,2020,Hybrid,11.18
EMP07456,Main Terminal Information Desk,34151,20.35,4,1,Bus,N/A,N/A,,N/A,16.28
EMP07457,Airside C,33589,63.85,3,17,Shuttle,S024,Shuttle Bus,1974,Electric,28.73
EMP07458,Airside C,33948,18.18,3,1,Bus,N/A,N/A,,N/A,10.91
EMP07459,Airside E,34212,45.5,4,5,Carpool,V503,SUV,1980,Gasoline,21.84
EMP07460,Main Terminal Restaurants,34633,21.86,4,1,Train,N/A,N/A,,Electric,26.23
EMP07461,Rental Car Center,33792,15.35,5,17,Shuttle,S026,Shuttle Bus,2017,Diesel,11.51
EMP07462,Airside C,33548,13.04,1,1,Bus,N/A,N/A,,N/A,2.61
EMP07463,Airside C,34028,42.42,1,1,Car,V840,SUV,1998,Hybrid,25.45
EMP07464,Airside C,34246,47.22,3,4,Carpool,V526,Truck,2007,Electric,21.25
EMP07465,Airside F,34408,38.14,2,1,Car,V858,Sedan,1998,Electric,45.77
EMP07466,Airside D,33501,51.15,5,1,Car,V511,Minivan,2004,Hybrid,153.45
EMP07467,Airside D,34521,25.13,1,4,Rideshare,V296,Sedan,2003,Hybrid,3.77
EMP07468,Airside A,34556,26.74,1,1,Car,V191,Minivan,2011,Electric,16.04
EMP07469,Airside A,33985,24.17,1,1,Bus,N/A,N/A,,N/A,4.83
EMP07470,Sheltair Aviation,33521,10.92,1,1,Car,V562,SUV,2009,Diesel,6.55
EMP07471,Sky Connect,34431,38.87,1,2,Carpool,V130,SUV,2012,Diesel,11.66
EMP07472,Main Terminal Restaurants,34335,19.1,5,1,Bus,N/A,N/A,,N/A,19.1
EMP07473,Main Terminal Restaurants,33588,22.01,3,1,Bus,N/A,N/A,,N/A,13.21
EMP07474,Airside A,33630,33.21,5,1,Car,V397,Truck,1993,Diesel,99.63
EMP07475,Main Terminal & Airside Shopping,34396,43.37,1,19,Shuttle,S036,Shuttle Bus,1973,Diesel,6.51
EMP07476,Airside D,34409,27.32,1,1,Car,V310,Truck,2009,Hybrid,16.39
EMP07477,Airside E,34075,17.48,1,2,Rideshare,V424,Minivan,2007,Hybrid,5.24
EMP07478,Sheltair Aviation,33858,23.12,4,1,Bus,N/A,N/A,,N/A,18.5
EMP07479,Airside D,33759,46.04,2,1,Train,N/A,N/A,,Electric,27.62
EMP07480,Airside F,34101,68.47,4,1,Car,V860,SUV,2017,Gasoline,164.33
EMP07481,Airside C,34098,22.12,5,1,Bus,N/A,N/A,,N/A,22.12
EMP07482,Main Terminal & Airside Shopping,34624,23.66,2,1,Car,V200,Truck,2002,Hybrid,28.39
EMP07483,Rental Car Center,34365,31.64,2,4,Carpool,V426,Minivan,1978,Diesel,9.49
EMP07484,Airside C,34432,22.89,3,1,Bus,N/A,N/A,,N/A,13.73
EMP07485,Airside D,33562,5.64,2,3,Rideshare,V870,Minivan,2016,Hybrid,2.26
EMP07486,Rental Car Center,33569,36.02,1,5,Rideshare,V761,Truck,2015,Hybrid,4.32
EMP07487,Airside C,33610,9.88,2,1,Car,V329,Sedan,2009,Hybrid,11.86
EMP07488,Sheltair Aviation,33630,9.5,2,1,Bus,N/A,N/A,,N/A,3.8
EMP07489,Airside C,34612,62.06,1,15,Shuttle,S039,Shuttle Bus,2001,Diesel,9.31
EMP07490,Sheltair Aviation,34440,20.54,5,1,Bus,N/A,N/A,,N/A,20.54
EMP07491,Rental Car Center,34269,45.68,3,15,Shuttle,S004,Shuttle Bus,2006,Diesel,20.56
EMP07492,Sky Connect,33528,35.58,2,1,Train,N/A,N/A,,Electric,21.35
EMP07493,Airside D,34069,37.21,3,1,Car,V600,Truck,1984,Hybrid,66.98
EMP07494,Main Terminal Information Desk,33956,50.51,2,4,Carpool,V770,Truck,1999,Electric,15.15
EMP07495,Airside F,33611,8.68,5,1,Bus,N/A,N/A,,N/A,8.68
EMP07496,Airside A,34528,49.21,4,1,Car,V259,Truck,2007,Hybrid,118.1
EMP07497,Airside F,34154,41.65,4,1,Car,V360,Sedan,2013,Gasoline,99.96
EMP07498,Rental Car Center,33725,18.54,4,2,Carpool,V630,Sedan,1972,Hybrid,22.25
EMP07499,Rental Car Center,34479,23.23,5,1,Bus,N/A,N/A,,N/A,23.23
EMP07500,Airside D,34234,31.24,1,19,Shuttle,S011,Shuttle Bus,2005,Diesel,4.69
EMP07501,Main Terminal Restaurants,34217,32.13,3,8,Shuttle,S031,Shuttle Bus,2002,Diesel,14.46
EMP07502,Sky Connect,34046,61.63,5,1,Car,V847,Minivan,2018,Diesel,184.89
EMP07503,Main Terminal & Airside Shopping,33514,11.13,5,1,Bus,N/A,N/A,,N/A,11.13
EMP07504,Main Terminal & Airside Shopping,34089,48.3,5,3,Carpool,V536,Sedan,2018,Gasoline,48.3
EMP07505,Airside C,34051,40.08,3,1,Train,N/A,N/A,,Electric,36.07
EMP07506,Airside A,33570,14.1,4,10,Shuttle,S033,Shuttle Bus,2008,Diesel,8.46
EMP07507,Sky Connect,34306,33.76,1,1,Train,N/A,N/A,,Electric,10.13
EMP07508,Sky Connect,33807,57.07,1,2,Carpool,V571,Sedan,1995,Hybrid,17.12
EMP07509,Rental Car Center,33884,18.79,5,3,Carpool,V347,SUV,1989,Gasoline,18.79
EMP07510,Airside E,34576,16.23,4,5,Rideshare,V454,SUV,1975,Gasoline,7.79
EMP07511,Airside F,33562,10.26,3,1,Train,N/A,N/A,,Electric,9.23
EMP07512,Airside C,33608,7.2,2,1,Bus,N/A,N/A,,N/A,2.88
EMP07513,Airside C,34071,42.25,1,3,Rideshare,V608,SUV,1991,Electric,8.45
EMP07514,Airside F,34507,67.55,2,4,Carpool,V816,SUV,1988,Electric,20.26
EMP07515,Airside D,33809,59.48,1,4,Carpool,V723,Sedan,1993,Hybrid,8.92
EMP07516,Airside E,33626,8.61,4,1,Car,V592,SUV,1983,Hybrid,20.66
EMP07517,Airside C,33634,39.1,5,5,Rideshare,V246,Truck,2017,Hybrid,23.46
EMP07518,Airside A,33778,45.12,3,17,Shuttle,S043,Shuttle Bus,1986,Electric,20.3
EMP07519,Airside F,34301,19.29,1,20,Shuttle,S023,Shuttle Bus,1976,Electric,2.89
EMP07520,Main Terminal Information Desk,33958,37.3,5,1,Train,N/A,N/A,,Electric,55.95
EMP07521,Main Terminal & Airside Shopping,33931,60.09,2,5,Rideshare,V699,Minivan,2012,Hybrid,14.42
EMP07522,Main Terminal Information Desk,34364,65.59,2,2,Carpool,V230,Sedan,2002,Diesel,39.35
EMP07523,Airside C,33708,53.8,3,2,Carpool,V345,Sedan,2018,Diesel,48.42
EMP07524,Airside A,34529,15.91,1,1,Car,V292,Truck,2021,Hybrid,9.55
EMP07525,Sheltair Aviation,34032,63.13,2,1,Car,V690,Minivan,1979,Hybrid,75.76
EMP07526,Sky Connect,33995,21.66,1,3,Rideshare,V942,SUV,1999,Diesel,4.33
EMP07527,Airside E,34554,23.9,2,2,Carpool,V636,SUV,1993,Hybrid,14.34
EMP07528,Main Terminal Information Desk,34123,62.94,5,1,Car,V698,SUV,1990,Gasoline,188.82
EMP07529,Airside F,33575,14.18,1,1,Bus,N/A,N/A,,N/A,2.84
EMP07530,Main Terminal Restaurants,34563,49.35,4,1,Train,N/A,N/A,,Electric,59.22
EMP07531,Airside F,33529,12.85,5,1,Bus,N/A,N/A,,N/A,12.85
EMP07532,Airside C,34681,28.55,1,5,Carpool,V243,SUV,1981,Electric,3.43
EMP07533,Sheltair Aviation,33513,59.89,5,1,Car,V557,SUV,1978,Gasoline,179.67
EMP07534,Main Terminal Restaurants,33974,37.29,5,1,Car,V559,Sedan,2018,Hybrid,111.87
EMP07535,Airside D,34645,65.75,5,16,Shuttle,S050,Shuttle Bus,1986,Diesel,49.31
EMP07536,Sky Connect,34409,40.02,2,1,Car,V765,Truck,1997,Electric,48.02
EMP07537,Airside F,33696,39.23,1,1,Train,N/A,N/A,,Electric,11.77
EMP07538,Airside F,34012,59.11,4,2,Carpool,V505,Truck,1981,Diesel,70.93
EMP07539,Airside D,33563,52.47,3,4,Rideshare,V976,Minivan,1985,Electric,23.61
EMP07540,Airside A,33976,33.89,3,1,Car,V429,Truck,1984,Diesel,61
EMP07541,Airside F,33754,32.47,5,2,Rideshare,V783,Sedan,1978,Diesel,48.7
EMP07542,Rental Car Center,33591,5.22,2,16,Shuttle,S004,Shuttle Bus,1980,Diesel,1.57
EMP07543,Sky Connect,34633,31.88,4,5,Rideshare,V448,SUV,1978,Electric,15.3
EMP07544,Main Terminal Restaurants,34260,64.08,4,2,Carpool,V888,Minivan,1998,Hybrid,76.9
EMP07545,Airside C,33568,52.3,2,3,Rideshare,V890,Minivan,1988,Gasoline,20.92
EMP07546,Main Terminal & Airside Shopping,33637,8.63,4,1,Bus,N/A,N/A,,N/A,6.9
EMP07547,Main Terminal Information Desk,33577,5.91,4,1,Car,V192,SUV,1978,Gasoline,14.18
EMP07548,Rental Car Center,33691,33.41,4,1,Car,V704,Sedan,1991,Hybrid,80.18
EMP07549,Main Terminal Restaurants,34001,41.89,2,8,Shuttle,S032,Shuttle Bus,2011,Diesel,12.57
EMP07550,Airside C,34034,23.54,3,2,Carpool,V604,Minivan,1996,Gasoline,21.19
EMP07551,Main Terminal Information Desk,33612,5.97,2,1,Car,V128,SUV,1984,Electric,7.16
EMP07552,Airside C,33836,19.89,5,1,Train,N/A,N/A,,Electric,29.83
EMP07553,Airside A,34259,52.56,3,1,Car,V146,SUV,1988,Electric,94.61
EMP07554,Airside E,33531,11.76,4,1,Car,V559,Truck,2005,Hybrid,28.22
EMP07555,Airside E,34479,34.63,4,4,Rideshare,V250,SUV,2020,Hybrid,20.78
EMP07556,Main Terminal Restaurants,34172,60.04,4,1,Car,V689,SUV,1995,Gasoline,144.1
EMP07557,Main Terminal Restaurants,34466,20.81,2,14,Shuttle,S040,Shuttle Bus,2013,Diesel,6.24
EMP07558,Airside E,33528,13.34,4,1,Car,V736,Sedan,1998,Hybrid,32.02
EMP07559,Main Terminal Information Desk,33602,17.72,5,1,Train,N/A,N/A,,Electric,26.58
EMP07560,Airside F,34600,62.38,3,2,Rideshare,V682,Sedan,1983,Electric,56.14
EMP07561,Sky Connect,33591,7.11,3,12,Shuttle,S028,Shuttle Bus,1999,Electric,3.2
EMP07562,Main Terminal Information Desk,33518,13.67,5,20,Shuttle,S047,Shuttle Bus,1975,Electric,10.25
EMP07563,Airside D,34200,16.98,2,2,Rideshare,V156,Truck,2021,Hybrid,10.19
EMP07564,Airside C,33611,8.24,3,5,Rideshare,V109,Truck,1988,Diesel,2.97
EMP07565,Airside A,34520,68.83,4,1,Car,V715,Truck,2019,Diesel,165.19
EMP07566,Airside A,34005,28.98,1,1,Car,V984,Truck,1990,Gasoline,17.39
EMP07567,Airside D,34603,45.72,3,1,Car,V496,Sedan,2005,Electric,82.3
EMP07568,Airside A,34021,39.11,1,1,Train,N/A,N/A,,Electric,11.73
EMP07569,Airside D,33589,6.88,3,1,Bus,N/A,N/A,,N/A,4.13
EMP07570,Sky Connect,33527,47.86,1,2,Rideshare,V400,Sedan,2010,Gasoline,14.36
EMP07571,Airside A,34297,23.67,4,4,Rideshare,V738,Truck,2009,Electric,14.2
EMP07572,Main Terminal & Airside Shopping,34161,15.45,2,1,Train,N/A,N/A,,Electric,9.27
EMP07573,Sky Connect,33911,22.96,3,1,Bus,N/A,N/A,,N/A,13.78
EMP07574,Main Terminal Restaurants,33586,9.85,1,1,Bus,N/A,N/A,,N/A,1.97
EMP07575,Sky Connect,33853,24.13,5,1,Train,N/A,N/A,,Electric,36.19
EMP07576,Airside D,33838,24,4,1,Bus,N/A,N/A,,N/A,19.2
EMP07577,Main Terminal Restaurants,33679,16.57,4,1,Bus,N/A,N/A,,N/A,13.26
EMP07578,Airside C,34510,28.78,5,2,Carpool,V856,Truck,1989,Gasoline,43.17
EMP07579,Airside C,33849,37.15,1,1,Train,N/A,N/A,,Electric,11.14
EMP07580,Sheltair Aviation,34285,20.02,4,1,Car,V797,SUV,1991,Hybrid,48.05
EMP07581,Airside A,34253,45.51,1,1,Train,N/A,N/A,,Electric,13.65
EMP07582,Rental Car Center,34131,50.09,5,2,Rideshare,V211,SUV,2005,Hybrid,75.14
EMP07583,Airside A,33613,8.31,1,1,Bus,N/A,N/A,,N/A,1.66
EMP07584,Airside D,34062,52.54,4,1,Car,V923,Minivan,1972,Electric,126.1
EMP07585,Sheltair Aviation,33562,8.54,2,1,Bus,N/A,N/A,,N/A,3.42
EMP07586,Sheltair Aviation,33820,46.21,2,1,Car,V224,SUV,1980,Electric,55.45
EMP07587,Main Terminal & Airside Shopping,33570,5.5,1,1,Bus,N/A,N/A,,N/A,1.1
EMP07588,Main Terminal Restaurants,34346,44.25,4,2,Rideshare,V399,Truck,1994,Hybrid,53.1
EMP07589,Main Terminal & Airside Shopping,34079,34.42,4,1,Train,N/A,N/A,,Electric,41.3
EMP07590,Main Terminal Restaurants,33915,28.67,5,17,Shuttle,S017,Shuttle Bus,2022,Electric,21.5
EMP07591,Airside C,33879,36.34,5,11,Shuttle,S033,Shuttle Bus,1995,Diesel,27.26
EMP07592,Airside C,34056,36.62,4,3,Carpool,V885,Truck,2022,Electric,29.3
EMP07593,Rental Car Center,34684,36.99,2,20,Shuttle,S030,Shuttle Bus,1984,Electric,11.1
EMP07594,Rental Car Center,34169,15.75,3,1,Car,V120,Truck,1991,Gasoline,28.35
EMP07595,Rental Car Center,33593,7.89,3,14,Shuttle,S049,Shuttle Bus,2003,Electric,3.55
EMP07596,Main Terminal & Airside Shopping,34092,39.23,5,3,Carpool,V673,Minivan,2000,Gasoline,39.23
EMP07597,Sheltair Aviation,34535,18.13,2,1,Bus,N/A,N/A,,N/A,7.25
EMP07598,Main Terminal & Airside Shopping,33582,6.2,4,14,Shuttle,S037,Shuttle Bus,2010,Electric,3.72
EMP07599,Airside F,33555,8.49,5,1,Bus,N/A,N/A,,N/A,8.49
EMP07600,Main Terminal Restaurants,34218,38.51,3,3,Carpool,V676,Sedan,1993,Gasoline,23.11
EMP07601,Sky Connect,34423,19.45,1,1,Bus,N/A,N/A,,N/A,3.89
EMP07602,Airside E,34477,22.85,5,1,Train,N/A,N/A,,Electric,34.28
EMP07603,Airside D,34493,19.49,4,1,Bus,N/A,N/A,,N/A,15.59
EMP07604,Main Terminal & Airside Shopping,33515,10.7,4,1,Bus,N/A,N/A,,N/A,8.56
EMP07605,Rental Car Center,33746,53.91,5,1,Car,V473,SUV,1997,Diesel,161.73
EMP07606,Main Terminal & Airside Shopping,33987,16.87,2,4,Rideshare,V559,Sedan,2017,Electric,5.06
EMP07607,Rental Car Center,33575,14.97,1,1,Bus,N/A,N/A,,N/A,2.99
EMP07608,Main Terminal Restaurants,33590,5.9,4,1,Bus,N/A,N/A,,N/A,4.72
EMP07609,Rental Car Center,34323,17.09,1,1,Car,V851,Minivan,1992,Diesel,10.25
EMP07610,Rental Car Center,33595,31.51,4,15,Shuttle,S043,Shuttle Bus,2011,Electric,18.91
EMP07611,Airside D,34541,19.79,4,1,Bus,N/A,N/A,,N/A,15.83
EMP07612,Airside C,34485,21.39,1,4,Rideshare,V156,Minivan,1978,Diesel,3.21
EMP07613,Main Terminal Restaurants,33675,46.98,1,19,Shuttle,S024,Shuttle Bus,2008,Electric,7.05
EMP07614,Airside D,33620,27.98,5,4,Rideshare,V569,Truck,1997,Hybrid,20.98
EMP07615,Airside E,34560,19.61,4,3,Rideshare,V373,Truck,2003,Hybrid,15.69
EMP07616,Main Terminal Restaurants,34299,35.71,3,5,Rideshare,V315,Minivan,1976,Diesel,12.86
EMP07617,Main Terminal Restaurants,33506,33.19,3,10,Shuttle,S046,Shuttle Bus,1983,Electric,14.94
EMP07618,Airside A,33941,45.55,3,1,Train,N/A,N/A,,Electric,40.99
EMP07619,Airside A,34526,22.55,4,10,Shuttle,S047,Shuttle Bus,1986,Electric,13.53
EMP07620,Airside E,34535,22.04,2,1,Train,N/A,N/A,,Electric,13.22
EMP07621,Main Terminal & Airside Shopping,34539,39.96,3,1,Train,N/A,N/A,,Electric,35.96
EMP07622,Sky Connect,34121,20.88,1,1,Bus,N/A,N/A,,N/A,4.18
EMP07623,Airside E,33602,18.16,4,14,Shuttle,S016,Shuttle Bus,2002,Electric,10.9
EMP07624,Main Terminal & Airside Shopping,33626,22.48,5,1,Train,N/A,N/A,,Electric,33.72
EMP07625,Sheltair Aviation,34127,36.31,4,5,Carpool,V653,Truck,1980,Diesel,17.43
EMP07626,Sheltair Aviation,33902,38.27,3,1,Train,N/A,N/A,,Electric,34.44
EMP07627,Main Terminal Restaurants,34487,51.96,1,1,Car,V921,Minivan,2013,Gasoline,31.18
EMP07628,Main Terminal & Airside Shopping,34515,46.12,2,5,Rideshare,V797,Minivan,1980,Hybrid,11.07
EMP07629,Airside E,33603,5.57,4,2,Rideshare,V677,Truck,1992,Gasoline,6.68
EMP07630,Rental Car Center,33895,61.08,4,1,Car,V695,Minivan,2000,Hybrid,146.59
EMP07631,Airside A,33855,56.13,4,20,Shuttle,S022,Shuttle Bus,1976,Diesel,33.68
EMP07632,Main Terminal Restaurants,34295,50.97,1,1,Car,V457,Sedan,1972,Electric,30.58
EMP07633,Rental Car Center,33557,8.47,5,1,Bus,N/A,N/A,,N/A,8.47
EMP07634,Main Terminal Information Desk,33853,23.64,5,1,Train,N/A,N/A,,Electric,35.46
EMP07635,Airside F,33594,31.55,4,1,Car,V636,Sedan,2010,Gasoline,75.72
EMP07636,Airside F,33568,6.21,3,2,Carpool,V889,SUV,1976,Electric,5.59
EMP07637,Airside D,33530,11.3,2,5,Carpool,V738,Truck,1997,Hybrid,2.71
EMP07638,Airside C,33731,26.43,1,1,Train,N/A,N/A,,Electric,7.93
EMP07639,Main Terminal & Airside Shopping,34221,39.17,5,18,Shuttle,S040,Shuttle Bus,1982,Diesel,29.38
EMP07640,Airside C,34115,66.25,2,17,Shuttle,S027,Shuttle Bus,2010,Electric,19.88
EMP07641,Airside A,34610,47.76,1,2,Carpool,V666,SUV,2002,Electric,14.33
EMP07642,Rental Car Center,34453,23.93,3,1,Car,V704,Truck,2015,Hybrid,43.07
EMP07643,Airside C,33619,24.56,2,1,Car,V946,SUV,1974,Diesel,29.47
EMP07644,Rental Car Center,34288,43.74,1,13,Shuttle,S028,Shuttle Bus,1976,Electric,6.56
EMP07645,Sheltair Aviation,33878,22.85,3,1,Train,N/A,N/A,,Electric,20.57
EMP07646,Airside F,33949,24.26,3,1,Train,N/A,N/A,,Electric,21.83
EMP07647,Sky Connect,34549,21.65,2,19,Shuttle,S023,Shuttle Bus,2008,Electric,6.49
EMP07648,Airside E,34114,38.22,5,1,Train,N/A,N/A,,Electric,57.33
EMP07649,Main Terminal & Airside Shopping,33994,42.53,4,5,Carpool,V742,Truck,2006,Hybrid,20.41
EMP07650,Airside A,33923,15.13,2,8,Shuttle,S029,Shuttle Bus,1979,Electric,4.54
EMP07651,Airside E,34678,51.93,1,15,Shuttle,S014,Shuttle Bus,2013,Diesel,7.79
EMP07652,Main Terminal & Airside Shopping,34175,37.11,3,2,Carpool,V302,Truck,1989,Diesel,33.4
EMP07653,Main Terminal & Airside Shopping,33526,13.16,5,1,Bus,N/A,N/A,,N/A,13.16
EMP07654,Airside D,33573,11.94,3,18,Shuttle,S016,Shuttle Bus,1980,Electric,5.37
EMP07655,Airside E,34500,18.95,5,1,Bus,N/A,N/A,,N/A,18.95
EMP07656,Main Terminal Information Desk,34544,30.25,2,1,Train,N/A,N/A,,Electric,18.15
EMP07657,Sheltair Aviation,33542,11.03,5,1,Train,N/A,N/A,,Electric,16.54
EMP07658,Rental Car Center,34578,65.11,2,1,Car,V553,Minivan,2012,Diesel,78.13
EMP07659,Sky Connect,33582,7.13,4,1,Bus,N/A,N/A,,N/A,5.7
EMP07660,Main Terminal Information Desk,33670,48.77,4,1,Train,N/A,N/A,,Electric,58.52
EMP07661,Airside A,34333,17.98,1,5,Rideshare,V711,SUV,1986,Electric,2.16
EMP07662,Rental Car Center,33531,12.27,3,1,Bus,N/A,N/A,,N/A,7.36
EMP07663,Airside D,34558,21.6,3,1,Car,V176,SUV,2017,Gasoline,38.88
EMP07664,Airside E,33541,56.78,3,1,Car,V179,Truck,1980,Gasoline,102.2
EMP07665,Main Terminal Information Desk,33641,42.37,5,1,Car,V709,SUV,1985,Hybrid,127.11
EMP07666,Airside F,33615,30.88,2,15,Shuttle,S012,Shuttle Bus,1986,Electric,9.26
EMP07667,Main Terminal Restaurants,33520,14.5,5,1,Bus,N/A,N/A,,N/A,14.5
EMP07668,Airside D,33954,44.18,4,1,Train,N/A,N/A,,Electric,53.02
EMP07669,Main Terminal Restaurants,34692,35.64,1,2,Rideshare,V478,SUV,2020,Diesel,10.69
EMP07670,Airside C,33796,23.95,1,8,Shuttle,S047,Shuttle Bus,2001,Electric,3.59
EMP07671,Sky Connect,33564,11.32,3,5,Rideshare,V996,SUV,1987,Gasoline,4.08
EMP07672,Airside F,33650,16.75,1,1,Bus,N/A,N/A,,N/A,3.35
EMP07673,Airside C,34661,62.79,4,12,Shuttle,S013,Shuttle Bus,1973,Diesel,37.67
EMP07674,Main Terminal Information Desk,34523,68.64,4,2,Rideshare,V106,SUV,2002,Diesel,82.37
EMP07675,Airside C,34428,37.56,4,11,Shuttle,S014,Shuttle Bus,2012,Diesel,22.54
EMP07676,Rental Car Center,33733,22.15,1,1,Bus,N/A,N/A,,N/A,4.43
EMP07677,Airside A,33529,11.79,3,1,Car,V260,Minivan,1976,Gasoline,21.22
EMP07678,Sky Connect,33889,21.22,2,1,Train,N/A,N/A,,Electric,12.73
EMP07679,Sheltair Aviation,34351,41.19,1,2,Rideshare,V313,Sedan,2020,Electric,12.36
EMP07680,Main Terminal Restaurants,34325,54.63,5,5,Rideshare,V275,Sedan,2007,Hybrid,32.78
EMP07681,Airside C,34611,57.91,2,4,Rideshare,V954,Sedan,1993,Hybrid,17.37
EMP07682,Main Terminal Information Desk,34640,66.72,1,1,Car,V905,Sedan,1988,Gasoline,40.03
EMP07683,Airside D,33548,12.54,1,2,Rideshare,V171,SUV,1988,Gasoline,3.76
EMP07684,Rental Car Center,33619,33.11,5,5,Rideshare,V593,SUV,1989,Electric,19.87
EMP07685,Rental Car Center,33612,7.51,3,5,Carpool,V527,Minivan,2016,Gasoline,2.7
EMP07686,Main Terminal Restaurants,34270,46.97,5,4,Rideshare,V424,SUV,1987,Electric,35.23
EMP07687,Main Terminal Restaurants,33846,35.69,3,1,Car,V417,SUV,1989,Electric,64.24
EMP07688,Airside D,34039,45.44,4,1,Car,V875,Minivan,1988,Gasoline,109.06
EMP07689,Main Terminal Information Desk,34561,69.37,3,2,Rideshare,V610,SUV,2005,Electric,62.43
EMP07690,Airside C,34650,64.16,3,1,Car,V491,Sedan,1992,Gasoline,115.49
EMP07691,Main Terminal Restaurants,33710,19.9,1,1,Train,N/A,N/A,,Electric,5.97
EMP07692,Rental Car Center,34288,21.67,3,1,Bus,N/A,N/A,,N/A,13
EMP07693,Main Terminal Information Desk,33848,31.33,5,1,Car,V603,Minivan,1985,Electric,93.99
EMP07694,Main Terminal Restaurants,34054,65.59,3,1,Car,V193,Truck,2022,Hybrid,118.06
EMP07695,Airside D,34033,33.33,2,17,Shuttle,S050,Shuttle Bus,2006,Diesel,10
EMP07696,Main Terminal & Airside Shopping,33575,12.75,1,1,Bus,N/A,N/A,,N/A,2.55
EMP07697,Sky Connect,33589,44.01,3,1,Car,V436,Sedan,1995,Gasoline,79.22
EMP07698,Airside F,34406,16.86,5,1,Bus,N/A,N/A,,N/A,16.86
EMP07699,Airside E,34079,20.12,5,1,Bus,N/A,N/A,,N/A,20.12
EMP07700,Rental Car Center,34156,17.9,1,1,Bus,N/A,N/A,,N/A,3.58
EMP07701,Airside E,34597,20.24,1,5,Rideshare,V401,Sedan,1984,Diesel,2.43
EMP07702,Airside A,33634,6.6,4,1,Bus,N/A,N/A,,N/A,5.28
EMP07703,Sky Connect,33521,60.61,4,1,Car,V539,Sedan,2001,Gasoline,145.46
EMP07704,Airside D,34681,49.89,4,4,Carpool,V257,Minivan,2022,Diesel,29.93
EMP07705,Rental Car Center,34388,28.45,4,14,Shuttle,S048,Shuttle Bus,2019,Diesel,17.07
EMP07706,Sheltair Aviation,34015,39.54,3,1,Car,V986,Sedan,2012,Electric,71.17
EMP07707,Airside C,33613,9.3,1,2,Rideshare,V114,Minivan,1989,Gasoline,2.79
EMP07708,Main Terminal Information Desk,33508,13.31,1,2,Rideshare,V584,Minivan,1990,Hybrid,3.99
EMP07709,Airside E,34253,30.58,3,1,Train,N/A,N/A,,Electric,27.52
EMP07710,Main Terminal Restaurants,33766,16.78,4,1,Bus,N/A,N/A,,N/A,13.42
EMP07711,Sky Connect,34487,56.34,4,15,Shuttle,S003,Shuttle Bus,1975,Electric,33.8
EMP07712,Main Terminal & Airside Shopping,33745,17.18,2,1,Bus,N/A,N/A,,N/A,6.87
EMP07713,Rental Car Center,33862,31.77,2,20,Shuttle,S036,Shuttle Bus,2015,Diesel,9.53
EMP07714,Airside D,34030,35.9,1,1,Train,N/A,N/A,,Electric,10.77
EMP07715,Airside F,33809,65.41,5,1,Car,V471,Sedan,1982,Diesel,196.23
EMP07716,Main Terminal Information Desk,34010,16.7,3,5,Carpool,V532,SUV,1984,Electric,6.01
EMP07717,Airside D,34680,47.34,1,16,Shuttle,S007,Shuttle Bus,1979,Diesel,7.1
EMP07718,Sheltair Aviation,34111,24.1,3,1,Car,V804,Truck,1989,Electric,43.38
EMP07719,Sheltair Aviation,33615,17.4,5,1,Bus,N/A,N/A,,N/A,17.4
EMP07720,Airside C,34329,39.81,2,4,Carpool,V162,SUV,1981,Diesel,11.94
EMP07721,Main Terminal & Airside Shopping,34645,37.19,1,1,Car,V252,Sedan,2021,Hybrid,22.31
EMP07722,Main Terminal Information Desk,33643,46.8,1,20,Shuttle,S026,Shuttle Bus,1986,Diesel,7.02
EMP07723,Airside A,33993,51.59,4,19,Shuttle,S030,Shuttle Bus,2001,Diesel,30.95
EMP07724,Airside F,33716,49.1,3,4,Rideshare,V226,Truck,2002,Electric,22.09
EMP07725,Main Terminal Information Desk,33605,5.51,1,1,Bus,N/A,N/A,,N/A,1.1
EMP07726,Main Terminal & Airside Shopping,34211,53.76,5,5,Carpool,V994,Minivan,2020,Diesel,32.26
EMP07727,Main Terminal & Airside Shopping,33554,11.94,2,1,Car,V982,SUV,1994,Electric,14.33
EMP07728,Sky Connect,33526,13.41,2,1,Bus,N/A,N/A,,N/A,5.36
EMP07729,Airside A,33864,33.08,2,1,Train,N/A,N/A,,Electric,19.85
EMP07730,Main Terminal Restaurants,34625,61.74,3,2,Rideshare,V496,Sedan,1991,Hybrid,55.57
EMP07731,Airside A,34511,24.86,4,1,Train,N/A,N/A,,Electric,29.83
EMP07732,Airside F,33754,18.58,5,15,Shuttle,S035,Shuttle Bus,2003,Diesel,13.93
EMP07733,Sheltair Aviation,33604,68,1,2,Rideshare,V547,Sedan,1973,Electric,20.4
EMP07734,Main Terminal Restaurants,34555,46.18,3,1,Train,N/A,N/A,,Electric,41.56
EMP07735,Airside D,33611,17.88,5,3,Carpool,V383,Sedan,2013,Electric,17.88
EMP07736,Airside A,33502,36.25,3,5,Carpool,V139,Minivan,2016,Electric,13.05
EMP07737,Airside D,34463,34.89,2,1,Train,N/A,N/A,,Electric,20.93
EMP07738,Main Terminal Restaurants,34082,36.47,1,1,Train,N/A,N/A,,Electric,10.94
EMP07739,Airside D,33514,11.22,5,1,Bus,N/A,N/A,,N/A,11.22
EMP07740,Sheltair Aviation,33665,25.8,5,3,Rideshare,V581,Truck,2020,Gasoline,25.8
EMP07741,Airside E,33611,23.98,5,1,Bus,N/A,N/A,,N/A,23.98
EMP07742,Airside E,34101,21.52,4,1,Bus,N/A,N/A,,N/A,17.22
EMP07743,Main Terminal Restaurants,33555,27.86,2,1,Car,V428,Sedan,1986,Gasoline,33.43
EMP07744,Airside C,34171,49.27,5,1,Train,N/A,N/A,,Electric,73.91
EMP07745,Main Terminal Information Desk,33976,27.75,3,5,Rideshare,V654,Sedan,1999,Hybrid,9.99
EMP07746,Airside E,33605,15.94,3,1,Bus,N/A,N/A,,N/A,9.56
EMP07747,Main Terminal & Airside Shopping,34582,17.16,5,3,Carpool,V902,Truck,1996,Gasoline,17.16
EMP07748,Main Terminal Information Desk,33958,61.87,3,4,Carpool,V113,SUV,1999,Hybrid,27.84
EMP07749,Airside E,33649,47.03,3,1,Train,N/A,N/A,,Electric,42.33
EMP07750,Main Terminal Restaurants,33942,15.57,1,2,Rideshare,V260,Truck,2013,Hybrid,4.67
EMP07751,Main Terminal Information Desk,34396,41.21,1,1,Car,V788,Minivan,2007,Hybrid,24.73
EMP07752,Airside A,33926,47.97,3,9,Shuttle,S040,Shuttle Bus,1984,Diesel,21.59
EMP07753,Sky Connect,34550,39.04,3,9,Shuttle,S002,Shuttle Bus,1991,Electric,17.57
EMP07754,Airside C,33545,63.31,1,3,Rideshare,V604,Sedan,1982,Hybrid,12.66
EMP07755,Sheltair Aviation,34265,62.94,3,1,Car,V439,Sedan,2003,Electric,113.29
EMP07756,Rental Car Center,33998,16.94,2,1,Train,N/A,N/A,,Electric,10.16
EMP07757,Airside E,33860,23.26,4,1,Bus,N/A,N/A,,N/A,18.61
EMP07758,Main Terminal & Airside Shopping,33541,13.7,5,1,Train,N/A,N/A,,Electric,20.55
EMP07759,Main Terminal Information Desk,33915,51.91,5,5,Carpool,V680,Sedan,1993,Diesel,31.15
EMP07760,Sheltair Aviation,33599,30.4,2,3,Rideshare,V152,Minivan,1993,Hybrid,12.16
EMP07761,Main Terminal & Airside Shopping,34398,31.75,4,2,Carpool,V252,Sedan,1988,Hybrid,38.1
EMP07762,Airside C,34108,48.44,4,3,Carpool,V240,Sedan,2003,Hybrid,38.75
EMP07763,Sky Connect,33578,5.17,5,1,Car,V498,Minivan,2017,Hybrid,15.51
EMP07764,Airside F,33988,22.68,3,1,Bus,N/A,N/A,,N/A,13.61
EMP07765,Main Terminal & Airside Shopping,34174,25.6,2,2,Rideshare,V809,Truck,1985,Hybrid,15.36
EMP07766,Main Terminal Restaurants,33796,16.39,5,1,Bus,N/A,N/A,,N/A,16.39
EMP07767,Main Terminal Restaurants,34695,50.02,5,1,Car,V211,Truck,1980,Hybrid,150.06
EMP07768,Main Terminal & Airside Shopping,33720,41.47,2,20,Shuttle,S035,Shuttle Bus,1983,Electric,12.44
EMP07769,Rental Car Center,34543,24.28,5,1,Train,N/A,N/A,,Electric,36.42
EMP07770,Main Terminal & Airside Shopping,33826,24.49,2,2,Carpool,V108,SUV,2011,Hybrid,14.69
EMP07771,Airside E,34561,63.9,2,3,Carpool,V206,SUV,2002,Electric,25.56
EMP07772,Airside A,33628,7.8,3,2,Carpool,V607,SUV,1996,Gasoline,7.02
EMP07773,Airside D,34135,49.1,1,1,Car,V893,SUV,1976,Electric,29.46
EMP07774,Main Terminal & Airside Shopping,33588,6.4,5,1,Bus,N/A,N/A,,N/A,6.4
EMP07775,Main Terminal Information Desk,33812,49.78,4,1,Car,V143,Minivan,1986,Diesel,119.47
EMP07776,Main Terminal Information Desk,34373,36.22,4,5,Rideshare,V523,SUV,2012,Gasoline,17.39
EMP07777,Main Terminal Restaurants,34585,59.32,4,3,Carpool,V963,Sedan,1979,Diesel,47.46
EMP07778,Airside F,33560,65.24,1,5,Carpool,V723,Sedan,1986,Diesel,7.83
EMP07779,Airside D,33659,15.36,4,1,Bus,N/A,N/A,,N/A,12.29
EMP07780,Sheltair Aviation,33703,62.9,4,13,Shuttle,S034,Shuttle Bus,1990,Electric,37.74
EMP07781,Airside E,34653,64.64,1,1,Car,V959,Minivan,1988,Diesel,38.78
EMP07782,Main Terminal & Airside Shopping,33912,16.82,5,1,Bus,N/A,N/A,,N/A,16.82
EMP07783,Sky Connect,34662,25.46,1,14,Shuttle,S037,Shuttle Bus,2002,Electric,3.82
EMP07784,Airside A,34317,40.41,4,1,Car,V996,Sedan,1981,Diesel,96.98
EMP07785,Main Terminal Information Desk,34138,35.66,1,1,Train,N/A,N/A,,Electric,10.7
EMP07786,Airside E,34272,62,2,4,Rideshare,V615,Truck,1974,Gasoline,18.6
EMP07787,Main Terminal & Airside Shopping,34420,49.75,1,1,Train,N/A,N/A,,Electric,14.92
EMP07788,Rental Car Center,33520,10.99,2,4,Carpool,V719,Minivan,2000,Electric,3.3
EMP07789,Airside A,34641,62.02,1,2,Carpool,V643,Sedan,1986,Diesel,18.61
EMP07790,Airside D,34665,28.65,1,1,Train,N/A,N/A,,Electric,8.59
EMP07791,Main Terminal Restaurants,34586,60.94,3,12,Shuttle,S030,Shuttle Bus,2000,Diesel,27.42
EMP07792,Airside D,33894,47.25,2,1,Train,N/A,N/A,,Electric,28.35
EMP07793,Airside D,33577,12.96,3,1,Bus,N/A,N/A,,N/A,7.78
EMP07794,Main Terminal & Airside Shopping,33777,66.95,4,19,Shuttle,S025,Shuttle Bus,2021,Diesel,40.17
EMP07795,Airside E,33558,8.28,2,1,Car,V532,Sedan,1975,Electric,9.94
EMP07796,Main Terminal & Airside Shopping,34683,63.95,1,4,Rideshare,V750,Minivan,1974,Hybrid,9.59
EMP07797,Airside F,34521,34.92,1,16,Shuttle,S047,Shuttle Bus,1973,Diesel,5.24
EMP07798,Airside F,33917,21.85,5,1,Bus,N/A,N/A,,N/A,21.85
EMP07799,Sheltair Aviation,33718,35.29,2,5,Rideshare,V528,SUV,2004,Electric,8.47
EMP07800,Airside A,34155,59.02,1,4,Rideshare,V653,Minivan,1990,Gasoline,8.85
EMP07801,Airside F,33659,36.8,4,11,Shuttle,S019,Shuttle Bus,1972,Diesel,22.08
EMP07802,Airside C,33599,5.05,3,1,Bus,N/A,N/A,,N/A,3.03
EMP07803,Airside E,34016,32.02,4,4,Rideshare,V301,SUV,2015,Gasoline,19.21
EMP07804,Main Terminal Information Desk,33565,13.43,2,1,Train,N/A,N/A,,Electric,8.06
EMP07805,Airside F,33569,11.12,1,13,Shuttle,S027,Shuttle Bus,1985,Electric,1.67
EMP07806,Airside E,34132,44.55,5,1,Car,V551,Sedan,2015,Hybrid,133.65
EMP07807,Main Terminal & Airside Shopping,34180,65.07,1,2,Rideshare,V559,Minivan,1998,Hybrid,19.52
EMP07808,Main Terminal & Airside Shopping,33802,24.37,2,1,Bus,N/A,N/A,,N/A,9.75
EMP07809,Rental Car Center,34546,45.49,4,1,Train,N/A,N/A,,Electric,54.59
EMP07810,Sheltair Aviation,33819,21.85,4,4,Rideshare,V451,Truck,2012,Hybrid,13.11
EMP07811,Airside E,34370,28.94,3,5,Rideshare,V278,Minivan,2012,Diesel,10.42
EMP07812,Rental Car Center,34511,22.45,1,1,Train,N/A,N/A,,Electric,6.73
EMP07813,Airside E,34055,36.87,4,5,Carpool,V543,Sedan,1986,Gasoline,17.7
EMP07814,Airside C,34022,15.95,3,2,Rideshare,V548,SUV,2004,Diesel,14.35
EMP07815,Sky Connect,33617,5.46,5,1,Bus,N/A,N/A,,N/A,5.46
EMP07816,Airside F,33533,13.67,5,3,Carpool,V241,Minivan,2004,Diesel,13.67
EMP07817,Main Terminal Restaurants,34526,61.28,3,14,Shuttle,S048,Shuttle Bus,2019,Electric,27.58
EMP07818,Airside E,34382,49.53,4,1,Train,N/A,N/A,,Electric,59.44
EMP07819,Airside C,34285,27.51,2,1,Car,V481,Minivan,2007,Electric,33.01
EMP07820,Airside D,34645,32.45,5,8,Shuttle,S020,Shuttle Bus,2011,Diesel,24.34
EMP07821,Main Terminal Information Desk,34181,15.86,1,19,Shuttle,S050,Shuttle Bus,1995,Diesel,2.38
EMP07822,Main Terminal & Airside Shopping,33554,12.03,4,3,Carpool,V763,Sedan,1978,Electric,9.62
EMP07823,Airside A,33527,10.78,1,1,Car,V522,Minivan,2009,Hybrid,6.47
EMP07824,Main Terminal & Airside Shopping,34388,51.84,1,17,Shuttle,S005,Shuttle Bus,1986,Electric,7.78
EMP07825,Rental Car Center,33560,7.17,5,1,Car,V148,Sedan,2021,Gasoline,21.51
EMP07826,Main Terminal & Airside Shopping,33635,9.43,3,1,Bus,N/A,N/A,,N/A,5.66
EMP07827,Rental Car Center,33547,10.32,3,4,Rideshare,V139,SUV,2009,Gasoline,4.64
EMP07828,Airside C,33584,9.49,5,1,Bus,N/A,N/A,,N/A,9.49
EMP07829,Main Terminal & Airside Shopping,33820,40.88,4,4,Carpool,V762,Sedan,1992,Hybrid,24.53
EMP07830,Airside E,34626,64.25,2,13,Shuttle,S037,Shuttle Bus,1990,Electric,19.27
EMP07831,Sheltair Aviation,33906,67.63,1,5,Carpool,V211,SUV,2005,Electric,8.12
EMP07832,Main Terminal & Airside Shopping,33656,24.51,4,2,Rideshare,V160,Minivan,1991,Electric,29.41
EMP07833,Airside C,33561,5.86,4,1,Car,V785,SUV,1990,Hybrid,14.06
EMP07834,Airside A,33631,22.8,2,13,Shuttle,S002,Shuttle Bus,2001,Electric,6.84
EMP07835,Airside D,34417,19.1,2,5,Carpool,V351,Truck,2015,Hybrid,4.58
EMP07836,Rental Car Center,34403,15.13,3,20,Shuttle,S022,Shuttle Bus,1986,Diesel,6.81
EMP07837,Main Terminal & Airside Shopping,34202,29.81,3,8,Shuttle,S013,Shuttle Bus,1980,Electric,13.41
EMP07838,Main Terminal Information Desk,33518,12.62,3,1,Bus,N/A,N/A,,N/A,7.57
EMP07839,Airside C,33528,13.8,1,1,Bus,N/A,N/A,,N/A,2.76
EMP07840,Sky Connect,33893,35.57,5,4,Rideshare,V451,Minivan,1974,Hybrid,26.68
EMP07841,Rental Car Center,34148,41.4,5,15,Shuttle,S037,Shuttle Bus,1999,Diesel,31.05
EMP07842,Airside A,34161,54.98,1,4,Rideshare,V908,SUV,2020,Diesel,8.25
EMP07843,Airside F,34317,66.93,1,1,Car,V846,Truck,2012,Diesel,40.16
EMP07844,Airside A,33774,52.74,2,18,Shuttle,S039,Shuttle Bus,1985,Electric,15.82
EMP07845,Main Terminal Information Desk,34135,26.6,3,12,Shuttle,S015,Shuttle Bus,1974,Diesel,11.97
EMP07846,Airside E,34206,31.47,3,1,Train,N/A,N/A,,Electric,28.32
EMP07847,Sheltair Aviation,34440,24.16,5,1,Bus,N/A,N/A,,N/A,24.16
EMP07848,Main Terminal Information Desk,33610,43.25,3,19,Shuttle,S019,Shuttle Bus,1976,Electric,19.46
EMP07849,Main Terminal Information Desk,34061,52.54,3,5,Carpool,V253,Minivan,1975,Diesel,18.91
EMP07850,Sheltair Aviation,34402,22.72,1,2,Rideshare,V742,Minivan,1991,Gasoline,6.82
EMP07851,Airside A,33623,7.99,5,1,Car,V672,Minivan,2002,Hybrid,23.97
EMP07852,Airside D,34685,52.72,5,3,Carpool,V167,SUV,1986,Electric,52.72
EMP07853,Sheltair Aviation,33763,31.64,2,2,Rideshare,V533,SUV,1982,Hybrid,18.98
EMP07854,Sky Connect,33603,39.6,5,5,Rideshare,V391,SUV,1981,Gasoline,23.76
EMP07855,Airside A,34654,63.35,3,5,Rideshare,V470,Sedan,2019,Hybrid,22.81
EMP07856,Airside F,34217,46.71,3,5,Rideshare,V766,Sedan,1981,Diesel,16.82
EMP07857,Airside F,34063,60.95,2,4,Rideshare,V833,Sedan,1974,Electric,18.29
EMP07858,Airside A,34395,27.34,1,1,Train,N/A,N/A,,Electric,8.2
EMP07859,Sheltair Aviation,34173,42.02,1,3,Carpool,V344,Truck,1984,Hybrid,8.4
EMP07860,Main Terminal Information Desk,34167,42.63,3,1,Train,N/A,N/A,,Electric,38.37
EMP07861,Rental Car Center,33928,31.21,4,1,Car,V259,Sedan,1987,Diesel,74.9
EMP07862,Airside C,33646,54,1,20,Shuttle,S012,Shuttle Bus,2008,Electric,8.1
EMP07863,Airside D,33573,12.46,2,9,Shuttle,S006,Shuttle Bus,1992,Electric,3.74
EMP07864,Airside D,34507,18.31,4,3,Rideshare,V153,Minivan,2022,Electric,14.65
EMP07865,Airside A,33551,47.01,1,5,Rideshare,V760,Truck,2022,Gasoline,5.64
EMP07866,Sheltair Aviation,33599,5.36,2,1,Bus,N/A,N/A,,N/A,2.14
EMP07867,Sheltair Aviation,34328,51.96,2,5,Carpool,V361,SUV,1977,Diesel,12.47
EMP07868,Airside E,34483,17.87,3,1,Bus,N/A,N/A,,N/A,10.72
EMP07869,Airside E,34575,63.64,4,1,Car,V361,Sedan,1985,Electric,152.74
EMP07870,Airside A,34057,22.03,5,1,Bus,N/A,N/A,,N/A,22.03
EMP07871,Main Terminal Information Desk,34521,41.03,5,1,Train,N/A,N/A,,Electric,61.54
EMP07872,Main Terminal Information Desk,33953,23.73,3,10,Shuttle,S040,Shuttle Bus,1974,Electric,10.68
EMP07873,Airside F,33785,23.98,5,1,Bus,N/A,N/A,,N/A,23.98
EMP07874,Sky Connect,34048,66.11,3,4,Rideshare,V987,Sedan,1991,Diesel,29.75
EMP07875,Sky Connect,34579,34.05,4,3,Rideshare,V509,SUV,1997,Diesel,27.24
EMP07876,Rental Car Center,34358,63.5,1,1,Car,V207,Truck,2003,Hybrid,38.1
EMP07877,Rental Car Center,33839,69.09,5,13,Shuttle,S031,Shuttle Bus,1977,Electric,51.82
EMP07878,Main Terminal Information Desk,33702,47.68,4,1,Train,N/A,N/A,,Electric,57.22
EMP07879,Main Terminal Restaurants,34014,19.05,3,19,Shuttle,S013,Shuttle Bus,1985,Diesel,8.57
EMP07880,Airside C,33579,6.31,4,17,Shuttle,S005,Shuttle Bus,2003,Diesel,3.79
EMP07881,Sheltair Aviation,33557,14.58,4,4,Rideshare,V731,Sedan,2012,Electric,8.75
EMP07882,Airside C,33554,11.94,4,1,Bus,N/A,N/A,,N/A,9.55
EMP07883,Sheltair Aviation,33730,61.06,2,1,Car,V921,Sedan,1978,Gasoline,73.27
EMP07884,Airside A,34130,57.8,4,5,Carpool,V936,Truck,1987,Electric,27.74
EMP07885,Airside A,33747,44.62,3,1,Car,V433,SUV,2015,Diesel,80.32
EMP07886,Sky Connect,34363,33.18,1,18,Shuttle,S013,Shuttle Bus,1990,Diesel,4.98
EMP07887,Rental Car Center,33941,59.08,1,13,Shuttle,S032,Shuttle Bus,1986,Electric,8.86
EMP07888,Rental Car Center,33899,16.6,2,5,Carpool,V393,Minivan,1986,Electric,3.98
EMP07889,Airside E,34205,16.68,4,5,Carpool,V190,SUV,2016,Gasoline,8.01
EMP07890,Main Terminal Restaurants,34603,67.34,3,3,Carpool,V237,Minivan,2007,Gasoline,40.4
EMP07891,Main Terminal Information Desk,33761,21.39,4,3,Rideshare,V981,Truck,1986,Hybrid,17.11
EMP07892,Airside D,33735,63.64,5,12,Shuttle,S038,Shuttle Bus,1974,Electric,47.73
EMP07893,Sheltair Aviation,33860,54.52,3,5,Rideshare,V785,Truck,2011,Diesel,19.63
EMP07894,Sky Connect,34556,27.75,1,3,Rideshare,V780,Minivan,1985,Gasoline,5.55
EMP07895,Main Terminal Restaurants,33635,6.23,2,1,Bus,N/A,N/A,,N/A,2.49
EMP07896,Sheltair Aviation,33592,9.17,5,1,Bus,N/A,N/A,,N/A,9.17
EMP07897,Airside A,34156,36.58,4,8,Shuttle,S044,Shuttle Bus,1986,Diesel,21.95
EMP07898,Sky Connect,33742,45.46,3,2,Carpool,V296,Sedan,1983,Gasoline,40.91
EMP07899,Sheltair Aviation,34427,37.74,4,1,Train,N/A,N/A,,Electric,45.29
EMP07900,Airside E,34227,66.13,4,1,Car,V380,Sedan,2002,Hybrid,158.71
EMP07901,Main Terminal Restaurants,33517,10.6,4,1,Bus,N/A,N/A,,N/A,8.48
EMP07902,Rental Car Center,33566,10.47,4,1,Bus,N/A,N/A,,N/A,8.38
EMP07903,Sheltair Aviation,33561,8.49,1,1,Bus,N/A,N/A,,N/A,1.7
EMP07904,Main Terminal Restaurants,34027,26.15,3,1,Car,V101,Truck,2002,Gasoline,47.07
EMP07905,Airside A,34200,63.86,4,4,Carpool,V487,Minivan,2010,Hybrid,38.32
EMP07906,Main Terminal Information Desk,34242,42.95,4,5,Rideshare,V297,Minivan,1979,Diesel,20.62
EMP07907,Rental Car Center,34163,26.18,4,15,Shuttle,S006,Shuttle Bus,1990,Diesel,15.71
EMP07908,Main Terminal Restaurants,33574,10.89,4,1,Car,V729,Truck,2001,Gasoline,26.14
EMP07909,Airside E,34108,64.73,2,2,Carpool,V879,Minivan,1980,Diesel,38.84
EMP07910,Airside C,34356,53.39,4,2,Rideshare,V957,Sedan,2015,Electric,64.07
EMP07911,Main Terminal Restaurants,33572,27.86,4,3,Carpool,V308,Truck,1975,Hybrid,22.29
EMP07912,Airside E,33500,34.87,5,1,Train,N/A,N/A,,Electric,52.3
EMP07913,Main Terminal Information Desk,33561,13.33,5,9,Shuttle,S010,Shuttle Bus,1977,Diesel,10
EMP07914,Airside A,33728,32.76,4,1,Train,N/A,N/A,,Electric,39.31
EMP07915,Main Terminal Restaurants,33728,53.07,4,1,Car,V542,Sedan,1976,Electric,127.37
EMP07916,Airside C,33514,14.76,5,1,Bus,N/A,N/A,,N/A,14.76
EMP07917,Airside F,33681,23.82,4,1,Bus,N/A,N/A,,N/A,19.06
EMP07918,Main Terminal Restaurants,34107,19.09,1,1,Train,N/A,N/A,,Electric,5.73
EMP07919,Airside C,34675,30.33,4,1,Car,V553,Minivan,2001,Electric,72.79
EMP07920,Sheltair Aviation,34344,54.49,1,4,Carpool,V133,Minivan,1989,Electric,8.17
EMP07921,Sheltair Aviation,34444,63.61,5,1,Car,V730,Truck,2002,Electric,190.83
EMP07922,Airside C,33537,33.44,2,3,Carpool,V654,Minivan,1996,Hybrid,13.38
EMP07923,Main Terminal Information Desk,33619,7.4,5,1,Bus,N/A,N/A,,N/A,7.4
EMP07924,Sky Connect,34024,46.46,2,1,Train,N/A,N/A,,Electric,27.88
EMP07925,Airside F,34388,24.96,3,1,Bus,N/A,N/A,,N/A,14.98
EMP07926,Sky Connect,34438,16.74,4,16,Shuttle,S012,Shuttle Bus,1989,Electric,10.04
EMP07927,Airside D,33979,36.45,2,1,Train,N/A,N/A,,Electric,21.87
EMP07928,Airside A,33606,7.86,5,1,Car,V432,Sedan,1994,Hybrid,23.58
EMP07929,Main Terminal Information Desk,33595,24.1,5,4,Rideshare,V931,Sedan,2020,Diesel,18.08
EMP07930,Airside F,33527,13.64,4,1,Bus,N/A,N/A,,N/A,10.91
EMP07931,Sheltair Aviation,34170,48.42,1,1,Car,V556,Minivan,2011,Gasoline,29.05
EMP07932,Airside D,33826,65.57,5,1,Car,V400,SUV,1974,Electric,196.71
EMP07933,Airside D,33538,12.63,1,1,Train,N/A,N/A,,Electric,3.79
EMP07934,Main Terminal Information Desk,34167,31.09,4,1,Car,V681,Sedan,1997,Hybrid,74.62
EMP07935,Sheltair Aviation,33943,37.08,2,18,Shuttle,S043,Shuttle Bus,1999,Diesel,11.12
EMP07936,Main Terminal Restaurants,34029,26.54,4,1,Train,N/A,N/A,,Electric,31.85
EMP07937,Main Terminal Information Desk,34003,26.94,1,1,Train,N/A,N/A,,Electric,8.08
EMP07938,Airside C,34246,50.67,5,9,Shuttle,S007,Shuttle Bus,1990,Diesel,38
EMP07939,Airside F,33552,5.21,5,1,Bus,N/A,N/A,,N/A,5.21
EMP07940,Airside A,34122,46.37,4,2,Rideshare,V851,Minivan,2003,Hybrid,55.64
EMP07941,Airside D,33622,41.84,3,1,Train,N/A,N/A,,Electric,37.66
EMP07942,Main Terminal Restaurants,34172,44.63,5,9,Shuttle,S007,Shuttle Bus,2010,Diesel,33.47
EMP07943,Rental Car Center,34646,59.25,2,5,Rideshare,V986,Sedan,2016,Gasoline,14.22
EMP07944,Rental Car Center,33667,17.14,2,14,Shuttle,S002,Shuttle Bus,2018,Electric,5.14
EMP07945,Sheltair Aviation,34570,34.99,4,1,Car,V952,Sedan,1982,Hybrid,83.98
EMP07946,Airside D,34373,40.35,4,1,Car,V198,Minivan,2006,Gasoline,96.84
EMP07947,Main Terminal Information Desk,33627,5.39,2,1,Bus,N/A,N/A,,N/A,2.16
EMP07948,Airside D,34460,37.63,1,5,Carpool,V670,Sedan,1980,Gasoline,4.52
EMP07949,Main Terminal Restaurants,34261,16.12,5,19,Shuttle,S036,Shuttle Bus,1990,Diesel,12.09
EMP07950,Airside D,34482,48.44,1,12,Shuttle,S032,Shuttle Bus,1984,Electric,7.27
EMP07951,Main Terminal Information Desk,33568,55.26,3,2,Carpool,V160,SUV,2014,Diesel,49.73
EMP07952,Airside C,33689,67.58,1,5,Rideshare,V455,Minivan,1998,Electric,8.11
EMP07953,Airside E,34505,28.47,3,4,Carpool,V370,Minivan,1977,Gasoline,12.81
EMP07954,Rental Car Center,34536,43.72,5,4,Rideshare,V285,SUV,1982,Hybrid,32.79
EMP07955,Airside C,33577,38.71,5,1,Train,N/A,N/A,,Electric,58.06
EMP07956,Airside C,34326,63.31,2,1,Car,V317,SUV,2010,Hybrid,75.97
EMP07957,Rental Car Center,34542,26.35,2,5,Carpool,V156,Minivan,2001,Hybrid,6.32
EMP07958,Rental Car Center,34536,42.07,2,5,Rideshare,V340,SUV,1996,Hybrid,10.1
EMP07959,Main Terminal Restaurants,34071,29.49,2,4,Rideshare,V193,SUV,1979,Diesel,8.85
EMP07960,Sky Connect,33810,22.85,1,9,Shuttle,S021,Shuttle Bus,2022,Electric,3.43
EMP07961,Main Terminal Information Desk,34129,21.42,5,1,Bus,N/A,N/A,,N/A,21.42
EMP07962,Airside C,33931,40.48,3,9,Shuttle,S040,Shuttle Bus,2001,Electric,18.22
EMP07963,Main Terminal Restaurants,34463,52.24,2,3,Carpool,V114,Truck,2015,Diesel,20.9
EMP07964,Rental Car Center,33796,18.48,2,1,Bus,N/A,N/A,,N/A,7.39
EMP07965,Main Terminal Information Desk,33862,18.29,2,4,Rideshare,V250,SUV,2019,Hybrid,5.49
EMP07966,Airside F,33981,22.19,2,2,Rideshare,V916,Truck,2018,Electric,13.31
EMP07967,Rental Car Center,34458,20.18,3,1,Bus,N/A,N/A,,N/A,12.11
EMP07968,Airside E,34505,40.52,1,1,Train,N/A,N/A,,Electric,12.16
EMP07969,Airside F,33525,48.18,3,2,Carpool,V826,Minivan,1998,Hybrid,43.36
EMP07970,Main Terminal Restaurants,34187,24.5,5,2,Rideshare,V727,SUV,2006,Hybrid,36.75
EMP07971,Airside A,33882,17.08,5,1,Bus,N/A,N/A,,N/A,17.08
EMP07972,Sky Connect,34311,21.33,2,1,Bus,N/A,N/A,,N/A,8.53
EMP07973,Main Terminal Restaurants,33868,40.45,4,1,Train,N/A,N/A,,Electric,48.54
EMP07974,Rental Car Center,34439,22.06,4,2,Carpool,V745,SUV,2022,Hybrid,26.47
EMP07975,Sky Connect,34335,18.88,2,1,Bus,N/A,N/A,,N/A,7.55
EMP07976,Airside A,34252,45.7,1,1,Train,N/A,N/A,,Electric,13.71
EMP07977,Main Terminal Restaurants,33778,35.35,2,1,Train,N/A,N/A,,Electric,21.21
EMP07978,Main Terminal & Airside Shopping,34393,19.45,2,2,Carpool,V482,Minivan,2010,Gasoline,11.67
EMP07979,Airside C,33905,44.98,3,1,Car,V751,SUV,2021,Electric,80.96
EMP07980,Airside A,34084,33.62,3,2,Carpool,V588,Minivan,1993,Hybrid,30.26
EMP07981,Main Terminal & Airside Shopping,34419,19.66,5,16,Shuttle,S014,Shuttle Bus,1992,Electric,14.74
EMP07982,Airside C,33516,35.88,4,5,Carpool,V982,Sedan,2014,Hybrid,17.22
EMP07983,Airside F,34605,44.13,2,1,Train,N/A,N/A,,Electric,26.48
EMP07984,Rental Car Center,33923,20.16,1,1,Train,N/A,N/A,,Electric,6.05
EMP07985,Airside E,34362,24.93,2,18,Shuttle,S022,Shuttle Bus,1980,Electric,7.48
EMP07986,Main Terminal Restaurants,33542,13.57,4,5,Carpool,V440,Truck,2012,Gasoline,6.51
EMP07987,Airside E,33816,31.66,3,14,Shuttle,S011,Shuttle Bus,1973,Diesel,14.25
EMP07988,Airside A,34121,27.31,2,1,Train,N/A,N/A,,Electric,16.39
EMP07989,Main Terminal & Airside Shopping,34347,17.85,3,3,Rideshare,V314,Sedan,1973,Gasoline,10.71
EMP07990,Main Terminal Information Desk,34270,52.1,5,1,Car,V846,Sedan,2022,Electric,156.3
EMP07991,Rental Car Center,33541,10.92,2,1,Train,N/A,N/A,,Electric,6.55
EMP07992,Main Terminal Restaurants,33599,8.32,1,1,Car,V631,SUV,2013,Diesel,4.99
EMP07993,Rental Car Center,33798,66.43,1,5,Carpool,V115,Minivan,1999,Hybrid,7.97
EMP07994,Airside E,34320,19.17,5,1,Bus,N/A,N/A,,N/A,19.17
EMP07995,Main Terminal Information Desk,33581,9.42,1,1,Car,V766,Minivan,2003,Diesel,5.65
EMP07996,Sheltair Aviation,34271,52.88,3,1,Car,V766,Truck,2008,Electric,95.18
EMP07997,Airside E,34114,35.22,1,5,Rideshare,V243,Sedan,2013,Diesel,4.23
EMP07998,Main Terminal Restaurants,33578,14.27,5,2,Carpool,V880,Minivan,2012,Gasoline,21.4
EMP07999,Sky Connect,33507,55.67,1,1,Car,V201,Minivan,2020,Hybrid,33.4
EMP08000,Rental Car Center,34319,48.18,2,11,Shuttle,S002,Shuttle Bus,1998,Diesel,14.45
EMP08001,Main Terminal & Airside Shopping,34539,47.88,1,1,Train,N/A,N/A,,Electric,14.36
EMP08002,Sheltair Aviation,34034,44.19,5,4,Rideshare,V314,Truck,2021,Electric,33.14
EMP08003,Airside E,33572,5.86,2,1,Car,V979,Minivan,2008,Electric,7.03
EMP08004,Main Terminal Information Desk,33621,5.38,2,1,Bus,N/A,N/A,,N/A,2.15
EMP08005,Airside F,33655,50.95,5,1,Car,V920,Sedan,2022,Hybrid,152.85
EMP08006,Airside F,34039,27.7,3,1,Train,N/A,N/A,,Electric,24.93
EMP08007,Airside A,33570,14.59,4,1,Train,N/A,N/A,,Electric,17.51
EMP08008,Main Terminal Restaurants,34098,21.74,5,1,Bus,N/A,N/A,,N/A,21.74
EMP08009,Airside E,33565,6.8,5,1,Car,V167,Sedan,2006,Electric,20.4
EMP08010,Airside D,33519,10.24,2,1,Bus,N/A,N/A,,N/A,4.1
EMP08011,Airside F,33826,49.78,1,1,Car,V465,Minivan,1975,Electric,29.87
EMP08012,Airside D,34000,19.6,1,1,Bus,N/A,N/A,,N/A,3.92
EMP08013,Airside A,33828,15.7,2,2,Carpool,V601,Sedan,2021,Gasoline,9.42
EMP08014,Main Terminal Information Desk,33863,35.1,3,1,Car,V989,SUV,2005,Diesel,63.18
EMP08015,Main Terminal Information Desk,33718,16.59,5,2,Rideshare,V725,Truck,2002,Diesel,24.88
EMP08016,Airside A,33605,19.86,2,1,Bus,N/A,N/A,,N/A,7.94
EMP08017,Airside D,34204,64.6,4,1,Car,V986,SUV,1981,Electric,155.04
EMP08018,Airside E,33620,8.4,1,1,Bus,N/A,N/A,,N/A,1.68
EMP08019,Rental Car Center,34251,29.9,1,1,Car,V199,SUV,1983,Gasoline,17.94
EMP08020,Airside A,33870,57.05,4,1,Car,V165,Truck,2022,Diesel,136.92
EMP08021,Main Terminal & Airside Shopping,33899,66.85,2,10,Shuttle,S035,Shuttle Bus,1974,Diesel,20.05
EMP08022,Airside C,33861,33.47,4,2,Carpool,V970,Sedan,1980,Gasoline,40.16
EMP08023,Rental Car Center,34123,16.53,1,2,Rideshare,V730,Minivan,2008,Electric,4.96
EMP08024,Airside C,33573,30.53,2,14,Shuttle,S030,Shuttle Bus,2020,Electric,9.16
EMP08025,Airside E,33637,24.29,2,1,Bus,N/A,N/A,,N/A,9.72
EMP08026,Sheltair Aviation,33599,31.27,3,13,Shuttle,S045,Shuttle Bus,1998,Diesel,14.07
EMP08027,Main Terminal & Airside Shopping,34218,56.95,2,19,Shuttle,S015,Shuttle Bus,1994,Diesel,17.09
EMP08028,Airside F,33559,12.19,1,2,Rideshare,V531,SUV,2002,Diesel,3.66
EMP08029,Main Terminal Restaurants,34139,67.92,1,1,Car,V486,Truck,1979,Gasoline,40.75
EMP08030,Main Terminal Information Desk,33652,43.34,1,4,Carpool,V202,Truck,2013,Diesel,6.5
EMP08031,Airside F,34310,32.88,2,8,Shuttle,S029,Shuttle Bus,2018,Diesel,9.86
EMP08032,Airside A,34156,17.69,2,1,Train,N/A,N/A,,Electric,10.61
EMP08033,Airside A,33754,20.05,3,1,Bus,N/A,N/A,,N/A,12.03
EMP08034,Sheltair Aviation,34349,65.91,3,5,Carpool,V344,Truck,2009,Diesel,23.73
EMP08035,Rental Car Center,34286,32.28,2,1,Car,V776,SUV,2019,Hybrid,38.74
EMP08036,Main Terminal Information Desk,33770,21.5,2,3,Rideshare,V994,Truck,2020,Gasoline,8.6
EMP08037,Airside A,34111,64.91,5,1,Car,V501,Sedan,2021,Diesel,194.73
EMP08038,Sheltair Aviation,34294,16.56,4,1,Bus,N/A,N/A,,N/A,13.25
EMP08039,Airside A,33605,9.23,3,1,Car,V763,SUV,2008,Gasoline,16.61
EMP08040,Airside D,33508,13.66,3,1,Bus,N/A,N/A,,N/A,8.2
EMP08041,Airside A,34258,64.64,5,4,Carpool,V623,Truck,2020,Hybrid,48.48
EMP08042,Main Terminal & Airside Shopping,33886,17.4,3,18,Shuttle,S004,Shuttle Bus,2006,Diesel,7.83
EMP08043,Sky Connect,33543,35.35,5,1,Car,V318,SUV,1989,Diesel,106.05
EMP08044,Airside A,34268,17.96,4,1,Car,V714,Sedan,1973,Gasoline,43.1
EMP08045,Main Terminal & Airside Shopping,33776,25.37,1,17,Shuttle,S032,Shuttle Bus,1981,Electric,3.81
EMP08046,Airside A,33801,17.1,3,1,Bus,N/A,N/A,,N/A,10.26
EMP08047,Rental Car Center,34469,49.76,4,5,Carpool,V921,Truck,1972,Gasoline,23.88
EMP08048,Airside D,33558,14.63,1,1,Bus,N/A,N/A,,N/A,2.93
EMP08049,Sheltair Aviation,33575,7.89,2,4,Carpool,V454,Minivan,2007,Electric,2.37
EMP08050,Sky Connect,34522,33.36,5,20,Shuttle,S011,Shuttle Bus,2002,Diesel,25.02
EMP08051,Airside E,34638,31.45,3,1,Car,V182,Minivan,1990,Gasoline,56.61
EMP08052,Airside F,34021,17.28,3,1,Bus,N/A,N/A,,N/A,10.37
EMP08053,Airside D,33545,11.23,4,1,Bus,N/A,N/A,,N/A,8.98
EMP08054,Airside C,34460,69.39,3,3,Rideshare,V802,Sedan,1993,Electric,41.63
EMP08055,Airside D,34107,46.22,2,2,Rideshare,V694,Truck,1994,Hybrid,27.73
EMP08056,Main Terminal Restaurants,33604,54.64,5,1,Car,V248,Sedan,1974,Gasoline,163.92
EMP08057,Main Terminal & Airside Shopping,34187,22.5,5,13,Shuttle,S031,Shuttle Bus,2016,Diesel,16.88
EMP08058,Main Terminal Restaurants,33839,22.66,3,1,Bus,N/A,N/A,,N/A,13.6
EMP08059,Main Terminal Information Desk,34020,68.09,2,17,Shuttle,S014,Shuttle Bus,1979,Electric,20.43
EMP08060,Sheltair Aviation,33550,62.28,1,1,Car,V367,SUV,1977,Hybrid,37.37
EMP08061,Airside A,33583,8.47,5,9,Shuttle,S046,Shuttle Bus,1986,Electric,6.35
EMP08062,Sheltair Aviation,33808,43.37,4,2,Rideshare,V528,SUV,1976,Gasoline,52.04
EMP08063,Main Terminal Information Desk,33621,36.77,1,5,Rideshare,V113,Minivan,1980,Diesel,4.41
EMP08064,Airside E,34161,37.89,2,4,Rideshare,V776,SUV,1991,Gasoline,11.37
EMP08065,Airside F,34425,24.3,1,5,Rideshare,V291,SUV,1997,Gasoline,2.92
EMP08066,Rental Car Center,34507,32.09,3,2,Rideshare,V372,Truck,1995,Gasoline,28.88
EMP08067,Airside C,34482,21.46,2,1,Bus,N/A,N/A,,N/A,8.58
EMP08068,Rental Car Center,34625,48.9,3,1,Car,V667,Truck,2016,Diesel,88.02
EMP08069,Sky Connect,33947,24.85,4,1,Car,V316,SUV,1978,Electric,59.64
EMP08070,Rental Car Center,34612,42.73,1,8,Shuttle,S011,Shuttle Bus,2006,Electric,6.41
EMP08071,Sheltair Aviation,33723,54.26,3,14,Shuttle,S009,Shuttle Bus,1992,Diesel,24.42
EMP08072,Main Terminal & Airside Shopping,34400,22.32,4,4,Rideshare,V485,Minivan,1992,Hybrid,13.39
EMP08073,Main Terminal Information Desk,34346,20.4,3,1,Train,N/A,N/A,,Electric,18.36
EMP08074,Airside E,34222,66.22,1,4,Rideshare,V862,Sedan,1977,Gasoline,9.93
EMP08075,Sheltair Aviation,34229,59.04,2,3,Rideshare,V115,Minivan,2011,Diesel,23.62
EMP08076,Sky Connect,33551,7,1,1,Bus,N/A,N/A,,N/A,1.4
EMP08077,Airside E,34185,36.95,3,1,Train,N/A,N/A,,Electric,33.26
EMP08078,Airside C,33591,5.5,2,3,Rideshare,V244,Truck,2008,Gasoline,2.2
EMP08079,Airside F,34190,34.18,5,5,Carpool,V649,Sedan,1991,Gasoline,20.51
EMP08080,Rental Car Center,34214,42.33,1,1,Train,N/A,N/A,,Electric,12.7
EMP08081,Airside E,33643,15.22,2,1,Train,N/A,N/A,,Electric,9.13
EMP08082,Main Terminal Restaurants,34501,67.59,1,5,Carpool,V115,SUV,1972,Diesel,8.11
EMP08083,Airside A,33538,38.01,5,4,Carpool,V855,Sedan,1986,Electric,28.51
EMP08084,Sheltair Aviation,33559,13.52,4,1,Bus,N/A,N/A,,N/A,10.82
EMP08085,Rental Car Center,33582,26.6,1,2,Carpool,V113,Truck,2008,Electric,7.98
EMP08086,Airside C,33512,13.95,4,1,Train,N/A,N/A,,Electric,16.74
EMP08087,Rental Car Center,33547,12.61,4,4,Rideshare,V823,Truck,1976,Hybrid,7.57
EMP08088,Airside A,33564,9.48,5,1,Bus,N/A,N/A,,N/A,9.48
EMP08089,Airside D,34388,33.85,5,5,Carpool,V312,Minivan,1995,Hybrid,20.31
EMP08090,Airside F,34263,59.06,3,1,Car,V607,Minivan,2016,Electric,106.31
EMP08091,Rental Car Center,33834,32.14,5,5,Rideshare,V284,Minivan,1974,Electric,19.28
EMP08092,Airside F,33842,30.56,4,3,Carpool,V333,Truck,2021,Electric,24.45
EMP08093,Airside A,33638,16.33,5,2,Carpool,V518,Truck,2003,Electric,24.49
EMP08094,Main Terminal Restaurants,33691,23.04,1,12,Shuttle,S044,Shuttle Bus,1980,Diesel,3.46
EMP08095,Airside D,34313,30.97,1,5,Carpool,V253,SUV,2011,Electric,3.72
EMP08096,Main Terminal & Airside Shopping,34383,47.13,5,9,Shuttle,S003,Shuttle Bus,1991,Electric,35.35
EMP08097,Sheltair Aviation,33767,19.99,5,1,Car,V911,Minivan,2015,Gasoline,59.97
EMP08098,Airside E,33986,63.83,3,10,Shuttle,S028,Shuttle Bus,2002,Diesel,28.72
EMP08099,Main Terminal Information Desk,33539,14.27,2,5,Rideshare,V168,Sedan,2010,Diesel,3.42
EMP08100,Airside C,33532,13.25,3,1,Train,N/A,N/A,,Electric,11.92
EMP08101,Airside D,34205,45.76,2,1,Car,V832,Minivan,1980,Gasoline,54.91
EMP08102,Main Terminal & Airside Shopping,34410,23.16,5,10,Shuttle,S008,Shuttle Bus,2002,Diesel,17.37
EMP08103,Airside C,33598,7.09,3,15,Shuttle,S011,Shuttle Bus,1994,Diesel,3.19
EMP08104,Main Terminal Information Desk,34549,22.06,3,5,Carpool,V850,SUV,1981,Hybrid,7.94
EMP08105,Airside D,34218,18.8,3,1,Car,V912,Truck,2019,Electric,33.84
EMP08106,Airside D,33516,13.03,2,1,Bus,N/A,N/A,,N/A,5.21
EMP08107,Sheltair Aviation,34548,58.95,4,1,Car,V706,Truck,1999,Diesel,141.48
EMP08108,Main Terminal & Airside Shopping,34532,24.97,2,1,Bus,N/A,N/A,,N/A,9.99
EMP08109,Sheltair Aviation,34617,33.15,1,8,Shuttle,S042,Shuttle Bus,1984,Electric,4.97
EMP08110,Airside F,33648,18.92,2,1,Train,N/A,N/A,,Electric,11.35
EMP08111,Airside C,34470,31.46,5,4,Rideshare,V514,Sedan,1988,Hybrid,23.6
EMP08112,Main Terminal & Airside Shopping,34584,52.2,5,1,Car,V794,Sedan,2009,Hybrid,156.6
EMP08113,Airside C,33577,33,5,1,Train,N/A,N/A,,Electric,49.5
EMP08114,Sheltair Aviation,33559,12.49,3,4,Carpool,V669,SUV,2007,Diesel,5.62
EMP08115,Main Terminal & Airside Shopping,33920,30.29,4,1,Car,V809,Truck,2017,Electric,72.7
EMP08116,Airside A,33535,12.84,4,1,Train,N/A,N/A,,Electric,15.41
EMP08117,Main Terminal & Airside Shopping,34655,40.24,1,4,Carpool,V806,SUV,1975,Gasoline,6.04
EMP08118,Sky Connect,34424,31.18,2,1,Car,V881,SUV,1998,Diesel,37.42
EMP08119,Rental Car Center,33514,31.06,2,16,Shuttle,S020,Shuttle Bus,2016,Electric,9.32
EMP08120,Airside A,34574,66.31,2,8,Shuttle,S048,Shuttle Bus,2000,Diesel,19.89
EMP08121,Airside D,33728,21.75,1,1,Train,N/A,N/A,,Electric,6.52
EMP08122,Main Terminal & Airside Shopping,34022,32.02,4,5,Rideshare,V842,SUV,2019,Electric,15.37
EMP08123,Airside F,33752,15.46,4,1,Train,N/A,N/A,,Electric,18.55
EMP08124,Airside F,33877,27.6,4,3,Carpool,V929,Minivan,2001,Gasoline,22.08
EMP08125,Sky Connect,33594,8.47,3,1,Car,V774,SUV,2004,Diesel,15.25
EMP08126,Main Terminal Restaurants,33539,12.26,5,16,Shuttle,S003,Shuttle Bus,1993,Diesel,9.2
EMP08127,Airside C,33629,69.96,4,5,Carpool,V152,Minivan,1972,Diesel,33.58
EMP08128,Airside F,33648,49.9,3,1,Train,N/A,N/A,,Electric,44.91
EMP08129,Main Terminal Information Desk,34389,22.96,4,1,Train,N/A,N/A,,Electric,27.55
EMP08130,Airside A,34134,38.42,5,5,Carpool,V583,Sedan,2018,Diesel,23.05
EMP08131,Main Terminal & Airside Shopping,34542,40.33,3,16,Shuttle,S005,Shuttle Bus,2003,Diesel,18.15
EMP08132,Main Terminal Restaurants,33519,12.1,1,11,Shuttle,S027,Shuttle Bus,2004,Electric,1.81
EMP08133,Sky Connect,34587,36.75,2,1,Car,V554,SUV,2010,Diesel,44.1
EMP08134,Rental Car Center,34661,45.38,5,13,Shuttle,S015,Shuttle Bus,1973,Diesel,34.04
EMP08135,Sky Connect,34558,65.52,2,5,Carpool,V380,Sedan,2022,Electric,15.72
EMP08136,Rental Car Center,34001,30.8,2,4,Rideshare,V704,Minivan,2017,Diesel,9.24
EMP08137,Airside F,33842,45.8,1,5,Carpool,V933,Truck,2010,Electric,5.5
EMP08138,Airside C,34384,57.26,1,13,Shuttle,S044,Shuttle Bus,2000,Diesel,8.59
EMP08139,Airside F,34520,51.11,4,1,Car,V166,Sedan,2020,Hybrid,122.66
EMP08140,Main Terminal & Airside Shopping,33518,13.06,1,1,Bus,N/A,N/A,,N/A,2.61
EMP08141,Airside D,34649,51.07,1,10,Shuttle,S001,Shuttle Bus,1987,Electric,7.66
EMP08142,Airside D,33570,9.32,1,1,Bus,N/A,N/A,,N/A,1.86
EMP08143,Airside A,33561,12.78,2,1,Train,N/A,N/A,,Electric,7.67
EMP08144,Airside E,34129,42.08,5,5,Rideshare,V512,Truck,2011,Diesel,25.25
EMP08145,Airside F,33579,10.05,5,1,Bus,N/A,N/A,,N/A,10.05
EMP08146,Main Terminal & Airside Shopping,33953,42.47,1,15,Shuttle,S009,Shuttle Bus,2019,Electric,6.37
EMP08147,Main Terminal Information Desk,34407,18.8,1,1,Bus,N/A,N/A,,N/A,3.76
EMP08148,Airside F,33635,48.86,3,1,Train,N/A,N/A,,Electric,43.97
EMP08149,Airside F,33622,6.67,5,1,Bus,N/A,N/A,,N/A,6.67
EMP08150,Rental Car Center,34236,63.58,4,1,Car,V398,Minivan,2005,Gasoline,152.59
EMP08151,Main Terminal & Airside Shopping,34077,24,5,1,Train,N/A,N/A,,Electric,36
EMP08152,Sheltair Aviation,34055,19.58,4,5,Carpool,V587,SUV,2013,Hybrid,9.4
EMP08153,Main Terminal & Airside Shopping,34057,63.91,5,1,Car,V326,Truck,2021,Hybrid,191.73
EMP08154,Main Terminal Information Desk,34571,15.94,4,1,Bus,N/A,N/A,,N/A,12.75
EMP08155,Sky Connect,34066,53.33,5,3,Rideshare,V617,Truck,1997,Diesel,53.33
EMP08156,Main Terminal & Airside Shopping,34550,34.38,5,1,Car,V550,SUV,1978,Hybrid,103.14
EMP08157,Airside D,33840,42.4,5,1,Train,N/A,N/A,,Electric,63.6
EMP08158,Airside F,33623,29.25,4,1,Train,N/A,N/A,,Electric,35.1
EMP08159,Airside D,34164,34.29,3,4,Carpool,V286,Sedan,2021,Hybrid,15.43
EMP08160,Main Terminal & Airside Shopping,33874,17.26,1,1,Bus,N/A,N/A,,N/A,3.45
EMP08161,Airside C,33572,5.86,5,1,Bus,N/A,N/A,,N/A,5.86
EMP08162,Rental Car Center,33558,12.91,5,2,Rideshare,V840,Sedan,1997,Gasoline,19.36
EMP08163,Airside F,33989,24.06,4,1,Bus,N/A,N/A,,N/A,19.25
EMP08164,Airside E,33561,17.21,3,1,Train,N/A,N/A,,Electric,15.49
EMP08165,Airside F,34122,38.97,1,1,Train,N/A,N/A,,Electric,11.69
EMP08166,Airside F,33747,21.24,3,1,Bus,N/A,N/A,,N/A,12.74
EMP08167,Sheltair Aviation,34549,49.14,4,2,Carpool,V426,Minivan,1980,Hybrid,58.97
EMP08168,Airside C,34346,41.71,5,1,Car,V729,Sedan,2021,Electric,125.13
EMP08169,Airside A,33534,11.75,5,1,Bus,N/A,N/A,,N/A,11.75
EMP08170,Rental Car Center,33761,36.87,1,3,Carpool,V133,Truck,2003,Diesel,7.37
EMP08171,Sheltair Aviation,34158,21.97,3,1,Bus,N/A,N/A,,N/A,13.18
EMP08172,Airside E,34326,31.91,1,2,Rideshare,V559,Truck,1990,Hybrid,9.57
EMP08173,Main Terminal Restaurants,33574,12.98,4,4,Rideshare,V317,Minivan,2002,Diesel,7.79
EMP08174,Sky Connect,34514,33.08,1,1,Car,V903,Sedan,1975,Hybrid,19.85
EMP08175,Main Terminal & Airside Shopping,33548,12.21,3,1,Car,V315,Minivan,2013,Hybrid,21.98
EMP08176,Airside C,33601,5.26,5,1,Car,V897,Sedan,2015,Gasoline,15.78
EMP08177,Main Terminal & Airside Shopping,33602,8.76,1,1,Bus,N/A,N/A,,N/A,1.75
EMP08178,Sheltair Aviation,33896,62.72,3,1,Car,V551,Sedan,2017,Electric,112.9
EMP08179,Main Terminal & Airside Shopping,34163,22.94,2,1,Car,V810,Truck,1978,Hybrid,27.53
EMP08180,Main Terminal & Airside Shopping,33687,38.97,4,1,Train,N/A,N/A,,Electric,46.76
EMP08181,Sky Connect,33983,28.81,3,1,Car,V877,SUV,1974,Electric,51.86
EMP08182,Rental Car Center,34501,23.09,3,1,Bus,N/A,N/A,,N/A,13.85
EMP08183,Main Terminal Restaurants,33510,13.31,3,5,Rideshare,V669,Minivan,2000,Diesel,4.79
EMP08184,Airside D,34263,64.63,4,2,Carpool,V341,SUV,1985,Diesel,77.56
EMP08185,Sheltair Aviation,34319,37.21,5,5,Rideshare,V843,Minivan,2001,Gasoline,22.33
EMP08186,Sky Connect,33609,6.51,1,16,Shuttle,S049,Shuttle Bus,2010,Electric,0.98
EMP08187,Sky Connect,34090,38.6,1,1,Train,N/A,N/A,,Electric,11.58
EMP08188,Airside C,34358,46.57,1,3,Rideshare,V413,SUV,2018,Electric,9.31
EMP08189,Airside D,34362,20.87,1,3,Rideshare,V677,Sedan,1985,Diesel,4.17
EMP08190,Main Terminal Information Desk,33529,11.78,1,1,Train,N/A,N/A,,Electric,3.53
EMP08191,Airside E,33545,55.99,5,11,Shuttle,S039,Shuttle Bus,1995,Electric,41.99
EMP08192,Airside D,33673,39.34,1,3,Carpool,V381,SUV,2016,Hybrid,7.87
EMP08193,Main Terminal Restaurants,33511,11.42,5,1,Bus,N/A,N/A,,N/A,11.42
EMP08194,Airside A,33551,14.59,2,1,Bus,N/A,N/A,,N/A,5.84
EMP08195,Main Terminal & Airside Shopping,34556,21.23,5,1,Bus,N/A,N/A,,N/A,21.23
EMP08196,Airside E,33929,54.33,1,5,Carpool,V456,Minivan,1982,Electric,6.52
EMP08197,Sky Connect,34258,38.47,4,2,Carpool,V906,Sedan,2020,Gasoline,46.16
EMP08198,Airside D,34317,50.55,2,1,Car,V566,Minivan,1977,Electric,60.66
EMP08199,Main Terminal & Airside Shopping,34295,18.12,5,1,Bus,N/A,N/A,,N/A,18.12
EMP08200,Rental Car Center,33763,30.03,2,19,Shuttle,S047,Shuttle Bus,2011,Diesel,9.01
EMP08201,Airside D,34544,22.73,4,1,Train,N/A,N/A,,Electric,27.28
EMP08202,Airside F,33625,6.1,1,1,Bus,N/A,N/A,,N/A,1.22
EMP08203,Main Terminal & Airside Shopping,34228,19.07,3,1,Bus,N/A,N/A,,N/A,11.44
EMP08204,Main Terminal Information Desk,33770,45.65,1,1,Train,N/A,N/A,,Electric,13.69
EMP08205,Airside A,34185,35.43,3,1,Train,N/A,N/A,,Electric,31.89
EMP08206,Airside D,34602,65.95,1,10,Shuttle,S046,Shuttle Bus,2002,Electric,9.89
EMP08207,Airside D,33598,7.17,5,3,Carpool,V513,Minivan,1992,Hybrid,7.17
EMP08208,Airside C,34497,59.5,4,5,Carpool,V884,Truck,1999,Electric,28.56
EMP08209,Sky Connect,34356,19.56,5,1,Train,N/A,N/A,,Electric,29.34
EMP08210,Rental Car Center,34536,18.42,5,1,Car,V337,Minivan,1996,Gasoline,55.26
EMP08211,Airside D,34037,28.54,5,1,Car,V698,Truck,1993,Gasoline,85.62
EMP08212,Rental Car Center,34076,56.08,5,2,Rideshare,V366,Truck,2001,Electric,84.12
EMP08213,Airside D,34427,30.9,4,2,Carpool,V470,SUV,2003,Hybrid,37.08
EMP08214,Airside D,33579,14.08,2,5,Rideshare,V165,Minivan,2011,Gasoline,3.38
EMP08215,Rental Car Center,33834,58.24,3,5,Rideshare,V383,Minivan,1996,Gasoline,20.97
EMP08216,Main Terminal Information Desk,33628,9.24,1,3,Rideshare,V358,Sedan,2002,Electric,1.85
EMP08217,Airside A,34644,44.12,4,3,Carpool,V333,Sedan,2017,Hybrid,35.3
EMP08218,Main Terminal & Airside Shopping,33522,12.85,5,1,Train,N/A,N/A,,Electric,19.27
EMP08219,Sheltair Aviation,34262,54.44,5,1,Car,V591,Minivan,2003,Electric,163.32
EMP08220,Airside A,33560,35.16,4,13,Shuttle,S007,Shuttle Bus,1999,Diesel,21.1
EMP08221,Rental Car Center,33855,32.19,5,11,Shuttle,S021,Shuttle Bus,1989,Electric,24.14
EMP08222,Main Terminal Information Desk,34186,21.26,4,1,Train,N/A,N/A,,Electric,25.51
EMP08223,Sheltair Aviation,33561,6.55,2,1,Bus,N/A,N/A,,N/A,2.62
EMP08224,Main Terminal Information Desk,33616,7.9,1,1,Bus,N/A,N/A,,N/A,1.58
EMP08225,Main Terminal & Airside Shopping,34400,50.45,4,5,Carpool,V171,Minivan,1983,Electric,24.22
EMP08226,Airside F,33925,50.14,5,5,Carpool,V347,Sedan,1999,Gasoline,30.08
EMP08227,Airside F,34120,36.31,4,3,Carpool,V410,Minivan,1988,Gasoline,29.05
EMP08228,Rental Car Center,33554,12.98,4,5,Rideshare,V680,Truck,1979,Electric,6.23
EMP08229,Main Terminal Information Desk,33960,58.37,3,1,Car,V404,Minivan,2014,Hybrid,105.07
EMP08230,Airside F,34088,62.63,5,4,Rideshare,V235,Sedan,1981,Gasoline,46.97
EMP08231,Sheltair Aviation,33571,7,4,1,Bus,N/A,N/A,,N/A,5.6
EMP08232,Airside A,33719,24.1,1,1,Train,N/A,N/A,,Electric,7.23
EMP08233,Airside E,34058,26.12,5,1,Train,N/A,N/A,,Electric,39.18
EMP08234,Airside D,33576,10.66,2,1,Train,N/A,N/A,,Electric,6.4
EMP08235,Airside A,33833,57.96,5,1,Car,V463,Sedan,1981,Diesel,173.88
EMP08236,Main Terminal & Airside Shopping,34273,29.78,1,4,Rideshare,V637,Minivan,2016,Electric,4.47
EMP08237,Rental Car Center,33555,6.48,5,1,Bus,N/A,N/A,,N/A,6.48
EMP08238,Airside A,33902,16.37,5,1,Car,V292,SUV,1975,Gasoline,49.11
EMP08239,Main Terminal Restaurants,34057,32.91,3,2,Carpool,V420,Sedan,2000,Electric,29.62
EMP08240,Main Terminal Restaurants,33797,48.01,3,1,Train,N/A,N/A,,Electric,43.21
EMP08241,Main Terminal Information Desk,34417,24.98,5,1,Bus,N/A,N/A,,N/A,24.98
EMP08242,Airside C,34466,29.17,2,15,Shuttle,S047,Shuttle Bus,1986,Diesel,8.75
EMP08243,Airside F,34439,29.75,2,4,Carpool,V258,Truck,2002,Gasoline,8.92
EMP08244,Airside C,34025,49.94,3,1,Train,N/A,N/A,,Electric,44.95
EMP08245,Main Terminal Restaurants,34330,17.59,4,1,Bus,N/A,N/A,,N/A,14.07
EMP08246,Airside C,34308,20.9,2,1,Bus,N/A,N/A,,N/A,8.36
EMP08247,Airside A,33633,55.81,4,12,Shuttle,S001,Shuttle Bus,1997,Diesel,33.49
EMP08248,Airside C,33692,22.22,3,1,Train,N/A,N/A,,Electric,20
EMP08249,Sheltair Aviation,33869,50.23,4,11,Shuttle,S041,Shuttle Bus,1988,Electric,30.14
EMP08250,Main Terminal Restaurants,34376,49.73,2,4,Carpool,V817,Truck,1985,Hybrid,14.92
EMP08251,Airside D,33524,11.73,1,1,Bus,N/A,N/A,,N/A,2.35
EMP08252,Sheltair Aviation,33577,14.39,2,1,Car,V855,Truck,1972,Electric,17.27
EMP08253,Main Terminal Information Desk,34033,69.5,2,14,Shuttle,S020,Shuttle Bus,2019,Diesel,20.85
EMP08254,Airside C,33530,11.48,5,1,Train,N/A,N/A,,Electric,17.22
EMP08255,Sky Connect,34170,18.79,1,1,Train,N/A,N/A,,Electric,5.64
EMP08256,Sheltair Aviation,34242,25.12,3,3,Carpool,V945,Truck,1988,Diesel,15.07
EMP08257,Main Terminal Restaurants,34591,42.62,4,10,Shuttle,S043,Shuttle Bus,2011,Electric,25.57
EMP08258,Sheltair Aviation,34602,19.19,4,1,Car,V955,Sedan,1973,Diesel,46.06
EMP08259,Sky Connect,33649,62.65,4,4,Rideshare,V856,SUV,2002,Hybrid,37.59
EMP08260,Airside A,33736,15.05,3,1,Bus,N/A,N/A,,N/A,9.03
EMP08261,Sky Connect,34329,22.63,3,8,Shuttle,S045,Shuttle Bus,2000,Diesel,10.18
EMP08262,Sheltair Aviation,34145,57.84,1,4,Rideshare,V527,Truck,2009,Hybrid,8.68
EMP08263,Airside C,33628,8.82,1,5,Carpool,V777,Sedan,1996,Electric,1.06
EMP08264,Airside C,33552,11.38,5,1,Car,V323,Minivan,2015,Electric,34.14
EMP08265,Airside E,33975,52.71,2,2,Rideshare,V423,Sedan,2008,Hybrid,31.63
EMP08266,Main Terminal & Airside Shopping,34055,42.1,2,4,Rideshare,V660,SUV,1983,Gasoline,12.63
EMP08267,Main Terminal Restaurants,34696,61.21,1,2,Rideshare,V898,SUV,1991,Diesel,18.36
EMP08268,Airside C,33660,20.45,3,1,Train,N/A,N/A,,Electric,18.41
EMP08269,Main Terminal Information Desk,34060,23.39,4,1,Train,N/A,N/A,,Electric,28.07
EMP08270,Airside A,33577,35.18,2,2,Rideshare,V877,SUV,1991,Hybrid,21.11
EMP08271,Sheltair Aviation,33881,16.68,2,10,Shuttle,S025,Shuttle Bus,1998,Diesel,5
EMP08272,Airside A,33552,10.84,3,4,Rideshare,V938,Minivan,2015,Diesel,4.88
EMP08273,Sky Connect,34260,35.43,5,5,Rideshare,V915,Minivan,1978,Hybrid,21.26
EMP08274,Main Terminal Information Desk,33537,14.26,2,1,Train,N/A,N/A,,Electric,8.56
EMP08275,Rental Car Center,33972,27.46,5,4,Carpool,V130,Sedan,1986,Hybrid,20.59
EMP08276,Airside C,34604,23.31,5,1,Train,N/A,N/A,,Electric,34.96
EMP08277,Main Terminal Restaurants,33564,12.64,5,1,Bus,N/A,N/A,,N/A,12.64
EMP08278,Sky Connect,34658,43.64,5,2,Carpool,V593,Truck,1994,Diesel,65.46
EMP08279,Sky Connect,34624,21.63,5,5,Carpool,V112,SUV,2005,Gasoline,12.98
EMP08280,Sky Connect,34385,44.25,5,1,Train,N/A,N/A,,Electric,66.38
EMP08281,Main Terminal Restaurants,33574,12.64,5,20,Shuttle,S019,Shuttle Bus,1985,Electric,9.48
EMP08282,Sheltair Aviation,34098,41.47,1,15,Shuttle,S022,Shuttle Bus,1982,Electric,6.22
EMP08283,Airside E,34328,18.4,3,18,Shuttle,S041,Shuttle Bus,2004,Electric,8.28
EMP08284,Airside A,33703,47.38,2,5,Carpool,V465,Minivan,1973,Electric,11.37
EMP08285,Main Terminal Restaurants,34630,50.2,5,1,Car,V780,Sedan,2000,Diesel,150.6
EMP08286,Airside A,33822,20.36,3,1,Bus,N/A,N/A,,N/A,12.22
EMP08287,Airside A,34503,15.68,4,2,Rideshare,V313,Truck,1999,Gasoline,18.82
EMP08288,Sheltair Aviation,33576,14.87,3,1,Bus,N/A,N/A,,N/A,8.92
EMP08289,Airside D,33945,16.44,4,1,Bus,N/A,N/A,,N/A,13.15
EMP08290,Rental Car Center,34110,42.01,1,3,Carpool,V944,Truck,1998,Hybrid,8.4
EMP08291,Airside A,33707,53.43,4,11,Shuttle,S037,Shuttle Bus,2013,Electric,32.06
EMP08292,Airside C,33563,20.58,5,1,Train,N/A,N/A,,Electric,30.87
EMP08293,Airside C,33515,13.45,2,1,Car,V875,SUV,2010,Electric,16.14
EMP08294,Main Terminal Information Desk,34364,18.57,5,2,Carpool,V228,Truck,1992,Electric,27.85
EMP08295,Airside C,34360,35.89,4,14,Shuttle,S018,Shuttle Bus,1992,Electric,21.53
EMP08296,Airside C,34673,57.34,4,1,Car,V454,SUV,1984,Diesel,137.62
EMP08297,Main Terminal Information Desk,33776,45.52,4,4,Rideshare,V656,Sedan,2000,Diesel,27.31
EMP08298,Airside C,33510,59.17,2,8,Shuttle,S005,Shuttle Bus,1984,Electric,17.75
EMP08299,Airside C,33928,24.02,5,11,Shuttle,S006,Shuttle Bus,1998,Electric,18.02
EMP08300,Airside E,33621,40.74,1,1,Train,N/A,N/A,,Electric,12.22
EMP08301,Main Terminal Information Desk,34273,43.46,1,5,Rideshare,V315,Truck,2009,Gasoline,5.22
EMP08302,Sky Connect,34170,24.7,1,1,Bus,N/A,N/A,,N/A,4.94
EMP08303,Airside E,33697,42.56,2,1,Train,N/A,N/A,,Electric,25.54
EMP08304,Main Terminal & Airside Shopping,33577,8.29,2,1,Bus,N/A,N/A,,N/A,3.32
EMP08305,Airside E,33585,5.36,4,4,Rideshare,V218,Minivan,2021,Gasoline,3.22
EMP08306,Main Terminal & Airside Shopping,33557,8.94,4,1,Car,V565,Minivan,2010,Diesel,21.46
EMP08307,Main Terminal Information Desk,33618,7.29,5,1,Bus,N/A,N/A,,N/A,7.29
EMP08308,Rental Car Center,33750,39.67,1,4,Carpool,V140,Sedan,2016,Gasoline,5.95
EMP08309,Main Terminal Information Desk,34531,32.91,5,2,Carpool,V582,Truck,1972,Gasoline,49.36
EMP08310,Airside C,33624,42.9,1,15,Shuttle,S048,Shuttle Bus,1980,Electric,6.43
EMP08311,Main Terminal & Airside Shopping,34177,38.01,4,5,Rideshare,V565,Truck,1989,Hybrid,18.24
EMP08312,Main Terminal Information Desk,34024,23.31,1,1,Train,N/A,N/A,,Electric,6.99
EMP08313,Airside F,33590,6.69,4,1,Bus,N/A,N/A,,N/A,5.35
EMP08314,Sheltair Aviation,34501,47.77,3,1,Train,N/A,N/A,,Electric,42.99
EMP08315,Rental Car Center,34694,38.62,1,1,Car,V860,SUV,1994,Electric,23.17
EMP08316,Sky Connect,33548,12.27,5,5,Rideshare,V322,SUV,2016,Gasoline,7.36
EMP08317,Sky Connect,34146,61.45,3,1,Car,V298,SUV,1979,Hybrid,110.61
EMP08318,Airside F,34615,33.06,3,1,Car,V126,SUV,1987,Electric,59.51
EMP08319,Airside A,33815,48.04,1,1,Car,V887,Minivan,1989,Electric,28.82
EMP08320,Main Terminal Restaurants,33594,8.39,3,5,Rideshare,V931,SUV,1986,Electric,3.02
EMP08321,Airside D,33931,67.13,1,14,Shuttle,S034,Shuttle Bus,2014,Diesel,10.07
EMP08322,Main Terminal Restaurants,33610,5.54,1,1,Car,V939,SUV,1986,Diesel,3.32
EMP08323,Airside A,33683,67.69,3,3,Carpool,V920,Minivan,2005,Diesel,40.61
EMP08324,Main Terminal & Airside Shopping,33664,19.38,2,2,Carpool,V666,Truck,1979,Gasoline,11.63
EMP08325,Sky Connect,34379,61.48,5,19,Shuttle,S045,Shuttle Bus,1976,Diesel,46.11
EMP08326,Airside C,33588,7.76,3,2,Carpool,V818,Truck,1997,Diesel,6.98
EMP08327,Airside A,33567,12.68,3,1,Bus,N/A,N/A,,N/A,7.61
EMP08328,Main Terminal Information Desk,33829,19.25,1,2,Carpool,V209,Minivan,1984,Electric,5.77
EMP08329,Sky Connect,34656,41.51,1,1,Car,V971,Sedan,1991,Electric,24.91
EMP08330,Main Terminal & Airside Shopping,34308,19.09,2,1,Bus,N/A,N/A,,N/A,7.64
EMP08331,Airside E,33811,51.29,3,1,Car,V595,Minivan,2008,Diesel,92.32
EMP08332,Sheltair Aviation,33711,22.42,1,1,Bus,N/A,N/A,,N/A,4.48
EMP08333,Airside A,34371,22.4,1,1,Bus,N/A,N/A,,N/A,4.48
EMP08334,Sky Connect,34443,16.58,5,1,Bus,N/A,N/A,,N/A,16.58
EMP08335,Airside D,33520,13.6,3,1,Bus,N/A,N/A,,N/A,8.16
EMP08336,Airside D,34272,17.83,2,1,Bus,N/A,N/A,,N/A,7.13
EMP08337,Rental Car Center,33892,58.18,4,4,Rideshare,V398,Minivan,1988,Diesel,34.91
EMP08338,Main Terminal Restaurants,34409,48.56,3,5,Carpool,V651,Minivan,1990,Electric,17.48
EMP08339,Main Terminal Information Desk,33737,16.89,5,4,Carpool,V741,Minivan,1974,Electric,12.67
EMP08340,Airside A,34483,34.22,2,3,Carpool,V202,Sedan,2003,Hybrid,13.69
EMP08341,Sheltair Aviation,34278,19.63,1,17,Shuttle,S046,Shuttle Bus,2013,Diesel,2.94
EMP08342,Sheltair Aviation,34275,18.46,1,1,Bus,N/A,N/A,,N/A,3.69
EMP08343,Sheltair Aviation,34278,69.82,5,1,Car,V244,SUV,1988,Diesel,209.46
EMP08344,Airside A,34562,16.51,3,15,Shuttle,S010,Shuttle Bus,2001,Electric,7.43
EMP08345,Rental Car Center,33519,10.56,1,1,Bus,N/A,N/A,,N/A,2.11
EMP08346,Main Terminal Restaurants,34205,48.37,5,19,Shuttle,S044,Shuttle Bus,2000,Diesel,36.28
EMP08347,Airside F,33687,49.79,3,1,Train,N/A,N/A,,Electric,44.81
EMP08348,Main Terminal & Airside Shopping,33563,12.46,5,2,Carpool,V660,SUV,1990,Gasoline,18.69
EMP08349,Main Terminal Restaurants,33665,15.42,4,14,Shuttle,S043,Shuttle Bus,2007,Diesel,9.25
EMP08350,Airside A,33618,38.09,5,1,Train,N/A,N/A,,Electric,57.14
EMP08351,Main Terminal Restaurants,33941,67.85,5,1,Car,V304,Truck,1994,Hybrid,203.55
EMP08352,Rental Car Center,34158,66.16,4,3,Carpool,V640,Minivan,2015,Gasoline,52.93
EMP08353,Sky Connect,33628,8.23,4,1,Bus,N/A,N/A,,N/A,6.58
EMP08354,Sheltair Aviation,33859,20.63,3,5,Carpool,V818,Truck,1973,Hybrid,7.43
EMP08355,Airside C,34349,19.43,4,15,Shuttle,S010,Shuttle Bus,1992,Diesel,11.66
EMP08356,Sky Connect,34057,20.47,3,1,Bus,N/A,N/A,,N/A,12.28
EMP08357,Airside A,34085,32.82,4,1,Train,N/A,N/A,,Electric,39.38
EMP08358,Main Terminal Information Desk,33525,11.01,2,3,Rideshare,V640,Minivan,2009,Diesel,4.4
EMP08359,Airside D,33549,33.47,4,1,Train,N/A,N/A,,Electric,40.16
EMP08360,Rental Car Center,34187,64.12,2,17,Shuttle,S007,Shuttle Bus,1992,Electric,19.24
EMP08361,Sheltair Aviation,34639,57.39,5,2,Carpool,V456,Truck,2018,Hybrid,86.08
EMP08362,Sky Connect,34444,27.08,4,3,Carpool,V310,Minivan,1978,Diesel,21.66
EMP08363,Airside C,33830,20.82,3,2,Carpool,V502,Minivan,1993,Electric,18.74
EMP08364,Airside F,33563,7.74,1,4,Rideshare,V987,Minivan,2001,Hybrid,1.16
EMP08365,Airside D,34261,21.02,4,1,Bus,N/A,N/A,,N/A,16.82
EMP08366,Airside E,34321,55.16,3,5,Carpool,V880,Truck,2017,Gasoline,19.86
EMP08367,Main Terminal & Airside Shopping,33636,43.56,2,1,Train,N/A,N/A,,Electric,26.14
EMP08368,Main Terminal Information Desk,33713,53.08,1,5,Rideshare,V480,SUV,1978,Diesel,6.37
EMP08369,Sheltair Aviation,34171,33.55,3,1,Train,N/A,N/A,,Electric,30.2
EMP08370,Airside D,34169,55.6,4,8,Shuttle,S001,Shuttle Bus,1989,Diesel,33.36
EMP08371,Main Terminal Restaurants,33550,10.22,3,1,Bus,N/A,N/A,,N/A,6.13
EMP08372,Sky Connect,33561,11.35,4,1,Car,V419,Minivan,1981,Electric,27.24
EMP08373,Sky Connect,34617,43.59,1,3,Rideshare,V221,SUV,2009,Diesel,8.72
EMP08374,Main Terminal Information Desk,33571,13.53,1,1,Bus,N/A,N/A,,N/A,2.71
EMP08375,Sky Connect,34086,39.24,2,4,Carpool,V752,SUV,2011,Diesel,11.77
EMP08376,Airside D,34608,45.69,2,4,Rideshare,V496,Sedan,1986,Gasoline,13.71
EMP08377,Sheltair Aviation,34133,57.91,3,3,Carpool,V598,Sedan,2001,Electric,34.75
EMP08378,Main Terminal Restaurants,34036,65.11,4,2,Rideshare,V205,Sedan,1979,Gasoline,78.13
EMP08379,Airside A,34510,23.72,1,12,Shuttle,S015,Shuttle Bus,2019,Diesel,3.56
EMP08380,Sheltair Aviation,34141,39.57,5,3,Carpool,V388,Truck,2016,Gasoline,39.57
EMP08381,Sheltair Aviation,34439,54.25,2,1,Car,V175,Minivan,1986,Diesel,65.1
EMP08382,Main Terminal Information Desk,34221,20.8,1,1,Bus,N/A,N/A,,N/A,4.16
EMP08383,Main Terminal & Airside Shopping,33898,31.48,5,13,Shuttle,S039,Shuttle Bus,1985,Diesel,23.61
EMP08384,Rental Car Center,34124,28.19,4,1,Car,V599,Truck,1977,Hybrid,67.66
EMP08385,Airside A,33956,20.92,1,1,Train,N/A,N/A,,Electric,6.28
EMP08386,Airside A,33827,35.06,5,1,Train,N/A,N/A,,Electric,52.59
EMP08387,Airside E,34324,43.12,1,1,Train,N/A,N/A,,Electric,12.94
EMP08388,Airside D,34296,50.98,5,1,Car,V669,Truck,2003,Hybrid,152.94
EMP08389,Airside A,34451,66,5,3,Carpool,V357,Minivan,2003,Hybrid,66
EMP08390,Airside E,34490,24.77,3,1,Bus,N/A,N/A,,N/A,14.86
EMP08391,Airside E,33845,34.08,1,1,Train,N/A,N/A,,Electric,10.22
EMP08392,Airside F,34155,41.42,4,1,Train,N/A,N/A,,Electric,49.7
EMP08393,Main Terminal & Airside Shopping,33527,52.23,4,2,Carpool,V473,Sedan,1992,Gasoline,62.68
EMP08394,Sheltair Aviation,34629,45.93,5,1,Car,V107,Sedan,1991,Diesel,137.79
EMP08395,Airside A,33899,34.54,3,1,Car,V650,Minivan,2020,Diesel,62.17
EMP08396,Sky Connect,33569,11.64,5,1,Bus,N/A,N/A,,N/A,11.64
EMP08397,Sheltair Aviation,33890,45.59,2,2,Carpool,V565,Sedan,1996,Gasoline,27.35
EMP08398,Airside A,34424,19.64,1,1,Train,N/A,N/A,,Electric,5.89
EMP08399,Rental Car Center,33975,15.05,2,10,Shuttle,S046,Shuttle Bus,2004,Electric,4.51
EMP08400,Main Terminal & Airside Shopping,33731,32.73,4,10,Shuttle,S024,Shuttle Bus,1988,Electric,19.64
EMP08401,Airside C,33565,14,1,2,Rideshare,V958,Sedan,2012,Diesel,4.2
EMP08402,Main Terminal Information Desk,33897,19.08,2,17,Shuttle,S045,Shuttle Bus,1984,Electric,5.72
EMP08403,Airside E,33943,35.63,5,14,Shuttle,S022,Shuttle Bus,2017,Diesel,26.72
EMP08404,Airside D,34299,38.73,2,1,Train,N/A,N/A,,Electric,23.24
EMP08405,Airside F,33577,14.44,5,1,Train,N/A,N/A,,Electric,21.66
EMP08406,Main Terminal Information Desk,34226,20.85,3,17,Shuttle,S023,Shuttle Bus,1975,Diesel,9.38
EMP08407,Airside A,34017,27.68,2,1,Train,N/A,N/A,,Electric,16.61
EMP08408,Airside F,34432,46.89,3,4,Rideshare,V627,SUV,1998,Diesel,21.1
EMP08409,Airside D,34612,18.49,2,1,Bus,N/A,N/A,,N/A,7.4
EMP08410,Rental Car Center,33560,8.62,4,1,Car,V458,Sedan,1996,Hybrid,20.69
EMP08411,Sky Connect,33534,14.98,3,1,Bus,N/A,N/A,,N/A,8.99
EMP08412,Airside A,34385,26.9,2,17,Shuttle,S006,Shuttle Bus,1984,Electric,8.07
EMP08413,Rental Car Center,33546,12.68,1,1,Train,N/A,N/A,,Electric,3.8
EMP08414,Airside C,34234,22.91,4,1,Bus,N/A,N/A,,N/A,18.33
EMP08415,Sheltair Aviation,33586,49.97,2,18,Shuttle,S012,Shuttle Bus,1997,Electric,14.99
EMP08416,Rental Car Center,33696,37.68,5,1,Train,N/A,N/A,,Electric,56.52
EMP08417,Airside D,33645,48.1,3,2,Rideshare,V584,Sedan,2008,Diesel,43.29
EMP08418,Sky Connect,34597,49.28,3,4,Rideshare,V376,Minivan,2015,Hybrid,22.18
EMP08419,Airside A,33856,31.13,5,1,Car,V288,Minivan,1990,Electric,93.39
EMP08420,Main Terminal Restaurants,34510,54.16,5,8,Shuttle,S043,Shuttle Bus,1983,Diesel,40.62
EMP08421,Airside A,33546,52.48,5,1,Car,V567,Truck,2018,Gasoline,157.44
EMP08422,Airside C,34131,27.2,4,1,Train,N/A,N/A,,Electric,32.64
EMP08423,Airside F,33591,5.72,3,15,Shuttle,S044,Shuttle Bus,1983,Diesel,2.57
EMP08424,Sheltair Aviation,34176,44.26,2,1,Train,N/A,N/A,,Electric,26.56
EMP08425,Main Terminal Restaurants,34363,51.92,3,18,Shuttle,S033,Shuttle Bus,2008,Diesel,23.36
EMP08426,Sky Connect,33502,64.77,4,2,Rideshare,V447,Sedan,1989,Gasoline,77.72
EMP08427,Airside E,34059,69.3,4,3,Carpool,V400,SUV,1998,Hybrid,55.44
EMP08428,Main Terminal Information Desk,33567,8.12,1,8,Shuttle,S023,Shuttle Bus,1983,Diesel,1.22
EMP08429,Rental Car Center,34481,20.79,1,14,Shuttle,S009,Shuttle Bus,2009,Electric,3.12
EMP08430,Airside D,33629,9.62,1,1,Bus,N/A,N/A,,N/A,1.92
EMP08431,Main Terminal Restaurants,33570,6.97,4,1,Bus,N/A,N/A,,N/A,5.58
EMP08432,Airside D,34492,49.18,4,1,Train,N/A,N/A,,Electric,59.02
EMP08433,Airside D,33539,10.92,4,1,Bus,N/A,N/A,,N/A,8.74
EMP08434,Airside A,34182,61.61,5,11,Shuttle,S029,Shuttle Bus,2020,Diesel,46.21
EMP08435,Sheltair Aviation,33623,22.94,5,1,Train,N/A,N/A,,Electric,34.41
EMP08436,Rental Car Center,33575,60.68,1,1,Car,V355,Minivan,1995,Hybrid,36.41
EMP08437,Sheltair Aviation,33720,15.36,3,1,Bus,N/A,N/A,,N/A,9.22
EMP08438,Sky Connect,33775,53.32,3,1,Car,V794,Sedan,2003,Diesel,95.98
EMP08439,Airside E,33569,10.04,1,4,Carpool,V567,Truck,1978,Diesel,1.51
EMP08440,Airside F,33531,13.8,5,1,Bus,N/A,N/A,,N/A,13.8
EMP08441,Sky Connect,33552,12.59,4,1,Bus,N/A,N/A,,N/A,10.07
EMP08442,Main Terminal Information Desk,33784,55.16,3,4,Rideshare,V621,Truck,1997,Electric,24.82
EMP08443,Sky Connect,33550,32.04,4,4,Rideshare,V880,Minivan,2002,Electric,19.22
EMP08444,Airside D,34575,45.62,4,1,Train,N/A,N/A,,Electric,54.74
EMP08445,Airside E,34544,64.53,4,12,Shuttle,S031,Shuttle Bus,1983,Diesel,38.72
EMP08446,Airside F,33514,13.38,1,1,Car,V451,SUV,2004,Hybrid,8.03
EMP08447,Airside D,33551,10.23,3,1,Bus,N/A,N/A,,N/A,6.14
EMP08448,Airside F,34543,53.84,3,5,Carpool,V239,Truck,1991,Hybrid,19.38
EMP08449,Sheltair Aviation,34089,58.71,5,12,Shuttle,S030,Shuttle Bus,2011,Diesel,44.03
EMP08450,Airside D,33555,11.4,3,1,Car,V436,Sedan,1985,Electric,20.52
EMP08451,Airside F,34375,40.7,4,2,Carpool,V764,Truck,1993,Gasoline,48.84
EMP08452,Airside C,34306,49.73,1,1,Train,N/A,N/A,,Electric,14.92
EMP08453,Sheltair Aviation,33576,13.55,2,1,Car,V976,Minivan,1987,Hybrid,16.26
EMP08454,Sheltair Aviation,33549,14.7,3,1,Train,N/A,N/A,,Electric,13.23
EMP08455,Rental Car Center,34677,59.88,2,3,Rideshare,V781,Sedan,1974,Diesel,23.95
EMP08456,Airside F,33656,60.01,2,12,Shuttle,S040,Shuttle Bus,1976,Electric,18
EMP08457,Main Terminal Information Desk,33574,10.72,1,9,Shuttle,S001,Shuttle Bus,2000,Diesel,1.61
EMP08458,Main Terminal & Airside Shopping,34159,15.22,4,1,Bus,N/A,N/A,,N/A,12.18
EMP08459,Airside F,34103,23.28,1,1,Bus,N/A,N/A,,N/A,4.66
EMP08460,Sky Connect,34564,48.71,1,1,Train,N/A,N/A,,Electric,14.61
EMP08461,Main Terminal Restaurants,34398,43.89,2,1,Train,N/A,N/A,,Electric,26.33
EMP08462,Airside C,34102,25.13,2,5,Rideshare,V358,Minivan,1975,Diesel,6.03
EMP08463,Sheltair Aviation,34558,63.38,4,5,Rideshare,V832,SUV,1992,Electric,30.42
EMP08464,Airside C,33575,14.06,1,1,Bus,N/A,N/A,,N/A,2.81
EMP08465,Sheltair Aviation,34347,22.56,4,1,Bus,N/A,N/A,,N/A,18.05
EMP08466,Airside D,33515,11.5,3,16,Shuttle,S035,Shuttle Bus,2020,Electric,5.17
EMP08467,Airside F,34348,33.85,5,1,Car,V266,Truck,2020,Gasoline,101.55
EMP08468,Main Terminal Information Desk,33511,13.8,1,1,Train,N/A,N/A,,Electric,4.14
EMP08469,Main Terminal Restaurants,34406,25.85,1,3,Carpool,V479,Sedan,1996,Hybrid,5.17
EMP08470,Main Terminal Information Desk,34588,45.47,1,3,Rideshare,V444,Truck,1982,Hybrid,9.09
EMP08471,Sky Connect,33549,13.62,4,1,Bus,N/A,N/A,,N/A,10.9
EMP08472,Main Terminal Restaurants,33896,26.05,1,1,Train,N/A,N/A,,Electric,7.81
EMP08473,Main Terminal & Airside Shopping,33537,11.13,1,1,Train,N/A,N/A,,Electric,3.34
EMP08474,Airside A,34051,18.91,5,1,Bus,N/A,N/A,,N/A,18.91
EMP08475,Main Terminal Information Desk,34213,57.49,1,3,Carpool,V211,Truck,1999,Diesel,11.5
EMP08476,Airside F,33530,14.22,3,13,Shuttle,S013,Shuttle Bus,1979,Diesel,6.4
EMP08477,Main Terminal Restaurants,33531,11.71,5,8,Shuttle,S019,Shuttle Bus,1998,Electric,8.78
EMP08478,Main Terminal Restaurants,33563,7.14,1,1,Bus,N/A,N/A,,N/A,1.43
EMP08479,Main Terminal & Airside Shopping,33925,30.46,4,4,Carpool,V205,Truck,1999,Hybrid,18.28
EMP08480,Rental Car Center,33911,67.91,5,5,Carpool,V607,SUV,1974,Gasoline,40.75
EMP08481,Airside E,34081,16.39,1,5,Carpool,V232,Sedan,1978,Gasoline,1.97
EMP08482,Airside A,33630,5.38,1,1,Bus,N/A,N/A,,N/A,1.08
EMP08483,Main Terminal Information Desk,33587,5.68,2,1,Bus,N/A,N/A,,N/A,2.27
EMP08484,Airside D,34350,49.51,2,4,Carpool,V285,Sedan,1986,Electric,14.85
EMP08485,Airside F,34068,67.4,3,5,Carpool,V827,Sedan,1984,Electric,24.26
EMP08486,Sheltair Aviation,33577,31.38,5,5,Carpool,V438,SUV,1978,Diesel,18.83
EMP08487,Airside C,33636,5.3,1,4,Rideshare,V459,SUV,2010,Gasoline,0.79
EMP08488,Main Terminal Information Desk,34539,40.71,2,5,Carpool,V144,Truck,1993,Hybrid,9.77
EMP08489,Sheltair Aviation,33894,25.6,5,4,Rideshare,V152,Minivan,1991,Diesel,19.2
EMP08490,Airside F,33527,10.2,3,5,Rideshare,V362,SUV,1976,Gasoline,3.67
EMP08491,Main Terminal Restaurants,33985,51.8,3,20,Shuttle,S003,Shuttle Bus,1997,Electric,23.31
EMP08492,Airside C,33534,39.36,2,1,Car,V372,Sedan,2012,Hybrid,47.23
EMP08493,Sheltair Aviation,33823,27.15,5,1,Train,N/A,N/A,,Electric,40.72
EMP08494,Main Terminal Information Desk,34048,61.54,2,3,Rideshare,V618,Sedan,1976,Electric,24.62
EMP08495,Airside A,33948,56.45,4,3,Rideshare,V474,Truck,1984,Hybrid,45.16
EMP08496,Main Terminal & Airside Shopping,34636,67.39,5,4,Carpool,V638,Sedan,1993,Diesel,50.54
EMP08497,Sky Connect,34108,58.37,2,5,Rideshare,V693,Minivan,1997,Gasoline,14.01
EMP08498,Airside A,33927,60.09,3,5,Rideshare,V637,SUV,1980,Gasoline,21.63
EMP08499,Main Terminal Information Desk,34394,20.54,2,1,Train,N/A,N/A,,Electric,12.32
EMP08500,Sheltair Aviation,33623,9.11,1,1,Bus,N/A,N/A,,N/A,1.82
EMP08501,Sheltair Aviation,34078,22.18,1,4,Rideshare,V479,Minivan,2016,Gasoline,3.33
EMP08502,Airside C,33551,8.49,3,1,Bus,N/A,N/A,,N/A,5.09
EMP08503,Main Terminal Restaurants,33594,6.42,4,1,Bus,N/A,N/A,,N/A,5.14
EMP08504,Main Terminal Restaurants,33626,26.01,5,1,Train,N/A,N/A,,Electric,39.02
EMP08505,Sheltair Aviation,34368,16.54,3,1,Bus,N/A,N/A,,N/A,9.92
EMP08506,Rental Car Center,33898,22.1,2,1,Bus,N/A,N/A,,N/A,8.84
EMP08507,Airside F,33586,68.33,3,3,Carpool,V345,Truck,1982,Gasoline,41
EMP08508,Airside A,33687,15.2,2,1,Bus,N/A,N/A,,N/A,6.08
EMP08509,Rental Car Center,34379,48.4,1,1,Car,V958,Minivan,1973,Gasoline,29.04
EMP08510,Airside F,34252,16.3,2,1,Bus,N/A,N/A,,N/A,6.52
EMP08511,Rental Car Center,34116,34.11,1,1,Car,V953,SUV,1974,Gasoline,20.47
EMP08512,Airside E,33785,20.1,4,1,Train,N/A,N/A,,Electric,24.12
EMP08513,Airside E,34634,67.25,2,3,Carpool,V795,Minivan,1995,Gasoline,26.9
EMP08514,Airside D,34088,54.21,2,1,Car,V405,Truck,1986,Diesel,65.05
EMP08515,Airside E,33905,19.09,5,3,Rideshare,V345,Truck,2009,Gasoline,19.09
EMP08516,Airside E,33530,40.33,2,2,Carpool,V198,Sedan,2015,Diesel,24.2
EMP08517,Airside E,33913,20.73,5,1,Bus,N/A,N/A,,N/A,20.73
EMP08518,Sky Connect,33982,53.91,2,12,Shuttle,S022,Shuttle Bus,1994,Diesel,16.17
EMP08519,Sheltair Aviation,33752,18.27,4,1,Train,N/A,N/A,,Electric,21.92
EMP08520,Airside F,34160,45.53,2,3,Rideshare,V219,Minivan,2010,Electric,18.21
EMP08521,Main Terminal & Airside Shopping,34563,59.89,5,4,Carpool,V517,Truck,2014,Electric,44.92
EMP08522,Main Terminal & Airside Shopping,33608,6.57,1,5,Rideshare,V320,Truck,2017,Electric,0.79
EMP08523,Airside C,33508,11.21,1,3,Rideshare,V140,Minivan,2007,Gasoline,2.24
EMP08524,Main Terminal & Airside Shopping,33612,69.57,2,5,Carpool,V596,SUV,1974,Diesel,16.7
EMP08525,Airside C,34462,57.55,3,14,Shuttle,S047,Shuttle Bus,2018,Diesel,25.9
EMP08526,Main Terminal & Airside Shopping,33905,46.66,4,1,Car,V291,Minivan,1974,Diesel,111.98
EMP08527,Airside D,34422,47.27,5,5,Rideshare,V300,Minivan,1981,Diesel,28.36
EMP08528,Airside D,33631,52.23,5,3,Carpool,V542,Truck,2017,Diesel,52.23
EMP08529,Rental Car Center,33828,38.14,2,3,Carpool,V301,SUV,1982,Gasoline,15.26
EMP08530,Airside F,33908,26.17,3,1,Train,N/A,N/A,,Electric,23.55
EMP08531,Airside E,34344,19.71,3,2,Carpool,V596,SUV,1998,Gasoline,17.74
EMP08532,Rental Car Center,33696,41.69,3,8,Shuttle,S018,Shuttle Bus,1997,Electric,18.76
EMP08533,Airside C,33884,18.81,3,4,Carpool,V704,SUV,2006,Diesel,8.46
EMP08534,Airside D,33553,42.62,4,5,Rideshare,V689,SUV,1980,Diesel,20.46
EMP08535,Sheltair Aviation,34405,17.32,1,4,Rideshare,V810,SUV,2020,Diesel,2.6
EMP08536,Airside F,33731,32.84,4,12,Shuttle,S023,Shuttle Bus,1983,Diesel,19.7
EMP08537,Main Terminal Restaurants,33971,26.06,2,1,Train,N/A,N/A,,Electric,15.64
EMP08538,Sky Connect,34303,16.23,5,1,Bus,N/A,N/A,,N/A,16.23
EMP08539,Rental Car Center,33544,46.4,5,1,Car,V348,Truck,1977,Gasoline,139.2
EMP08540,Rental Car Center,34649,35.15,3,13,Shuttle,S031,Shuttle Bus,1993,Electric,15.82
EMP08541,Rental Car Center,33552,14.69,1,3,Rideshare,V232,Minivan,2022,Diesel,2.94
EMP08542,Airside E,33511,35.99,2,8,Shuttle,S031,Shuttle Bus,1994,Diesel,10.8
EMP08543,Sky Connect,34455,22.51,1,1,Bus,N/A,N/A,,N/A,4.5
EMP08544,Rental Car Center,34362,17.31,5,4,Rideshare,V391,Minivan,2021,Electric,12.98
EMP08545,Sheltair Aviation,34050,33.68,2,2,Rideshare,V857,SUV,1984,Hybrid,20.21
EMP08546,Sheltair Aviation,33647,20.28,3,1,Bus,N/A,N/A,,N/A,12.17
EMP08547,Sky Connect,33779,42.76,4,17,Shuttle,S043,Shuttle Bus,1978,Diesel,25.66
EMP08548,Main Terminal Information Desk,33853,41,1,19,Shuttle,S022,Shuttle Bus,2021,Diesel,6.15
EMP08549,Sheltair Aviation,34097,18.1,3,20,Shuttle,S041,Shuttle Bus,2006,Diesel,8.15
EMP08550,Airside C,34316,23.78,1,20,Shuttle,S023,Shuttle Bus,1990,Electric,3.57
EMP08551,Airside E,33568,9.53,3,9,Shuttle,S028,Shuttle Bus,1981,Electric,4.29
EMP08552,Main Terminal Information Desk,33511,10.05,5,1,Bus,N/A,N/A,,N/A,10.05
EMP08553,Sheltair Aviation,33601,39.82,3,1,Train,N/A,N/A,,Electric,35.84
EMP08554,Main Terminal Restaurants,34118,35.37,4,1,Train,N/A,N/A,,Electric,42.44
EMP08555,Main Terminal Information Desk,33910,55.21,2,1,Car,V941,Minivan,2013,Hybrid,66.25
EMP08556,Airside E,33819,60.19,3,3,Rideshare,V540,Sedan,1989,Hybrid,36.11
EMP08557,Airside D,34335,61.05,2,10,Shuttle,S041,Shuttle Bus,1976,Diesel,18.31
EMP08558,Airside D,33981,16.52,3,2,Carpool,V172,Minivan,1981,Hybrid,14.87
EMP08559,Airside E,33745,63.5,3,11,Shuttle,S003,Shuttle Bus,1997,Diesel,28.58
EMP08560,Main Terminal Restaurants,34006,47.86,4,16,Shuttle,S042,Shuttle Bus,1992,Diesel,28.72
EMP08561,Rental Car Center,33517,12.71,3,11,Shuttle,S048,Shuttle Bus,1989,Diesel,5.72
EMP08562,Airside E,34064,68.66,2,5,Rideshare,V388,Minivan,1979,Electric,16.48
EMP08563,Sky Connect,33563,13.62,1,1,Bus,N/A,N/A,,N/A,2.72
EMP08564,Main Terminal Information Desk,34077,49.65,4,12,Shuttle,S011,Shuttle Bus,2005,Electric,29.79
EMP08565,Sheltair Aviation,33561,54.33,1,5,Carpool,V636,Minivan,1972,Gasoline,6.52
EMP08566,Airside A,33575,33.45,1,19,Shuttle,S007,Shuttle Bus,2013,Diesel,5.02
EMP08567,Airside D,34317,17.09,5,2,Rideshare,V720,Minivan,1991,Hybrid,25.63
EMP08568,Airside E,34542,55.26,1,1,Car,V414,Minivan,2007,Gasoline,33.16
EMP08569,Airside A,33674,22.39,3,2,Rideshare,V549,Sedan,1978,Diesel,20.15
EMP08570,Airside F,34100,63.21,1,19,Shuttle,S037,Shuttle Bus,2021,Diesel,9.48
EMP08571,Airside A,33552,9.98,5,3,Rideshare,V396,Minivan,1979,Gasoline,9.98
EMP08572,Airside D,33650,57.13,2,1,Car,V569,Sedan,1985,Gasoline,68.56
EMP08573,Sheltair Aviation,33559,59.43,2,2,Rideshare,V479,Truck,1982,Gasoline,35.66
EMP08574,Airside F,34569,34.5,3,1,Car,V662,Minivan,2004,Hybrid,62.1
EMP08575,Airside A,33594,24.48,4,1,Bus,N/A,N/A,,N/A,19.58
EMP08576,Main Terminal & Airside Shopping,33522,11.55,3,1,Bus,N/A,N/A,,N/A,6.93
EMP08577,Airside D,34569,65,3,1,Car,V453,SUV,2014,Gasoline,117
EMP08578,Main Terminal Restaurants,34282,24.78,1,1,Bus,N/A,N/A,,N/A,4.96
EMP08579,Airside C,34471,48.57,2,5,Rideshare,V801,Sedan,2005,Diesel,11.66
EMP08580,Airside C,33735,46.06,2,5,Rideshare,V442,Sedan,1981,Gasoline,11.05
EMP08581,Airside C,33919,20.09,4,1,Car,V966,Minivan,2004,Gasoline,48.22
EMP08582,Airside D,33541,12.41,3,3,Carpool,V136,Sedan,2014,Electric,7.45
EMP08583,Airside C,33577,19.93,4,13,Shuttle,S041,Shuttle Bus,1999,Electric,11.96
EMP08584,Main Terminal Information Desk,33941,44.52,3,4,Carpool,V969,Sedan,1972,Gasoline,20.03
EMP08585,Main Terminal Information Desk,33882,45.01,4,2,Carpool,V107,SUV,1980,Electric,54.01
EMP08586,Airside E,34157,44.09,1,4,Rideshare,V407,SUV,1981,Gasoline,6.61
EMP08587,Sky Connect,33617,28.09,4,1,Train,N/A,N/A,,Electric,33.71
EMP08588,Rental Car Center,33825,20.49,5,1,Bus,N/A,N/A,,N/A,20.49
EMP08589,Main Terminal Restaurants,33635,18.59,2,5,Carpool,V788,Sedan,1974,Gasoline,4.46
EMP08590,Rental Car Center,33986,47.15,5,17,Shuttle,S005,Shuttle Bus,2020,Diesel,35.36
EMP08591,Airside D,34534,55.62,1,1,Car,V268,Sedan,1980,Electric,33.37
EMP08592,Airside C,33941,20.07,2,1,Train,N/A,N/A,,Electric,12.04
EMP08593,Sky Connect,34173,27.18,4,1,Train,N/A,N/A,,Electric,32.62
EMP08594,Airside C,33807,36.68,5,4,Rideshare,V371,Truck,1978,Diesel,27.51
EMP08595,Airside D,33569,9.74,3,8,Shuttle,S026,Shuttle Bus,1998,Electric,4.38
EMP08596,Airside D,34053,18.99,2,15,Shuttle,S035,Shuttle Bus,1999,Electric,5.7
EMP08597,Sheltair Aviation,33563,10.55,4,1,Train,N/A,N/A,,Electric,12.66
EMP08598,Airside D,33518,13.11,1,1,Train,N/A,N/A,,Electric,3.93
EMP08599,Airside A,34658,30.46,1,3,Rideshare,V815,SUV,2021,Electric,6.09
EMP08600,Airside E,34372,42.94,2,2,Rideshare,V582,Minivan,2021,Electric,25.76
EMP08601,Rental Car Center,34289,35.13,2,1,Train,N/A,N/A,,Electric,21.08
EMP08602,Main Terminal Information Desk,33692,15.94,5,1,Bus,N/A,N/A,,N/A,15.94
EMP08603,Airside A,33615,9.62,1,1,Bus,N/A,N/A,,N/A,1.92
EMP08604,Airside E,34281,27.35,1,3,Rideshare,V833,Sedan,1984,Diesel,5.47
EMP08605,Airside F,34477,29.5,1,13,Shuttle,S037,Shuttle Bus,1976,Diesel,4.42
EMP08606,Airside A,34056,27.86,2,1,Train,N/A,N/A,,Electric,16.72
EMP08607,Main Terminal & Airside Shopping,33557,10.53,1,1,Bus,N/A,N/A,,N/A,2.11
EMP08608,Sheltair Aviation,33565,11.78,1,2,Carpool,V703,SUV,2010,Hybrid,3.53
EMP08609,Airside C,34321,62.16,2,14,Shuttle,S004,Shuttle Bus,2019,Electric,18.65
EMP08610,Rental Car Center,33742,21.75,1,1,Bus,N/A,N/A,,N/A,4.35
EMP08611,Airside A,33559,17.34,3,1,Train,N/A,N/A,,Electric,15.61
EMP08612,Sheltair Aviation,34663,32.6,5,2,Carpool,V774,SUV,1997,Electric,48.9
EMP08613,Main Terminal & Airside Shopping,34399,17.11,2,1,Bus,N/A,N/A,,N/A,6.84
EMP08614,Airside A,34015,29.39,4,1,Train,N/A,N/A,,Electric,35.27
EMP08615,Airside F,33513,11.88,5,4,Carpool,V500,Minivan,1975,Electric,8.91
EMP08616,Sheltair Aviation,33580,21.93,4,1,Bus,N/A,N/A,,N/A,17.54
EMP08617,Main Terminal Restaurants,33575,38.71,1,2,Rideshare,V951,Truck,2008,Gasoline,11.61
EMP08618,Sheltair Aviation,33578,12.91,1,1,Train,N/A,N/A,,Electric,3.87
EMP08619,Airside F,33882,51.42,4,1,Car,V149,Truck,2000,Gasoline,123.41
EMP08620,Main Terminal Restaurants,34138,46.54,4,4,Rideshare,V699,Sedan,2012,Hybrid,27.92
EMP08621,Airside C,34355,33.2,3,3,Carpool,V501,Sedan,1978,Gasoline,19.92
EMP08622,Main Terminal Restaurants,33642,17.28,2,1,Car,V508,Minivan,1977,Gasoline,20.74
EMP08623,Rental Car Center,33724,66.18,5,1,Car,V725,Truck,2020,Diesel,198.54
EMP08624,Main Terminal & Airside Shopping,34102,24.31,5,1,Bus,N/A,N/A,,N/A,24.31
EMP08625,Rental Car Center,33774,60.38,2,1,Car,V560,Sedan,1979,Electric,72.46
EMP08626,Airside D,33743,42.23,1,1,Train,N/A,N/A,,Electric,12.67
EMP08627,Main Terminal Information Desk,33592,8.23,4,1,Bus,N/A,N/A,,N/A,6.58
EMP08628,Main Terminal Restaurants,34134,24.03,1,1,Car,V945,SUV,1997,Electric,14.42
EMP08629,Main Terminal Restaurants,33715,68.02,2,19,Shuttle,S022,Shuttle Bus,2011,Electric,20.41
EMP08630,Main Terminal Restaurants,34159,56.51,2,10,Shuttle,S004,Shuttle Bus,2000,Diesel,16.95
EMP08631,Sky Connect,33961,18.17,1,1,Bus,N/A,N/A,,N/A,3.63
EMP08632,Rental Car Center,34369,68.4,2,1,Car,V398,Minivan,1988,Electric,82.08
EMP08633,Main Terminal Information Desk,33597,5.82,4,5,Rideshare,V890,SUV,2016,Hybrid,2.79
EMP08634,Airside C,34511,65.7,2,4,Rideshare,V306,Truck,2003,Diesel,19.71
EMP08635,Main Terminal Information Desk,33714,55.46,5,1,Car,V158,SUV,2020,Electric,166.38
EMP08636,Sky Connect,33924,45.1,1,1,Car,V652,Minivan,2001,Gasoline,27.06
EMP08637,Airside A,34010,45.39,1,1,Car,V921,SUV,2022,Gasoline,27.23
EMP08638,Sky Connect,33698,68.91,2,4,Carpool,V109,Minivan,1980,Gasoline,20.67
EMP08639,Rental Car Center,33570,14.83,3,1,Bus,N/A,N/A,,N/A,8.9
EMP08640,Sky Connect,33789,15.11,3,1,Train,N/A,N/A,,Electric,13.6
EMP08641,Main Terminal & Airside Shopping,33622,5.1,1,1,Bus,N/A,N/A,,N/A,1.02
EMP08642,Airside A,34089,18.56,4,1,Bus,N/A,N/A,,N/A,14.85
EMP08643,Airside D,34074,40.74,5,2,Rideshare,V902,SUV,2009,Hybrid,61.11
EMP08644,Sheltair Aviation,33559,9.89,4,19,Shuttle,S028,Shuttle Bus,1996,Diesel,5.93
EMP08645,Airside E,34409,35.34,2,15,Shuttle,S009,Shuttle Bus,1972,Electric,10.6
EMP08646,Airside C,34050,36.54,3,1,Car,V273,Sedan,1974,Electric,65.77
EMP08647,Airside A,34166,29.65,2,16,Shuttle,S027,Shuttle Bus,2019,Electric,8.89
EMP08648,Main Terminal Restaurants,33749,23.42,2,1,Train,N/A,N/A,,Electric,14.05
EMP08649,Sky Connect,33557,13.29,3,1,Train,N/A,N/A,,Electric,11.96
EMP08650,Sky Connect,34012,32.01,4,1,Train,N/A,N/A,,Electric,38.41
EMP08651,Rental Car Center,33956,20.85,2,1,Train,N/A,N/A,,Electric,12.51
EMP08652,Sheltair Aviation,34062,34.6,4,1,Train,N/A,N/A,,Electric,41.52
EMP08653,Main Terminal Restaurants,34590,68.52,5,2,Carpool,V280,Sedan,2007,Diesel,102.78
EMP08654,Sky Connect,34387,25.97,5,5,Rideshare,V903,Sedan,1996,Hybrid,15.58
EMP08655,Airside D,34403,35.75,2,3,Rideshare,V486,SUV,1975,Gasoline,14.3
EMP08656,Rental Car Center,34174,55.17,5,1,Car,V447,Minivan,2009,Diesel,165.51
EMP08657,Main Terminal Information Desk,34406,31.18,3,1,Train,N/A,N/A,,Electric,28.06
EMP08658,Main Terminal & Airside Shopping,34022,54.55,1,3,Carpool,V827,SUV,2007,Gasoline,10.91
EMP08659,Airside A,33570,11.68,3,3,Carpool,V260,Truck,2007,Diesel,7.01
EMP08660,Airside D,33590,6.9,1,1,Bus,N/A,N/A,,N/A,1.38
EMP08661,Airside C,34507,48.81,1,5,Carpool,V852,Minivan,2012,Gasoline,5.86
EMP08662,Sky Connect,33513,13.62,4,1,Train,N/A,N/A,,Electric,16.34
EMP08663,Airside C,33562,12.37,4,1,Car,V617,Truck,1977,Electric,29.69
EMP08664,Sky Connect,33547,10.35,2,19,Shuttle,S009,Shuttle Bus,2010,Electric,3.1
EMP08665,Main Terminal & Airside Shopping,34003,18.61,5,3,Rideshare,V356,Truck,2011,Gasoline,18.61
EMP08666,Sheltair Aviation,34103,55.44,3,19,Shuttle,S041,Shuttle Bus,1974,Electric,24.95
EMP08667,Airside A,34627,55.61,2,17,Shuttle,S026,Shuttle Bus,2010,Diesel,16.68
EMP08668,Sky Connect,34345,29.36,3,5,Carpool,V635,Sedan,2001,Gasoline,10.57
EMP08669,Airside D,33589,56.84,5,5,Rideshare,V719,SUV,2019,Electric,34.1
EMP08670,Main Terminal Restaurants,33704,25.97,2,3,Carpool,V778,Truck,2017,Diesel,10.39
EMP08671,Airside A,34517,24.13,1,1,Bus,N/A,N/A,,N/A,4.83
EMP08672,Rental Car Center,33649,24.47,5,1,Car,V822,Truck,1996,Electric,73.41
EMP08673,Sky Connect,33718,24.63,1,1,Bus,N/A,N/A,,N/A,4.93
EMP08674,Main Terminal Restaurants,33962,31.72,5,1,Car,V383,SUV,1981,Hybrid,95.16
EMP08675,Airside C,34015,33.39,5,3,Carpool,V379,Truck,2000,Gasoline,33.39
EMP08676,Sky Connect,34613,29.14,2,5,Carpool,V411,Sedan,1972,Electric,6.99
EMP08677,Airside D,34493,15.96,3,2,Carpool,V327,Truck,2018,Diesel,14.36
EMP08678,Airside A,33621,44.69,5,4,Carpool,V553,Sedan,1979,Electric,33.52
EMP08679,Main Terminal Information Desk,34240,16.4,3,1,Bus,N/A,N/A,,N/A,9.84
EMP08680,Airside A,33945,15.9,3,1,Car,V595,Truck,1980,Electric,28.62
EMP08681,Airside A,34426,65.45,2,14,Shuttle,S014,Shuttle Bus,2014,Diesel,19.64
EMP08682,Main Terminal & Airside Shopping,33531,10.07,3,1,Car,V583,Truck,1985,Hybrid,18.13
EMP08683,Airside C,33958,53.15,1,5,Rideshare,V730,SUV,1995,Hybrid,6.38
EMP08684,Main Terminal & Airside Shopping,34119,17.36,1,1,Bus,N/A,N/A,,N/A,3.47
EMP08685,Sky Connect,34041,66.42,2,19,Shuttle,S042,Shuttle Bus,2019,Diesel,19.93
EMP08686,Main Terminal & Airside Shopping,33653,36.71,5,4,Rideshare,V640,Minivan,1986,Diesel,27.53
EMP08687,Main Terminal Information Desk,34514,52.36,3,19,Shuttle,S031,Shuttle Bus,1999,Diesel,23.56
EMP08688,Airside A,33541,10.84,1,1,Bus,N/A,N/A,,N/A,2.17
EMP08689,Main Terminal & Airside Shopping,34508,54.73,1,1,Car,V884,Truck,1981,Gasoline,32.84
EMP08690,Rental Car Center,33615,20.6,3,1,Bus,N/A,N/A,,N/A,12.36
EMP08691,Airside A,33864,27.03,5,1,Car,V522,Truck,2017,Diesel,81.09
EMP08692,Sheltair Aviation,33566,5.74,5,5,Rideshare,V632,Minivan,2014,Diesel,3.44
EMP08693,Sheltair Aviation,34525,26.17,4,1,Train,N/A,N/A,,Electric,31.4
EMP08694,Main Terminal Information Desk,34089,17.49,3,1,Bus,N/A,N/A,,N/A,10.49
EMP08695,Airside A,34464,62.8,2,4,Carpool,V389,Sedan,2013,Hybrid,18.84
EMP08696,Airside C,33576,21.67,4,4,Carpool,V644,SUV,1997,Diesel,13
EMP08697,Main Terminal & Airside Shopping,33870,50.63,4,4,Rideshare,V783,SUV,1998,Electric,30.38
EMP08698,Main Terminal Information Desk,34430,43.95,4,3,Rideshare,V879,Truck,1990,Hybrid,35.16
EMP08699,Main Terminal Restaurants,33979,67.03,3,8,Shuttle,S050,Shuttle Bus,1976,Electric,30.16
EMP08700,Rental Car Center,34672,66.37,5,20,Shuttle,S016,Shuttle Bus,2019,Electric,49.78
EMP08701,Main Terminal Restaurants,34237,22.31,3,1,Train,N/A,N/A,,Electric,20.08
EMP08702,Airside F,33529,10.78,3,1,Bus,N/A,N/A,,N/A,6.47
EMP08703,Airside E,34036,35.45,1,17,Shuttle,S029,Shuttle Bus,2015,Diesel,5.32
EMP08704,Main Terminal Restaurants,34377,22.81,3,5,Rideshare,V616,Truck,1991,Diesel,8.21
EMP08705,Rental Car Center,34506,26.32,1,9,Shuttle,S025,Shuttle Bus,2003,Diesel,3.95
EMP08706,Main Terminal Information Desk,34047,16.21,3,1,Car,V840,Truck,1979,Diesel,29.18
EMP08707,Sky Connect,34286,21.4,1,1,Bus,N/A,N/A,,N/A,4.28
EMP08708,Sky Connect,33960,62.19,3,4,Carpool,V234,Sedan,2017,Electric,27.99
EMP08709,Airside F,34199,22.56,3,1,Train,N/A,N/A,,Electric,20.3
EMP08710,Airside D,33819,49.47,3,2,Carpool,V939,Truck,1986,Gasoline,44.52
EMP08711,Airside D,33617,5.81,4,16,Shuttle,S025,Shuttle Bus,1994,Diesel,3.49
EMP08712,Sky Connect,33964,17.23,4,14,Shuttle,S017,Shuttle Bus,1976,Diesel,10.34
EMP08713,Main Terminal Information Desk,34453,63.95,3,5,Carpool,V214,Sedan,1989,Hybrid,23.02
EMP08714,Main Terminal Information Desk,33943,27.27,4,1,Train,N/A,N/A,,Electric,32.72
EMP08715,Main Terminal Information Desk,34199,48.77,1,1,Train,N/A,N/A,,Electric,14.63
EMP08716,Main Terminal & Airside Shopping,33528,14.12,4,1,Car,V858,Sedan,1979,Electric,33.89
EMP08717,Airside F,33731,17.83,4,1,Bus,N/A,N/A,,N/A,14.26
EMP08718,Airside F,33613,9.44,5,19,Shuttle,S013,Shuttle Bus,2001,Diesel,7.08
EMP08719,Airside D,33654,42.59,2,1,Car,V507,Sedan,1994,Electric,51.11
EMP08720,Main Terminal & Airside Shopping,33847,64.28,1,14,Shuttle,S020,Shuttle Bus,2000,Electric,9.64
EMP08721,Rental Car Center,34682,44.84,5,16,Shuttle,S042,Shuttle Bus,2018,Electric,33.63
EMP08722,Main Terminal Information Desk,33718,22.65,2,1,Bus,N/A,N/A,,N/A,9.06
EMP08723,Sky Connect,34451,67.18,2,4,Carpool,V228,SUV,1978,Hybrid,20.15
EMP08724,Main Terminal Information Desk,34423,18.77,5,1,Bus,N/A,N/A,,N/A,18.77
EMP08725,Main Terminal Information Desk,33709,59,4,1,Car,V962,Minivan,2010,Electric,141.6
EMP08726,Airside C,34668,50.03,3,16,Shuttle,S023,Shuttle Bus,1990,Electric,22.51
EMP08727,Rental Car Center,33576,14.76,3,5,Carpool,V808,Truck,1995,Diesel,5.31
EMP08728,Airside F,33600,26.03,2,2,Rideshare,V399,SUV,1990,Gasoline,15.62
EMP08729,Airside F,34077,23.91,2,1,Bus,N/A,N/A,,N/A,9.56
EMP08730,Main Terminal Restaurants,34479,61.21,2,4,Rideshare,V167,Sedan,2021,Hybrid,18.36
EMP08731,Main Terminal Restaurants,33870,42.48,2,1,Train,N/A,N/A,,Electric,25.49
EMP08732,Airside C,34238,16.24,1,1,Train,N/A,N/A,,Electric,4.87
EMP08733,Airside C,33566,20.8,1,1,Bus,N/A,N/A,,N/A,4.16
EMP08734,Main Terminal Information Desk,33608,9.18,4,1,Car,V768,Minivan,1980,Electric,22.03
EMP08735,Sheltair Aviation,33739,46.65,2,1,Train,N/A,N/A,,Electric,27.99
EMP08736,Airside F,34109,64.05,4,1,Car,V349,Truck,1990,Diesel,153.72
EMP08737,Airside F,33528,10.05,3,1,Bus,N/A,N/A,,N/A,6.03
EMP08738,Main Terminal Restaurants,34285,26.27,1,3,Rideshare,V348,SUV,1978,Diesel,5.25
EMP08739,Airside C,33828,37.29,1,1,Car,V407,Truck,1973,Electric,22.37
EMP08740,Main Terminal Information Desk,34098,57.73,5,2,Rideshare,V969,Truck,2003,Electric,86.59
EMP08741,Main Terminal Information Desk,33695,56.36,2,1,Car,V101,Minivan,1979,Hybrid,67.63
EMP08742,Main Terminal & Airside Shopping,34257,41.33,2,1,Train,N/A,N/A,,Electric,24.8
EMP08743,Sky Connect,33637,33.06,2,2,Carpool,V920,Truck,1991,Diesel,19.84
EMP08744,Main Terminal Restaurants,33895,46.15,3,5,Rideshare,V995,Minivan,1980,Electric,16.61
EMP08745,Rental Car Center,33971,34.35,5,1,Train,N/A,N/A,,Electric,51.52
EMP08746,Main Terminal & Airside Shopping,34037,16.11,4,1,Train,N/A,N/A,,Electric,19.33
EMP08747,Main Terminal & Airside Shopping,34138,58.99,3,18,Shuttle,S047,Shuttle Bus,2012,Electric,26.55
EMP08748,Rental Car Center,33609,26.82,1,1,Train,N/A,N/A,,Electric,8.05
EMP08749,Sheltair Aviation,33833,20.3,2,1,Bus,N/A,N/A,,N/A,8.12
EMP08750,Main Terminal & Airside Shopping,33848,24.09,2,1,Bus,N/A,N/A,,N/A,9.64
EMP08751,Sheltair Aviation,33547,60.22,4,1,Car,V243,Truck,2006,Hybrid,144.53
EMP08752,Airside E,33850,24.8,5,1,Train,N/A,N/A,,Electric,37.2
EMP08753,Airside C,33921,23.51,5,1,Car,V557,Truck,1987,Hybrid,70.53
EMP08754,Airside F,34382,65.8,3,8,Shuttle,S039,Shuttle Bus,1997,Electric,29.61
EMP08755,Sky Connect,33614,9.16,1,3,Carpool,V237,Minivan,2006,Gasoline,1.83
EMP08756,Airside C,34547,50.06,1,3,Carpool,V840,SUV,1992,Diesel,10.01
EMP08757,Rental Car Center,33714,46.03,1,1,Train,N/A,N/A,,Electric,13.81
EMP08758,Main Terminal Restaurants,34262,25.34,3,1,Car,V601,Truck,2013,Electric,45.61
EMP08759,Airside C,33557,6.83,5,1,Bus,N/A,N/A,,N/A,6.83
EMP08760,Sheltair Aviation,33512,10.2,5,1,Bus,N/A,N/A,,N/A,10.2
EMP08761,Airside F,33563,40.85,3,1,Car,V985,Sedan,2020,Hybrid,73.53
EMP08762,Sheltair Aviation,33616,6.03,3,14,Shuttle,S002,Shuttle Bus,1972,Diesel,2.71
EMP08763,Airside F,33932,34.34,3,1,Car,V526,SUV,1991,Gasoline,61.81
EMP08764,Main Terminal Restaurants,33957,18.64,3,1,Bus,N/A,N/A,,N/A,11.18
EMP08765,Airside E,33745,40.17,1,1,Car,V372,Truck,2022,Hybrid,24.1
EMP08766,Rental Car Center,34683,66.15,5,10,Shuttle,S006,Shuttle Bus,1996,Electric,49.61
EMP08767,Rental Car Center,34276,52.96,1,17,Shuttle,S040,Shuttle Bus,2012,Diesel,7.94
EMP08768,Rental Car Center,34276,58.79,2,1,Car,V167,Truck,1983,Electric,70.55
EMP08769,Sheltair Aviation,33819,17,3,1,Bus,N/A,N/A,,N/A,10.2
EMP08770,Airside A,33973,15.16,5,4,Rideshare,V125,Minivan,1985,Gasoline,11.37
EMP08771,Airside C,33551,9.61,5,1,Bus,N/A,N/A,,N/A,9.61
EMP08772,Airside C,33943,53.34,3,1,Car,V118,Minivan,2006,Electric,96.01
EMP08773,Airside D,34245,46.45,5,4,Carpool,V770,SUV,2021,Hybrid,34.84
EMP08774,Rental Car Center,33814,15.81,2,1,Bus,N/A,N/A,,N/A,6.32
EMP08775,Airside A,34403,17.34,5,1,Car,V219,Sedan,1990,Hybrid,52.02
EMP08776,Airside F,33595,7.83,2,2,Rideshare,V283,SUV,1976,Hybrid,4.7
EMP08777,Main Terminal & Airside Shopping,34648,49.56,2,12,Shuttle,S035,Shuttle Bus,2010,Diesel,14.87
EMP08778,Airside D,33588,49.17,4,1,Train,N/A,N/A,,Electric,59
EMP08779,Airside D,34232,18.1,3,1,Bus,N/A,N/A,,N/A,10.86
EMP08780,Main Terminal Restaurants,34667,62.21,1,5,Rideshare,V266,SUV,2007,Hybrid,7.47
EMP08781,Airside A,33704,30.51,4,4,Rideshare,V755,Sedan,1983,Diesel,18.31
EMP08782,Main Terminal Restaurants,33508,14.28,5,2,Carpool,V625,SUV,2022,Gasoline,21.42
EMP08783,Main Terminal & Airside Shopping,33606,5.03,4,1,Bus,N/A,N/A,,N/A,4.02
EMP08784,Sheltair Aviation,34237,60.45,5,1,Car,V174,SUV,2004,Hybrid,181.35
EMP08785,Sheltair Aviation,34586,41.24,4,1,Train,N/A,N/A,,Electric,49.49
EMP08786,Airside A,33842,28.83,2,4,Rideshare,V133,Sedan,2000,Diesel,8.65
EMP08787,Main Terminal Restaurants,34538,27.38,3,1,Train,N/A,N/A,,Electric,24.64
EMP08788,Sky Connect,33532,14.78,5,2,Carpool,V124,Minivan,2000,Diesel,22.17
EMP08789,Main Terminal Information Desk,33518,10.3,2,1,Bus,N/A,N/A,,N/A,4.12
EMP08790,Airside E,34630,42.09,3,1,Car,V680,Minivan,1981,Hybrid,75.76
EMP08791,Sky Connect,34435,34.82,2,2,Rideshare,V632,Truck,2004,Electric,20.89
EMP08792,Sky Connect,34024,38.64,2,1,Car,V840,Sedan,1982,Hybrid,46.37
EMP08793,Sheltair Aviation,33529,47.37,3,1,Car,V158,Truck,1978,Gasoline,85.27
EMP08794,Sky Connect,33599,8.19,2,1,Car,V606,Sedan,1991,Gasoline,9.83
EMP08795,Airside A,34554,32.58,3,1,Car,V411,Truck,1996,Gasoline,58.64
EMP08796,Airside E,34076,21.39,2,18,Shuttle,S033,Shuttle Bus,2019,Diesel,6.42
EMP08797,Airside A,34213,28.92,5,12,Shuttle,S011,Shuttle Bus,2015,Electric,21.69
EMP08798,Main Terminal Restaurants,33846,26.56,5,5,Carpool,V962,Truck,2021,Hybrid,15.94
EMP08799,Main Terminal & Airside Shopping,34113,24.75,3,1,Car,V259,Sedan,2008,Electric,44.55
EMP08800,Airside A,33890,59.14,1,1,Car,V224,SUV,1975,Hybrid,35.48
EMP08801,Airside E,33720,46.53,3,1,Train,N/A,N/A,,Electric,41.88
EMP08802,Main Terminal Information Desk,33564,9.64,1,1,Bus,N/A,N/A,,N/A,1.93
EMP08803,Airside C,33528,12.87,5,3,Rideshare,V868,Truck,1997,Gasoline,12.87
EMP08804,Rental Car Center,33833,16.53,3,1,Bus,N/A,N/A,,N/A,9.92
EMP08805,Sheltair Aviation,33832,21.53,1,1,Bus,N/A,N/A,,N/A,4.31
EMP08806,Airside C,33622,5.85,4,1,Bus,N/A,N/A,,N/A,4.68
EMP08807,Airside D,33670,26.79,1,1,Train,N/A,N/A,,Electric,8.04
EMP08808,Airside A,33837,34.97,1,1,Car,V324,SUV,2007,Gasoline,20.98
EMP08809,Airside C,34344,20.63,4,1,Bus,N/A,N/A,,N/A,16.5
EMP08810,Main Terminal Restaurants,33581,6,4,5,Rideshare,V326,SUV,2021,Diesel,2.88
EMP08811,Main Terminal & Airside Shopping,33766,22.02,3,1,Train,N/A,N/A,,Electric,19.82
EMP08812,Airside D,33558,14.73,3,4,Carpool,V279,SUV,2004,Gasoline,6.63
EMP08813,Main Terminal Information Desk,34142,35.46,5,2,Rideshare,V624,SUV,2021,Gasoline,53.19
EMP08814,Main Terminal Restaurants,33515,61.62,5,13,Shuttle,S040,Shuttle Bus,2000,Electric,46.21
EMP08815,Airside E,34448,16.89,1,1,Train,N/A,N/A,,Electric,5.07
EMP08816,Sky Connect,34178,54.55,4,3,Carpool,V603,Minivan,2002,Diesel,43.64
EMP08817,Airside C,34504,55.56,5,1,Car,V578,SUV,1978,Hybrid,166.68
EMP08818,Airside C,33725,20.91,3,1,Car,V858,Truck,1972,Electric,37.64
EMP08819,Rental Car Center,34320,15.47,1,1,Train,N/A,N/A,,Electric,4.64
EMP08820,Main Terminal Restaurants,34231,40.84,1,4,Rideshare,V271,Truck,1991,Electric,6.13
EMP08821,Airside D,33782,34.51,3,3,Carpool,V595,Sedan,2001,Diesel,20.71
EMP08822,Airside E,33789,37.21,3,1,Train,N/A,N/A,,Electric,33.49
EMP08823,Airside D,33914,21.69,4,1,Train,N/A,N/A,,Electric,26.03
EMP08824,Rental Car Center,33894,23.21,1,1,Train,N/A,N/A,,Electric,6.96
EMP08825,Airside A,34439,49.3,5,2,Carpool,V493,SUV,1975,Hybrid,73.95
EMP08826,Airside C,34038,31.06,2,19,Shuttle,S010,Shuttle Bus,1986,Diesel,9.32
EMP08827,Airside D,33616,8.73,3,15,Shuttle,S049,Shuttle Bus,1979,Diesel,3.93
EMP08828,Airside F,33554,10.74,3,1,Car,V240,Minivan,2021,Hybrid,19.33
EMP08829,Airside F,33623,30.22,2,1,Car,V387,SUV,1989,Gasoline,36.26
EMP08830,Airside F,33792,19.28,1,1,Car,V315,Sedan,2007,Gasoline,11.57
EMP08831,Airside D,33547,14.16,3,1,Bus,N/A,N/A,,N/A,8.5
EMP08832,Airside E,33581,6.65,3,1,Car,V757,Minivan,2001,Electric,11.97
EMP08833,Sky Connect,34187,30.57,1,13,Shuttle,S043,Shuttle Bus,2006,Diesel,4.59
EMP08834,Airside E,33611,21.8,4,1,Bus,N/A,N/A,,N/A,17.44
EMP08835,Sheltair Aviation,34126,42.82,4,2,Carpool,V509,Minivan,1973,Electric,51.38
EMP08836,Rental Car Center,34421,42.18,5,1,Train,N/A,N/A,,Electric,63.27
EMP08837,Airside E,34182,18.46,4,5,Rideshare,V165,Sedan,2005,Diesel,8.86
EMP08838,Main Terminal Restaurants,33563,11.11,4,1,Car,V732,Truck,1991,Electric,26.66
EMP08839,Main Terminal Information Desk,33889,69.49,4,5,Carpool,V678,SUV,1991,Electric,33.36
EMP08840,Sky Connect,34407,45.73,1,1,Car,V208,Sedan,1985,Hybrid,27.44
EMP08841,Main Terminal Information Desk,33876,54.76,1,4,Rideshare,V146,SUV,2015,Gasoline,8.21
EMP08842,Airside C,34077,51.67,4,2,Carpool,V231,SUV,2010,Hybrid,62
EMP08843,Rental Car Center,33846,24.89,2,11,Shuttle,S014,Shuttle Bus,1976,Diesel,7.47
EMP08844,Airside D,34332,47.57,2,2,Carpool,V541,Sedan,1987,Electric,28.54
EMP08845,Rental Car Center,34129,68.86,4,12,Shuttle,S027,Shuttle Bus,2018,Electric,41.32
EMP08846,Airside A,33522,14.36,1,1,Bus,N/A,N/A,,N/A,2.87
EMP08847,Rental Car Center,34239,20.02,5,1,Train,N/A,N/A,,Electric,30.03
EMP08848,Airside C,33555,10.21,1,1,Car,V658,Minivan,2013,Electric,6.13
EMP08849,Airside E,33950,25.89,5,2,Carpool,V220,Minivan,2001,Hybrid,38.83
EMP08850,Sheltair Aviation,33584,22.58,5,5,Rideshare,V511,SUV,2010,Hybrid,13.55
EMP08851,Airside E,34119,69.27,4,3,Carpool,V916,Truck,1994,Hybrid,55.42
EMP08852,Main Terminal & Airside Shopping,34413,35.43,5,11,Shuttle,S005,Shuttle Bus,2021,Electric,26.57
EMP08853,Main Terminal Information Desk,34209,61.71,5,15,Shuttle,S002,Shuttle Bus,1975,Diesel,46.28
EMP08854,Main Terminal Restaurants,33634,62.89,4,18,Shuttle,S005,Shuttle Bus,2018,Electric,37.73
EMP08855,Sky Connect,33600,35.19,3,4,Rideshare,V259,Sedan,1976,Electric,15.84
EMP08856,Airside D,34086,20.9,5,1,Train,N/A,N/A,,Electric,31.35
EMP08857,Airside E,34404,64.51,3,3,Rideshare,V515,SUV,2015,Electric,38.71
EMP08858,Main Terminal & Airside Shopping,33589,5.82,3,1,Car,V904,Minivan,2001,Electric,10.48
EMP08859,Airside C,34620,26.08,5,1,Car,V516,Sedan,2001,Gasoline,78.24
EMP08860,Sky Connect,34007,17.29,4,5,Carpool,V943,Truck,1975,Electric,8.3
EMP08861,Main Terminal Information Desk,34397,67.05,5,5,Rideshare,V483,Truck,2016,Diesel,40.23
EMP08862,Main Terminal Information Desk,33631,8.49,2,2,Carpool,V425,Sedan,1987,Electric,5.09
EMP08863,Main Terminal Information Desk,33937,31.24,3,2,Rideshare,V383,Truck,2007,Hybrid,28.12
EMP08864,Main Terminal Restaurants,34435,42.71,4,17,Shuttle,S041,Shuttle Bus,2011,Diesel,25.63
EMP08865,Main Terminal Information Desk,34475,38.85,1,1,Train,N/A,N/A,,Electric,11.65
EMP08866,Main Terminal Information Desk,34327,21.59,1,12,Shuttle,S022,Shuttle Bus,1991,Diesel,3.24
EMP08867,Airside A,34493,62.8,1,1,Car,V206,SUV,1976,Hybrid,37.68
EMP08868,Airside C,34219,45.09,4,3,Carpool,V211,SUV,2003,Diesel,36.07
EMP08869,Rental Car Center,34345,24.26,5,13,Shuttle,S029,Shuttle Bus,1997,Diesel,18.2
EMP08870,Airside D,33554,11.56,3,1,Car,V907,Truck,2000,Diesel,20.81
EMP08871,Main Terminal Restaurants,34523,24.91,4,1,Car,V749,Truck,1984,Hybrid,59.78
EMP08872,Main Terminal & Airside Shopping,34130,46.79,2,5,Rideshare,V877,SUV,1991,Hybrid,11.23
EMP08873,Airside F,33872,19.67,3,1,Bus,N/A,N/A,,N/A,11.8
EMP08874,Sky Connect,33815,32.15,2,20,Shuttle,S002,Shuttle Bus,1992,Diesel,9.64
EMP08875,Airside E,33712,23.81,3,1,Car,V528,Sedan,1991,Hybrid,42.86
EMP08876,Rental Car Center,34493,17.26,1,1,Bus,N/A,N/A,,N/A,3.45
EMP08877,Airside E,33876,15.62,3,1,Bus,N/A,N/A,,N/A,9.37
EMP08878,Airside A,34070,49.39,1,19,Shuttle,S033,Shuttle Bus,2012,Electric,7.41
EMP08879,Main Terminal & Airside Shopping,34342,56.03,5,1,Car,V337,Minivan,1998,Electric,168.09
EMP08880,Airside E,34674,43.09,1,2,Rideshare,V264,SUV,2005,Gasoline,12.93
EMP08881,Rental Car Center,33914,29.86,4,3,Rideshare,V483,Sedan,1994,Gasoline,23.89
EMP08882,Main Terminal & Airside Shopping,34312,49.08,3,8,Shuttle,S037,Shuttle Bus,1974,Electric,22.09
EMP08883,Sheltair Aviation,34607,55.98,3,1,Car,V379,Truck,1985,Hybrid,100.76
EMP08884,Airside E,34688,55.64,4,4,Carpool,V173,Truck,1976,Gasoline,33.38
EMP08885,Airside A,33567,63.54,2,1,Car,V603,Minivan,2009,Electric,76.25
EMP08886,Airside A,33526,13.46,1,5,Rideshare,V290,SUV,2020,Gasoline,1.62
EMP08887,Main Terminal Restaurants,34145,37.15,4,1,Car,V716,Sedan,1979,Electric,89.16
EMP08888,Main Terminal Information Desk,33560,14.87,2,1,Train,N/A,N/A,,Electric,8.92
EMP08889,Airside A,34224,43.64,5,5,Rideshare,V182,SUV,2012,Hybrid,26.18
EMP08890,Sheltair Aviation,33914,29.01,3,3,Carpool,V607,Sedan,1984,Gasoline,17.41
EMP08891,Airside D,34432,40.21,1,2,Carpool,V272,Minivan,1990,Diesel,12.06
EMP08892,Airside E,33540,13.83,4,1,Train,N/A,N/A,,Electric,16.6
EMP08893,Rental Car Center,34593,16.41,3,1,Train,N/A,N/A,,Electric,14.77
EMP08894,Rental Car Center,33545,10.56,4,5,Carpool,V653,SUV,1999,Electric,5.07
EMP08895,Airside A,34302,59.73,4,1,Car,V783,Minivan,1974,Electric,143.35
EMP08896,Airside F,33515,12.88,5,1,Train,N/A,N/A,,Electric,19.32
EMP08897,Airside C,33923,46.25,1,1,Car,V768,Sedan,1985,Hybrid,27.75
EMP08898,Airside E,33925,54.73,5,10,Shuttle,S034,Shuttle Bus,1995,Diesel,41.05
EMP08899,Main Terminal Restaurants,34453,48.35,2,3,Carpool,V443,Minivan,2000,Gasoline,19.34
EMP08900,Airside D,34314,62.3,5,2,Rideshare,V744,SUV,2013,Diesel,93.45
EMP08901,Airside D,34624,30.41,5,5,Rideshare,V519,Truck,1997,Gasoline,18.25
EMP08902,Airside D,34356,45.66,2,1,Car,V505,Sedan,1989,Hybrid,54.79
EMP08903,Main Terminal Restaurants,33609,7.04,3,10,Shuttle,S038,Shuttle Bus,2019,Diesel,3.17
EMP08904,Airside F,34460,35.79,5,17,Shuttle,S004,Shuttle Bus,1987,Diesel,26.84
EMP08905,Airside C,34289,40.89,4,2,Rideshare,V419,Sedan,2004,Electric,49.07
EMP08906,Sheltair Aviation,33514,10.55,1,1,Bus,N/A,N/A,,N/A,2.11
EMP08907,Airside E,34298,29.04,4,1,Train,N/A,N/A,,Electric,34.85
EMP08908,Airside D,34043,35.6,1,2,Rideshare,V601,SUV,2007,Electric,10.68
EMP08909,Airside A,33566,13.23,5,5,Carpool,V438,Sedan,1980,Gasoline,7.94
EMP08910,Airside F,33986,34.33,4,3,Rideshare,V937,Minivan,1988,Diesel,27.46
EMP08911,Airside D,34222,16.98,3,1,Bus,N/A,N/A,,N/A,10.19
EMP08912,Main Terminal & Airside Shopping,34600,65.83,3,1,Car,V993,Truck,1993,Gasoline,118.49
EMP08913,Airside C,33564,45.62,5,1,Train,N/A,N/A,,Electric,68.43
EMP08914,Main Terminal & Airside Shopping,33923,22.55,4,3,Rideshare,V789,SUV,1995,Electric,18.04
EMP08915,Main Terminal Information Desk,33522,14.02,1,1,Train,N/A,N/A,,Electric,4.21
EMP08916,Airside C,34245,19.76,5,1,Bus,N/A,N/A,,N/A,19.76
EMP08917,Airside C,34430,50.9,3,3,Carpool,V915,SUV,2020,Gasoline,30.54
EMP08918,Main Terminal & Airside Shopping,33785,35.97,3,1,Train,N/A,N/A,,Electric,32.37
EMP08919,Airside E,33552,10.31,5,3,Carpool,V659,SUV,1992,Hybrid,10.31
EMP08920,Airside C,34232,16.23,4,1,Train,N/A,N/A,,Electric,19.48
EMP08921,Main Terminal Information Desk,34559,17.61,1,1,Bus,N/A,N/A,,N/A,3.52
EMP08922,Main Terminal & Airside Shopping,33827,52.8,4,3,Rideshare,V983,Truck,1997,Hybrid,42.24
EMP08923,Sky Connect,34392,32.6,2,1,Train,N/A,N/A,,Electric,19.56
EMP08924,Main Terminal & Airside Shopping,34698,51.99,4,1,Car,V340,SUV,2007,Hybrid,124.78
EMP08925,Airside A,33961,22.39,2,1,Train,N/A,N/A,,Electric,13.43
EMP08926,Main Terminal Information Desk,34359,19.61,2,1,Train,N/A,N/A,,Electric,11.77
EMP08927,Sheltair Aviation,33920,28.32,3,1,Car,V524,Minivan,1972,Electric,50.98
EMP08928,Main Terminal & Airside Shopping,34610,43.95,5,8,Shuttle,S002,Shuttle Bus,2008,Electric,32.96
EMP08929,Rental Car Center,33988,52.98,4,4,Rideshare,V125,Sedan,1979,Gasoline,31.79
EMP08930,Airside E,33574,25.93,4,4,Carpool,V808,SUV,2003,Electric,15.56
EMP08931,Sheltair Aviation,33610,9.17,3,1,Car,V733,Sedan,2007,Diesel,16.51
EMP08932,Sky Connect,33536,11.22,2,1,Car,V920,Minivan,2008,Gasoline,13.46
EMP08933,Airside D,34523,19,1,3,Carpool,V560,Truck,2002,Diesel,3.8
EMP08934,Main Terminal Information Desk,34685,43.71,2,1,Train,N/A,N/A,,Electric,26.23
EMP08935,Airside E,34397,23.48,2,18,Shuttle,S047,Shuttle Bus,1992,Electric,7.04
EMP08936,Rental Car Center,34521,53.52,3,3,Rideshare,V859,Minivan,2013,Diesel,32.11
EMP08937,Rental Car Center,34675,68.51,2,5,Carpool,V244,SUV,1975,Hybrid,16.44
EMP08938,Airside A,34554,54.66,4,10,Shuttle,S006,Shuttle Bus,1985,Electric,32.8
EMP08939,Rental Car Center,34415,23.82,1,1,Train,N/A,N/A,,Electric,7.15
EMP08940,Airside C,34536,31.72,5,8,Shuttle,S049,Shuttle Bus,1995,Diesel,23.79
EMP08941,Rental Car Center,33515,13.41,5,1,Train,N/A,N/A,,Electric,20.11
EMP08942,Airside D,33988,20.91,5,1,Car,V503,SUV,2011,Diesel,62.73
EMP08943,Main Terminal Information Desk,34174,42.89,3,4,Carpool,V290,SUV,2015,Electric,19.3
EMP08944,Main Terminal Restaurants,33834,17.19,3,1,Train,N/A,N/A,,Electric,15.47
EMP08945,Main Terminal & Airside Shopping,33525,10.7,2,1,Bus,N/A,N/A,,N/A,4.28
EMP08946,Main Terminal Information Desk,33708,34.58,2,3,Carpool,V456,Truck,2002,Diesel,13.83
EMP08947,Airside E,34303,60.24,1,2,Rideshare,V895,SUV,1983,Diesel,18.07
EMP08948,Rental Car Center,34296,19.72,3,1,Bus,N/A,N/A,,N/A,11.83
EMP08949,Airside C,33593,5.51,4,1,Car,V532,Sedan,1981,Gasoline,13.22
EMP08950,Sky Connect,33587,9.95,2,1,Bus,N/A,N/A,,N/A,3.98
EMP08951,Rental Car Center,33908,31.09,1,3,Rideshare,V536,Minivan,1974,Gasoline,6.22
EMP08952,Main Terminal Restaurants,33861,17.07,3,1,Bus,N/A,N/A,,N/A,10.24
EMP08953,Sheltair Aviation,34309,36.76,4,1,Train,N/A,N/A,,Electric,44.11
EMP08954,Airside D,33747,18.1,1,1,Bus,N/A,N/A,,N/A,3.62
EMP08955,Sky Connect,33775,33.98,2,1,Car,V564,Sedan,1991,Diesel,40.78
EMP08956,Airside F,33519,11.99,5,9,Shuttle,S035,Shuttle Bus,2014,Electric,8.99
EMP08957,Main Terminal & Airside Shopping,34341,54.3,3,2,Rideshare,V543,SUV,2013,Hybrid,48.87
EMP08958,Airside C,33561,14.68,4,1,Bus,N/A,N/A,,N/A,11.74
EMP08959,Sheltair Aviation,34332,19.2,3,2,Rideshare,V699,Minivan,2005,Electric,17.28
EMP08960,Main Terminal & Airside Shopping,33525,11.13,2,1,Car,V487,SUV,2009,Hybrid,13.36
EMP08961,Airside D,34258,25.2,5,1,Train,N/A,N/A,,Electric,37.8
EMP08962,Sheltair Aviation,33980,61.11,3,1,Car,V782,Minivan,1973,Gasoline,110
EMP08963,Airside D,34107,53.96,3,3,Carpool,V972,Sedan,1977,Electric,32.38
EMP08964,Airside E,33565,8.01,2,1,Bus,N/A,N/A,,N/A,3.2
EMP08965,Main Terminal Information Desk,34119,22.66,4,1,Bus,N/A,N/A,,N/A,18.13
EMP08966,Airside D,33758,15.86,2,3,Carpool,V796,SUV,2017,Hybrid,6.34
EMP08967,Airside E,34482,52.37,1,20,Shuttle,S013,Shuttle Bus,2019,Diesel,7.86
EMP08968,Sheltair Aviation,33976,33.62,5,8,Shuttle,S017,Shuttle Bus,1986,Electric,25.21
EMP08969,Airside F,34225,18.68,4,1,Car,V132,Sedan,2018,Diesel,44.83
EMP08970,Rental Car Center,34216,29.29,5,3,Rideshare,V618,Sedan,1993,Diesel,29.29
EMP08971,Airside F,33549,46.58,4,2,Carpool,V421,Truck,1993,Diesel,55.9
EMP08972,Main Terminal Restaurants,34150,53.86,2,1,Car,V849,Minivan,1986,Diesel,64.63
EMP08973,Sheltair Aviation,33634,32.77,3,11,Shuttle,S045,Shuttle Bus,2022,Electric,14.75
EMP08974,Airside C,34335,19.1,1,1,Train,N/A,N/A,,Electric,5.73
EMP08975,Airside F,34413,69.18,3,4,Carpool,V818,Sedan,1980,Hybrid,31.13
EMP08976,Airside D,34162,51.94,2,3,Carpool,V210,Truck,1980,Electric,20.78
EMP08977,Main Terminal & Airside Shopping,33851,20.03,5,1,Train,N/A,N/A,,Electric,30.05
EMP08978,Sheltair Aviation,33577,14.08,1,5,Carpool,V683,SUV,1979,Hybrid,1.69
EMP08979,Main Terminal Restaurants,33855,47.44,1,1,Train,N/A,N/A,,Electric,14.23
EMP08980,Sky Connect,33523,13.9,3,5,Rideshare,V686,Minivan,1987,Gasoline,5
EMP08981,Rental Car Center,34437,21.83,5,9,Shuttle,S048,Shuttle Bus,1979,Diesel,16.37
EMP08982,Main Terminal Restaurants,33563,7.97,5,3,Rideshare,V429,Truck,1989,Diesel,7.97
EMP08983,Main Terminal & Airside Shopping,33944,56.48,1,3,Rideshare,V213,Minivan,2014,Diesel,11.3
EMP08984,Main Terminal & Airside Shopping,33599,8.62,3,1,Bus,N/A,N/A,,N/A,5.17
EMP08985,Airside C,34442,20.95,1,1,Bus,N/A,N/A,,N/A,4.19
EMP08986,Airside A,33963,34.7,3,3,Rideshare,V798,Minivan,2017,Gasoline,20.82
EMP08987,Main Terminal Information Desk,34461,31.44,2,14,Shuttle,S006,Shuttle Bus,2018,Diesel,9.43
EMP08988,Main Terminal Information Desk,33564,15.89,3,15,Shuttle,S027,Shuttle Bus,1981,Electric,7.15
EMP08989,Airside F,33721,33.38,2,1,Car,V908,Minivan,2000,Hybrid,40.06
EMP08990,Airside A,33565,12.94,4,17,Shuttle,S009,Shuttle Bus,1988,Electric,7.76
EMP08991,Main Terminal Information Desk,33682,55.6,1,4,Carpool,V273,Minivan,2000,Diesel,8.34
EMP08992,Airside C,34272,39.75,1,1,Train,N/A,N/A,,Electric,11.92
EMP08993,Main Terminal Information Desk,34142,38.48,4,1,Train,N/A,N/A,,Electric,46.18
EMP08994,Sky Connect,33612,6.17,3,1,Bus,N/A,N/A,,N/A,3.7
EMP08995,Airside D,33794,41.42,1,1,Car,V452,Truck,2012,Diesel,24.85
EMP08996,Airside C,33591,8.45,3,1,Bus,N/A,N/A,,N/A,5.07
EMP08997,Airside A,33605,6.35,4,2,Rideshare,V402,Sedan,2012,Diesel,7.62
EMP08998,Sky Connect,33964,50.39,3,8,Shuttle,S039,Shuttle Bus,1974,Electric,22.68
EMP08999,Airside E,34244,19.69,4,1,Bus,N/A,N/A,,N/A,15.75
EMP09000,Airside D,33515,12.85,4,5,Rideshare,V191,Truck,1988,Hybrid,6.17
EMP09001,Airside E,34303,42.03,1,4,Rideshare,V518,SUV,1973,Gasoline,6.3
EMP09002,Airside F,34215,18.72,3,1,Train,N/A,N/A,,Electric,16.85
EMP09003,Airside E,33928,25.65,5,1,Train,N/A,N/A,,Electric,38.47
EMP09004,Airside F,33804,41.37,2,1,Car,V597,Minivan,1994,Diesel,49.64
EMP09005,Airside D,33777,16.22,3,4,Carpool,V893,Minivan,1990,Electric,7.3
EMP09006,Main Terminal & Airside Shopping,34548,65.5,5,4,Carpool,V820,Minivan,2022,Diesel,49.12
EMP09007,Airside E,34561,20.15,3,3,Rideshare,V300,Minivan,1992,Electric,12.09
EMP09008,Main Terminal & Airside Shopping,33698,65.01,5,5,Carpool,V572,Sedan,2014,Gasoline,39.01
EMP09009,Main Terminal & Airside Shopping,33626,5.37,2,4,Rideshare,V455,Truck,1978,Diesel,1.61
EMP09010,Rental Car Center,34370,42.88,3,2,Rideshare,V614,Truck,2004,Diesel,38.59
EMP09011,Rental Car Center,34038,17.13,5,5,Rideshare,V721,Sedan,1988,Electric,10.28
EMP09012,Airside E,34166,31.81,3,1,Train,N/A,N/A,,Electric,28.63
EMP09013,Sheltair Aviation,34688,38.56,1,5,Rideshare,V817,SUV,2011,Hybrid,4.63
EMP09014,Airside F,34659,53.75,3,1,Car,V369,Sedan,1977,Diesel,96.75
EMP09015,Airside C,33554,6.26,3,4,Rideshare,V573,Minivan,1986,Electric,2.82
EMP09016,Airside E,33613,6.84,2,4,Rideshare,V133,Truck,2018,Hybrid,2.05
EMP09017,Airside A,34452,58.91,2,5,Rideshare,V305,Sedan,2006,Hybrid,14.14
EMP09018,Airside D,33598,6.09,4,1,Bus,N/A,N/A,,N/A,4.87
EMP09019,Airside F,34404,47.68,4,1,Car,V428,Minivan,1988,Gasoline,114.43
EMP09020,Sheltair Aviation,33557,48.61,1,17,Shuttle,S026,Shuttle Bus,1985,Electric,7.29
EMP09021,Airside C,33547,44.98,3,1,Train,N/A,N/A,,Electric,40.48
EMP09022,Main Terminal Information Desk,34391,18.87,2,4,Carpool,V471,Sedan,2011,Gasoline,5.66
EMP09023,Airside D,34569,28.62,1,1,Car,V625,Sedan,2007,Diesel,17.17
EMP09024,Rental Car Center,33793,45.34,2,2,Carpool,V190,Truck,2000,Diesel,27.2
EMP09025,Rental Car Center,33867,40.29,1,1,Car,V145,Truck,2003,Gasoline,24.17
EMP09026,Airside C,34412,54.51,4,4,Rideshare,V731,SUV,1995,Gasoline,32.71
EMP09027,Main Terminal Restaurants,33992,68.35,3,3,Rideshare,V616,Minivan,1972,Diesel,41.01
EMP09028,Rental Car Center,34559,25.1,3,1,Car,V591,Truck,2005,Hybrid,45.18
EMP09029,Main Terminal Restaurants,34142,21.46,5,1,Bus,N/A,N/A,,N/A,21.46
EMP09030,Airside D,33900,43.13,4,3,Carpool,V943,SUV,1974,Diesel,34.5
EMP09031,Sheltair Aviation,34185,17.14,5,1,Train,N/A,N/A,,Electric,25.71
EMP09032,Main Terminal & Airside Shopping,33971,29.45,1,2,Rideshare,V674,Truck,2014,Diesel,8.83
EMP09033,Airside A,34159,17.75,2,1,Train,N/A,N/A,,Electric,10.65
EMP09034,Airside C,34420,17.9,1,2,Carpool,V515,Sedan,2013,Hybrid,5.37
EMP09035,Sheltair Aviation,34691,65.09,3,20,Shuttle,S003,Shuttle Bus,1994,Diesel,29.29
EMP09036,Main Terminal Restaurants,34151,18.41,5,11,Shuttle,S008,Shuttle Bus,1997,Electric,13.81
EMP09037,Sheltair Aviation,33576,7.41,2,1,Bus,N/A,N/A,,N/A,2.96
EMP09038,Airside D,33586,45.81,2,20,Shuttle,S049,Shuttle Bus,1994,Electric,13.74
EMP09039,Airside C,33767,20.01,2,1,Train,N/A,N/A,,Electric,12.01
EMP09040,Sheltair Aviation,33688,31.71,2,1,Train,N/A,N/A,,Electric,19.03
EMP09041,Main Terminal & Airside Shopping,33885,56.94,1,14,Shuttle,S037,Shuttle Bus,2022,Diesel,8.54
EMP09042,Airside F,34270,50.18,5,1,Car,V750,Minivan,1990,Gasoline,150.54
EMP09043,Sheltair Aviation,34614,49.92,1,1,Car,V257,Sedan,2005,Diesel,29.95
EMP09044,Sky Connect,34380,21.71,2,1,Train,N/A,N/A,,Electric,13.03
EMP09045,Rental Car Center,33843,16.33,4,8,Shuttle,S043,Shuttle Bus,1976,Electric,9.8
EMP09046,Main Terminal Information Desk,34038,29.65,3,1,Train,N/A,N/A,,Electric,26.68
EMP09047,Main Terminal Restaurants,33584,8.89,3,1,Bus,N/A,N/A,,N/A,5.33
EMP09048,Sheltair Aviation,33887,53.75,1,1,Car,V398,Truck,1984,Electric,32.25
EMP09049,Airside E,34056,29.24,4,1,Train,N/A,N/A,,Electric,35.09
EMP09050,Rental Car Center,33832,36.96,4,1,Train,N/A,N/A,,Electric,44.35
EMP09051,Airside D,33974,33.27,2,1,Car,V737,Truck,1996,Diesel,39.92
EMP09052,Airside A,34206,33,1,5,Carpool,V367,Sedan,1988,Hybrid,3.96
EMP09053,Airside A,33548,37.85,1,1,Train,N/A,N/A,,Electric,11.36
EMP09054,Sheltair Aviation,33611,8.43,5,4,Carpool,V633,SUV,1994,Electric,6.32
EMP09055,Rental Car Center,33982,43.53,5,4,Carpool,V125,Sedan,2000,Electric,32.65
EMP09056,Main Terminal Information Desk,34611,26.04,2,3,Carpool,V555,SUV,1998,Electric,10.42
EMP09057,Main Terminal Restaurants,33864,43.78,3,2,Carpool,V690,Truck,2011,Electric,39.4
EMP09058,Main Terminal & Airside Shopping,34677,34.46,5,1,Train,N/A,N/A,,Electric,51.69
EMP09059,Airside E,33578,11.54,5,4,Carpool,V841,Truck,2007,Hybrid,8.65
EMP09060,Airside E,33550,8.61,1,1,Car,V749,Sedan,2008,Hybrid,5.17
EMP09061,Sheltair Aviation,34627,69.73,3,4,Rideshare,V603,Truck,1976,Diesel,31.38
EMP09062,Airside A,33679,24.65,3,1,Bus,N/A,N/A,,N/A,14.79
EMP09063,Main Terminal Restaurants,34501,29.45,5,1,Car,V293,Sedan,1977,Diesel,88.35
EMP09064,Airside E,34434,38.32,4,1,Car,V730,Truck,2003,Gasoline,91.97
EMP09065,Airside E,34675,40.82,3,3,Rideshare,V126,Sedan,1988,Diesel,24.49
EMP09066,Airside E,33779,23.94,3,1,Car,V335,Sedan,2015,Electric,43.09
EMP09067,Airside E,33612,47.33,1,1,Train,N/A,N/A,,Electric,14.2
EMP09068,Airside E,33908,17.83,4,1,Train,N/A,N/A,,Electric,21.4
EMP09069,Rental Car Center,34231,54.7,4,4,Rideshare,V259,Sedan,2021,Electric,32.82
EMP09070,Airside F,33677,20.86,1,1,Bus,N/A,N/A,,N/A,4.17
EMP09071,Main Terminal Information Desk,33933,34.02,4,1,Train,N/A,N/A,,Electric,40.82
EMP09072,Airside F,33531,11.53,1,20,Shuttle,S011,Shuttle Bus,2015,Electric,1.73
EMP09073,Airside C,33604,8.47,4,1,Bus,N/A,N/A,,N/A,6.78
EMP09074,Main Terminal & Airside Shopping,33919,24.93,5,1,Train,N/A,N/A,,Electric,37.39
EMP09075,Airside C,34355,32.14,4,4,Carpool,V201,SUV,2015,Diesel,19.28
EMP09076,Airside F,34650,41.18,3,4,Rideshare,V754,SUV,1999,Hybrid,18.53
EMP09077,Main Terminal & Airside Shopping,33630,64.73,4,3,Rideshare,V712,SUV,1989,Hybrid,51.78
EMP09078,Rental Car Center,34660,67.38,5,1,Car,V995,Truck,1981,Hybrid,202.14
EMP09079,Airside C,33989,20.59,4,4,Rideshare,V537,Minivan,1990,Diesel,12.35
EMP09080,Main Terminal Information Desk,34261,28.2,2,1,Train,N/A,N/A,,Electric,16.92
EMP09081,Main Terminal & Airside Shopping,33577,14.73,5,4,Rideshare,V419,Minivan,2019,Electric,11.05
EMP09082,Main Terminal & Airside Shopping,34289,15.86,5,1,Bus,N/A,N/A,,N/A,15.86
EMP09083,Sheltair Aviation,33509,67.19,4,5,Rideshare,V220,Truck,1978,Electric,32.25
EMP09084,Main Terminal Restaurants,34450,62.46,4,1,Car,V386,Minivan,1989,Hybrid,149.9
EMP09085,Airside C,34699,39.94,3,1,Car,V420,Sedan,2001,Diesel,71.89
EMP09086,Main Terminal Restaurants,33608,9.5,5,1,Bus,N/A,N/A,,N/A,9.5
EMP09087,Airside A,34037,31.7,2,5,Rideshare,V725,Minivan,1999,Electric,7.61
EMP09088,Rental Car Center,33546,13.23,1,2,Rideshare,V517,Minivan,2014,Gasoline,3.97
EMP09089,Sheltair Aviation,33572,11.68,2,1,Bus,N/A,N/A,,N/A,4.67
EMP09090,Airside E,33620,18.32,3,1,Train,N/A,N/A,,Electric,16.49
EMP09091,Airside D,33791,57.02,4,1,Car,V438,Minivan,2014,Gasoline,136.85
EMP09092,Sheltair Aviation,33528,12.62,2,8,Shuttle,S012,Shuttle Bus,1988,Electric,3.79
EMP09093,Airside E,34015,19.14,2,1,Car,V278,Sedan,1993,Hybrid,22.97
EMP09094,Airside D,34508,65.55,4,10,Shuttle,S025,Shuttle Bus,1997,Diesel,39.33
EMP09095,Main Terminal Restaurants,34547,31.05,1,12,Shuttle,S030,Shuttle Bus,2011,Electric,4.66
EMP09096,Rental Car Center,34208,22.06,1,1,Bus,N/A,N/A,,N/A,4.41
EMP09097,Sheltair Aviation,34173,31,2,1,Car,V478,Truck,2000,Diesel,37.2
EMP09098,Sky Connect,34234,16.62,2,3,Rideshare,V684,Truck,1974,Gasoline,6.65
EMP09099,Main Terminal & Airside Shopping,33956,43.14,3,1,Train,N/A,N/A,,Electric,38.83
EMP09100,Main Terminal Restaurants,34195,32.66,5,19,Shuttle,S010,Shuttle Bus,1998,Diesel,24.49
EMP09101,Sky Connect,34158,62.33,4,18,Shuttle,S006,Shuttle Bus,2004,Diesel,37.4
EMP09102,Airside A,33690,16.85,1,1,Train,N/A,N/A,,Electric,5.06
EMP09103,Sky Connect,34118,67.76,4,1,Car,V355,Minivan,2014,Gasoline,162.62
EMP09104,Airside C,34366,33.28,3,1,Car,V314,SUV,1972,Electric,59.9
EMP09105,Airside A,33697,46.29,5,1,Train,N/A,N/A,,Electric,69.43
EMP09106,Airside A,34159,45.6,1,4,Rideshare,V750,Minivan,2005,Gasoline,6.84
EMP09107,Rental Car Center,34107,18.34,4,18,Shuttle,S004,Shuttle Bus,1975,Diesel,11
EMP09108,Main Terminal Restaurants,34251,30.06,4,1,Train,N/A,N/A,,Electric,36.07
EMP09109,Sky Connect,34232,61.33,3,4,Carpool,V272,Truck,1986,Gasoline,27.6
EMP09110,Airside A,33534,36.76,3,10,Shuttle,S044,Shuttle Bus,1973,Electric,16.54
EMP09111,Airside C,33577,12.88,2,1,Train,N/A,N/A,,Electric,7.73
EMP09112,Sheltair Aviation,33542,10.37,3,1,Bus,N/A,N/A,,N/A,6.22
EMP09113,Rental Car Center,33578,10.21,4,1,Car,V278,Minivan,1973,Hybrid,24.5
EMP09114,Main Terminal Restaurants,34136,66.99,3,1,Car,V442,Sedan,1990,Gasoline,120.58
EMP09115,Rental Car Center,33534,11.49,5,1,Car,V478,Minivan,2020,Electric,34.47
EMP09116,Main Terminal Information Desk,34686,38.65,4,1,Car,V773,Minivan,1999,Gasoline,92.76
EMP09117,Sheltair Aviation,34430,24.57,1,1,Bus,N/A,N/A,,N/A,4.91
EMP09118,Rental Car Center,34294,29.38,1,3,Rideshare,V275,Sedan,2021,Hybrid,5.88
EMP09119,Sky Connect,34237,32.66,4,4,Carpool,V651,Truck,1972,Diesel,19.6
EMP09120,Main Terminal Information Desk,34401,22.48,1,1,Bus,N/A,N/A,,N/A,4.5
EMP09121,Rental Car Center,33779,45.49,2,1,Train,N/A,N/A,,Electric,27.29
EMP09122,Main Terminal & Airside Shopping,33555,10.44,1,1,Train,N/A,N/A,,Electric,3.13
EMP09123,Main Terminal & Airside Shopping,33558,45.45,3,1,Train,N/A,N/A,,Electric,40.91
EMP09124,Main Terminal & Airside Shopping,33927,22.65,5,1,Car,V534,Minivan,1986,Gasoline,67.95
EMP09125,Airside A,33536,14.53,2,1,Car,V933,Truck,1980,Gasoline,17.44
EMP09126,Sheltair Aviation,34248,61.15,1,4,Carpool,V697,Minivan,1976,Gasoline,9.17
EMP09127,Main Terminal Restaurants,34097,22.99,2,1,Bus,N/A,N/A,,N/A,9.2
EMP09128,Rental Car Center,34366,56.4,2,4,Rideshare,V309,SUV,1997,Electric,16.92
EMP09129,Main Terminal Restaurants,34050,41.45,5,1,Train,N/A,N/A,,Electric,62.18
EMP09130,Rental Car Center,34607,62.86,1,11,Shuttle,S048,Shuttle Bus,1996,Electric,9.43
EMP09131,Sky Connect,33787,16.48,1,1,Bus,N/A,N/A,,N/A,3.3
EMP09132,Sky Connect,33742,21.7,1,1,Train,N/A,N/A,,Electric,6.51
EMP09133,Airside C,34469,31.15,2,11,Shuttle,S040,Shuttle Bus,1980,Electric,9.34
EMP09134,Sheltair Aviation,33692,60.22,2,3,Carpool,V340,Truck,2006,Diesel,24.09
EMP09135,Airside D,33525,59.52,4,1,Car,V999,Minivan,2002,Gasoline,142.85
EMP09136,Airside E,34549,17.26,5,1,Bus,N/A,N/A,,N/A,17.26
EMP09137,Rental Car Center,33581,6.12,2,1,Bus,N/A,N/A,,N/A,2.45
EMP09138,Sky Connect,33639,15.13,5,1,Bus,N/A,N/A,,N/A,15.13
EMP09139,Sky Connect,33852,61.61,1,11,Shuttle,S012,Shuttle Bus,1976,Diesel,9.24
EMP09140,Sky Connect,34125,32.72,2,2,Carpool,V631,Truck,1973,Hybrid,19.63
EMP09141,Sheltair Aviation,33792,21.15,2,13,Shuttle,S039,Shuttle Bus,2015,Electric,6.34
EMP09142,Sky Connect,34413,24.33,1,1,Train,N/A,N/A,,Electric,7.3
EMP09143,Airside D,34521,27.62,3,1,Train,N/A,N/A,,Electric,24.86
EMP09144,Airside C,33789,38.76,3,1,Car,V737,Truck,1998,Gasoline,69.77
EMP09145,Airside A,34150,26.12,2,16,Shuttle,S011,Shuttle Bus,1988,Diesel,7.84
EMP09146,Airside D,33589,34.39,4,1,Car,V652,Sedan,2002,Diesel,82.54
EMP09147,Sheltair Aviation,34512,40.97,2,1,Car,V792,Minivan,1999,Hybrid,49.16
EMP09148,Airside F,33621,51.65,1,3,Rideshare,V856,Truck,1976,Electric,10.33
EMP09149,Rental Car Center,33613,8.68,3,2,Carpool,V328,SUV,2013,Diesel,7.81
EMP09150,Main Terminal Restaurants,33976,31.21,1,1,Train,N/A,N/A,,Electric,9.36
EMP09151,Main Terminal & Airside Shopping,33832,46.06,2,1,Train,N/A,N/A,,Electric,27.64
EMP09152,Airside A,33819,50.85,3,1,Car,V731,Minivan,1983,Electric,91.53
EMP09153,Sky Connect,33572,6.19,3,5,Rideshare,V194,Sedan,2009,Electric,2.23
EMP09154,Main Terminal Information Desk,34410,18.43,1,1,Car,V144,SUV,2015,Diesel,11.06
EMP09155,Airside C,34483,25.15,3,2,Carpool,V543,Minivan,2005,Hybrid,22.63
EMP09156,Sheltair Aviation,33992,19.04,3,18,Shuttle,S025,Shuttle Bus,1984,Diesel,8.57
EMP09157,Rental Car Center,34237,17.3,1,3,Carpool,V748,Sedan,1984,Gasoline,3.46
EMP09158,Airside C,34272,33.88,3,4,Carpool,V127,Truck,2009,Diesel,15.25
EMP09159,Rental Car Center,33544,12.72,5,1,Car,V464,Truck,2015,Hybrid,38.16
EMP09160,Sheltair Aviation,34462,24,5,12,Shuttle,S010,Shuttle Bus,1978,Electric,18
EMP09161,Airside D,33668,19.13,2,1,Bus,N/A,N/A,,N/A,7.65
EMP09162,Airside D,34190,24.47,3,1,Bus,N/A,N/A,,N/A,14.68
EMP09163,Airside E,34238,63.05,1,15,Shuttle,S027,Shuttle Bus,2009,Diesel,9.46
EMP09164,Rental Car Center,34038,69.88,5,2,Rideshare,V433,Minivan,2019,Gasoline,104.82
EMP09165,Airside D,34361,68.48,3,4,Rideshare,V596,Truck,1987,Hybrid,30.82
EMP09166,Sky Connect,34151,58.55,3,1,Car,V424,SUV,1989,Diesel,105.39
EMP09167,Sky Connect,34306,35.9,5,1,Train,N/A,N/A,,Electric,53.85
EMP09168,Airside D,33552,7.73,3,1,Bus,N/A,N/A,,N/A,4.64
EMP09169,Sky Connect,33550,33.58,2,1,Train,N/A,N/A,,Electric,20.15
EMP09170,Airside D,34642,41.9,1,5,Carpool,V258,Truck,2017,Gasoline,5.03
EMP09171,Airside F,33958,34.97,1,1,Train,N/A,N/A,,Electric,10.49
EMP09172,Main Terminal & Airside Shopping,34585,20.45,5,17,Shuttle,S022,Shuttle Bus,1972,Electric,15.34
EMP09173,Sky Connect,33570,12.38,5,3,Carpool,V595,Minivan,2000,Diesel,12.38
EMP09174,Main Terminal Information Desk,34014,57.98,1,13,Shuttle,S010,Shuttle Bus,1999,Diesel,8.7
EMP09175,Airside D,34149,46.14,2,1,Car,V833,Sedan,2003,Diesel,55.37
EMP09176,Sky Connect,33700,51.06,2,12,Shuttle,S012,Shuttle Bus,1972,Electric,15.32
EMP09177,Main Terminal Information Desk,34432,46.12,2,3,Carpool,V144,SUV,1975,Electric,18.45
EMP09178,Airside D,34545,15.95,5,1,Car,V321,Truck,2001,Electric,47.85
EMP09179,Airside A,33983,64.88,1,14,Shuttle,S011,Shuttle Bus,1990,Diesel,9.73
EMP09180,Rental Car Center,34637,30.46,5,1,Train,N/A,N/A,,Electric,45.69
EMP09181,Main Terminal Information Desk,33578,6.87,2,1,Bus,N/A,N/A,,N/A,2.75
EMP09182,Main Terminal Restaurants,34587,64.86,1,2,Carpool,V642,Truck,1996,Diesel,19.46
EMP09183,Sheltair Aviation,33595,6.53,3,1,Bus,N/A,N/A,,N/A,3.92
EMP09184,Sheltair Aviation,34413,24.22,2,1,Train,N/A,N/A,,Electric,14.53
EMP09185,Airside F,34256,63.49,1,4,Carpool,V844,Sedan,1986,Gasoline,9.52
EMP09186,Sky Connect,34602,22.43,3,1,Train,N/A,N/A,,Electric,20.19
EMP09187,Rental Car Center,33691,55.6,5,16,Shuttle,S034,Shuttle Bus,1985,Diesel,41.7
EMP09188,Airside C,34053,30.74,5,1,Train,N/A,N/A,,Electric,46.11
EMP09189,Airside E,33571,13,1,1,Train,N/A,N/A,,Electric,3.9
EMP09190,Sky Connect,33508,12.17,3,3,Carpool,V361,Minivan,1972,Diesel,7.3
EMP09191,Airside F,34153,66.12,5,19,Shuttle,S022,Shuttle Bus,1995,Diesel,49.59
EMP09192,Airside D,33622,7.2,2,4,Carpool,V829,Minivan,2007,Gasoline,2.16
EMP09193,Rental Car Center,33509,12.33,2,1,Bus,N/A,N/A,,N/A,4.93
EMP09194,Airside D,33636,7.81,5,1,Car,V289,SUV,2010,Hybrid,23.43
EMP09195,Airside E,33550,45.03,2,2,Rideshare,V797,Sedan,1974,Electric,27.02
EMP09196,Airside F,33894,66.6,4,1,Car,V236,SUV,1981,Hybrid,159.84
EMP09197,Sheltair Aviation,33905,17.61,1,5,Carpool,V360,Truck,1993,Electric,2.11
EMP09198,Sky Connect,34495,68.74,5,2,Carpool,V238,Sedan,1982,Gasoline,103.11
EMP09199,Airside E,33659,45.15,4,5,Rideshare,V250,Sedan,2019,Hybrid,21.67
EMP09200,Airside C,33922,17.25,5,1,Train,N/A,N/A,,Electric,25.88
EMP09201,Main Terminal Information Desk,34237,41.76,3,4,Carpool,V138,SUV,1974,Electric,18.79
EMP09202,Main Terminal & Airside Shopping,33657,39.58,5,1,Train,N/A,N/A,,Electric,59.37
EMP09203,Main Terminal Restaurants,33730,16.77,5,3,Carpool,V892,Sedan,1992,Electric,16.77
EMP09204,Main Terminal Information Desk,34293,22.86,5,1,Train,N/A,N/A,,Electric,34.29
EMP09205,Airside C,34296,20.27,4,1,Bus,N/A,N/A,,N/A,16.22
EMP09206,Airside A,33598,67.41,5,1,Car,V481,Sedan,1993,Hybrid,202.23
EMP09207,Airside D,34455,31.93,2,1,Car,V499,Minivan,2008,Gasoline,38.32
EMP09208,Airside C,33699,42.84,2,11,Shuttle,S025,Shuttle Bus,1981,Diesel,12.85
EMP09209,Main Terminal Restaurants,33744,19.93,3,1,Bus,N/A,N/A,,N/A,11.96
EMP09210,Airside A,33941,41.4,1,1,Car,V980,Minivan,1991,Electric,24.84
EMP09211,Sky Connect,33989,40.68,4,4,Rideshare,V758,Minivan,1993,Diesel,24.41
EMP09212,Sky Connect,34619,33.12,4,2,Rideshare,V921,Truck,1989,Hybrid,39.74
EMP09213,Sky Connect,34020,18.06,4,1,Car,V280,Sedan,2005,Gasoline,43.34
EMP09214,Airside E,33576,14.5,1,1,Train,N/A,N/A,,Electric,4.35
EMP09215,Airside E,34471,49.18,4,3,Carpool,V438,SUV,1972,Gasoline,39.34
EMP09216,Airside C,33921,35.91,5,2,Carpool,V153,Sedan,2010,Diesel,53.86
EMP09217,Main Terminal & Airside Shopping,33511,11.43,2,5,Carpool,V137,Truck,2002,Electric,2.74
EMP09218,Main Terminal Information Desk,33920,21.93,3,16,Shuttle,S044,Shuttle Bus,2006,Electric,9.87
EMP09219,Airside E,34167,39.93,5,3,Carpool,V969,Truck,1989,Electric,39.93
EMP09220,Main Terminal Restaurants,34270,46.24,3,15,Shuttle,S015,Shuttle Bus,2004,Diesel,20.81
EMP09221,Main Terminal & Airside Shopping,34108,31.89,1,1,Train,N/A,N/A,,Electric,9.57
EMP09222,Main Terminal Restaurants,33922,40.31,5,2,Rideshare,V446,Minivan,1980,Diesel,60.47
EMP09223,Main Terminal Restaurants,33917,66.98,3,10,Shuttle,S029,Shuttle Bus,1979,Diesel,30.14
EMP09224,Airside D,33607,9.15,4,1,Bus,N/A,N/A,,N/A,7.32
EMP09225,Main Terminal & Airside Shopping,34338,64.27,2,10,Shuttle,S045,Shuttle Bus,1972,Electric,19.28
EMP09226,Main Terminal & Airside Shopping,34178,16.51,4,1,Car,V702,Minivan,1989,Gasoline,39.62
EMP09227,Airside D,33526,14.76,3,3,Rideshare,V841,Truck,2017,Diesel,8.86
EMP09228,Airside A,33541,14.79,5,5,Rideshare,V475,SUV,2011,Hybrid,8.87
EMP09229,Rental Car Center,33670,24.98,5,1,Bus,N/A,N/A,,N/A,24.98
EMP09230,Main Terminal & Airside Shopping,33670,42.65,2,5,Rideshare,V140,Minivan,1997,Diesel,10.24
EMP09231,Airside D,34557,24.85,5,1,Train,N/A,N/A,,Electric,37.27
EMP09232,Airside F,34376,50.83,1,1,Car,V225,Sedan,2010,Hybrid,30.5
EMP09233,Main Terminal & Airside Shopping,33942,21,2,4,Rideshare,V198,Sedan,1992,Hybrid,6.3
EMP09234,Airside D,33754,22.92,3,2,Carpool,V123,Truck,2019,Hybrid,20.63
EMP09235,Airside F,33680,15.78,4,17,Shuttle,S046,Shuttle Bus,1984,Electric,9.47
EMP09236,Sky Connect,34604,17.63,5,1,Car,V446,SUV,2012,Hybrid,52.89
EMP09237,Main Terminal Restaurants,34437,24.47,2,1,Train,N/A,N/A,,Electric,14.68
EMP09238,Airside D,34264,44.09,3,5,Rideshare,V688,Minivan,1986,Electric,15.87
EMP09239,Airside D,33528,10.69,3,4,Carpool,V848,Sedan,2002,Hybrid,4.81
EMP09240,Airside F,33906,23.29,5,1,Bus,N/A,N/A,,N/A,23.29
EMP09241,Main Terminal Information Desk,34698,48.84,4,4,Rideshare,V788,Minivan,1988,Hybrid,29.3
EMP09242,Airside A,34382,39.42,4,16,Shuttle,S031,Shuttle Bus,2020,Diesel,23.65
EMP09243,Main Terminal Restaurants,34239,16.77,1,2,Carpool,V656,Sedan,2021,Electric,5.03
EMP09244,Main Terminal Information Desk,34035,48.02,5,1,Train,N/A,N/A,,Electric,72.03
EMP09245,Main Terminal Restaurants,33955,45.65,1,1,Car,V922,SUV,2005,Hybrid,27.39
EMP09246,Main Terminal & Airside Shopping,33527,10.41,1,1,Bus,N/A,N/A,,N/A,2.08
EMP09247,Main Terminal Information Desk,34399,50.03,2,3,Rideshare,V120,Sedan,1979,Gasoline,20.01
EMP09248,Airside E,34253,66.39,5,20,Shuttle,S040,Shuttle Bus,1983,Electric,49.79
EMP09249,Airside F,34274,17.43,1,5,Rideshare,V156,Minivan,1997,Hybrid,2.09
EMP09250,Airside F,34270,36.46,1,3,Carpool,V326,Sedan,1986,Gasoline,7.29
EMP09251,Airside C,34123,24.3,3,5,Rideshare,V736,Sedan,1985,Electric,8.75
EMP09252,Airside E,34138,27.29,5,18,Shuttle,S005,Shuttle Bus,2000,Diesel,20.47
EMP09253,Airside F,34234,20.16,4,1,Bus,N/A,N/A,,N/A,16.13
EMP09254,Sky Connect,34663,43.77,4,1,Car,V257,SUV,1994,Hybrid,105.05
EMP09255,Airside A,34490,17.52,1,1,Car,V952,Sedan,1985,Diesel,10.51
EMP09256,Airside A,34441,68.42,4,2,Carpool,V641,Sedan,1998,Hybrid,82.1
EMP09257,Main Terminal & Airside Shopping,33557,7.13,5,1,Bus,N/A,N/A,,N/A,7.13
EMP09258,Sky Connect,34042,23.13,4,1,Bus,N/A,N/A,,N/A,18.5
EMP09259,Main Terminal Information Desk,34669,69.85,1,5,Carpool,V558,SUV,2012,Hybrid,8.38
EMP09260,Rental Car Center,34403,18.95,4,4,Carpool,V186,Sedan,2019,Gasoline,11.37
EMP09261,Airside A,33564,11.59,5,1,Bus,N/A,N/A,,N/A,11.59
EMP09262,Main Terminal Information Desk,34446,35.01,1,2,Rideshare,V164,Sedan,1975,Diesel,10.5
EMP09263,Airside E,33646,32.86,4,5,Rideshare,V486,Sedan,1991,Gasoline,15.77
EMP09264,Airside A,34055,18.03,3,1,Train,N/A,N/A,,Electric,16.23
EMP09265,Main Terminal Information Desk,34523,55.33,1,1,Car,V949,Sedan,2003,Gasoline,33.2
EMP09266,Airside C,33787,41.76,2,1,Car,V842,SUV,1972,Gasoline,50.11
EMP09267,Airside E,33946,30.17,4,16,Shuttle,S040,Shuttle Bus,2006,Diesel,18.1
EMP09268,Main Terminal Restaurants,33749,57.14,1,1,Car,V879,Sedan,2016,Gasoline,34.28
EMP09269,Main Terminal & Airside Shopping,34106,16.95,2,1,Train,N/A,N/A,,Electric,10.17
EMP09270,Rental Car Center,34338,19.5,1,1,Car,V546,Minivan,2000,Electric,11.7
EMP09271,Airside C,34123,27.39,1,1,Car,V181,Truck,2017,Gasoline,16.43
EMP09272,Main Terminal & Airside Shopping,33810,33.37,2,3,Carpool,V214,Truck,2019,Electric,13.35
EMP09273,Airside D,34538,52.37,5,4,Carpool,V224,Minivan,2007,Electric,39.28
EMP09274,Main Terminal Information Desk,34539,26.51,1,2,Carpool,V988,Sedan,2007,Diesel,7.95
EMP09275,Main Terminal Restaurants,34147,47.56,3,5,Rideshare,V136,Truck,1994,Diesel,17.12
EMP09276,Airside D,33727,18.39,2,19,Shuttle,S034,Shuttle Bus,1978,Diesel,5.52
EMP09277,Main Terminal Restaurants,33592,7.82,5,2,Rideshare,V453,Minivan,1973,Hybrid,11.73
EMP09278,Airside A,34015,64.24,3,3,Carpool,V528,SUV,2018,Diesel,38.54
EMP09279,Airside F,33522,11.82,2,3,Rideshare,V744,Minivan,2010,Hybrid,4.73
EMP09280,Airside D,34575,16.83,4,1,Train,N/A,N/A,,Electric,20.2
EMP09281,Airside C,33504,61.34,2,10,Shuttle,S010,Shuttle Bus,1995,Diesel,18.4
EMP09282,Main Terminal & Airside Shopping,33766,50.72,2,1,Car,V340,Sedan,1994,Gasoline,60.86
EMP09283,Sky Connect,34434,21.96,4,1,Bus,N/A,N/A,,N/A,17.57
EMP09284,Main Terminal Information Desk,33911,29.48,3,3,Rideshare,V667,Minivan,1979,Gasoline,17.69
EMP09285,Main Terminal Information Desk,33589,44.87,5,2,Carpool,V726,Truck,1973,Electric,67.3
EMP09286,Airside F,34354,22.11,5,1,Car,V500,Minivan,2004,Electric,66.33
EMP09287,Main Terminal & Airside Shopping,33564,69.68,5,5,Carpool,V911,SUV,1977,Electric,41.81
EMP09288,Sheltair Aviation,33632,27.97,5,2,Rideshare,V911,Truck,1990,Electric,41.95
EMP09289,Airside C,34234,22.71,3,1,Bus,N/A,N/A,,N/A,13.63
EMP09290,Airside D,33588,9.32,5,4,Rideshare,V452,Minivan,2010,Electric,6.99
EMP09291,Main Terminal Information Desk,34422,35.71,1,11,Shuttle,S008,Shuttle Bus,1977,Electric,5.36
EMP09292,Airside F,34575,29.83,2,5,Rideshare,V750,SUV,1998,Diesel,7.16
EMP09293,Sky Connect,33568,7.25,2,1,Bus,N/A,N/A,,N/A,2.9
EMP09294,Airside E,34428,19.53,4,1,Bus,N/A,N/A,,N/A,15.62
EMP09295,Main Terminal Restaurants,33762,66.38,5,4,Rideshare,V981,Minivan,1994,Hybrid,49.78
EMP09296,Rental Car Center,34201,48.73,4,4,Rideshare,V763,Truck,1995,Gasoline,29.24
EMP09297,Airside F,33620,22.08,1,19,Shuttle,S010,Shuttle Bus,1975,Diesel,3.31
EMP09298,Airside D,34231,24.53,4,5,Carpool,V467,Truck,1988,Diesel,11.77
EMP09299,Sky Connect,34003,24.03,2,1,Train,N/A,N/A,,Electric,14.42
EMP09300,Airside E,34064,20.7,3,4,Carpool,V457,SUV,2021,Electric,9.31
EMP09301,Main Terminal & Airside Shopping,33818,28.81,2,1,Train,N/A,N/A,,Electric,17.29
EMP09302,Sky Connect,34247,31.21,4,1,Train,N/A,N/A,,Electric,37.45
EMP09303,Main Terminal Information Desk,33867,22.16,3,12,Shuttle,S043,Shuttle Bus,1986,Diesel,9.97
EMP09304,Airside F,33508,14.12,5,16,Shuttle,S008,Shuttle Bus,2019,Diesel,10.59
EMP09305,Airside F,34375,24.44,4,18,Shuttle,S005,Shuttle Bus,2011,Diesel,14.66
EMP09306,Main Terminal Restaurants,33516,40.33,4,15,Shuttle,S007,Shuttle Bus,2020,Electric,24.2
EMP09307,Airside C,34276,25.72,1,1,Car,V751,Sedan,2016,Electric,15.43
EMP09308,Airside E,33998,39.91,1,4,Carpool,V264,Truck,2002,Gasoline,5.99
EMP09309,Airside C,33601,8.8,5,5,Rideshare,V139,Truck,2013,Gasoline,5.28
EMP09310,Main Terminal & Airside Shopping,34246,50.03,5,5,Carpool,V477,Sedan,2001,Electric,30.02
EMP09311,Rental Car Center,33631,47.92,1,4,Carpool,V771,Sedan,1984,Gasoline,7.19
EMP09312,Airside A,34042,30.18,5,1,Car,V326,Truck,1995,Gasoline,90.54
EMP09313,Airside A,33961,56.37,4,5,Carpool,V868,SUV,2000,Gasoline,27.06
EMP09314,Sheltair Aviation,34369,19.68,3,1,Bus,N/A,N/A,,N/A,11.81
EMP09315,Rental Car Center,34345,54.24,2,5,Rideshare,V666,SUV,1990,Gasoline,13.02
EMP09316,Sheltair Aviation,34283,32.14,2,1,Train,N/A,N/A,,Electric,19.28
EMP09317,Airside F,34354,67.47,4,5,Carpool,V811,SUV,1985,Gasoline,32.39
EMP09318,Airside C,33515,11.06,2,2,Rideshare,V447,Minivan,1993,Diesel,6.64
EMP09319,Rental Car Center,33660,32.91,4,1,Train,N/A,N/A,,Electric,39.49
EMP09320,Airside D,33880,61.42,3,1,Car,V838,Minivan,2016,Hybrid,110.56
EMP09321,Airside E,33562,30.17,2,1,Train,N/A,N/A,,Electric,18.1
EMP09322,Main Terminal & Airside Shopping,34281,60.19,3,19,Shuttle,S008,Shuttle Bus,1993,Electric,27.09
EMP09323,Airside F,34583,26.86,2,1,Train,N/A,N/A,,Electric,16.12
EMP09324,Airside C,33546,12.89,4,1,Bus,N/A,N/A,,N/A,10.31
EMP09325,Airside E,34140,69.12,5,19,Shuttle,S020,Shuttle Bus,1985,Diesel,51.84
EMP09326,Main Terminal Restaurants,34471,43.5,3,1,Train,N/A,N/A,,Electric,39.15
EMP09327,Airside D,34547,28.65,5,4,Carpool,V236,Truck,2018,Electric,21.49
EMP09328,Airside E,34438,41.97,3,13,Shuttle,S037,Shuttle Bus,1977,Diesel,18.89
EMP09329,Airside E,33545,10.27,3,4,Rideshare,V845,Sedan,1987,Hybrid,4.62
EMP09330,Airside E,33519,69.74,1,1,Car,V407,Sedan,2005,Electric,41.84
EMP09331,Airside C,33565,14.95,4,1,Car,V919,Truck,1974,Hybrid,35.88
EMP09332,Main Terminal Restaurants,34265,17.08,5,2,Carpool,V820,Minivan,2020,Electric,25.62
EMP09333,Main Terminal & Airside Shopping,33535,11.47,4,3,Carpool,V680,SUV,1972,Hybrid,9.18
EMP09334,Airside F,33761,37.56,1,8,Shuttle,S042,Shuttle Bus,2018,Electric,5.63
EMP09335,Main Terminal Restaurants,33875,64.57,5,4,Carpool,V509,Truck,2001,Diesel,48.43
EMP09336,Main Terminal Information Desk,33772,18,2,1,Bus,N/A,N/A,,N/A,7.2
EMP09337,Airside E,34241,63.78,2,4,Rideshare,V926,Minivan,1991,Gasoline,19.13
EMP09338,Airside C,33628,48.88,1,2,Carpool,V459,Minivan,1996,Gasoline,14.66
EMP09339,Main Terminal Information Desk,34641,59.89,2,4,Carpool,V521,SUV,2019,Diesel,17.97
EMP09340,Airside D,33754,47.06,2,1,Train,N/A,N/A,,Electric,28.24
EMP09341,Main Terminal Restaurants,33604,7.09,3,1,Car,V418,Truck,2005,Diesel,12.76
EMP09342,Sky Connect,33610,9.2,5,1,Bus,N/A,N/A,,N/A,9.2
EMP09343,Airside C,33579,8.98,1,1,Bus,N/A,N/A,,N/A,1.8
EMP09344,Main Terminal Restaurants,34213,66.14,5,11,Shuttle,S045,Shuttle Bus,1986,Diesel,49.6
EMP09345,Airside A,34224,28.42,3,3,Rideshare,V262,Minivan,1999,Electric,17.05
EMP09346,Airside F,34130,19.56,4,1,Train,N/A,N/A,,Electric,23.47
EMP09347,Airside F,33563,12.71,2,9,Shuttle,S006,Shuttle Bus,2021,Diesel,3.81
EMP09348,Airside A,33789,63.32,5,17,Shuttle,S036,Shuttle Bus,1999,Electric,47.49
EMP09349,Sheltair Aviation,34690,25.52,4,1,Train,N/A,N/A,,Electric,30.62
EMP09350,Airside D,34239,23.04,4,5,Carpool,V422,Sedan,1974,Diesel,11.06
EMP09351,Main Terminal & Airside Shopping,33843,21.28,4,20,Shuttle,S004,Shuttle Bus,1989,Electric,12.77
EMP09352,Main Terminal Restaurants,34332,22.58,4,1,Car,V800,Sedan,1977,Diesel,54.19
EMP09353,Sky Connect,34657,44.21,4,4,Rideshare,V398,Truck,2013,Gasoline,26.53
EMP09354,Main Terminal & Airside Shopping,33920,58.78,5,3,Rideshare,V884,Sedan,1980,Gasoline,58.78
EMP09355,Airside C,34195,18.48,4,4,Rideshare,V274,Sedan,2005,Electric,11.09
EMP09356,Airside E,33584,65.61,5,1,Car,V833,Minivan,2020,Gasoline,196.83
EMP09357,Airside F,33529,10.44,2,1,Bus,N/A,N/A,,N/A,4.18
EMP09358,Airside F,33797,29.97,3,19,Shuttle,S036,Shuttle Bus,1983,Electric,13.49
EMP09359,Airside E,34375,67.55,5,2,Carpool,V508,Truck,1980,Gasoline,101.32
EMP09360,Airside F,33992,39.4,1,15,Shuttle,S040,Shuttle Bus,2017,Electric,5.91
EMP09361,Airside C,33545,14.64,3,16,Shuttle,S044,Shuttle Bus,1988,Electric,6.59
EMP09362,Airside D,33508,30.91,2,2,Rideshare,V761,Minivan,1976,Hybrid,18.55
EMP09363,Main Terminal Restaurants,34500,48.83,4,19,Shuttle,S031,Shuttle Bus,2019,Electric,29.3
EMP09364,Airside C,33552,12.87,3,14,Shuttle,S007,Shuttle Bus,1998,Diesel,5.79
EMP09365,Airside C,33966,15.15,2,1,Bus,N/A,N/A,,N/A,6.06
EMP09366,Airside E,34434,25.51,2,3,Rideshare,V140,SUV,1994,Hybrid,10.2
EMP09367,Main Terminal Information Desk,34582,27.01,3,15,Shuttle,S025,Shuttle Bus,2018,Electric,12.15
EMP09368,Airside A,33945,22.4,1,1,Bus,N/A,N/A,,N/A,4.48
EMP09369,Main Terminal Restaurants,34281,63.27,4,1,Car,V536,Minivan,1986,Gasoline,151.85
EMP09370,Main Terminal & Airside Shopping,33510,13.79,3,1,Train,N/A,N/A,,Electric,12.41
EMP09371,Sky Connect,33714,27.55,2,5,Rideshare,V530,Sedan,2002,Electric,6.61
EMP09372,Main Terminal Restaurants,34345,17.12,2,3,Rideshare,V608,Truck,1979,Hybrid,6.85
EMP09373,Airside C,33869,31.93,3,9,Shuttle,S044,Shuttle Bus,2022,Electric,14.37
EMP09374,Airside A,34664,48.44,3,11,Shuttle,S028,Shuttle Bus,1975,Electric,21.8
EMP09375,Sky Connect,33602,42.78,3,5,Carpool,V105,Sedan,1974,Gasoline,15.4
EMP09376,Sky Connect,34551,49.51,2,8,Shuttle,S032,Shuttle Bus,2014,Diesel,14.85
EMP09377,Main Terminal & Airside Shopping,34629,53.01,2,16,Shuttle,S008,Shuttle Bus,1983,Diesel,15.9
EMP09378,Sheltair Aviation,34476,49.46,2,1,Train,N/A,N/A,,Electric,29.68
EMP09379,Airside C,34583,27.3,1,1,Train,N/A,N/A,,Electric,8.19
EMP09380,Rental Car Center,34644,35.67,2,1,Train,N/A,N/A,,Electric,21.4
EMP09381,Airside C,34478,48.77,5,1,Train,N/A,N/A,,Electric,73.16
EMP09382,Rental Car Center,33550,13.95,1,5,Carpool,V199,Sedan,1997,Gasoline,1.67
EMP09383,Main Terminal Information Desk,34362,60.26,3,15,Shuttle,S048,Shuttle Bus,1982,Diesel,27.12
EMP09384,Airside C,34564,31.58,1,1,Train,N/A,N/A,,Electric,9.47
EMP09385,Main Terminal & Airside Shopping,34154,49.91,4,18,Shuttle,S048,Shuttle Bus,1984,Diesel,29.95
EMP09386,Airside E,34190,23.03,2,1,Bus,N/A,N/A,,N/A,9.21
EMP09387,Rental Car Center,33819,16.34,3,1,Car,V272,SUV,1984,Gasoline,29.41
EMP09388,Main Terminal & Airside Shopping,33518,12.51,3,1,Bus,N/A,N/A,,N/A,7.51
EMP09389,Main Terminal Information Desk,33517,13.95,2,1,Bus,N/A,N/A,,N/A,5.58
EMP09390,Airside F,34443,56.36,5,1,Car,V683,Truck,2016,Diesel,169.08
EMP09391,Airside C,34501,67.2,3,3,Carpool,V919,Minivan,2019,Diesel,40.32
EMP09392,Main Terminal Restaurants,33612,6.44,5,3,Rideshare,V775,Minivan,1986,Hybrid,6.44
EMP09393,Airside C,33824,23.95,5,1,Car,V547,Truck,1993,Electric,71.85
EMP09394,Sheltair Aviation,33939,33.9,1,5,Rideshare,V566,Sedan,2022,Diesel,4.07
EMP09395,Main Terminal Information Desk,33540,12.43,3,1,Car,V523,SUV,1997,Diesel,22.37
EMP09396,Sky Connect,33586,9.06,2,1,Car,V339,Sedan,2012,Hybrid,10.87
EMP09397,Airside A,34379,19.3,2,4,Carpool,V830,Sedan,2020,Electric,5.79
EMP09398,Airside D,34581,25.18,4,1,Train,N/A,N/A,,Electric,30.22
EMP09399,Main Terminal Information Desk,34105,59.48,4,4,Rideshare,V816,Minivan,2013,Hybrid,35.69
EMP09400,Airside D,33526,11.03,3,16,Shuttle,S008,Shuttle Bus,1996,Electric,4.96
EMP09401,Airside F,33918,18.54,5,1,Train,N/A,N/A,,Electric,27.81
EMP09402,Airside C,34544,39.87,3,4,Carpool,V582,Minivan,2019,Hybrid,17.94
EMP09403,Airside A,33633,45.03,1,3,Rideshare,V167,Truck,2017,Diesel,9.01
EMP09404,Airside D,33610,50.76,4,13,Shuttle,S035,Shuttle Bus,2001,Electric,30.46
EMP09405,Main Terminal Restaurants,34652,65.27,4,17,Shuttle,S028,Shuttle Bus,2014,Diesel,39.16
EMP09406,Sky Connect,33587,5.4,3,1,Bus,N/A,N/A,,N/A,3.24
EMP09407,Main Terminal Information Desk,33579,7.82,1,1,Bus,N/A,N/A,,N/A,1.56
EMP09408,Airside D,34195,49.13,2,1,Car,V756,SUV,1992,Diesel,58.96
EMP09409,Airside D,34424,17.13,1,1,Car,V895,Truck,1975,Electric,10.28
EMP09410,Airside E,34468,19.11,5,1,Train,N/A,N/A,,Electric,28.66
EMP09411,Main Terminal & Airside Shopping,33603,6.98,3,1,Bus,N/A,N/A,,N/A,4.19
EMP09412,Airside E,34521,33.17,1,14,Shuttle,S041,Shuttle Bus,1980,Diesel,4.98
EMP09413,Airside F,33985,29.19,2,1,Train,N/A,N/A,,Electric,17.51
EMP09414,Main Terminal & Airside Shopping,34493,22.75,4,1,Bus,N/A,N/A,,N/A,18.2
EMP09415,Airside D,34644,41.82,1,2,Rideshare,V307,Truck,2013,Electric,12.55
EMP09416,Airside C,33927,27.04,1,16,Shuttle,S046,Shuttle Bus,1996,Diesel,4.06
EMP09417,Airside A,34002,65.3,3,2,Carpool,V854,Truck,2007,Diesel,58.77
EMP09418,Main Terminal Information Desk,33952,26.39,1,15,Shuttle,S044,Shuttle Bus,2009,Diesel,3.96
EMP09419,Airside A,34395,37.06,1,2,Carpool,V504,Minivan,2012,Hybrid,11.12
EMP09420,Main Terminal & Airside Shopping,34527,47.35,3,9,Shuttle,S018,Shuttle Bus,2011,Electric,21.31
EMP09421,Sky Connect,34456,48.44,4,1,Train,N/A,N/A,,Electric,58.13
EMP09422,Sky Connect,34179,17.31,5,1,Train,N/A,N/A,,Electric,25.96
EMP09423,Main Terminal Restaurants,34291,22.45,4,1,Train,N/A,N/A,,Electric,26.94
EMP09424,Main Terminal Information Desk,33674,38.14,5,15,Shuttle,S007,Shuttle Bus,1988,Electric,28.61
EMP09425,Rental Car Center,34157,16.92,4,1,Car,V168,Minivan,2000,Gasoline,40.61
EMP09426,Main Terminal & Airside Shopping,33961,39.75,2,1,Train,N/A,N/A,,Electric,23.85
EMP09427,Sheltair Aviation,34225,60.66,5,20,Shuttle,S007,Shuttle Bus,2000,Diesel,45.49
EMP09428,Sky Connect,34510,64.88,2,10,Shuttle,S043,Shuttle Bus,1977,Electric,19.46
EMP09429,Main Terminal & Airside Shopping,34638,24.26,4,1,Train,N/A,N/A,,Electric,29.11
EMP09430,Airside D,33968,59.14,1,2,Carpool,V494,SUV,2009,Hybrid,17.74
EMP09431,Airside A,33590,8.6,2,8,Shuttle,S009,Shuttle Bus,1980,Electric,2.58
EMP09432,Airside C,33844,49.16,3,1,Car,V851,Sedan,2011,Electric,88.49
EMP09433,Main Terminal & Airside Shopping,33942,33.36,1,3,Rideshare,V282,Truck,1990,Hybrid,6.67
EMP09434,Rental Car Center,33671,24.19,4,5,Rideshare,V829,SUV,2020,Electric,11.61
EMP09435,Airside C,34053,33,5,1,Car,V873,SUV,1989,Electric,99
EMP09436,Airside A,34568,48.35,3,3,Rideshare,V655,Minivan,1973,Electric,29.01
EMP09437,Main Terminal & Airside Shopping,34481,21.95,2,1,Car,V602,Minivan,1988,Electric,26.34
EMP09438,Airside E,33592,6.32,2,1,Car,V746,Truck,1991,Hybrid,7.58
EMP09439,Main Terminal & Airside Shopping,34020,20,3,1,Car,V452,Sedan,1989,Diesel,36
EMP09440,Sheltair Aviation,34122,44.91,2,1,Train,N/A,N/A,,Electric,26.95
EMP09441,Sky Connect,34305,24.33,5,17,Shuttle,S016,Shuttle Bus,1998,Diesel,18.25
EMP09442,Airside E,34564,36.11,1,1,Car,V690,Truck,2016,Gasoline,21.67
EMP09443,Airside D,33906,28.15,1,1,Car,V206,Truck,1973,Electric,16.89
EMP09444,Airside A,33573,7.09,4,4,Carpool,V917,SUV,1984,Electric,4.25
EMP09445,Airside F,34112,47.39,1,3,Carpool,V418,SUV,2019,Gasoline,9.48
EMP09446,Airside D,34549,59.99,4,9,Shuttle,S037,Shuttle Bus,2011,Electric,35.99
EMP09447,Main Terminal & Airside Shopping,34460,45.84,1,5,Carpool,V845,Truck,2000,Diesel,5.5
EMP09448,Sheltair Aviation,33701,31.49,2,1,Train,N/A,N/A,,Electric,18.89
EMP09449,Airside A,33778,56.08,4,1,Car,V373,Minivan,2012,Diesel,134.59
EMP09450,Airside C,34483,45.25,3,9,Shuttle,S050,Shuttle Bus,1979,Electric,20.36
EMP09451,Airside A,34426,20.12,4,18,Shuttle,S016,Shuttle Bus,2012,Diesel,12.07
EMP09452,Airside F,34062,63.46,3,2,Carpool,V936,Minivan,1973,Gasoline,57.11
EMP09453,Rental Car Center,33751,21.26,3,1,Bus,N/A,N/A,,N/A,12.76
EMP09454,Rental Car Center,33914,23.81,4,1,Bus,N/A,N/A,,N/A,19.05
EMP09455,Main Terminal Information Desk,34265,26.82,3,1,Car,V152,Minivan,2005,Electric,48.28
EMP09456,Main Terminal Restaurants,34443,15.45,5,19,Shuttle,S050,Shuttle Bus,2013,Electric,11.59
EMP09457,Airside E,33565,10.17,4,4,Carpool,V198,Minivan,2015,Electric,6.1
EMP09458,Airside C,33723,28.44,1,3,Carpool,V488,Minivan,1984,Electric,5.69
EMP09459,Airside A,33523,44.48,4,18,Shuttle,S001,Shuttle Bus,2019,Diesel,26.69
EMP09460,Airside E,34368,50.55,4,17,Shuttle,S050,Shuttle Bus,1973,Diesel,30.33
EMP09461,Airside D,33606,9.15,3,3,Rideshare,V300,Truck,1994,Gasoline,5.49
EMP09462,Airside A,34525,31.29,5,5,Carpool,V530,Sedan,2004,Hybrid,18.77
EMP09463,Main Terminal & Airside Shopping,33679,65.97,5,4,Rideshare,V655,Minivan,1983,Hybrid,49.48
EMP09464,Rental Car Center,34112,16.48,5,15,Shuttle,S039,Shuttle Bus,1981,Diesel,12.36
EMP09465,Airside E,34690,55.08,2,1,Car,V270,SUV,2011,Electric,66.1
EMP09466,Sky Connect,33610,5.92,5,1,Bus,N/A,N/A,,N/A,5.92
EMP09467,Airside A,33596,5.47,2,15,Shuttle,S024,Shuttle Bus,1986,Electric,1.64
EMP09468,Sky Connect,34554,23.18,3,4,Rideshare,V432,Minivan,1999,Diesel,10.43
EMP09469,Airside A,34096,24.62,2,1,Train,N/A,N/A,,Electric,14.77
EMP09470,Main Terminal & Airside Shopping,34534,35.58,2,2,Rideshare,V327,Sedan,2015,Diesel,21.35
EMP09471,Airside E,34306,27.42,3,5,Carpool,V364,Sedan,2018,Gasoline,9.87
EMP09472,Airside E,34126,54.9,4,5,Carpool,V808,SUV,2009,Hybrid,26.35
EMP09473,Airside A,34201,17.37,3,1,Train,N/A,N/A,,Electric,15.63
EMP09474,Main Terminal Restaurants,33700,59.62,4,11,Shuttle,S019,Shuttle Bus,1992,Diesel,35.77
EMP09475,Sheltair Aviation,33919,17.75,4,1,Bus,N/A,N/A,,N/A,14.2
EMP09476,Airside E,34397,56.2,3,15,Shuttle,S028,Shuttle Bus,2004,Diesel,25.29
EMP09477,Airside F,34584,15.63,2,1,Train,N/A,N/A,,Electric,9.38
EMP09478,Airside A,33687,23.35,1,1,Bus,N/A,N/A,,N/A,4.67
EMP09479,Airside A,34576,34.86,3,4,Carpool,V379,Minivan,1976,Gasoline,15.69
EMP09480,Sheltair Aviation,34053,22.58,5,1,Bus,N/A,N/A,,N/A,22.58
EMP09481,Rental Car Center,34479,40.19,4,1,Train,N/A,N/A,,Electric,48.23
EMP09482,Rental Car Center,34003,65.68,2,3,Carpool,V841,SUV,1983,Diesel,26.27
EMP09483,Sky Connect,34605,19.61,4,1,Bus,N/A,N/A,,N/A,15.69
EMP09484,Airside F,34632,21.07,4,1,Train,N/A,N/A,,Electric,25.28
EMP09485,Rental Car Center,34207,38.59,2,1,Train,N/A,N/A,,Electric,23.15
EMP09486,Sky Connect,33977,29.96,4,1,Car,V651,Minivan,1981,Gasoline,71.9
EMP09487,Main Terminal & Airside Shopping,34057,27.52,2,3,Rideshare,V138,Truck,1973,Electric,11.01
EMP09488,Sheltair Aviation,34038,18.2,5,1,Train,N/A,N/A,,Electric,27.3
EMP09489,Main Terminal Information Desk,33976,37.44,4,1,Train,N/A,N/A,,Electric,44.93
EMP09490,Sheltair Aviation,34687,41.42,2,2,Rideshare,V485,Sedan,2011,Hybrid,24.85
EMP09491,Rental Car Center,33966,23.7,1,1,Bus,N/A,N/A,,N/A,4.74
EMP09492,Airside F,33680,23.92,2,4,Rideshare,V574,Minivan,1992,Diesel,7.18
EMP09493,Airside E,33531,13.42,4,1,Bus,N/A,N/A,,N/A,10.74
EMP09494,Sky Connect,34476,18.15,1,1,Car,V550,Minivan,2016,Electric,10.89
EMP09495,Main Terminal Information Desk,34470,23.4,4,1,Train,N/A,N/A,,Electric,28.08
EMP09496,Sheltair Aviation,34487,55.61,2,19,Shuttle,S005,Shuttle Bus,2001,Diesel,16.68
EMP09497,Rental Car Center,34680,54.99,3,1,Car,V371,Minivan,2016,Electric,98.98
EMP09498,Sky Connect,34013,25.13,5,1,Train,N/A,N/A,,Electric,37.7
EMP09499,Airside F,33941,53.6,3,1,Car,V387,Minivan,1998,Gasoline,96.48
EMP09500,Sheltair Aviation,33540,12.54,2,1,Bus,N/A,N/A,,N/A,5.02
EMP09501,Airside E,33557,5.16,1,1,Bus,N/A,N/A,,N/A,1.03
EMP09502,Airside F,34638,54.31,2,4,Carpool,V610,Minivan,2010,Diesel,16.29
EMP09503,Main Terminal & Airside Shopping,33727,30.19,1,4,Rideshare,V872,Minivan,1985,Electric,4.53
EMP09504,Airside C,33543,34.61,2,4,Carpool,V343,Minivan,1997,Hybrid,10.38
EMP09505,Main Terminal Information Desk,34381,17.25,3,5,Carpool,V713,SUV,2003,Hybrid,6.21
EMP09506,Main Terminal Information Desk,33554,5.23,4,4,Carpool,V576,Sedan,2010,Diesel,3.14
EMP09507,Sky Connect,34540,37.1,3,11,Shuttle,S042,Shuttle Bus,1984,Electric,16.7
EMP09508,Sky Connect,34685,32.34,1,1,Car,V544,Minivan,2010,Diesel,19.4
EMP09509,Airside D,33533,50.83,3,19,Shuttle,S021,Shuttle Bus,1982,Diesel,22.87
EMP09510,Airside D,33547,14.49,1,1,Train,N/A,N/A,,Electric,4.35
EMP09511,Sky Connect,34269,24.81,2,1,Bus,N/A,N/A,,N/A,9.92
EMP09512,Rental Car Center,33542,10.61,3,1,Bus,N/A,N/A,,N/A,6.37
EMP09513,Airside F,34281,68.41,3,3,Rideshare,V733,Truck,1976,Electric,41.05
EMP09514,Airside C,33613,9.21,1,15,Shuttle,S047,Shuttle Bus,2018,Electric,1.38
EMP09515,Main Terminal Information Desk,33789,53.94,2,3,Carpool,V414,Minivan,2018,Electric,21.58
EMP09516,Sheltair Aviation,34042,27.55,3,1,Car,V134,SUV,1989,Gasoline,49.59
EMP09517,Airside E,33834,15.6,1,1,Bus,N/A,N/A,,N/A,3.12
EMP09518,Main Terminal Information Desk,34359,59.82,1,5,Rideshare,V882,Minivan,1996,Electric,7.18
EMP09519,Rental Car Center,34216,24.52,5,2,Carpool,V358,Sedan,2017,Hybrid,36.78
EMP09520,Airside F,33567,28.63,4,1,Train,N/A,N/A,,Electric,34.36
EMP09521,Airside C,33707,24.99,5,1,Bus,N/A,N/A,,N/A,24.99
EMP09522,Airside E,34200,30.27,4,1,Car,V155,Sedan,1981,Gasoline,72.65
EMP09523,Main Terminal & Airside Shopping,33712,28.85,5,1,Train,N/A,N/A,,Electric,43.27
EMP09524,Main Terminal Restaurants,33622,6.74,5,4,Rideshare,V987,SUV,1996,Diesel,5.05
EMP09525,Airside E,34228,61.96,3,4,Rideshare,V446,Minivan,1989,Diesel,27.88
EMP09526,Airside F,34121,32.88,2,2,Carpool,V386,Truck,1974,Gasoline,19.73
EMP09527,Airside F,34676,41.74,5,1,Train,N/A,N/A,,Electric,62.61
EMP09528,Main Terminal Restaurants,33601,7.23,1,15,Shuttle,S037,Shuttle Bus,1990,Diesel,1.08
EMP09529,Airside F,34629,45.09,2,1,Car,V424,Sedan,1985,Electric,54.11
EMP09530,Rental Car Center,34486,42.68,5,2,Rideshare,V457,Sedan,1972,Electric,64.02
EMP09531,Rental Car Center,34383,69.45,1,2,Rideshare,V521,SUV,2017,Gasoline,20.84
EMP09532,Sheltair Aviation,34625,20.67,2,1,Car,V398,Minivan,1990,Gasoline,24.8
EMP09533,Sky Connect,34428,66.4,1,9,Shuttle,S013,Shuttle Bus,2017,Diesel,9.96
EMP09534,Sheltair Aviation,33626,8.35,5,1,Bus,N/A,N/A,,N/A,8.35
EMP09535,Airside F,33704,20.62,2,1,Train,N/A,N/A,,Electric,12.37
EMP09536,Airside D,34563,33.95,2,5,Rideshare,V238,Minivan,1980,Diesel,8.15
EMP09537,Airside A,33586,7.2,2,16,Shuttle,S004,Shuttle Bus,2020,Electric,2.16
EMP09538,Airside E,34235,65.3,5,1,Car,V428,Sedan,1989,Electric,195.9
EMP09539,Airside A,33718,42.59,2,1,Train,N/A,N/A,,Electric,25.55
EMP09540,Rental Car Center,34336,65.28,2,1,Car,V368,Sedan,1974,Hybrid,78.34
EMP09541,Sky Connect,34223,19.04,4,1,Train,N/A,N/A,,Electric,22.85
EMP09542,Airside D,33639,36.26,5,1,Train,N/A,N/A,,Electric,54.39
EMP09543,Sky Connect,34051,15.67,3,2,Rideshare,V461,Minivan,1975,Hybrid,14.1
EMP09544,Main Terminal Information Desk,33882,47.05,5,1,Car,V756,Minivan,2017,Gasoline,141.15
EMP09545,Sheltair Aviation,34126,65.45,3,5,Rideshare,V137,Minivan,2005,Hybrid,23.56
EMP09546,Main Terminal & Airside Shopping,34023,23.6,2,1,Bus,N/A,N/A,,N/A,9.44
EMP09547,Airside A,34303,49.67,1,13,Shuttle,S001,Shuttle Bus,2010,Electric,7.45
EMP09548,Airside D,34238,43.52,4,9,Shuttle,S001,Shuttle Bus,1989,Diesel,26.11
EMP09549,Airside E,33607,60.55,2,13,Shuttle,S027,Shuttle Bus,1998,Electric,18.16
EMP09550,Sheltair Aviation,33613,53.59,4,5,Rideshare,V129,Truck,1992,Hybrid,25.72
EMP09551,Rental Car Center,34294,18.43,5,1,Car,V812,Truck,1996,Electric,55.29
EMP09552,Main Terminal & Airside Shopping,34475,40.73,4,3,Rideshare,V697,SUV,2005,Gasoline,32.58
EMP09553,Rental Car Center,33962,65.98,4,4,Rideshare,V255,Minivan,2012,Gasoline,39.59
EMP09554,Airside F,34356,21.73,2,2,Rideshare,V706,Sedan,1975,Gasoline,13.04
EMP09555,Airside A,34057,31.74,4,5,Carpool,V172,Minivan,2022,Hybrid,15.24
EMP09556,Airside E,33665,69.83,2,3,Rideshare,V176,Sedan,2019,Gasoline,27.93
EMP09557,Airside E,33836,22.15,4,1,Bus,N/A,N/A,,N/A,17.72
EMP09558,Airside F,33949,16.17,4,1,Bus,N/A,N/A,,N/A,12.94
EMP09559,Sheltair Aviation,33948,44.45,1,1,Train,N/A,N/A,,Electric,13.34
EMP09560,Airside F,34600,59.02,5,1,Car,V200,SUV,1990,Hybrid,177.06
EMP09561,Main Terminal Restaurants,33618,8.88,2,5,Carpool,V312,Sedan,1990,Hybrid,2.13
EMP09562,Main Terminal & Airside Shopping,33573,10.41,2,3,Carpool,V370,Minivan,1984,Diesel,4.16
EMP09563,Main Terminal Restaurants,33559,13.45,3,1,Bus,N/A,N/A,,N/A,8.07
EMP09564,Sky Connect,33618,7.62,4,1,Bus,N/A,N/A,,N/A,6.1
EMP09565,Airside A,33583,68,3,16,Shuttle,S003,Shuttle Bus,2010,Diesel,30.6
EMP09566,Main Terminal Restaurants,34272,17.48,5,1,Train,N/A,N/A,,Electric,26.22
EMP09567,Airside F,34170,44.59,1,1,Train,N/A,N/A,,Electric,13.38
EMP09568,Main Terminal Information Desk,34143,30.38,1,2,Rideshare,V326,Truck,1992,Hybrid,9.11
EMP09569,Main Terminal Information Desk,34646,43.37,1,1,Train,N/A,N/A,,Electric,13.01
EMP09570,Sheltair Aviation,34492,24.77,4,1,Car,V734,Truck,1977,Gasoline,59.45
EMP09571,Airside D,33734,44.95,5,1,Train,N/A,N/A,,Electric,67.43
EMP09572,Main Terminal Restaurants,33584,8.42,1,12,Shuttle,S028,Shuttle Bus,1972,Electric,1.26
EMP09573,Airside C,34198,36.47,5,1,Train,N/A,N/A,,Electric,54.7
EMP09574,Airside D,33690,62.63,4,1,Car,V103,Sedan,2008,Electric,150.31
EMP09575,Main Terminal Restaurants,33600,7.63,2,1,Bus,N/A,N/A,,N/A,3.05
EMP09576,Main Terminal & Airside Shopping,34304,23.81,5,1,Bus,N/A,N/A,,N/A,23.81
EMP09577,Airside D,34317,63.49,3,3,Rideshare,V609,SUV,1973,Electric,38.09
EMP09578,Main Terminal & Airside Shopping,33553,11.94,3,1,Bus,N/A,N/A,,N/A,7.16
EMP09579,Rental Car Center,33845,31.53,1,1,Train,N/A,N/A,,Electric,9.46
EMP09580,Sheltair Aviation,33771,57.73,3,4,Carpool,V921,SUV,1986,Gasoline,25.98
EMP09581,Main Terminal & Airside Shopping,34378,63.29,2,5,Carpool,V622,Truck,1998,Hybrid,15.19
EMP09582,Rental Car Center,34302,30.98,1,16,Shuttle,S007,Shuttle Bus,2003,Electric,4.65
EMP09583,Main Terminal & Airside Shopping,34327,43.89,5,3,Carpool,V829,SUV,1990,Hybrid,43.89
EMP09584,Sky Connect,33534,10.91,3,1,Car,V188,SUV,1981,Hybrid,19.64
EMP09585,Airside C,33636,9.15,2,9,Shuttle,S013,Shuttle Bus,1992,Electric,2.75
EMP09586,Main Terminal & Airside Shopping,34409,52.96,1,1,Car,V267,Sedan,1997,Electric,31.78
EMP09587,Sky Connect,34108,36.45,4,3,Rideshare,V567,Truck,1978,Diesel,29.16
EMP09588,Main Terminal Information Desk,33725,67,2,3,Carpool,V881,Minivan,1978,Electric,26.8
EMP09589,Airside C,34688,28.24,4,1,Train,N/A,N/A,,Electric,33.89
EMP09590,Airside E,34570,66.96,3,4,Carpool,V777,Truck,1982,Diesel,30.13
EMP09591,Airside C,34123,30.73,3,5,Carpool,V640,Sedan,1987,Electric,11.06
EMP09592,Airside D,33553,5.6,3,1,Bus,N/A,N/A,,N/A,3.36
EMP09593,Main Terminal Information Desk,33810,65.68,5,5,Carpool,V206,Minivan,1982,Electric,39.41
EMP09594,Main Terminal Restaurants,34455,18.07,3,1,Bus,N/A,N/A,,N/A,10.84
EMP09595,Main Terminal Information Desk,33613,36.22,5,1,Train,N/A,N/A,,Electric,54.33
EMP09596,Main Terminal & Airside Shopping,33997,43.51,5,1,Car,V368,Truck,2011,Diesel,130.53
EMP09597,Main Terminal Restaurants,34536,36.32,1,1,Car,V711,Sedan,2009,Hybrid,21.79
EMP09598,Airside D,34698,48.69,3,2,Rideshare,V396,SUV,1995,Gasoline,43.82
EMP09599,Main Terminal Restaurants,33985,62.57,5,5,Carpool,V660,Truck,2017,Hybrid,37.54
EMP09600,Airside A,33734,18.28,4,1,Car,V149,Minivan,1989,Electric,43.87
EMP09601,Airside D,34123,48.87,1,1,Train,N/A,N/A,,Electric,14.66
EMP09602,Airside D,34555,28.33,2,3,Rideshare,V963,Truck,1991,Diesel,11.33
EMP09603,Airside A,34280,66.37,3,1,Car,V382,Sedan,2012,Electric,119.47
EMP09604,Sheltair Aviation,34167,15.38,4,1,Car,V459,Sedan,1998,Electric,36.91
EMP09605,Airside F,34623,20.41,4,5,Carpool,V107,Truck,2015,Gasoline,9.8
EMP09606,Airside F,34537,58.4,1,5,Rideshare,V115,Sedan,1983,Gasoline,7.01
EMP09607,Main Terminal Information Desk,34266,64.83,5,1,Car,V757,Minivan,1994,Gasoline,194.49
EMP09608,Sheltair Aviation,34194,15.15,3,2,Rideshare,V201,Truck,1991,Hybrid,13.63
EMP09609,Rental Car Center,34589,31.71,3,13,Shuttle,S050,Shuttle Bus,1982,Diesel,14.27
EMP09610,Sky Connect,34341,17.12,2,1,Bus,N/A,N/A,,N/A,6.85
EMP09611,Sky Connect,33905,28.36,4,1,Car,V536,Minivan,1981,Gasoline,68.06
EMP09612,Sky Connect,34026,66.05,5,1,Car,V632,SUV,2009,Gasoline,198.15
EMP09613,Main Terminal & Airside Shopping,34584,32.8,3,1,Train,N/A,N/A,,Electric,29.52
EMP09614,Airside E,33575,7.26,2,1,Bus,N/A,N/A,,N/A,2.9
EMP09615,Sheltair Aviation,33564,64.08,5,1,Car,V117,Minivan,1990,Hybrid,192.24
EMP09616,Main Terminal & Airside Shopping,33550,6.2,3,4,Rideshare,V122,SUV,1986,Gasoline,2.79
EMP09617,Main Terminal & Airside Shopping,34232,62.53,1,12,Shuttle,S046,Shuttle Bus,1992,Diesel,9.38
EMP09618,Sheltair Aviation,33597,37.35,5,1,Train,N/A,N/A,,Electric,56.02
EMP09619,Sky Connect,34537,19.85,5,1,Car,V316,SUV,2012,Gasoline,59.55
EMP09620,Airside A,33989,62.57,4,5,Carpool,V927,SUV,2016,Electric,30.03
EMP09621,Airside E,33954,53.5,2,5,Carpool,V727,Minivan,2021,Hybrid,12.84
EMP09622,Airside A,33557,13.68,2,3,Rideshare,V439,Sedan,1999,Gasoline,5.47
EMP09623,Airside D,34286,15.67,2,1,Bus,N/A,N/A,,N/A,6.27
EMP09624,Airside F,34356,58.73,2,3,Rideshare,V366,Truck,2011,Diesel,23.49
EMP09625,Airside A,33888,32.6,2,5,Rideshare,V963,Truck,2010,Hybrid,7.82
EMP09626,Airside C,34106,36.39,3,5,Carpool,V530,SUV,2013,Gasoline,13.1
EMP09627,Sheltair Aviation,33615,21.9,1,1,Bus,N/A,N/A,,N/A,4.38
EMP09628,Rental Car Center,34438,34.09,5,1,Train,N/A,N/A,,Electric,51.14
EMP09629,Airside E,33509,14.08,3,1,Bus,N/A,N/A,,N/A,8.45
EMP09630,Main Terminal Restaurants,33996,31.52,3,1,Car,V972,Sedan,1997,Electric,56.74
EMP09631,Airside D,33682,44.61,1,1,Car,V544,SUV,2011,Hybrid,26.77
EMP09632,Main Terminal & Airside Shopping,34238,63.03,1,3,Rideshare,V946,Truck,2018,Diesel,12.61
EMP09633,Main Terminal & Airside Shopping,34345,32.16,1,1,Car,V652,SUV,1980,Diesel,19.3
EMP09634,Airside E,33534,12.82,5,4,Carpool,V971,Truck,1992,Electric,9.62
EMP09635,Rental Car Center,34601,47.44,2,1,Train,N/A,N/A,,Electric,28.46
EMP09636,Sheltair Aviation,34673,46.11,3,1,Train,N/A,N/A,,Electric,41.5
EMP09637,Airside D,33818,40.31,5,3,Rideshare,V165,Truck,1987,Electric,40.31
EMP09638,Airside D,33530,13.99,3,1,Bus,N/A,N/A,,N/A,8.39
EMP09639,Rental Car Center,34438,44.84,5,5,Rideshare,V507,Truck,1976,Hybrid,26.9
EMP09640,Main Terminal Restaurants,34554,48.81,2,1,Car,V546,Truck,2016,Diesel,58.57
EMP09641,Sky Connect,34335,35.92,4,5,Carpool,V455,Minivan,2019,Electric,17.24
EMP09642,Airside A,33660,37.03,1,2,Carpool,V230,SUV,1991,Gasoline,11.11
EMP09643,Airside F,34229,46.86,5,5,Carpool,V756,SUV,1973,Hybrid,28.12
EMP09644,Airside E,34135,26.94,3,1,Car,V944,SUV,1990,Hybrid,48.49
EMP09645,Airside D,34429,38.78,3,20,Shuttle,S019,Shuttle Bus,1985,Diesel,17.45
EMP09646,Rental Car Center,33973,24.36,5,1,Bus,N/A,N/A,,N/A,24.36
EMP09647,Sky Connect,33527,14.37,2,13,Shuttle,S024,Shuttle Bus,2008,Electric,4.31
EMP09648,Airside F,33574,5.09,5,1,Car,V805,Truck,2016,Diesel,15.27
EMP09649,Main Terminal Restaurants,33629,43.44,1,4,Carpool,V300,Minivan,1995,Hybrid,6.52
EMP09650,Main Terminal & Airside Shopping,34448,24.44,1,1,Bus,N/A,N/A,,N/A,4.89
EMP09651,Sky Connect,33857,28.5,5,18,Shuttle,S048,Shuttle Bus,2000,Electric,21.37
EMP09652,Main Terminal Information Desk,34521,29.81,3,1,Car,V525,Truck,1994,Gasoline,53.66
EMP09653,Airside A,33517,12.82,1,1,Train,N/A,N/A,,Electric,3.85
EMP09654,Airside A,33867,55.23,1,3,Carpool,V832,Sedan,2020,Diesel,11.05
EMP09655,Airside F,34300,17.21,3,1,Train,N/A,N/A,,Electric,15.49
EMP09656,Airside C,33626,6.01,1,5,Carpool,V239,SUV,2013,Diesel,0.72
EMP09657,Airside E,34078,28.85,3,1,Train,N/A,N/A,,Electric,25.96
EMP09658,Airside C,34338,61.96,2,3,Rideshare,V742,SUV,2005,Diesel,24.78
EMP09659,Main Terminal & Airside Shopping,34167,21.54,2,9,Shuttle,S017,Shuttle Bus,1980,Electric,6.46
EMP09660,Airside F,34251,22.92,1,1,Bus,N/A,N/A,,N/A,4.58
EMP09661,Sheltair Aviation,34159,61,3,1,Car,V954,Sedan,1985,Electric,109.8
EMP09662,Main Terminal Information Desk,34511,49.91,4,1,Train,N/A,N/A,,Electric,59.89
EMP09663,Sky Connect,33660,46,1,1,Train,N/A,N/A,,Electric,13.8
EMP09664,Sheltair Aviation,33705,65.19,3,1,Car,V282,SUV,2021,Electric,117.34
EMP09665,Sky Connect,33858,68.2,2,3,Rideshare,V294,Minivan,2017,Hybrid,27.28
EMP09666,Main Terminal Restaurants,33534,13.36,4,2,Rideshare,V834,SUV,1999,Electric,16.03
EMP09667,Rental Car Center,33571,62.77,2,9,Shuttle,S022,Shuttle Bus,1980,Electric,18.83
EMP09668,Airside C,34006,45.41,4,1,Train,N/A,N/A,,Electric,54.49
EMP09669,Airside E,34225,36.32,5,2,Carpool,V448,Truck,1988,Hybrid,54.48
EMP09670,Airside E,34524,21.99,5,1,Bus,N/A,N/A,,N/A,21.99
EMP09671,Main Terminal & Airside Shopping,34280,59.84,2,18,Shuttle,S001,Shuttle Bus,1989,Diesel,17.95
EMP09672,Airside F,33607,24.58,4,4,Rideshare,V114,SUV,2021,Electric,14.75
EMP09673,Sky Connect,34320,17.17,1,1,Train,N/A,N/A,,Electric,5.15
EMP09674,Airside A,34450,16.46,5,1,Bus,N/A,N/A,,N/A,16.46
EMP09675,Main Terminal Information Desk,34666,49.35,4,1,Train,N/A,N/A,,Electric,59.22
EMP09676,Rental Car Center,34008,21.64,5,1,Train,N/A,N/A,,Electric,32.46
EMP09677,Sheltair Aviation,34666,41.77,1,1,Train,N/A,N/A,,Electric,12.53
EMP09678,Sheltair Aviation,34094,36.88,5,1,Car,V379,Minivan,1999,Electric,110.64
EMP09679,Airside C,33564,28.63,2,2,Carpool,V245,Sedan,2018,Hybrid,17.18
EMP09680,Airside C,34568,15.96,3,2,Rideshare,V632,Truck,2013,Electric,14.36
EMP09681,Airside F,33550,14.45,2,1,Bus,N/A,N/A,,N/A,5.78
EMP09682,Airside F,33570,37.24,2,5,Carpool,V616,SUV,2020,Electric,8.94
EMP09683,Main Terminal & Airside Shopping,33563,11.81,5,1,Bus,N/A,N/A,,N/A,11.81
EMP09684,Sky Connect,33935,30.3,5,4,Rideshare,V191,Sedan,1986,Electric,22.73
EMP09685,Airside E,34329,66.49,1,1,Car,V983,Truck,1976,Gasoline,39.89
EMP09686,Airside D,34445,61.24,5,12,Shuttle,S014,Shuttle Bus,1982,Electric,45.93
EMP09687,Main Terminal Restaurants,33911,37.46,3,19,Shuttle,S006,Shuttle Bus,1994,Diesel,16.86
EMP09688,Main Terminal Restaurants,33635,54.24,4,5,Rideshare,V309,Sedan,1973,Gasoline,26.04
EMP09689,Sheltair Aviation,34674,41.39,4,4,Carpool,V142,Minivan,1994,Hybrid,24.83
EMP09690,Sky Connect,34487,24.58,5,1,Bus,N/A,N/A,,N/A,24.58
EMP09691,Rental Car Center,33917,37.13,3,4,Carpool,V264,Truck,2001,Diesel,16.71
EMP09692,Airside C,34182,31.84,5,4,Rideshare,V859,SUV,2017,Gasoline,23.88
EMP09693,Airside E,33592,63.13,5,5,Rideshare,V242,Minivan,2001,Gasoline,37.88
EMP09694,Rental Car Center,33578,14.88,1,1,Train,N/A,N/A,,Electric,4.46
EMP09695,Airside A,33792,17.31,3,8,Shuttle,S021,Shuttle Bus,2009,Diesel,7.79
EMP09696,Airside D,33551,25.61,1,12,Shuttle,S023,Shuttle Bus,1989,Diesel,3.84
EMP09697,Sky Connect,33995,63.44,1,2,Rideshare,V590,Truck,2003,Hybrid,19.03
EMP09698,Airside E,33995,28.58,4,1,Train,N/A,N/A,,Electric,34.3
EMP09699,Main Terminal & Airside Shopping,33851,53.63,1,3,Rideshare,V410,Minivan,2019,Electric,10.73
EMP09700,Airside E,34677,30.93,3,3,Rideshare,V392,SUV,2007,Hybrid,18.56
EMP09701,Airside F,33526,47.89,4,1,Train,N/A,N/A,,Electric,57.47
EMP09702,Airside D,34599,67.02,3,2,Carpool,V564,Sedan,2002,Hybrid,60.32
EMP09703,Sheltair Aviation,34041,19.25,2,4,Rideshare,V640,Minivan,2017,Hybrid,5.77
EMP09704,Sheltair Aviation,34586,17.23,4,5,Carpool,V119,SUV,1985,Gasoline,8.27
EMP09705,Sky Connect,33529,11.48,5,9,Shuttle,S010,Shuttle Bus,1996,Electric,8.61
EMP09706,Main Terminal & Airside Shopping,33541,11.36,1,1,Bus,N/A,N/A,,N/A,2.27
EMP09707,Airside E,34499,48.26,1,1,Train,N/A,N/A,,Electric,14.48
EMP09708,Airside A,33531,56.29,1,5,Carpool,V790,Minivan,2017,Diesel,6.75
EMP09709,Main Terminal Restaurants,33517,13.84,3,1,Car,V580,Sedan,1975,Hybrid,24.91
EMP09710,Sheltair Aviation,33564,13.81,2,2,Carpool,V238,Sedan,1986,Hybrid,8.29
EMP09711,Airside F,33559,15.64,4,5,Carpool,V152,Minivan,1973,Hybrid,7.51
EMP09712,Sheltair Aviation,34207,47.69,4,5,Carpool,V284,Minivan,1994,Hybrid,22.89
EMP09713,Airside F,33613,6.62,1,1,Bus,N/A,N/A,,N/A,1.32
EMP09714,Airside E,34162,47.69,1,1,Car,V345,SUV,2004,Diesel,28.61
EMP09715,Airside A,33881,65.99,2,1,Car,V491,Truck,1978,Electric,79.19
EMP09716,Airside D,33516,11.38,3,1,Bus,N/A,N/A,,N/A,6.83
EMP09717,Airside F,34230,69.53,1,2,Carpool,V709,Sedan,1984,Electric,20.86
EMP09718,Sky Connect,34604,52.45,5,4,Carpool,V261,Truck,2003,Diesel,39.34
EMP09719,Main Terminal & Airside Shopping,33724,26.17,4,11,Shuttle,S024,Shuttle Bus,2005,Electric,15.7
EMP09720,Airside F,33623,23,5,1,Car,V757,SUV,2022,Hybrid,69
EMP09721,Rental Car Center,33655,54.63,2,1,Car,V940,Truck,2014,Electric,65.56
EMP09722,Sheltair Aviation,34440,17.53,2,5,Rideshare,V190,Minivan,2002,Diesel,4.21
EMP09723,Main Terminal & Airside Shopping,34173,67.06,4,3,Rideshare,V864,Sedan,1972,Hybrid,53.65
EMP09724,Main Terminal Restaurants,33535,11.23,2,3,Carpool,V432,SUV,2010,Diesel,4.49
EMP09725,Airside D,33882,42.77,3,1,Train,N/A,N/A,,Electric,38.49
EMP09726,Rental Car Center,33996,20.49,5,1,Bus,N/A,N/A,,N/A,20.49
EMP09727,Airside D,34227,47.51,4,1,Train,N/A,N/A,,Electric,57.01
EMP09728,Main Terminal Information Desk,33620,7.83,3,1,Bus,N/A,N/A,,N/A,4.7
EMP09729,Airside F,33908,29.42,2,13,Shuttle,S008,Shuttle Bus,2013,Electric,8.83
EMP09730,Airside A,33513,36.86,4,12,Shuttle,S028,Shuttle Bus,1976,Electric,22.12
EMP09731,Airside C,34162,36.74,2,2,Carpool,V141,Truck,2001,Diesel,22.04
EMP09732,Airside D,33517,54.32,4,3,Rideshare,V442,Minivan,1978,Gasoline,43.46
EMP09733,Airside C,33526,12.77,2,1,Bus,N/A,N/A,,N/A,5.11
EMP09734,Main Terminal Information Desk,34051,39.52,1,11,Shuttle,S037,Shuttle Bus,2021,Diesel,5.93
EMP09735,Airside D,34209,54.94,1,1,Car,V489,SUV,1983,Electric,32.96
EMP09736,Airside F,33571,9.81,3,1,Bus,N/A,N/A,,N/A,5.89
EMP09737,Main Terminal Information Desk,34394,22.11,1,3,Carpool,V800,Truck,1984,Hybrid,4.42
EMP09738,Airside D,34356,31.36,4,5,Carpool,V725,Minivan,2003,Electric,15.05
EMP09739,Main Terminal Information Desk,34481,50.32,3,14,Shuttle,S041,Shuttle Bus,1988,Diesel,22.64
EMP09740,Main Terminal & Airside Shopping,34336,37.89,5,1,Train,N/A,N/A,,Electric,56.83
EMP09741,Airside F,33976,69.71,1,1,Car,V325,SUV,2013,Diesel,41.83
EMP09742,Main Terminal Information Desk,33839,20.23,5,1,Train,N/A,N/A,,Electric,30.34
EMP09743,Airside C,33529,10.94,1,1,Bus,N/A,N/A,,N/A,2.19
EMP09744,Sheltair Aviation,33810,20.37,4,1,Bus,N/A,N/A,,N/A,16.3
EMP09745,Rental Car Center,33691,27.1,4,1,Train,N/A,N/A,,Electric,32.52
EMP09746,Airside D,33692,42.77,3,1,Train,N/A,N/A,,Electric,38.49
EMP09747,Sky Connect,34441,56.02,1,4,Rideshare,V532,Truck,1998,Gasoline,8.4
EMP09748,Main Terminal & Airside Shopping,33927,53.2,1,20,Shuttle,S035,Shuttle Bus,2020,Electric,7.98
EMP09749,Rental Car Center,33622,21.3,2,5,Rideshare,V627,Minivan,2015,Diesel,5.11
EMP09750,Airside E,34659,47.52,4,1,Train,N/A,N/A,,Electric,57.02
EMP09751,Main Terminal Restaurants,34128,69.59,4,9,Shuttle,S050,Shuttle Bus,2019,Diesel,41.75
EMP09752,Airside A,34283,34.53,4,1,Train,N/A,N/A,,Electric,41.44
EMP09753,Airside C,33903,17.96,3,17,Shuttle,S040,Shuttle Bus,1985,Diesel,8.08
EMP09754,Airside E,34580,68.55,3,15,Shuttle,S039,Shuttle Bus,2005,Diesel,30.85
EMP09755,Sky Connect,33588,45.79,3,1,Train,N/A,N/A,,Electric,41.21
EMP09756,Main Terminal & Airside Shopping,33532,10.47,1,1,Train,N/A,N/A,,Electric,3.14
EMP09757,Airside A,34488,67.78,2,12,Shuttle,S048,Shuttle Bus,1986,Diesel,20.33
EMP09758,Airside C,34460,43.79,1,3,Carpool,V125,SUV,1980,Diesel,8.76
EMP09759,Airside F,34232,15.09,3,1,Train,N/A,N/A,,Electric,13.58
EMP09760,Airside C,33815,30.74,2,17,Shuttle,S003,Shuttle Bus,2019,Electric,9.22
EMP09761,Airside E,33982,23.96,2,2,Carpool,V480,SUV,2013,Diesel,14.38
EMP09762,Airside F,33701,22.75,5,4,Carpool,V815,Sedan,2019,Gasoline,17.06
EMP09763,Airside F,33613,5.6,5,17,Shuttle,S049,Shuttle Bus,1987,Electric,4.2
EMP09764,Airside F,33869,26.97,4,1,Train,N/A,N/A,,Electric,32.36
EMP09765,Main Terminal Information Desk,34298,43.99,4,1,Train,N/A,N/A,,Electric,52.79
EMP09766,Main Terminal Information Desk,34066,22.48,2,1,Train,N/A,N/A,,Electric,13.49
EMP09767,Main Terminal & Airside Shopping,34100,58.14,5,1,Car,V233,SUV,1975,Electric,174.42
EMP09768,Main Terminal & Airside Shopping,34023,36.74,1,4,Rideshare,V915,Truck,2016,Electric,5.51
EMP09769,Main Terminal Restaurants,33968,24.02,3,1,Bus,N/A,N/A,,N/A,14.41
EMP09770,Airside A,33610,21.85,2,1,Bus,N/A,N/A,,N/A,8.74
EMP09771,Main Terminal & Airside Shopping,34180,25.52,1,1,Train,N/A,N/A,,Electric,7.66
EMP09772,Sheltair Aviation,34111,46.5,5,18,Shuttle,S037,Shuttle Bus,1987,Diesel,34.88
EMP09773,Rental Car Center,33836,25.89,4,1,Train,N/A,N/A,,Electric,31.07
EMP09774,Airside A,33628,43.93,5,2,Carpool,V110,SUV,1973,Gasoline,65.89
EMP09775,Sky Connect,34698,36.88,2,3,Rideshare,V396,Sedan,2017,Gasoline,14.75
EMP09776,Rental Car Center,33710,17.18,5,9,Shuttle,S045,Shuttle Bus,1999,Electric,12.88
EMP09777,Rental Car Center,33532,14.37,2,1,Bus,N/A,N/A,,N/A,5.75
EMP09778,Airside A,34430,30.91,3,8,Shuttle,S049,Shuttle Bus,2004,Electric,13.91
EMP09779,Rental Car Center,34079,38.6,1,4,Rideshare,V967,SUV,2012,Diesel,5.79
EMP09780,Main Terminal Information Desk,33840,69.54,5,1,Car,V245,Sedan,2020,Hybrid,208.62
EMP09781,Sheltair Aviation,33677,33.04,1,5,Rideshare,V706,Minivan,1994,Diesel,3.96
EMP09782,Sheltair Aviation,34122,24.26,2,1,Bus,N/A,N/A,,N/A,9.7
EMP09783,Airside A,34176,43.26,5,1,Train,N/A,N/A,,Electric,64.89
EMP09784,Airside C,33771,35.13,4,11,Shuttle,S016,Shuttle Bus,1974,Diesel,21.08
EMP09785,Airside F,33590,7.56,1,1,Bus,N/A,N/A,,N/A,1.51
EMP09786,Main Terminal Information Desk,33577,38.29,3,9,Shuttle,S016,Shuttle Bus,1988,Electric,17.23
EMP09787,Main Terminal & Airside Shopping,34232,29.58,2,5,Carpool,V225,Truck,1978,Hybrid,7.1
EMP09788,Airside E,34578,32.71,5,3,Rideshare,V185,Truck,1976,Electric,32.71
EMP09789,Airside F,33742,50.43,4,2,Rideshare,V389,Minivan,1992,Hybrid,60.52
EMP09790,Main Terminal & Airside Shopping,33585,7.71,5,1,Bus,N/A,N/A,,N/A,7.71
EMP09791,Main Terminal Information Desk,33849,58.44,2,1,Car,V911,Sedan,2018,Gasoline,70.13
EMP09792,Airside A,33551,14.09,5,2,Carpool,V801,Truck,1994,Gasoline,21.13
EMP09793,Airside C,34632,18.03,3,1,Train,N/A,N/A,,Electric,16.23
EMP09794,Airside C,33692,31.75,1,1,Car,V493,Truck,2012,Gasoline,19.05
EMP09795,Airside E,34191,61.51,3,3,Carpool,V621,Minivan,2004,Diesel,36.91
EMP09796,Sky Connect,33762,21.32,1,1,Train,N/A,N/A,,Electric,6.4
EMP09797,Airside D,33732,38.12,5,1,Car,V809,SUV,2007,Diesel,114.36
EMP09798,Main Terminal Restaurants,33518,13.17,2,1,Bus,N/A,N/A,,N/A,5.27
EMP09799,Main Terminal & Airside Shopping,33558,11.19,4,1,Bus,N/A,N/A,,N/A,8.95
EMP09800,Airside A,34376,24.31,4,2,Carpool,V574,SUV,1981,Hybrid,29.17
EMP09801,Main Terminal Information Desk,33683,45.39,4,1,Train,N/A,N/A,,Electric,54.47
EMP09802,Sky Connect,33907,52.05,5,1,Car,V414,SUV,1984,Electric,156.15
EMP09803,Sheltair Aviation,34268,15.01,1,1,Bus,N/A,N/A,,N/A,3
EMP09804,Airside C,33610,5.93,3,1,Car,V101,SUV,1983,Gasoline,10.67
EMP09805,Airside E,33520,11.77,2,1,Train,N/A,N/A,,Electric,7.06
EMP09806,Airside F,34157,25.96,1,1,Car,V418,SUV,2011,Gasoline,15.58
EMP09807,Airside D,34108,25.1,2,8,Shuttle,S049,Shuttle Bus,1972,Electric,7.53
EMP09808,Airside D,34507,18.09,5,1,Bus,N/A,N/A,,N/A,18.09
EMP09809,Sky Connect,33800,39.29,5,12,Shuttle,S021,Shuttle Bus,2016,Electric,29.47
EMP09810,Airside F,33552,9.33,5,2,Rideshare,V704,Sedan,1972,Electric,13.99
EMP09811,Main Terminal & Airside Shopping,33963,46.29,5,1,Train,N/A,N/A,,Electric,69.43
EMP09812,Airside F,33688,22.16,3,2,Rideshare,V206,Truck,2011,Hybrid,19.94
EMP09813,Airside C,33589,66.82,1,11,Shuttle,S014,Shuttle Bus,2022,Diesel,10.02
EMP09814,Main Terminal Information Desk,33517,14.32,4,1,Bus,N/A,N/A,,N/A,11.46
EMP09815,Main Terminal Information Desk,33717,47.55,4,1,Car,V801,Minivan,1979,Electric,114.12
EMP09816,Sky Connect,34199,21.48,3,14,Shuttle,S045,Shuttle Bus,2019,Diesel,9.67
EMP09817,Sheltair Aviation,34569,48.55,5,1,Car,V229,Minivan,2009,Hybrid,145.65
EMP09818,Sky Connect,33563,7.51,5,1,Car,V687,Minivan,1991,Electric,22.53
EMP09819,Rental Car Center,34021,49.38,2,4,Carpool,V157,Truck,1997,Hybrid,14.81
EMP09820,Main Terminal Restaurants,33547,10.06,2,1,Bus,N/A,N/A,,N/A,4.02
EMP09821,Main Terminal Information Desk,33725,18.67,2,1,Bus,N/A,N/A,,N/A,7.47
EMP09822,Airside F,33901,38.97,4,1,Train,N/A,N/A,,Electric,46.76
EMP09823,Sheltair Aviation,33615,22.91,2,1,Bus,N/A,N/A,,N/A,9.16
EMP09824,Rental Car Center,33515,54.44,4,1,Car,V698,Truck,1974,Hybrid,130.66
EMP09825,Airside C,33952,16.93,2,1,Bus,N/A,N/A,,N/A,6.77
EMP09826,Airside C,33516,14.91,1,1,Train,N/A,N/A,,Electric,4.47
EMP09827,Main Terminal Information Desk,34367,67.6,4,1,Car,V348,Minivan,2018,Electric,162.24
EMP09828,Airside E,34299,15.4,5,1,Car,V962,SUV,2000,Hybrid,46.2
EMP09829,Sky Connect,34485,57.89,1,4,Rideshare,V897,Sedan,1976,Hybrid,8.68
EMP09830,Main Terminal Information Desk,34353,51.82,2,1,Car,V497,Truck,2000,Hybrid,62.18
EMP09831,Main Terminal & Airside Shopping,34377,38.52,3,9,Shuttle,S021,Shuttle Bus,2011,Electric,17.33
EMP09832,Main Terminal & Airside Shopping,33750,15.45,4,1,Bus,N/A,N/A,,N/A,12.36
EMP09833,Main Terminal Restaurants,33726,15.33,1,1,Bus,N/A,N/A,,N/A,3.07
EMP09834,Airside C,33536,49.95,1,5,Carpool,V634,Sedan,1973,Gasoline,5.99
EMP09835,Main Terminal Restaurants,33948,20,5,20,Shuttle,S049,Shuttle Bus,1998,Electric,15
EMP09836,Rental Car Center,33630,7.78,4,1,Bus,N/A,N/A,,N/A,6.22
EMP09837,Rental Car Center,34240,42.71,4,3,Carpool,V240,Truck,2020,Hybrid,34.17
EMP09838,Main Terminal Information Desk,33552,14.47,1,1,Bus,N/A,N/A,,N/A,2.89
EMP09839,Airside A,34211,53.53,2,11,Shuttle,S039,Shuttle Bus,1975,Electric,16.06
EMP09840,Sky Connect,34402,26.75,5,1,Car,V616,Sedan,1992,Electric,80.25
EMP09841,Sheltair Aviation,33891,65.72,5,19,Shuttle,S049,Shuttle Bus,2002,Diesel,49.29
EMP09842,Airside D,33885,16.25,3,3,Carpool,V653,Minivan,1982,Hybrid,9.75
EMP09843,Airside F,33679,27.32,1,2,Carpool,V324,SUV,1986,Diesel,8.2
EMP09844,Airside A,34130,15.73,1,1,Train,N/A,N/A,,Electric,4.72
EMP09845,Airside A,34503,41.27,2,1,Car,V452,Minivan,2003,Hybrid,49.52
EMP09846,Sheltair Aviation,33717,48.59,1,1,Train,N/A,N/A,,Electric,14.58
EMP09847,Airside D,34386,52.77,3,1,Car,V853,Truck,2015,Gasoline,94.99
EMP09848,Airside E,33576,59.05,4,5,Rideshare,V725,Sedan,1977,Hybrid,28.34
EMP09849,Rental Car Center,33637,6.56,2,1,Car,V853,Minivan,1994,Gasoline,7.87
EMP09850,Airside D,34371,22.88,2,1,Bus,N/A,N/A,,N/A,9.15
EMP09851,Rental Car Center,33623,9.56,5,1,Car,V628,Sedan,2009,Diesel,28.68
EMP09852,Sky Connect,33575,11.2,3,1,Bus,N/A,N/A,,N/A,6.72
EMP09853,Sky Connect,34336,61.75,4,3,Carpool,V181,Minivan,2011,Electric,49.4
EMP09854,Airside F,34528,18.58,4,1,Bus,N/A,N/A,,N/A,14.86
EMP09855,Airside C,34214,20.27,4,1,Bus,N/A,N/A,,N/A,16.22
EMP09856,Airside E,34159,27.17,4,1,Train,N/A,N/A,,Electric,32.6
EMP09857,Sheltair Aviation,34232,61.01,4,2,Carpool,V824,Truck,2008,Electric,73.21
EMP09858,Sky Connect,34105,21.15,1,1,Train,N/A,N/A,,Electric,6.34
EMP09859,Airside C,33549,11.08,2,12,Shuttle,S011,Shuttle Bus,1984,Electric,3.32
EMP09860,Main Terminal Information Desk,33578,47.37,3,1,Car,V445,Minivan,1989,Hybrid,85.27
EMP09861,Airside A,34043,64.65,4,3,Rideshare,V962,Truck,2003,Gasoline,51.72
EMP09862,Sky Connect,34289,67.33,5,16,Shuttle,S029,Shuttle Bus,2021,Electric,50.5
EMP09863,Airside A,34675,39.61,2,1,Car,V690,Sedan,2020,Diesel,47.53
EMP09864,Sky Connect,34460,22.01,1,1,Bus,N/A,N/A,,N/A,4.4
EMP09865,Airside D,33844,50.69,1,12,Shuttle,S002,Shuttle Bus,1998,Diesel,7.6
EMP09866,Airside F,33933,68.1,5,4,Rideshare,V658,SUV,2000,Gasoline,51.07
EMP09867,Airside D,33599,9.86,3,1,Car,V419,SUV,2012,Electric,17.75
EMP09868,Sky Connect,34288,19.83,2,1,Bus,N/A,N/A,,N/A,7.93
EMP09869,Main Terminal Information Desk,33879,26.81,2,5,Carpool,V332,Minivan,1996,Diesel,6.43
EMP09870,Airside A,33586,24.03,5,1,Train,N/A,N/A,,Electric,36.05
EMP09871,Airside F,34197,22.77,3,4,Rideshare,V771,Minivan,2004,Hybrid,10.25
EMP09872,Airside F,34159,55.93,1,2,Carpool,V715,Truck,1997,Electric,16.78
EMP09873,Sky Connect,33612,5.7,1,1,Bus,N/A,N/A,,N/A,1.14
EMP09874,Main Terminal Information Desk,34467,55,2,8,Shuttle,S037,Shuttle Bus,2004,Diesel,16.5
EMP09875,Rental Car Center,34581,18.91,1,1,Train,N/A,N/A,,Electric,5.67
EMP09876,Airside D,34414,18.07,4,1,Bus,N/A,N/A,,N/A,14.46
EMP09877,Airside C,34318,18.71,1,1,Bus,N/A,N/A,,N/A,3.74
EMP09878,Airside C,33941,49.54,1,1,Car,V513,Truck,1989,Diesel,29.72
EMP09879,Main Terminal Restaurants,33567,9.09,4,1,Bus,N/A,N/A,,N/A,7.27
EMP09880,Airside C,33568,40.44,5,1,Car,V639,SUV,2005,Gasoline,121.32
EMP09881,Main Terminal Restaurants,34259,19.88,5,1,Bus,N/A,N/A,,N/A,19.88
EMP09882,Main Terminal Restaurants,33612,54.39,1,1,Car,V404,Truck,2022,Hybrid,32.63
EMP09883,Airside C,34043,17.69,4,5,Rideshare,V483,Sedan,1993,Electric,8.49
EMP09884,Airside E,34444,17.17,3,1,Bus,N/A,N/A,,N/A,10.3
EMP09885,Airside E,33564,7.61,1,3,Carpool,V426,Minivan,1985,Diesel,1.52
EMP09886,Sky Connect,34212,18.01,5,2,Carpool,V570,SUV,1981,Gasoline,27.02
EMP09887,Airside C,34479,30.79,2,18,Shuttle,S046,Shuttle Bus,1992,Electric,9.24
EMP09888,Airside A,33572,21.8,4,10,Shuttle,S043,Shuttle Bus,2003,Diesel,13.08
EMP09889,Airside E,33895,40.77,3,16,Shuttle,S050,Shuttle Bus,1994,Diesel,18.35
EMP09890,Airside F,34295,29.64,4,15,Shuttle,S027,Shuttle Bus,1990,Electric,17.78
EMP09891,Main Terminal Information Desk,34269,43.66,3,1,Train,N/A,N/A,,Electric,39.29
EMP09892,Main Terminal & Airside Shopping,33974,15.3,3,1,Train,N/A,N/A,,Electric,13.77
EMP09893,Airside E,34534,47.88,1,4,Rideshare,V259,Truck,1984,Electric,7.18
EMP09894,Sheltair Aviation,33573,13.1,5,1,Train,N/A,N/A,,Electric,19.65
EMP09895,Sky Connect,34403,43.56,1,15,Shuttle,S023,Shuttle Bus,2022,Electric,6.53
EMP09896,Sheltair Aviation,34647,22.39,4,4,Rideshare,V792,Truck,1974,Electric,13.43
EMP09897,Sky Connect,34250,32.58,4,4,Rideshare,V894,Sedan,1976,Diesel,19.55
EMP09898,Airside D,34043,40.96,4,3,Carpool,V651,Minivan,1996,Diesel,32.77
EMP09899,Sheltair Aviation,34290,25.95,5,1,Train,N/A,N/A,,Electric,38.92
EMP09900,Airside C,33858,20.01,3,1,Bus,N/A,N/A,,N/A,12.01
EMP09901,Airside E,33576,9.76,5,15,Shuttle,S021,Shuttle Bus,1974,Diesel,7.32
EMP09902,Airside C,34484,36.08,4,1,Train,N/A,N/A,,Electric,43.3
EMP09903,Sky Connect,33541,14.74,2,1,Bus,N/A,N/A,,N/A,5.9
EMP09904,Sheltair Aviation,34082,56.38,3,1,Car,V781,Minivan,1985,Electric,101.48
EMP09905,Main Terminal Information Desk,33575,6.36,4,5,Rideshare,V774,Minivan,1994,Gasoline,3.05
EMP09906,Airside A,33866,43.77,1,5,Carpool,V598,Minivan,1983,Electric,5.25
EMP09907,Airside A,34598,24.63,5,1,Bus,N/A,N/A,,N/A,24.63
EMP09908,Sky Connect,34079,59.02,4,15,Shuttle,S047,Shuttle Bus,2018,Diesel,35.41
EMP09909,Airside A,34463,52.9,1,4,Rideshare,V513,Truck,2009,Diesel,7.93
EMP09910,Airside E,33975,26.9,4,1,Car,V890,Truck,2018,Electric,64.56
EMP09911,Main Terminal Restaurants,34384,18.57,5,1,Car,V890,Truck,1985,Gasoline,55.71
EMP09912,Main Terminal Restaurants,33630,42.46,1,3,Carpool,V173,Truck,2002,Diesel,8.49
EMP09913,Sky Connect,33596,67.75,5,5,Carpool,V776,Minivan,2001,Electric,40.65
EMP09914,Main Terminal Restaurants,34394,49.9,3,1,Car,V927,Minivan,2009,Gasoline,89.82
EMP09915,Airside C,33552,10.52,1,1,Bus,N/A,N/A,,N/A,2.1
EMP09916,Rental Car Center,34495,27.8,5,5,Carpool,V209,Sedan,2022,Hybrid,16.68
EMP09917,Main Terminal Restaurants,34293,40.11,2,10,Shuttle,S020,Shuttle Bus,1997,Diesel,12.03
EMP09918,Airside E,34232,27.63,4,4,Rideshare,V804,SUV,1994,Hybrid,16.58
EMP09919,Main Terminal Information Desk,33956,16.56,4,1,Train,N/A,N/A,,Electric,19.87
EMP09920,Main Terminal Restaurants,34612,35.13,4,1,Car,V242,SUV,1999,Gasoline,84.31
EMP09921,Airside E,33518,11.48,4,2,Carpool,V768,SUV,1974,Gasoline,13.78
EMP09922,Sky Connect,33793,36.76,1,1,Car,V864,Sedan,1990,Hybrid,22.06
EMP09923,Rental Car Center,33565,45.53,1,1,Train,N/A,N/A,,Electric,13.66
EMP09924,Sky Connect,34244,20.91,4,4,Rideshare,V557,Truck,2019,Electric,12.55
EMP09925,Airside F,34647,32.26,2,3,Rideshare,V334,SUV,1980,Gasoline,12.9
EMP09926,Airside F,34414,23.77,1,3,Carpool,V694,Minivan,2017,Hybrid,4.75
EMP09927,Rental Car Center,34233,30.96,2,1,Train,N/A,N/A,,Electric,18.58
EMP09928,Rental Car Center,34629,15.39,1,1,Train,N/A,N/A,,Electric,4.62
EMP09929,Airside D,33616,5.52,5,1,Bus,N/A,N/A,,N/A,5.52
EMP09930,Main Terminal Information Desk,33548,14.93,2,5,Carpool,V875,Truck,1996,Hybrid,3.58
EMP09931,Main Terminal & Airside Shopping,33888,59.16,4,2,Carpool,V154,Minivan,1980,Diesel,70.99
EMP09932,Airside D,34268,17.33,4,4,Rideshare,V716,Sedan,1986,Gasoline,10.4
EMP09933,Main Terminal & Airside Shopping,34171,23.68,1,1,Bus,N/A,N/A,,N/A,4.74
EMP09934,Main Terminal Information Desk,33514,14.42,2,1,Train,N/A,N/A,,Electric,8.65
EMP09935,Main Terminal & Airside Shopping,34330,46.25,4,4,Carpool,V614,Truck,2008,Electric,27.75
EMP09936,Airside E,33599,6.25,3,4,Rideshare,V184,SUV,1979,Diesel,2.81
EMP09937,Sky Connect,33849,22.25,3,20,Shuttle,S044,Shuttle Bus,2016,Diesel,10.01
EMP09938,Rental Car Center,34699,40.66,4,4,Carpool,V801,SUV,1978,Gasoline,24.4
EMP09939,Rental Car Center,33719,18.94,1,1,Train,N/A,N/A,,Electric,5.68
EMP09940,Airside E,33651,60.07,1,3,Carpool,V771,Truck,1986,Gasoline,12.01
EMP09941,Airside E,33660,35.24,5,13,Shuttle,S014,Shuttle Bus,1996,Electric,26.43
EMP09942,Sky Connect,34095,31.39,1,4,Rideshare,V832,Sedan,2021,Electric,4.71
EMP09943,Sheltair Aviation,34500,59.66,2,3,Rideshare,V101,Sedan,2021,Electric,23.86
EMP09944,Main Terminal Information Desk,33721,22.83,3,1,Bus,N/A,N/A,,N/A,13.7
EMP09945,Rental Car Center,33921,34.22,1,1,Car,V262,SUV,1978,Electric,20.53
EMP09946,Airside A,34150,20.11,2,1,Bus,N/A,N/A,,N/A,8.04
EMP09947,Main Terminal Information Desk,33991,45.21,3,1,Train,N/A,N/A,,Electric,40.69
EMP09948,Airside E,34088,24.28,4,1,Bus,N/A,N/A,,N/A,19.42
EMP09949,Sky Connect,33995,26.1,4,4,Rideshare,V895,Sedan,1972,Gasoline,15.66
EMP09950,Airside F,34280,18.69,2,3,Carpool,V348,Truck,2011,Electric,7.48
EMP09951,Main Terminal & Airside Shopping,33515,10.51,2,1,Bus,N/A,N/A,,N/A,4.2
EMP09952,Main Terminal Restaurants,34601,44.58,3,1,Train,N/A,N/A,,Electric,40.12
EMP09953,Airside E,34365,44.48,5,1,Car,V880,Truck,1995,Hybrid,133.44
EMP09954,Rental Car Center,33860,15.84,4,1,Train,N/A,N/A,,Electric,19.01
EMP09955,Airside E,33778,46.11,2,2,Rideshare,V252,Sedan,1980,Hybrid,27.67
EMP09956,Main Terminal Restaurants,33574,14.83,5,1,Train,N/A,N/A,,Electric,22.24
EMP09957,Airside F,33968,26.19,5,10,Shuttle,S002,Shuttle Bus,1991,Electric,19.64
EMP09958,Sky Connect,33727,33.73,3,1,Car,V894,SUV,1972,Hybrid,60.71
EMP09959,Main Terminal Information Desk,34422,57.04,4,1,Car,V568,Sedan,2018,Electric,136.9
EMP09960,Rental Car Center,34019,68.06,2,12,Shuttle,S046,Shuttle Bus,1997,Electric,20.42
EMP09961,Airside D,34453,17.15,4,13,Shuttle,S005,Shuttle Bus,2009,Diesel,10.29
EMP09962,Airside F,34350,53.6,3,1,Car,V315,Minivan,1975,Gasoline,96.48
EMP09963,Sheltair Aviation,33546,12.1,2,1,Car,V496,SUV,2004,Hybrid,14.52
EMP09964,Main Terminal Restaurants,33537,11.65,4,1,Train,N/A,N/A,,Electric,13.98
EMP09965,Rental Car Center,34260,57.6,4,4,Rideshare,V825,SUV,1988,Gasoline,34.56
EMP09966,Airside A,33940,26.81,1,1,Train,N/A,N/A,,Electric,8.04
EMP09967,Main Terminal Restaurants,34531,48.76,3,1,Train,N/A,N/A,,Electric,43.88
EMP09968,Main Terminal Information Desk,33883,50.15,4,3,Carpool,V458,Minivan,2022,Gasoline,40.12
EMP09969,Airside E,33872,15.51,1,1,Bus,N/A,N/A,,N/A,3.1
EMP09970,Main Terminal & Airside Shopping,33513,50.63,2,2,Rideshare,V340,SUV,1979,Electric,30.38
EMP09971,Airside E,33563,37.55,5,1,Train,N/A,N/A,,Electric,56.32
EMP09972,Main Terminal Information Desk,34129,63.18,4,5,Carpool,V142,Minivan,1985,Electric,30.33
EMP09973,Sheltair Aviation,33568,24.8,3,1,Train,N/A,N/A,,Electric,22.32
EMP09974,Sheltair Aviation,34328,58.75,1,17,Shuttle,S043,Shuttle Bus,1983,Electric,8.81
EMP09975,Airside F,34410,24.73,2,13,Shuttle,S010,Shuttle Bus,1974,Diesel,7.42
EMP09976,Rental Car Center,33649,52.12,1,3,Rideshare,V982,Sedan,1994,Gasoline,10.42
EMP09977,Sky Connect,33646,16.26,1,1,Bus,N/A,N/A,,N/A,3.25
EMP09978,Airside A,33849,21.21,5,1,Car,V230,SUV,2014,Gasoline,63.63
EMP09979,Main Terminal Restaurants,33643,17.09,2,3,Carpool,V689,SUV,1992,Hybrid,6.84
EMP09980,Main Terminal & Airside Shopping,34669,58.91,5,1,Car,V398,Sedan,1999,Electric,176.73
EMP09981,Main Terminal & Airside Shopping,33738,32.43,4,1,Car,V985,Sedan,1995,Gasoline,77.83
EMP09982,Airside D,33927,15.84,5,1,Bus,N/A,N/A,,N/A,15.84
EMP09983,Airside D,33520,10.65,3,1,Bus,N/A,N/A,,N/A,6.39
EMP09984,Airside C,33513,11.47,2,1,Bus,N/A,N/A,,N/A,4.59
EMP09985,Main Terminal & Airside Shopping,33515,12.03,3,1,Bus,N/A,N/A,,N/A,7.22
EMP09986,Main Terminal & Airside Shopping,33572,12.53,5,1,Train,N/A,N/A,,Electric,18.79
EMP09987,Main Terminal Restaurants,33642,24.72,4,1,Bus,N/A,N/A,,N/A,19.78
EMP09988,Airside E,33565,5.63,2,1,Bus,N/A,N/A,,N/A,2.25
EMP09989,Main Terminal & Airside Shopping,34213,48.06,2,1,Car,V257,Sedan,2019,Hybrid,57.67
EMP09990,Main Terminal Restaurants,33908,34.43,4,1,Car,V859,SUV,2018,Electric,82.63
EMP09991,Airside A,34110,28.16,3,10,Shuttle,S006,Shuttle Bus,1994,Electric,12.67
EMP09992,Rental Car Center,34113,68.66,3,5,Rideshare,V649,Minivan,2010,Electric,24.72
EMP09993,Main Terminal & Airside Shopping,34076,18.81,4,1,Bus,N/A,N/A,,N/A,15.05
EMP09994,Main Terminal & Airside Shopping,33543,14.56,1,1,Train,N/A,N/A,,Electric,4.37
EMP09995,Airside E,33517,47.7,5,12,Shuttle,S002,Shuttle Bus,1975,Diesel,35.77
EMP09996,Airside A,34408,54.14,1,11,Shuttle,S017,Shuttle Bus,1993,Diesel,8.12
EMP09997,Main Terminal Information Desk,34548,26.59,3,1,Train,N/A,N/A,,Electric,23.93
EMP09998,Airside C,33992,33.18,4,1,Car,V295,SUV,1979,Diesel,79.63
EMP09999,Airside E,33957,54.33,5,3,Rideshare,V537,Minivan,2016,Diesel,54.33
